dataset,dimension,seed,method,stage,status,error,ari,n_samples,true_components,embedding_dim,embedding_rank,selected_components,occupied_components,selected_covariance,bic,selected_spectral_head,k_min,k_max,selection_criterion,embedding_seconds,backend_seconds,total_seconds,forest_seconds,graph_seconds,shortest_path_seconds,mds_seconds,spectral_seconds,ae_activation,ae_iterations,ae_converged,log_likelihood,degrees_of_freedom,icl
gaussian_subspace,8,0,ae_relu,auto,ok,,0.9751818207189016,600,3,2.0,2.0,3.0,3.0,full,4352.238832640169,,1,5,bic,1.3128254580078649,0.1385519999312237,1.4513774579390883,,,,,,relu,511.0,1.0,,,
gaussian_subspace,8,0,ae_tanh,auto,ok,,0.9900041668585104,600,3,2.0,2.0,3.0,3.0,tied,203.85374045422515,,1,5,bic,,0.0875060000107623,0.1118079170119017,,,,,,,,,,,
gaussian_subspace,8,0,autog2m2,auto,ok,,0.8900459167385014,600,3,2.0,2.0,5.0,5.0,full,-1815.8554874979916,,1,5,bic,,0.0917934579774737,0.175367499992717,,,,,,,,,,,
gaussian_subspace,8,0,autogmm_spectral,auto,ok,,0.9700080010690646,600,3,2.0,2.0,5.0,5.0,full,-16526.0506131772,lse,1,5,bic,,0.1072267499985173,0.1327175000333227,,,,,,,,,,,
gaussian_subspace,8,0,mclust,auto,ok,,1.0,600,3,8.0,,3.0,3.0,EEI,-9123.240120987995,,1,5,bic,,0.7110342920059338,0.7110342920059338,,,,,,,,,,,
gaussian_subspace,8,0,pca,auto,ok,,0.9900041668585104,600,3,2.0,2.0,3.0,3.0,tied,3402.415470397321,,1,5,bic,,0.0935121250222437,0.2052523750462569,,,,,,,,,,,
gaussian_subspace,8,0,umap,auto,ok,,0.8795944079403849,600,3,2.0,2.0,4.0,4.0,full,4225.367225764798,,1,5,bic,,0.0933408749988302,0.2040784580167383,,,,,,,,,,,
gaussian_subspace,8,1,ae_relu,auto,ok,,0.9800845066199756,600,3,2.0,2.0,3.0,3.0,full,4474.048917896227,,1,5,bic,0.8221812089905143,0.1682009170763194,0.9903821260668336,,,,,,relu,321.0,1.0,,,
gaussian_subspace,8,1,ae_tanh,auto,ok,,1.0,600,3,2.0,2.0,3.0,3.0,tied,404.86400456985416,,1,5,bic,,0.0852364159654825,0.1078519580187276,,,,,,,,,,,
gaussian_subspace,8,1,autog2m2,auto,ok,,0.7628214447705879,600,3,2.0,2.0,5.0,5.0,full,-34.05698427312396,,1,5,bic,,0.131338124978356,0.1600713329971768,,,,,,,,,,,
gaussian_subspace,8,1,autogmm_spectral,auto,ok,,0.9338581397161456,600,3,2.0,2.0,5.0,5.0,full,-15815.722896871808,lse,1,5,bic,,0.105254916998092,0.1289955000393092,,,,,,,,,,,
gaussian_subspace,8,1,mclust,auto,ok,,1.0,600,3,8.0,,3.0,3.0,EEI,-10321.267047578478,,1,5,bic,,0.4350345829734579,0.4350345829734579,,,,,,,,,,,
gaussian_subspace,8,1,pca,auto,ok,,0.9949958125176231,600,3,2.0,2.0,3.0,3.0,tied,3518.5774474873515,,1,5,bic,,0.0957368329982273,0.1164920420269481,,,,,,,,,,,
gaussian_subspace,8,1,umap,auto,ok,,0.7469389826431913,600,3,2.0,2.0,5.0,5.0,diag,4059.262461152393,,1,5,bic,,0.0880319589632563,0.107599958020728,,,,,,,,,,,
gaussian_subspace,8,2,ae_relu,auto,ok,,0.975118174517652,600,3,2.0,2.0,3.0,3.0,full,4185.766574661565,,1,5,bic,1.2839000830426812,0.1308237499324605,1.4147238329751417,,,,,,relu,450.0,1.0,,,
gaussian_subspace,8,2,ae_tanh,auto,ok,,1.0,600,3,2.0,2.0,3.0,3.0,tied,-106.48995951641145,,1,5,bic,,0.0835843330132775,0.1046737909782677,,,,,,,,,,,
gaussian_subspace,8,2,autog2m2,auto,ok,,0.944100041328374,600,3,2.0,2.0,4.0,4.0,full,-2396.293718031554,,1,5,bic,,0.1241897500003688,0.1467517080018296,,,,,,,,,,,
gaussian_subspace,8,2,autogmm_spectral,auto,ok,,0.9851013894116246,600,3,2.0,2.0,5.0,5.0,diag,-17630.459775899566,lse,1,5,bic,,0.1160373750026337,0.1392271660151891,,,,,,,,,,,
gaussian_subspace,8,2,mclust,auto,ok,,1.0,600,3,8.0,,3.0,3.0,EEI,-8223.099485848197,,1,5,bic,,0.5076657920144498,0.5076657920144498,,,,,,,,,,,
gaussian_subspace,8,2,pca,auto,ok,,1.0,600,3,2.0,2.0,3.0,3.0,tied,3194.882376179356,,1,5,bic,,0.0965389169869013,0.1176563750486821,,,,,,,,,,,
gaussian_subspace,8,2,umap,auto,ok,,0.8813239017741868,600,3,2.0,2.0,4.0,4.0,diag,4258.804152158309,,1,5,bic,,0.097073457960505,0.1178334170253947,,,,,,,,,,,
gaussian_subspace,8,3,ae_relu,auto,ok,,1.0,600,3,2.0,2.0,3.0,3.0,diag,-7834.970354856742,,1,5,bic,0.4775421250378713,0.1524995409417897,0.630041665979661,,,,,,relu,159.0,1.0,,,
gaussian_subspace,8,3,ae_tanh,auto,ok,,1.0,600,3,2.0,2.0,3.0,3.0,tied,-361.0505461722436,,1,5,bic,,0.1199065409600734,0.1383432500297203,,,,,,,,,,,
gaussian_subspace,8,3,autog2m2,auto,ok,,0.8350800808033668,600,3,2.0,2.0,5.0,5.0,full,-2138.978678236548,,1,5,bic,,0.091590583033394,0.1190427090041339,,,,,,,,,,,
gaussian_subspace,8,3,autogmm_spectral,auto,ok,,0.9975020746541896,600,3,2.0,2.0,4.0,4.0,tied,-17879.96151283327,lse,1,5,bic,,0.1135036670020781,0.1392806250369176,,,,,,,,,,,
gaussian_subspace,8,3,mclust,auto,ok,,1.0,600,3,8.0,,3.0,3.0,EEI,-6665.844747007989,,1,5,bic,,0.6190721670282073,0.6190721670282073,,,,,,,,,,,
gaussian_subspace,8,3,pca,auto,ok,,1.0,600,3,2.0,2.0,3.0,3.0,tied,2719.834900584712,,1,5,bic,,0.0727114580222405,0.0908766660140827,,,,,,,,,,,
gaussian_subspace,8,3,umap,auto,ok,,0.7379236428166558,600,3,2.0,2.0,5.0,5.0,spherical,4155.297085057442,,1,5,bic,,0.0701247919932939,0.0894185409997589,,,,,,,,,,,
gaussian_subspace,8,4,ae_relu,auto,ok,,0.9900168347249766,600,3,2.0,2.0,3.0,3.0,diag,-7355.548993339849,,1,5,bic,1.255534667056054,0.1167914159595966,1.3723260830156505,,,,,,relu,490.0,1.0,,,
gaussian_subspace,8,4,ae_tanh,auto,ok,,1.0,600,3,2.0,2.0,3.0,3.0,tied,1.3097511587760238,,1,5,bic,,0.0930407499545253,0.1192968329996801,,,,,,,,,,,
gaussian_subspace,8,4,autog2m2,auto,ok,,0.8354570204609182,600,3,2.0,2.0,5.0,5.0,full,-555.587014963562,,1,5,bic,,0.0974745409912429,0.119227333983872,,,,,,,,,,,
gaussian_subspace,8,4,autogmm_spectral,auto,ok,,0.985202726721848,600,3,2.0,2.0,5.0,5.0,spherical,-17691.569290576004,lse,1,5,bic,,0.1014588749967515,0.1278548749978654,,,,,,,,,,,
gaussian_subspace,8,4,mclust,auto,ok,,1.0,600,3,8.0,,3.0,3.0,EEI,-8743.12694930819,,1,5,bic,,0.5346603749785572,0.5346603749785572,,,,,,,,,,,
gaussian_subspace,8,4,pca,auto,ok,,1.0,600,3,2.0,2.0,3.0,3.0,tied,3237.417259102459,,1,5,bic,,0.0917140419478528,0.1140209999866783,,,,,,,,,,,
gaussian_subspace,8,4,umap,auto,ok,,0.7500950418129512,600,3,2.0,2.0,5.0,5.0,diag,4178.878629706218,,1,5,bic,,0.1100412090308964,0.1322780839982442,,,,,,,,,,,
gaussian_subspace,8,5,ae_relu,auto,ok,,1.0,600,3,2.0,2.0,3.0,3.0,full,5019.6620831211785,,1,5,bic,1.5916469579096884,0.136086874990724,1.7277338329004124,,,,,,relu,619.0,1.0,,,
gaussian_subspace,8,5,ae_tanh,auto,ok,,1.0,600,3,2.0,2.0,3.0,3.0,tied,-22.271935432849432,,1,5,bic,,0.1035424169967882,0.1372334999614395,,,,,,,,,,,
gaussian_subspace,8,5,autog2m2,auto,ok,,0.4804042279195313,600,3,2.0,2.0,5.0,5.0,diag,-2578.394545183189,,1,5,bic,,0.1177772079827264,0.1450449170079082,,,,,,,,,,,
gaussian_subspace,8,5,autogmm_spectral,auto,ok,,0.9949999582634246,600,3,2.0,2.0,5.0,5.0,spherical,-17854.953994259147,lse,1,5,bic,,0.0875750419800169,0.1112992909620516,,,,,,,,,,,
gaussian_subspace,8,5,mclust,auto,ok,,1.0,600,3,8.0,,3.0,3.0,EEI,-7475.309986195828,,1,5,bic,,0.6551097500487231,0.6551097500487231,,,,,,,,,,,
gaussian_subspace,8,5,pca,auto,ok,,1.0,600,3,2.0,2.0,3.0,3.0,tied,3136.2703723530194,,1,5,bic,,0.1012138330261223,0.1327050830004736,,,,,,,,,,,
gaussian_subspace,8,5,umap,auto,ok,,0.8782833305830317,600,3,2.0,2.0,4.0,4.0,spherical,4193.304484448309,,1,5,bic,,0.1172364170197397,0.1422508749528788,,,,,,,,,,,
gaussian_subspace,8,6,ae_relu,auto,ok,,0.9949958125176231,600,3,2.0,2.0,3.0,3.0,full,3853.576998087661,,1,5,bic,1.26179433404468,0.1229386660270392,1.3847330000717193,,,,,,relu,483.0,1.0,,,
gaussian_subspace,8,6,ae_tanh,auto,ok,,1.0,600,3,2.0,2.0,3.0,3.0,tied,-238.10005095695212,,1,5,bic,,0.1039034169516526,0.1292617499711923,,,,,,,,,,,
gaussian_subspace,8,6,autog2m2,auto,ok,,0.7145758051944523,600,3,2.0,2.0,5.0,5.0,full,-1054.2595075351146,,1,5,bic,,0.1167640410130843,0.1462181250099092,,,,,,,,,,,
gaussian_subspace,8,6,autogmm_spectral,auto,ok,,0.9851267243820968,600,3,2.0,2.0,5.0,5.0,diag,-17726.040459305434,lse,1,5,bic,,0.0925729589653201,0.1188370829913765,,,,,,,,,,,
gaussian_subspace,8,6,mclust,auto,ok,,1.0,600,3,8.0,,3.0,3.0,EEI,-7374.206260218135,,1,5,bic,,0.4823542090016417,0.4823542090016417,,,,,,,,,,,
gaussian_subspace,8,6,pca,auto,ok,,1.0,600,3,2.0,2.0,3.0,3.0,tied,2959.21703876278,,1,5,bic,,0.0855870840023271,0.1088408749783411,,,,,,,,,,,
gaussian_subspace,8,6,umap,auto,ok,,0.7386953882437982,600,3,2.0,2.0,5.0,5.0,spherical,4233.675469262822,,1,5,bic,,0.1006842080387286,0.122112457989715,,,,,,,,,,,
gaussian_subspace,8,7,ae_relu,auto,ok,,0.5549396194957652,600,3,2.0,2.0,3.0,3.0,full,4529.619639449957,,1,5,bic,0.3300775409443304,0.1813227920792997,0.5114003330236301,,,,,,relu,125.0,1.0,,,
gaussian_subspace,8,7,ae_tanh,auto,ok,,0.6335462269969817,600,3,2.0,2.0,3.0,3.0,tied,637.0521833454549,,1,5,bic,,0.1141754999989643,0.145339208014775,,,,,,,,,,,
gaussian_subspace,8,7,autog2m2,auto,ok,,0.3491110383727536,600,3,2.0,2.0,5.0,5.0,full,-272.47089877921184,,1,5,bic,,0.1950565830338746,0.2533378329826519,,,,,,,,,,,
gaussian_subspace,8,7,autogmm_spectral,auto,ok,,0.5272114018465835,600,3,2.0,2.0,5.0,5.0,diag,-11560.514027657782,lse,1,5,bic,,0.2015559169813059,0.2640611659735441,,,,,,,,,,,
gaussian_subspace,8,7,mclust,auto,ok,,0.7114034827281241,600,3,8.0,,3.0,3.0,EEI,-12233.564511925526,,1,5,bic,,0.7346000419929624,0.7346000419929624,,,,,,,,,,,
gaussian_subspace,8,7,pca,auto,ok,,0.5535625089605735,600,3,2.0,2.0,2.0,2.0,diag,3846.681320008901,,1,5,bic,,0.1120727920206263,0.1854409999796189,,,,,,,,,,,
gaussian_subspace,8,7,umap,auto,ok,,0.5791630593543008,600,3,2.0,2.0,4.0,4.0,diag,4184.976463170574,,1,5,bic,,0.0926018329919315,0.121684500016272,,,,,,,,,,,
gaussian_subspace,8,8,ae_relu,auto,ok,,0.5681635479167226,600,3,2.0,2.0,2.0,2.0,full,3980.504573268627,,1,5,bic,0.3388208340620622,0.159903125022538,0.4987239590846002,,,,,,relu,131.0,1.0,,,
gaussian_subspace,8,8,ae_tanh,auto,ok,,0.931885931172184,600,3,2.0,2.0,3.0,3.0,tied,798.6179069212676,,1,5,bic,,0.1264101670240052,0.1607267500367015,,,,,,,,,,,
gaussian_subspace,8,8,autog2m2,auto,ok,,0.4955015059392352,600,3,2.0,2.0,5.0,5.0,full,-589.7466904844842,,1,5,bic,,0.1246804159600287,0.1483702079858631,,,,,,,,,,,
gaussian_subspace,8,8,autogmm_spectral,auto,ok,,0.8032481693492375,600,3,2.0,2.0,5.0,5.0,full,-13910.415521371013,lse,1,5,bic,,0.1069823749712668,0.1337422920041717,,,,,,,,,,,
gaussian_subspace,8,8,mclust,auto,ok,,1.0,600,3,8.0,,3.0,3.0,EEI,-9503.51466974381,,1,5,bic,,0.6847127500222996,0.6847127500222996,,,,,,,,,,,
gaussian_subspace,8,8,pca,auto,ok,,0.931885931172184,600,3,2.0,2.0,3.0,3.0,tied,3724.370810720059,,1,5,bic,,0.1429385830415412,0.1767785419942811,,,,,,,,,,,
gaussian_subspace,8,8,umap,auto,ok,,0.7274853020064459,600,3,2.0,2.0,5.0,5.0,spherical,4251.19675186285,,1,5,bic,,0.0885232079890556,0.1234795000054873,,,,,,,,,,,
gaussian_subspace,8,9,ae_relu,auto,ok,,0.7997453618365057,600,3,2.0,2.0,5.0,5.0,full,3696.7534514234458,,1,5,bic,1.233903791056946,0.1856313749449327,1.419535166001879,,,,,,relu,388.0,1.0,,,
gaussian_subspace,8,9,ae_tanh,auto,ok,,0.9900168347249766,600,3,2.0,2.0,3.0,3.0,tied,332.7848250941015,,1,5,bic,,0.1014974589925259,0.1263404170167632,,,,,,,,,,,
gaussian_subspace,8,9,autog2m2,auto,ok,,0.8348429950303445,600,3,2.0,2.0,5.0,5.0,full,-2241.068521157239,,1,5,bic,,0.1107202919665724,0.1453562499955296,,,,,,,,,,,
gaussian_subspace,8,9,autogmm_spectral,auto,ok,,0.9255540085125392,600,3,2.0,2.0,5.0,5.0,diag,-15371.940230364404,lse,1,5,bic,,0.1118061249726452,0.1378247080137953,,,,,,,,,,,
gaussian_subspace,8,9,mclust,auto,ok,,1.0,600,3,8.0,,3.0,3.0,EEI,-10158.589674354898,,1,5,bic,,0.4593303750152699,0.4593303750152699,,,,,,,,,,,
gaussian_subspace,8,9,pca,auto,ok,,0.9799841766785145,600,3,2.0,2.0,3.0,3.0,tied,3421.762512939011,,1,5,bic,,0.1590173750300891,0.1842865839716978,,,,,,,,,,,
gaussian_subspace,8,9,umap,auto,ok,,0.7728298131674463,600,3,2.0,2.0,5.0,5.0,spherical,4248.80201422796,,1,5,bic,,0.1498629999696277,0.1728052090038545,,,,,,,,,,,
gaussian_subspace,8,10,ae_relu,auto,ok,,0.9900168347249766,600,3,2.0,2.0,3.0,3.0,full,3861.6548956974657,,1,5,bic,0.6327264999272302,0.135036833002232,0.7677633329294622,,,,,,relu,169.0,1.0,,,
gaussian_subspace,8,10,ae_tanh,auto,ok,,1.0,600,3,2.0,2.0,3.0,3.0,tied,151.7773286684494,,1,5,bic,,0.0894725419930182,0.1154424580163322,,,,,,,,,,,
gaussian_subspace,8,10,autog2m2,auto,ok,,0.8219623304970426,600,3,2.0,2.0,5.0,5.0,full,-382.2917838031119,,1,5,bic,,0.1295813330216333,0.1528356249909848,,,,,,,,,,,
gaussian_subspace,8,10,autogmm_spectral,auto,ok,,0.9471559112220332,600,3,2.0,2.0,5.0,5.0,diag,-17228.81917299272,lse,1,5,bic,,0.1018362499889917,0.1269763330346904,,,,,,,,,,,
gaussian_subspace,8,10,mclust,auto,ok,,1.0,600,3,8.0,,3.0,3.0,EEI,-9099.254402647366,,1,5,bic,,0.5853831249987707,0.5853831249987707,,,,,,,,,,,
gaussian_subspace,8,10,pca,auto,ok,,1.0,600,3,2.0,2.0,3.0,3.0,tied,3328.63600013836,,1,5,bic,,0.0957927079871296,0.1209189590299502,,,,,,,,,,,
gaussian_subspace,8,10,umap,auto,ok,,0.7321536130573632,600,3,2.0,2.0,5.0,5.0,spherical,4147.804702172703,,1,5,bic,,0.0992108749924227,0.1225807919981889,,,,,,,,,,,
gaussian_subspace,8,11,ae_relu,auto,ok,,0.8978128840494072,600,3,2.0,2.0,3.0,3.0,full,3930.303719421047,,1,5,bic,0.9064132500207052,0.1759854999836534,1.0823987500043586,,,,,,relu,330.0,1.0,,,
gaussian_subspace,8,11,ae_tanh,auto,ok,,0.965322734315595,600,3,2.0,2.0,3.0,3.0,tied,763.5631481477942,,1,5,bic,,0.1119938340270891,0.1382074160501361,,,,,,,,,,,
gaussian_subspace,8,11,autog2m2,auto,ok,,0.6920918111408293,600,3,2.0,2.0,5.0,5.0,full,-299.1132549503821,,1,5,bic,,0.0923851659754291,0.1205398750025779,,,,,,,,,,,
gaussian_subspace,8,11,autogmm_spectral,auto,ok,,0.7683359294845065,600,3,2.0,2.0,5.0,5.0,full,-13229.620025605773,lse,1,5,bic,,0.143358375004027,0.1670970419654622,,,,,,,,,,,
gaussian_subspace,8,11,mclust,auto,ok,,0.985037604845926,600,3,8.0,,3.0,3.0,EEI,-11635.58074733114,,1,5,bic,,0.5644853749545291,0.5644853749545291,,,,,,,,,,,
gaussian_subspace,8,11,pca,auto,ok,,0.9652970671245504,600,3,2.0,2.0,3.0,3.0,tied,3781.433452542007,,1,5,bic,,0.1058851249981671,0.1337757909786887,,,,,,,,,,,
gaussian_subspace,8,11,umap,auto,ok,,0.7208058215346527,600,3,2.0,2.0,5.0,5.0,spherical,4118.734278198504,,1,5,bic,,0.0944597499910742,0.1199074580217711,,,,,,,,,,,
gaussian_subspace,8,12,ae_relu,auto,ok,,1.0,600,3,2.0,2.0,3.0,3.0,full,4150.110892309653,,1,5,bic,0.7910769160371274,0.1232640841044485,0.914341000141576,,,,,,relu,309.0,1.0,,,
gaussian_subspace,8,12,ae_tanh,auto,ok,,0.7963923270111729,600,3,2.0,2.0,5.0,5.0,tied,-24.80808437369332,,1,5,bic,,0.1147869999986141,0.1393072500359267,,,,,,,,,,,
gaussian_subspace,8,12,autog2m2,auto,ok,,0.6839096666613632,600,3,2.0,2.0,5.0,5.0,full,-1093.1968260554263,,1,5,bic,,0.1333800419815816,0.1677858749753795,,,,,,,,,,,
gaussian_subspace,8,12,autogmm_spectral,auto,ok,,0.9851013894116246,600,3,2.0,2.0,5.0,5.0,spherical,-17731.598910443336,lse,1,5,bic,,0.0992054159869439,0.1250594170414842,,,,,,,,,,,
gaussian_subspace,8,12,mclust,auto,ok,,1.0,600,3,8.0,,3.0,3.0,EEI,-9515.2465726775,,1,5,bic,,0.720403624989558,0.720403624989558,,,,,,,,,,,
gaussian_subspace,8,12,pca,auto,ok,,1.0,600,3,2.0,2.0,3.0,3.0,tied,3136.906183617692,,1,5,bic,,0.1037457089987583,0.1285558750387281,,,,,,,,,,,
gaussian_subspace,8,12,umap,auto,ok,,0.7301710125834485,600,3,2.0,2.0,5.0,5.0,diag,4110.3259020923815,,1,5,bic,,0.1030500419437885,0.126407083007507,,,,,,,,,,,
gaussian_subspace,8,13,ae_relu,auto,ok,,0.9800971316205,600,3,2.0,2.0,3.0,3.0,full,3852.458548401584,,1,5,bic,0.8919497919268906,0.1427586659556254,1.034708457882516,,,,,,relu,344.0,1.0,,,
gaussian_subspace,8,13,ae_tanh,auto,ok,,0.9800961264798698,600,3,2.0,2.0,3.0,3.0,tied,307.5809171433228,,1,5,bic,,0.112427124986425,0.1387729999842122,,,,,,,,,,,
gaussian_subspace,8,13,autog2m2,auto,ok,,0.623386837856145,600,3,2.0,2.0,5.0,5.0,full,-948.6773141882912,,1,5,bic,,0.1350262500345707,0.1714574579964392,,,,,,,,,,,
gaussian_subspace,8,13,autogmm_spectral,auto,ok,,0.916967615505751,600,3,2.0,2.0,5.0,5.0,full,-15725.270864438326,lse,1,5,bic,,0.1401175840292126,0.167221832962241,,,,,,,,,,,
gaussian_subspace,8,13,mclust,auto,ok,,1.0,600,3,8.0,,3.0,3.0,EEI,-10257.578802916389,,1,5,bic,,0.6740684590185992,0.6740684590185992,,,,,,,,,,,
gaussian_subspace,8,13,pca,auto,ok,,0.9800838361096268,600,3,2.0,2.0,3.0,3.0,tied,3604.731482970166,,1,5,bic,,0.1004075419623404,0.1397666659904644,,,,,,,,,,,
gaussian_subspace,8,13,umap,auto,ok,,0.9751797317603416,600,3,2.0,2.0,3.0,3.0,tied,4085.884632538772,,1,5,bic,,0.0912389999721199,0.1208647089661099,,,,,,,,,,,
gaussian_subspace,8,14,ae_relu,auto,ok,,0.9900042509932298,600,3,2.0,2.0,3.0,3.0,full,4546.51776631509,,1,5,bic,1.0505695829633623,0.1408021670067683,1.1913717499701306,,,,,,relu,407.0,1.0,,,
gaussian_subspace,8,14,ae_tanh,auto,ok,,0.9850379826540704,600,3,2.0,2.0,3.0,3.0,tied,403.96479648879887,,1,5,bic,,0.1582907090196386,0.1856272080331109,,,,,,,,,,,
gaussian_subspace,8,14,autog2m2,auto,ok,,0.7270736394170454,600,3,2.0,2.0,5.0,5.0,spherical,-36.79482032859596,,1,5,bic,,0.1055844579823315,0.1344518330297432,,,,,,,,,,,
gaussian_subspace,8,14,autogmm_spectral,auto,ok,,0.946255506232387,600,3,2.0,2.0,5.0,5.0,full,-15665.354045535614,lse,1,5,bic,,0.1903826249763369,0.2207140419632196,,,,,,,,,,,
gaussian_subspace,8,14,mclust,auto,ok,,1.0,600,3,8.0,,3.0,3.0,EEI,-9852.125024607069,,1,5,bic,,0.5952031670021825,0.5952031670021825,,,,,,,,,,,
gaussian_subspace,8,14,pca,auto,ok,,0.98997916755783,600,3,2.0,2.0,3.0,3.0,tied,3674.05593022854,,1,5,bic,,0.1149407919729128,0.1435383749776519,,,,,,,,,,,
gaussian_subspace,8,14,umap,auto,ok,,0.738299036258402,600,3,2.0,2.0,5.0,5.0,diag,4107.0338616141225,,1,5,bic,,0.090831458044704,0.1175167500041425,,,,,,,,,,,
gaussian_subspace,8,15,ae_relu,auto,ok,,0.9603061316849396,600,3,2.0,2.0,3.0,3.0,full,4326.708662458814,,1,5,bic,0.3942955000093207,0.1266748330090195,0.5209703330183402,,,,,,relu,152.0,1.0,,,
gaussian_subspace,8,15,ae_tanh,auto,ok,,0.9751295644672852,600,3,2.0,2.0,3.0,3.0,tied,238.7548187714371,,1,5,bic,,0.146487416990567,0.1807014169753529,,,,,,,,,,,
gaussian_subspace,8,15,autog2m2,auto,ok,,0.7269719510423518,600,3,2.0,2.0,4.0,4.0,full,-934.2147725982652,,1,5,bic,,0.1269456660374999,0.1541376249515451,,,,,,,,,,,
gaussian_subspace,8,15,autogmm_spectral,auto,ok,,0.8759720268103717,600,3,2.0,2.0,5.0,5.0,full,-14913.660420305276,lse,1,5,bic,,0.1537382089882157,0.1808153330348432,,,,,,,,,,,
gaussian_subspace,8,15,mclust,auto,ok,,0.9949958125176231,600,3,8.0,,3.0,3.0,EEI,-10512.295374670832,,1,5,bic,,0.4973830840317532,0.4973830840317532,,,,,,,,,,,
gaussian_subspace,8,15,pca,auto,ok,,0.9751295644672852,600,3,2.0,2.0,3.0,3.0,tied,3686.93332841371,,1,5,bic,,0.1063251250307075,0.1726301250164397,,,,,,,,,,,
gaussian_subspace,8,15,umap,auto,ok,,0.9900166666666668,600,3,2.0,2.0,3.0,3.0,tied,4049.918590608285,,1,5,bic,,0.1465246670413762,0.1739017079817131,,,,,,,,,,,
gaussian_subspace,8,16,ae_relu,auto,ok,,0.9605880158663916,600,3,2.0,2.0,3.0,3.0,full,4584.559461373607,,1,5,bic,1.189865083899349,0.1393053750507533,1.3291704589501023,,,,,,relu,441.0,1.0,,,
gaussian_subspace,8,16,ae_tanh,auto,ok,,0.9900168347249766,600,3,2.0,2.0,3.0,3.0,tied,359.68114148252454,,1,5,bic,,0.1267746249795891,0.1901029169675894,,,,,,,,,,,
gaussian_subspace,8,16,autog2m2,auto,ok,,0.57121330612217,600,3,2.0,2.0,4.0,4.0,full,-1142.1801144477529,,1,5,bic,,0.1822287919931113,0.2235096669755876,,,,,,,,,,,
gaussian_subspace,8,16,autogmm_spectral,auto,ok,,0.8772132093638157,600,3,2.0,2.0,5.0,5.0,full,-14540.49798212692,lse,1,5,bic,,0.1578718330129049,0.1853502910234965,,,,,,,,,,,
gaussian_subspace,8,16,mclust,auto,ok,,1.0,600,3,8.0,,3.0,3.0,EEI,-10739.204513766115,,1,5,bic,,0.4811473750160076,0.4811473750160076,,,,,,,,,,,
gaussian_subspace,8,16,pca,auto,ok,,0.9900168347249766,600,3,2.0,2.0,3.0,3.0,tied,3651.7650409246735,,1,5,bic,,0.1173527089995332,0.1446191249997355,,,,,,,,,,,
gaussian_subspace,8,16,umap,auto,ok,,0.820600676453225,600,3,2.0,2.0,5.0,5.0,spherical,4124.698278702796,,1,5,bic,,0.1936175409937277,0.2277967919944785,,,,,,,,,,,
gaussian_subspace,8,17,ae_relu,auto,ok,,0.9703554963908736,600,3,2.0,2.0,3.0,3.0,full,4636.88386900515,,1,5,bic,0.6939664999954402,0.1901485829148441,0.8841150829102844,,,,,,relu,253.0,1.0,,,
gaussian_subspace,8,17,ae_tanh,auto,ok,,0.9949958125176231,600,3,2.0,2.0,3.0,3.0,tied,141.67587619474938,,1,5,bic,,0.1017995000001974,0.1401332920067943,,,,,,,,,,,
gaussian_subspace,8,17,autog2m2,auto,ok,,0.8133014552549046,600,3,2.0,2.0,5.0,5.0,diag,-163.34373230138652,,1,5,bic,,0.1103412079974077,0.1362365839886479,,,,,,,,,,,
gaussian_subspace,8,17,autogmm_spectral,auto,ok,,0.9824777901028328,600,3,2.0,2.0,5.0,5.0,full,-16856.42711898789,lse,1,5,bic,,0.1144510830054059,0.1444314999971538,,,,,,,,,,,
gaussian_subspace,8,17,mclust,auto,ok,,1.0,600,3,8.0,,3.0,3.0,EEI,-9671.033820851786,,1,5,bic,,0.4975951669621281,0.4975951669621281,,,,,,,,,,,
gaussian_subspace,8,17,pca,auto,ok,,1.0,600,3,2.0,2.0,3.0,3.0,tied,3479.297290078593,,1,5,bic,,0.1533516250201501,0.1923992079682648,,,,,,,,,,,
gaussian_subspace,8,17,umap,auto,ok,,0.7655353004775516,600,3,2.0,2.0,5.0,5.0,spherical,4127.334482261505,,1,5,bic,,0.163960958016105,0.1901692499523051,,,,,,,,,,,
gaussian_subspace,8,18,ae_relu,auto,ok,,0.9900168347249766,600,3,2.0,2.0,3.0,3.0,full,3776.711533218886,,1,5,bic,1.2750631249509752,0.1196627500467002,1.3947258749976754,,,,,,relu,496.0,1.0,,,
gaussian_subspace,8,18,ae_tanh,auto,ok,,1.0,600,3,2.0,2.0,3.0,3.0,tied,241.7954698949196,,1,5,bic,,0.10065791598754,0.1286167080397717,,,,,,,,,,,
gaussian_subspace,8,18,autog2m2,auto,ok,,0.5742792811130678,600,3,2.0,2.0,5.0,5.0,spherical,2.3930328166442507,,1,5,bic,,0.1667772500077262,0.2052479999838397,,,,,,,,,,,
gaussian_subspace,8,18,autogmm_spectral,auto,ok,,0.9133277044637144,600,3,2.0,2.0,5.0,5.0,full,-16499.42913976937,lse,1,5,bic,,0.1794560830458067,0.2082230409723706,,,,,,,,,,,
gaussian_subspace,8,18,mclust,auto,ok,,1.0,600,3,8.0,,3.0,3.0,EEI,-9968.43050348832,,1,5,bic,,0.514483124949038,0.514483124949038,,,,,,,,,,,
gaussian_subspace,8,18,pca,auto,ok,,1.0,600,3,2.0,2.0,3.0,3.0,tied,3443.4504413491795,,1,5,bic,,0.1138575830264017,0.1428177090128883,,,,,,,,,,,
gaussian_subspace,8,18,umap,auto,ok,,0.7871472105268825,600,3,2.0,2.0,5.0,5.0,spherical,4115.291979290299,,1,5,bic,,0.113395833002869,0.1421700000064447,,,,,,,,,,,
gaussian_subspace,8,19,ae_relu,auto,ok,,0.9949958125176231,600,3,2.0,2.0,3.0,3.0,full,4417.5387888608475,,1,5,bic,0.7180686249630526,0.142910833004862,0.8609794579679146,,,,,,relu,280.0,1.0,,,
gaussian_subspace,8,19,ae_tanh,auto,ok,,0.9949958125176231,600,3,2.0,2.0,3.0,3.0,tied,267.5939906539346,,1,5,bic,,0.1236540829995647,0.1519325419794768,,,,,,,,,,,
gaussian_subspace,8,19,autog2m2,auto,ok,,0.7613852899169956,600,3,2.0,2.0,5.0,5.0,full,-139.43065019491854,,1,5,bic,,0.0941802499582991,0.117905541032087,,,,,,,,,,,
gaussian_subspace,8,19,autogmm_spectral,auto,ok,,0.9702086238781672,600,3,2.0,2.0,5.0,5.0,diag,-16961.90254938433,lse,1,5,bic,,0.1255189169896766,0.161859749990981,,,,,,,,,,,
gaussian_subspace,8,19,mclust,auto,ok,,1.0,600,3,8.0,,3.0,3.0,EEI,-9921.267150112117,,1,5,bic,,0.4714236250147223,0.4714236250147223,,,,,,,,,,,
gaussian_subspace,8,19,pca,auto,ok,,1.0,600,3,2.0,2.0,3.0,3.0,tied,3360.168730767746,,1,5,bic,,0.1306068749981932,0.1596089999657124,,,,,,,,,,,
gaussian_subspace,8,19,umap,auto,ok,,0.8750870253766904,600,3,2.0,2.0,4.0,4.0,diag,4196.467188200679,,1,5,bic,,0.0993190830340609,0.1256901249871589,,,,,,,,,,,
gaussian_subspace,16,0,ae_relu,auto,ok,,0.985063191387914,600,3,2.0,2.0,3.0,3.0,full,4137.874570720146,,1,5,bic,0.6049909169087186,0.1245794580318033,0.729570374940522,,,,,,relu,223.0,1.0,,,
gaussian_subspace,16,0,ae_tanh,auto,ok,,1.0,600,3,2.0,2.0,3.0,3.0,spherical,-180.6563814729324,,1,5,bic,,0.0933363750227727,0.1147945420234464,,,,,,,,,,,
gaussian_subspace,16,0,autog2m2,auto,ok,,0.6948420174050268,600,3,2.0,2.0,4.0,4.0,diag,-4171.834706372008,,1,5,bic,,0.1169456670177169,0.2075180829851888,,,,,,,,,,,
gaussian_subspace,16,0,autogmm_spectral,auto,ok,,0.9975020746541896,600,3,2.0,2.0,4.0,4.0,tied,-17906.65725514814,lse,1,5,bic,,0.0878944160067476,0.1101309160003438,,,,,,,,,,,
gaussian_subspace,16,0,mclust,auto,ok,,1.0,600,3,16.0,,3.0,3.0,EEI,-18922.508866835247,,1,5,bic,,2.0166983329690993,2.0166983329690993,,,,,,,,,,,
gaussian_subspace,16,0,pca,auto,ok,,1.0,600,3,2.0,2.0,3.0,3.0,tied,3361.677325999257,,1,5,bic,,0.080105957982596,0.1150057909544557,,,,,,,,,,,
gaussian_subspace,16,0,umap,auto,ok,,1.0,600,3,2.0,2.0,3.0,3.0,tied,3786.123644343572,,1,5,bic,,0.0862186250160448,0.1112752499757334,,,,,,,,,,,
gaussian_subspace,16,1,ae_relu,auto,ok,,0.9801350059845216,600,3,2.0,2.0,3.0,3.0,full,4345.60695646467,,1,5,bic,0.4172805420821532,0.1408104579895734,0.5580910000717267,,,,,,relu,151.0,1.0,,,
gaussian_subspace,16,1,ae_tanh,auto,ok,,1.0,600,3,2.0,2.0,3.0,3.0,tied,305.7733163599352,,1,5,bic,,0.1110140419914387,0.1340767919900827,,,,,,,,,,,
gaussian_subspace,16,1,autog2m2,auto,ok,,0.8488733211642707,600,3,2.0,2.0,5.0,5.0,full,-3143.6991391402908,,1,5,bic,,0.1412562500336207,0.1654145420179702,,,,,,,,,,,
gaussian_subspace,16,1,autogmm_spectral,auto,ok,,0.9360081127547146,600,3,2.0,2.0,5.0,5.0,diag,-17152.190035335065,lse,1,5,bic,,0.0951615829835645,0.1175400830106809,,,,,,,,,,,
gaussian_subspace,16,1,mclust,auto,ok,,1.0,600,3,16.0,,3.0,3.0,EEI,-21042.77857458456,,1,5,bic,,1.4324360000318848,1.4324360000318848,,,,,,,,,,,
gaussian_subspace,16,1,pca,auto,ok,,1.0,600,3,2.0,2.0,3.0,3.0,tied,3643.7929819452143,,1,5,bic,,0.0814849580056034,0.1115489160292781,,,,,,,,,,,
gaussian_subspace,16,1,umap,auto,ok,,0.869125709790805,600,3,2.0,2.0,4.0,4.0,spherical,3823.44380676084,,1,5,bic,,0.0734691249672323,0.0931909999926574,,,,,,,,,,,
gaussian_subspace,16,2,ae_relu,auto,ok,,0.9949958125176231,600,3,2.0,2.0,3.0,3.0,full,4157.560846138402,,1,5,bic,0.4959138750564307,0.1182084999745711,0.6141223750310019,,,,,,relu,179.0,1.0,,,
gaussian_subspace,16,2,ae_tanh,auto,ok,,1.0,600,3,2.0,2.0,3.0,3.0,tied,94.02961446209416,,1,5,bic,,0.0934652080177329,0.115019500022754,,,,,,,,,,,
gaussian_subspace,16,2,autog2m2,auto,ok,,0.8889929528736705,600,3,2.0,2.0,5.0,5.0,diag,-367.9616791408464,,1,5,bic,,0.1663843340356834,0.2092223329818807,,,,,,,,,,,
gaussian_subspace,16,2,autogmm_spectral,auto,ok,,0.9650101467994588,600,3,2.0,2.0,5.0,5.0,spherical,-17240.616475562263,lse,1,5,bic,,0.1001335420296527,0.1257691250066273,,,,,,,,,,,
gaussian_subspace,16,2,mclust,auto,ok,,1.0,600,3,16.0,,3.0,3.0,EEI,-21005.480154015044,,1,5,bic,,1.5934521249728275,1.5934521249728275,,,,,,,,,,,
gaussian_subspace,16,2,pca,auto,ok,,1.0,600,3,2.0,2.0,3.0,3.0,tied,3612.538799615625,,1,5,bic,,0.0949965839972719,0.1248132920009084,,,,,,,,,,,
gaussian_subspace,16,2,umap,auto,ok,,1.0,600,3,2.0,2.0,3.0,3.0,spherical,3832.184451529195,,1,5,bic,,0.0820238330052234,0.1031577919493429,,,,,,,,,,,
gaussian_subspace,16,3,ae_relu,auto,ok,,0.9949958125176231,600,3,2.0,2.0,3.0,3.0,full,4514.053590952774,,1,5,bic,0.5339465839788318,0.1159278750419616,0.6498744590207934,,,,,,relu,195.0,1.0,,,
gaussian_subspace,16,3,ae_tanh,auto,ok,,1.0,600,3,2.0,2.0,3.0,3.0,spherical,181.7821936259412,,1,5,bic,,0.07436912500998,0.0919165419763885,,,,,,,,,,,
gaussian_subspace,16,3,autog2m2,auto,ok,,0.8881164374142902,600,3,2.0,2.0,5.0,5.0,full,-2719.0677888329024,,1,5,bic,,0.1131292500067502,0.1383487500133924,,,,,,,,,,,
gaussian_subspace,16,3,autogmm_spectral,auto,ok,,0.9400333585993036,600,3,2.0,2.0,5.0,5.0,full,-16943.850386529943,lse,1,5,bic,,0.0780230830423533,0.0981395830167457,,,,,,,,,,,
gaussian_subspace,16,3,mclust,auto,ok,,1.0,600,3,16.0,,3.0,3.0,EEI,-21569.57686571964,,1,5,bic,,1.5655109580256976,1.5655109580256976,,,,,,,,,,,
gaussian_subspace,16,3,pca,auto,ok,,1.0,600,3,2.0,2.0,3.0,3.0,spherical,3537.6085201650467,,1,5,bic,,0.0726996669545769,0.0927934579667635,,,,,,,,,,,
gaussian_subspace,16,3,umap,auto,ok,,1.0,600,3,2.0,2.0,3.0,3.0,tied,3745.95785375416,,1,5,bic,,0.069508291024249,0.087895083008334,,,,,,,,,,,
gaussian_subspace,16,4,ae_relu,auto,ok,,0.984987816627764,600,3,2.0,2.0,3.0,3.0,full,5140.447111740592,,1,5,bic,0.7897055000066757,0.1474210829474032,0.9371265829540788,,,,,,relu,284.0,1.0,,,
gaussian_subspace,16,4,ae_tanh,auto,ok,,1.0,600,3,2.0,2.0,3.0,3.0,tied,240.37366294507547,,1,5,bic,,0.1007775830221362,0.1316517499508336,,,,,,,,,,,
gaussian_subspace,16,4,autog2m2,auto,ok,,0.8205972993136119,600,3,2.0,2.0,5.0,5.0,full,-945.7258086381996,,1,5,bic,,0.1459335419931449,0.1736317909671925,,,,,,,,,,,
gaussian_subspace,16,4,autogmm_spectral,auto,ok,,0.9153935082733424,600,3,2.0,2.0,5.0,5.0,full,-16044.804659639176,lse,1,5,bic,,0.1104570829775184,0.13963633304229,,,,,,,,,,,
gaussian_subspace,16,4,mclust,auto,ok,,1.0,600,3,16.0,,3.0,3.0,EEI,-22139.453831688457,,1,5,bic,,1.7844123330432922,1.7844123330432922,,,,,,,,,,,
gaussian_subspace,16,4,pca,auto,ok,,1.0,600,3,2.0,2.0,3.0,3.0,tied,3688.4439771545663,,1,5,bic,,0.1632997079868801,0.1871640830067917,,,,,,,,,,,
gaussian_subspace,16,4,umap,auto,ok,,0.9949958125176231,600,3,2.0,2.0,3.0,3.0,tied,3765.031956027261,,1,5,bic,,0.0892142499797046,0.1729967920109629,,,,,,,,,,,
gaussian_subspace,16,5,ae_relu,auto,ok,,0.9654986058002952,600,3,2.0,2.0,3.0,3.0,full,4540.88546988516,,1,5,bic,0.6903414579574019,0.1539934170432388,0.8443348750006407,,,,,,relu,250.0,1.0,,,
gaussian_subspace,16,5,ae_tanh,auto,ok,,0.9800218844810688,600,3,2.0,2.0,3.0,3.0,tied,401.5296343041248,,1,5,bic,,0.1045051249675452,0.1295378329814411,,,,,,,,,,,
gaussian_subspace,16,5,autog2m2,auto,ok,,0.5662522155045079,600,3,2.0,2.0,5.0,5.0,diag,-1082.2809311681185,,1,5,bic,,0.1414555420051328,0.1700531669775955,,,,,,,,,,,
gaussian_subspace,16,5,autogmm_spectral,auto,ok,,0.8564296332598005,600,3,2.0,2.0,5.0,5.0,full,-13934.662557481814,lse,1,5,bic,,0.1478949160082265,0.1740414590458385,,,,,,,,,,,
gaussian_subspace,16,5,mclust,auto,ok,,1.0,600,3,16.0,,3.0,3.0,EEI,-23475.457742502444,,1,5,bic,,1.8298463330138477,1.8298463330138477,,,,,,,,,,,
gaussian_subspace,16,5,pca,auto,ok,,0.9900168347249766,600,3,2.0,2.0,3.0,3.0,tied,3761.48265418493,,1,5,bic,,0.1156923330272547,0.1395650409976951,,,,,,,,,,,
gaussian_subspace,16,5,umap,auto,ok,,1.0,600,3,2.0,2.0,3.0,3.0,spherical,3796.896734042756,,1,5,bic,,0.1105113750090822,0.133404457999859,,,,,,,,,,,
gaussian_subspace,16,6,ae_relu,auto,ok,,0.8539385943321233,600,3,2.0,2.0,3.0,3.0,full,5114.9656383634865,,1,5,bic,0.6848092500586063,0.2153155839769169,0.9001248340355232,,,,,,relu,221.0,1.0,,,
gaussian_subspace,16,6,ae_tanh,auto,ok,,0.8929860265392097,600,3,2.0,2.0,3.0,3.0,spherical,779.2930299503262,,1,5,bic,,0.1070301669533364,0.1349458339973352,,,,,,,,,,,
gaussian_subspace,16,6,autog2m2,auto,ok,,0.7561217949864343,600,3,2.0,2.0,5.0,5.0,full,-1094.47431858074,,1,5,bic,,0.1081877910182811,0.131229875027202,,,,,,,,,,,
gaussian_subspace,16,6,autogmm_spectral,auto,ok,,0.7424006107008715,600,3,2.0,2.0,5.0,5.0,full,-10902.461948307482,lse,1,5,bic,,0.1428963330108672,0.1669657500460744,,,,,,,,,,,
gaussian_subspace,16,6,mclust,auto,ok,,1.0,600,3,16.0,,3.0,3.0,EEI,-25041.08800264194,,1,5,bic,,2.462989625055343,2.462989625055343,,,,,,,,,,,
gaussian_subspace,16,6,pca,auto,ok,,0.907159915332566,600,3,2.0,2.0,3.0,3.0,spherical,3902.6281313470754,,1,5,bic,,0.1181115829967893,0.1469974580104462,,,,,,,,,,,
gaussian_subspace,16,6,umap,auto,ok,,0.9653481089880828,600,3,2.0,2.0,3.0,3.0,tied,3840.004804003764,,1,5,bic,,0.0936219999566674,0.1176768750301562,,,,,,,,,,,
gaussian_subspace,16,7,ae_relu,auto,ok,,0.9800218844810688,600,3,2.0,2.0,3.0,3.0,full,5294.574690930032,,1,5,bic,0.554170542047359,0.1607898330548778,0.7149603751022369,,,,,,relu,178.0,1.0,,,
gaussian_subspace,16,7,ae_tanh,auto,ok,,0.9949958125176231,600,3,2.0,2.0,3.0,3.0,spherical,568.305413339925,,1,5,bic,,0.1171582500101067,0.1580225839861668,,,,,,,,,,,
gaussian_subspace,16,7,autog2m2,auto,ok,,0.7588081896533148,600,3,2.0,2.0,4.0,4.0,full,-1519.2774037098502,,1,5,bic,,0.1712275830213911,0.1985196250025183,,,,,,,,,,,
gaussian_subspace,16,7,autogmm_spectral,auto,ok,,0.8845885807715252,600,3,2.0,2.0,5.0,5.0,full,-14105.685146889227,lse,1,5,bic,,0.1061717090196907,0.1318424999481067,,,,,,,,,,,
gaussian_subspace,16,7,mclust,auto,ok,,1.0,600,3,16.0,,3.0,3.0,EEI,-23074.461743789667,,1,5,bic,,2.6546091249911115,2.6546091249911115,,,,,,,,,,,
gaussian_subspace,16,7,pca,auto,ok,,0.9949958125176231,600,3,2.0,2.0,3.0,3.0,tied,3827.325045116984,,1,5,bic,,0.1022445000126026,0.1253458749852143,,,,,,,,,,,
gaussian_subspace,16,7,umap,auto,ok,,0.9949958125176231,600,3,2.0,2.0,3.0,3.0,tied,3778.23412489269,,1,5,bic,,0.1237133329850621,0.15262641699519,,,,,,,,,,,
gaussian_subspace,16,8,ae_relu,auto,ok,,0.9949958125176231,600,3,2.0,2.0,3.0,3.0,full,4452.488782703917,,1,5,bic,0.6963252499699593,0.1357477919664234,0.8320730419363827,,,,,,relu,256.0,1.0,,,
gaussian_subspace,16,8,ae_tanh,auto,ok,,1.0,600,3,2.0,2.0,3.0,3.0,tied,199.7129831024962,,1,5,bic,,0.0889805839979089,0.1120681670145131,,,,,,,,,,,
gaussian_subspace,16,8,autog2m2,auto,ok,,0.6926803930352063,600,3,2.0,2.0,5.0,5.0,diag,-1485.033388859138,,1,5,bic,,0.1189940000185743,0.1419675420038402,,,,,,,,,,,
gaussian_subspace,16,8,autogmm_spectral,auto,ok,,0.8780387399417003,600,3,2.0,2.0,5.0,5.0,diag,-16961.8937444374,lse,1,5,bic,,0.1370724999578669,0.1605271659791469,,,,,,,,,,,
gaussian_subspace,16,8,mclust,auto,ok,,1.0,600,3,16.0,,3.0,3.0,EEI,-21055.953760232216,,1,5,bic,,3.0075282089528628,3.0075282089528628,,,,,,,,,,,
gaussian_subspace,16,8,pca,auto,ok,,1.0,600,3,2.0,2.0,3.0,3.0,tied,3571.9773647010397,,1,5,bic,,0.1000622499850578,0.1241540840128436,,,,,,,,,,,
gaussian_subspace,16,8,umap,auto,ok,,0.8977263956352783,600,3,2.0,2.0,4.0,4.0,spherical,3781.553187842735,,1,5,bic,,0.1115077089634724,0.1350570420036092,,,,,,,,,,,
gaussian_subspace,16,9,ae_relu,auto,ok,,0.9700535288680806,600,3,2.0,2.0,3.0,3.0,full,5038.7150717681,,1,5,bic,0.6671282909810543,0.1635299579938873,0.8306582489749417,,,,,,relu,241.0,1.0,,,
gaussian_subspace,16,9,ae_tanh,auto,ok,,0.9801350059845216,600,3,2.0,2.0,3.0,3.0,tied,288.0671019286443,,1,5,bic,,0.1005666670389473,0.1243728750268928,,,,,,,,,,,
gaussian_subspace,16,9,autog2m2,auto,ok,,0.6777569316818658,600,3,2.0,2.0,5.0,5.0,diag,-1993.905820962641,,1,5,bic,,0.1182446249877102,0.1450796249555423,,,,,,,,,,,
gaussian_subspace,16,9,autogmm_spectral,auto,ok,,0.9004720820375645,600,3,2.0,2.0,5.0,5.0,diag,-15365.965053395828,lse,1,5,bic,,0.1125194999622181,0.1489825830212794,,,,,,,,,,,
gaussian_subspace,16,9,mclust,auto,ok,,0.9949958125176231,600,3,16.0,,3.0,3.0,EEI,-22410.599891276703,,1,5,bic,,1.8688500829739496,1.8688500829739496,,,,,,,,,,,
gaussian_subspace,16,9,pca,auto,ok,,0.985063191387914,600,3,2.0,2.0,3.0,3.0,tied,3713.642991359337,,1,5,bic,,0.0896850420394912,0.1158930409583263,,,,,,,,,,,
gaussian_subspace,16,9,umap,auto,ok,,0.8642153033911818,600,3,2.0,2.0,4.0,4.0,diag,3750.698423512975,,1,5,bic,,0.0897747919661924,0.1130876669776626,,,,,,,,,,,
gaussian_subspace,16,10,ae_relu,auto,ok,,1.0,600,3,2.0,2.0,3.0,3.0,full,4703.581150719298,,1,5,bic,0.7436692910268903,0.1214141669915989,0.8650834580184892,,,,,,relu,225.0,1.0,,,
gaussian_subspace,16,10,ae_tanh,auto,ok,,1.0,600,3,2.0,2.0,3.0,3.0,tied,-89.50919054646236,,1,5,bic,,0.0953858330030925,0.1711092499899678,,,,,,,,,,,
gaussian_subspace,16,10,autog2m2,auto,ok,,0.7107121565414202,600,3,2.0,2.0,4.0,4.0,diag,-1289.082944550643,,1,5,bic,,0.1069665830000303,0.1305113750277087,,,,,,,,,,,
gaussian_subspace,16,10,autogmm_spectral,auto,ok,,0.9802291205898572,600,3,2.0,2.0,5.0,5.0,spherical,-17686.086557657716,lse,1,5,bic,,0.0935559589997865,0.1194367079879157,,,,,,,,,,,
gaussian_subspace,16,10,mclust,auto,ok,,1.0,600,3,16.0,,3.0,3.0,EEI,-20388.364773719382,,1,5,bic,,1.885840792034287,1.885840792034287,,,,,,,,,,,
gaussian_subspace,16,10,pca,auto,ok,,1.0,600,3,2.0,2.0,3.0,3.0,tied,3544.955587712355,,1,5,bic,,0.1606632920447737,0.1851493330323137,,,,,,,,,,,
gaussian_subspace,16,10,umap,auto,ok,,0.7267217897972172,600,3,2.0,2.0,5.0,5.0,tied,3811.170830087368,,1,5,bic,,0.1921357079991139,0.2327211250085383,,,,,,,,,,,
gaussian_subspace,16,11,ae_relu,auto,ok,,0.9703554963908736,600,3,2.0,2.0,3.0,3.0,diag,3904.324550000061,,1,5,bic,0.3396561669651419,0.1637372080003842,0.5033933749655262,,,,,,relu,93.0,1.0,,,
gaussian_subspace,16,11,ae_tanh,auto,ok,,0.9949958125176231,600,3,2.0,2.0,3.0,3.0,tied,376.0779436736349,,1,5,bic,,0.2608516669715754,0.2858057080302387,,,,,,,,,,,
gaussian_subspace,16,11,autog2m2,auto,ok,,0.7256828457010694,600,3,2.0,2.0,5.0,5.0,full,-2312.574473061518,,1,5,bic,,0.0845588750089518,0.1108424999983981,,,,,,,,,,,
gaussian_subspace,16,11,autogmm_spectral,auto,ok,,0.8464810384071123,600,3,2.0,2.0,5.0,5.0,full,-14175.616956205808,lse,1,5,bic,,0.1454746249946765,0.3295156669919379,,,,,,,,,,,
gaussian_subspace,16,11,mclust,auto,ok,,1.0,600,3,16.0,,3.0,3.0,EEI,-23280.860725307324,,1,5,bic,,2.1588085000403225,2.1588085000403225,,,,,,,,,,,
gaussian_subspace,16,11,pca,auto,ok,,0.9900042509932298,600,3,2.0,2.0,3.0,3.0,tied,3728.189245256829,,1,5,bic,,0.154581708018668,0.1784746660268865,,,,,,,,,,,
gaussian_subspace,16,11,umap,auto,ok,,0.9164342540031514,600,3,2.0,2.0,4.0,4.0,spherical,3745.8610292862377,,1,5,bic,,0.1649141670204699,0.1867568340385332,,,,,,,,,,,
gaussian_subspace,16,12,ae_relu,auto,ok,,1.0,600,3,2.0,2.0,3.0,3.0,full,4892.989232136132,,1,5,bic,0.7705386660527438,0.120080417022109,0.8906190830748528,,,,,,relu,275.0,1.0,,,
gaussian_subspace,16,12,ae_tanh,auto,ok,,1.0,600,3,2.0,2.0,3.0,3.0,tied,27.38254356904409,,1,5,bic,,0.0930552500067278,0.1172707080258987,,,,,,,,,,,
gaussian_subspace,16,12,autog2m2,auto,ok,,0.8491095093363173,600,3,2.0,2.0,5.0,5.0,full,-1688.4970976625573,,1,5,bic,,0.101510833017528,0.1398472919827327,,,,,,,,,,,
gaussian_subspace,16,12,autogmm_spectral,auto,ok,,0.9802291205898572,600,3,2.0,2.0,5.0,5.0,spherical,-17749.573405149335,lse,1,5,bic,,0.0913102920167148,0.1169525000150315,,,,,,,,,,,
gaussian_subspace,16,12,mclust,auto,ok,,1.0,600,3,16.0,,3.0,3.0,EEI,-19829.521941162915,,1,5,bic,,1.6977999159717,1.6977999159717,,,,,,,,,,,
gaussian_subspace,16,12,pca,auto,ok,,1.0,600,3,2.0,2.0,3.0,3.0,tied,3464.227981587532,,1,5,bic,,0.1113432080019265,0.1907237079576589,,,,,,,,,,,
gaussian_subspace,16,12,umap,auto,ok,,1.0,600,3,2.0,2.0,3.0,3.0,tied,3761.826686110395,,1,5,bic,,0.108567374991253,0.1837475409847684,,,,,,,,,,,
gaussian_subspace,16,13,ae_relu,auto,ok,,0.9949958125176231,600,3,2.0,2.0,3.0,3.0,full,4755.353681891711,,1,5,bic,0.5709648750489578,0.1297080409713089,0.7006729160202667,,,,,,relu,205.0,1.0,,,
gaussian_subspace,16,13,ae_tanh,auto,ok,,0.9949958125176231,600,3,2.0,2.0,3.0,3.0,tied,495.73997902935497,,1,5,bic,,0.1058822079794481,0.1324519159970805,,,,,,,,,,,
gaussian_subspace,16,13,autog2m2,auto,ok,,0.7271002266255095,600,3,2.0,2.0,5.0,5.0,diag,-678.9469731773792,,1,5,bic,,0.1032335420022718,0.1310863749822601,,,,,,,,,,,
gaussian_subspace,16,13,autogmm_spectral,auto,ok,,0.89639749111139,600,3,2.0,2.0,5.0,5.0,full,-15459.947253979031,lse,1,5,bic,,0.1391833339584991,0.1660612080013379,,,,,,,,,,,
gaussian_subspace,16,13,mclust,auto,ok,,1.0,600,3,16.0,,3.0,3.0,EEI,-22595.688278322938,,1,5,bic,,1.8244968330254776,1.8244968330254776,,,,,,,,,,,
gaussian_subspace,16,13,pca,auto,ok,,1.0,600,3,2.0,2.0,3.0,3.0,spherical,3816.079075264678,,1,5,bic,,0.1601287499652244,0.1859529170324094,,,,,,,,,,,
gaussian_subspace,16,13,umap,auto,ok,,0.9143809512239692,600,3,2.0,2.0,4.0,4.0,spherical,3736.480820955917,,1,5,bic,,0.1584752920316532,0.1819752909941598,,,,,,,,,,,
gaussian_subspace,16,14,ae_relu,auto,ok,,0.9800971316205,600,3,2.0,2.0,3.0,3.0,full,4665.430123593627,,1,5,bic,0.650102415936999,0.1391421249136328,0.7892445408506319,,,,,,relu,227.0,1.0,,,
gaussian_subspace,16,14,ae_tanh,auto,ok,,1.0,600,3,2.0,2.0,3.0,3.0,tied,172.43910619152416,,1,5,bic,,0.1100774999940767,0.135311999998521,,,,,,,,,,,
gaussian_subspace,16,14,autog2m2,auto,ok,,0.931973353256772,600,3,2.0,2.0,5.0,5.0,full,-3501.271159775687,,1,5,bic,,0.081258833000902,0.1050384590052999,,,,,,,,,,,
gaussian_subspace,16,14,autogmm_spectral,auto,ok,,0.9540273065115528,600,3,2.0,2.0,5.0,5.0,full,-17445.78375817712,lse,1,5,bic,,0.1261088330065831,0.1506805410026572,,,,,,,,,,,
gaussian_subspace,16,14,mclust,auto,ok,,1.0,600,3,16.0,,3.0,3.0,EEI,-20091.60235439132,,1,5,bic,,1.505825416999869,1.505825416999869,,,,,,,,,,,
gaussian_subspace,16,14,pca,auto,ok,,1.0,600,3,2.0,2.0,3.0,3.0,tied,3594.55446408101,,1,5,bic,,0.1088468750240281,0.1349168340093456,,,,,,,,,,,
gaussian_subspace,16,14,umap,auto,ok,,0.8830045132038107,600,3,2.0,2.0,4.0,4.0,spherical,3856.466842999971,,1,5,bic,,0.0944220829987898,0.1313181250006891,,,,,,,,,,,
gaussian_subspace,16,15,ae_relu,auto,ok,,0.9949958125176231,600,3,2.0,2.0,3.0,3.0,full,4571.734132583002,,1,5,bic,0.4138321250211447,0.153533500037156,0.5673656250583008,,,,,,relu,146.0,1.0,,,
gaussian_subspace,16,15,ae_tanh,auto,ok,,0.9949958125176231,600,3,2.0,2.0,3.0,3.0,tied,433.4368308889518,,1,5,bic,,0.1100884160259738,0.135931166994851,,,,,,,,,,,
gaussian_subspace,16,15,autog2m2,auto,ok,,0.7702084278336915,600,3,2.0,2.0,5.0,5.0,full,-485.9789406351477,,1,5,bic,,0.1429149159812368,0.1687125419848598,,,,,,,,,,,
gaussian_subspace,16,15,autogmm_spectral,auto,ok,,0.8812909355210665,600,3,2.0,2.0,5.0,5.0,diag,-15128.827194331325,lse,1,5,bic,,0.14159579196712,0.1691908329958096,,,,,,,,,,,
gaussian_subspace,16,15,mclust,auto,ok,,1.0,600,3,16.0,,3.0,3.0,EEI,-22883.239173521597,,1,5,bic,,1.8633699999772944,1.8633699999772944,,,,,,,,,,,
gaussian_subspace,16,15,pca,auto,ok,,0.9949958125176231,600,3,2.0,2.0,3.0,3.0,spherical,3745.0094325971113,,1,5,bic,,0.1015123749966733,0.1372729580034501,,,,,,,,,,,
gaussian_subspace,16,15,umap,auto,ok,,0.7221880059881761,600,3,2.0,2.0,5.0,5.0,diag,3799.977884391985,,1,5,bic,,0.1070735420216806,0.1331208749907091,,,,,,,,,,,
gaussian_subspace,16,16,ae_relu,auto,ok,,0.7437166649089265,600,3,2.0,2.0,5.0,5.0,diag,4170.4052716983,,1,5,bic,0.5616420420119539,0.1869955410948023,0.7486375831067562,,,,,,relu,192.0,1.0,,,
gaussian_subspace,16,16,ae_tanh,auto,ok,,0.9750680095469216,600,3,2.0,2.0,3.0,3.0,spherical,423.082927111955,,1,5,bic,,0.1257082499796524,0.1540716250310652,,,,,,,,,,,
gaussian_subspace,16,16,autog2m2,auto,ok,,0.7829496457971279,600,3,2.0,2.0,5.0,5.0,full,-3090.0433450416685,,1,5,bic,,0.1395278330310247,0.1637369589880108,,,,,,,,,,,
gaussian_subspace,16,16,autogmm_spectral,auto,ok,,0.7765075159803332,600,3,2.0,2.0,5.0,5.0,full,-13473.629610080252,lse,1,5,bic,,0.1549871249590069,0.1934409590321593,,,,,,,,,,,
gaussian_subspace,16,16,mclust,auto,ok,,0.9949958125176231,600,3,16.0,,3.0,3.0,EEI,-23772.861194362733,,1,5,bic,,2.191218333959114,2.191218333959114,,,,,,,,,,,
gaussian_subspace,16,16,pca,auto,ok,,0.9750680095469216,600,3,2.0,2.0,3.0,3.0,tied,3889.531319159192,,1,5,bic,,0.1147258330020122,0.1425732499919831,,,,,,,,,,,
gaussian_subspace,16,16,umap,auto,ok,,0.9850626884924544,600,3,2.0,2.0,3.0,3.0,spherical,3745.5870771178247,,1,5,bic,,0.0988927499856799,0.1233636660035699,,,,,,,,,,,
gaussian_subspace,16,17,ae_relu,auto,ok,,0.9949958125176231,600,3,2.0,2.0,3.0,3.0,full,4356.349556911917,,1,5,bic,0.3476477500516921,0.1411300000036135,0.4887777500553056,,,,,,relu,122.0,1.0,,,
gaussian_subspace,16,17,ae_tanh,auto,ok,,0.9949958125176231,600,3,2.0,2.0,3.0,3.0,tied,232.2485750069605,,1,5,bic,,0.1227532080374658,0.1491723329527303,,,,,,,,,,,
gaussian_subspace,16,17,autog2m2,auto,ok,,0.7440981769495514,600,3,2.0,2.0,5.0,5.0,diag,-1221.9198585617494,,1,5,bic,,0.1198034170083701,0.148637082951609,,,,,,,,,,,
gaussian_subspace,16,17,autogmm_spectral,auto,ok,,0.93698926772698,600,3,2.0,2.0,5.0,5.0,full,-15386.913404715257,lse,1,5,bic,,0.1203973339870572,0.148463667021133,,,,,,,,,,,
gaussian_subspace,16,17,mclust,auto,ok,,1.0,600,3,16.0,,3.0,3.0,EEI,-21989.47522801239,,1,5,bic,,1.9719230419723317,1.9719230419723317,,,,,,,,,,,
gaussian_subspace,16,17,pca,auto,ok,,0.9949958125176231,600,3,2.0,2.0,3.0,3.0,tied,3711.138322866551,,1,5,bic,,0.1147402920178137,0.1406157920137047,,,,,,,,,,,
gaussian_subspace,16,17,umap,auto,ok,,1.0,600,3,2.0,2.0,3.0,3.0,tied,3755.2775909939023,,1,5,bic,,0.1030381249729543,0.1350264169741422,,,,,,,,,,,
gaussian_subspace,16,18,ae_relu,auto,ok,,0.975230732990034,600,3,2.0,2.0,3.0,3.0,full,4860.143692909702,,1,5,bic,0.5516500000376254,0.1324942500796169,0.6841442501172423,,,,,,relu,185.0,1.0,,,
gaussian_subspace,16,18,ae_tanh,auto,ok,,1.0,600,3,2.0,2.0,3.0,3.0,tied,211.930655958608,,1,5,bic,,0.1124953749822452,0.1385154169984161,,,,,,,,,,,
gaussian_subspace,16,18,autog2m2,auto,ok,,0.7015622171448893,600,3,2.0,2.0,5.0,5.0,diag,-1654.039157776475,,1,5,bic,,0.1371168750338256,0.1651956250425428,,,,,,,,,,,
gaussian_subspace,16,18,autogmm_spectral,auto,ok,,0.8761675041038947,600,3,2.0,2.0,4.0,4.0,full,-14296.210476962606,lse,1,5,bic,,0.1372918330016546,0.1762484589708037,,,,,,,,,,,
gaussian_subspace,16,18,mclust,auto,ok,,1.0,600,3,16.0,,3.0,3.0,EEI,-23445.750279116517,,1,5,bic,,1.9372194579918869,1.9372194579918869,,,,,,,,,,,
gaussian_subspace,16,18,pca,auto,ok,,1.0,600,3,2.0,2.0,3.0,3.0,tied,3511.907751403714,,1,5,bic,,0.101644457958173,0.1767655000439845,,,,,,,,,,,
gaussian_subspace,16,18,umap,auto,ok,,0.9949958125176231,600,3,2.0,2.0,3.0,3.0,tied,3794.705431046021,,1,5,bic,,0.1147933750180527,0.1415730420267209,,,,,,,,,,,
gaussian_subspace,16,19,ae_relu,auto,ok,,0.9900168347249766,600,3,2.0,2.0,3.0,3.0,full,4577.5281232964035,,1,5,bic,0.6113300418946892,0.1359305409714579,0.7472605828661472,,,,,,relu,217.0,1.0,,,
gaussian_subspace,16,19,ae_tanh,auto,ok,,0.9900041668585104,600,3,2.0,2.0,3.0,3.0,tied,390.7043414712612,,1,5,bic,,0.1178797089960426,0.1436585000483319,,,,,,,,,,,
gaussian_subspace,16,19,autog2m2,auto,ok,,0.5763127426117851,600,3,2.0,2.0,5.0,5.0,full,-553.1329659650403,,1,5,bic,,0.1325517910299822,0.1616125419968739,,,,,,,,,,,
gaussian_subspace,16,19,autogmm_spectral,auto,ok,,0.8720298505796099,600,3,2.0,2.0,5.0,5.0,full,-15067.108249243656,lse,1,5,bic,,0.1541336660156957,0.1831412910250947,,,,,,,,,,,
gaussian_subspace,16,19,mclust,auto,ok,,1.0,600,3,16.0,,3.0,3.0,EEI,-22706.308081718533,,1,5,bic,,2.20636170898797,2.20636170898797,,,,,,,,,,,
gaussian_subspace,16,19,pca,auto,ok,,0.9900041668585104,600,3,2.0,2.0,3.0,3.0,tied,3854.205745171074,,1,5,bic,,0.1145902499556541,0.1508657910162583,,,,,,,,,,,
gaussian_subspace,16,19,umap,auto,ok,,0.9949958125176231,600,3,2.0,2.0,3.0,3.0,tied,3684.973493304436,,1,5,bic,,0.1115937909926287,0.1384700830094516,,,,,,,,,,,
gaussian_subspace,32,0,ae_relu,auto,ok,,0.9949958125176231,600,3,2.0,2.0,3.0,3.0,full,4210.202485376011,,1,5,bic,0.2969862089958042,0.1300399579340592,0.4270261669298634,,,,,,relu,90.0,1.0,,,
gaussian_subspace,32,0,ae_tanh,auto,ok,,0.8650151598410392,600,3,2.0,2.0,4.0,4.0,diag,564.9417672873484,,1,5,bic,,0.108725875033997,0.1314759579836391,,,,,,,,,,,
gaussian_subspace,32,0,autog2m2,auto,ok,,0.7533869461223203,600,3,2.0,2.0,5.0,5.0,full,-1281.7749795636787,,1,5,bic,,0.13570250000339,0.1751340409973636,,,,,,,,,,,
gaussian_subspace,32,0,autogmm_spectral,auto,ok,,0.8560318970654568,600,3,2.0,2.0,5.0,5.0,full,-12963.162121030542,lse,1,5,bic,,0.0967144999885931,0.1191974169923923,,,,,,,,,,,
gaussian_subspace,32,0,mclust,auto,ok,,1.0,600,3,32.0,,3.0,3.0,EEI,-49296.022177963154,,1,5,bic,,4.193218625034206,4.193218625034206,,,,,,,,,,,
gaussian_subspace,32,0,pca,auto,ok,,1.0,600,3,2.0,2.0,3.0,3.0,tied,3445.698803314157,,1,5,bic,,0.0906150829978287,0.1143396249972283,,,,,,,,,,,
gaussian_subspace,32,0,umap,auto,ok,,1.0,600,3,2.0,2.0,3.0,3.0,tied,3552.3204885610494,,1,5,bic,,0.0929095420287922,0.1156212919740937,,,,,,,,,,,
gaussian_subspace,32,1,ae_relu,auto,ok,,0.7958770356070674,600,3,2.0,2.0,4.0,4.0,full,3537.7576774532236,,1,5,bic,0.5949294159654528,0.2624247089261189,0.8573541248915717,,,,,,relu,184.0,1.0,,,
gaussian_subspace,32,1,ae_tanh,auto,ok,,0.7487537325589249,600,3,2.0,2.0,5.0,5.0,diag,288.6958945765135,,1,5,bic,,0.1646671670023352,0.1877894169883802,,,,,,,,,,,
gaussian_subspace,32,1,autog2m2,auto,ok,,0.8920670015849194,600,3,2.0,2.0,5.0,5.0,full,-494.3717683485539,,1,5,bic,,0.0956608750275336,0.1228122920147143,,,,,,,,,,,
gaussian_subspace,32,1,autogmm_spectral,auto,ok,,0.8259743126243632,600,3,2.0,2.0,5.0,5.0,diag,-15168.311659754158,lse,1,5,bic,,0.1708872080198489,0.1957771250163205,,,,,,,,,,,
gaussian_subspace,32,1,mclust,auto,ok,,1.0,600,3,32.0,,3.0,3.0,EEI,-47686.13395727076,,1,5,bic,,4.537242249993142,4.537242249993142,,,,,,,,,,,
gaussian_subspace,32,1,pca,auto,ok,,1.0,600,3,2.0,2.0,3.0,3.0,spherical,3404.8070317479487,,1,5,bic,,0.0944861249881796,0.1168128339922986,,,,,,,,,,,
gaussian_subspace,32,1,umap,auto,ok,,1.0,600,3,2.0,2.0,3.0,3.0,tied,3465.952840965603,,1,5,bic,,0.0952995410189032,0.1156985410489142,,,,,,,,,,,
gaussian_subspace,32,2,ae_relu,auto,ok,,0.8182846199492331,600,3,2.0,2.0,5.0,5.0,diag,1092.6670808046977,,1,5,bic,0.2355654590064659,0.2423958330182358,0.4779612920247018,,,,,,relu,70.0,1.0,,,
gaussian_subspace,32,2,ae_tanh,auto,ok,,0.7760805330776773,600,3,2.0,2.0,5.0,5.0,diag,279.5233402405213,,1,5,bic,,0.0966443329816684,0.123457874986343,,,,,,,,,,,
gaussian_subspace,32,2,autog2m2,auto,ok,,0.8141308481358911,600,3,2.0,2.0,5.0,5.0,full,-2136.884913034455,,1,5,bic,,0.1258625000482425,0.1607487080036662,,,,,,,,,,,
gaussian_subspace,32,2,autogmm_spectral,auto,ok,,0.8644306325436261,600,3,2.0,2.0,5.0,5.0,full,-15590.600115868714,lse,1,5,bic,,0.145381250011269,0.1710165829863399,,,,,,,,,,,
gaussian_subspace,32,2,mclust,auto,ok,,1.0,600,3,32.0,,3.0,3.0,EEI,-46962.993519135925,,1,5,bic,,3.690429167007096,3.690429167007096,,,,,,,,,,,
gaussian_subspace,32,2,pca,auto,ok,,1.0,600,3,2.0,2.0,3.0,3.0,tied,3440.9094071747577,,1,5,bic,,0.0978495000163093,0.119426499994006,,,,,,,,,,,
gaussian_subspace,32,2,umap,auto,ok,,1.0,600,3,2.0,2.0,3.0,3.0,tied,3511.168965100159,,1,5,bic,,0.1033186670392751,0.1227071249741129,,,,,,,,,,,
gaussian_subspace,32,3,ae_relu,auto,ok,,0.9703554963908736,600,3,2.0,2.0,3.0,3.0,full,4535.305044697761,,1,5,bic,0.4349017919739708,0.1341676670126617,0.5690694589866325,,,,,,relu,135.0,1.0,,,
gaussian_subspace,32,3,ae_tanh,auto,ok,,0.7641045859846435,600,3,2.0,2.0,5.0,5.0,spherical,205.12657273878077,,1,5,bic,,0.0766382919973693,0.0954432500293478,,,,,,,,,,,
gaussian_subspace,32,3,autog2m2,auto,ok,,0.816213895889085,600,3,2.0,2.0,4.0,4.0,full,-2970.338471608543,,1,5,bic,,0.0974462919984944,0.1399442499969154,,,,,,,,,,,
gaussian_subspace,32,3,autogmm_spectral,auto,ok,,0.8311780532073159,600,3,2.0,2.0,5.0,5.0,diag,-15309.935722053802,lse,1,5,bic,,0.0821126250084489,0.1023530000238679,,,,,,,,,,,
gaussian_subspace,32,3,mclust,auto,ok,,1.0,600,3,32.0,,3.0,3.0,EEI,-46617.50137259993,,1,5,bic,,4.232002625009045,4.232002625009045,,,,,,,,,,,
gaussian_subspace,32,3,pca,auto,ok,,1.0,600,3,2.0,2.0,3.0,3.0,tied,3301.8403340086625,,1,5,bic,,0.0718131670146249,0.0892315409728325,,,,,,,,,,,
gaussian_subspace,32,3,umap,auto,ok,,1.0,600,3,2.0,2.0,3.0,3.0,spherical,3510.1482711892854,,1,5,bic,,0.0685637089773081,0.0859138329979032,,,,,,,,,,,
gaussian_subspace,32,4,ae_relu,auto,ok,,0.7274468480041001,600,3,2.0,2.0,5.0,5.0,full,2654.488707614155,,1,5,bic,0.3721964999567717,0.1489415830001235,0.5211380829568952,,,,,,relu,114.0,1.0,,,
gaussian_subspace,32,4,ae_tanh,auto,ok,,0.747358797917057,600,3,2.0,2.0,5.0,5.0,diag,785.8017482605774,,1,5,bic,,0.0986041249707341,0.1224463329999707,,,,,,,,,,,
gaussian_subspace,32,4,autog2m2,auto,ok,,0.7624082383377663,600,3,2.0,2.0,5.0,5.0,full,-824.9485046696128,,1,5,bic,,0.1241844579926692,0.1483410840155556,,,,,,,,,,,
gaussian_subspace,32,4,autogmm_spectral,auto,ok,,0.8091352549553569,600,3,2.0,2.0,5.0,5.0,full,-12794.334770289875,lse,1,5,bic,,0.1222578330198302,0.1451191669912077,,,,,,,,,,,
gaussian_subspace,32,4,mclust,auto,ok,,1.0,600,3,32.0,,3.0,3.0,EEI,-49455.40212116894,,1,5,bic,,10.506501208001282,10.506501208001282,,,,,,,,,,,
gaussian_subspace,32,4,pca,auto,ok,,0.9949958125176231,600,3,2.0,2.0,3.0,3.0,tied,3783.985225067701,,1,5,bic,,0.1027165410341695,0.1258924580179155,,,,,,,,,,,
gaussian_subspace,32,4,umap,auto,ok,,0.9949958125176231,600,3,2.0,2.0,3.0,3.0,tied,3532.2539184623515,,1,5,bic,,0.0854338329518213,0.1141139160026796,,,,,,,,,,,
gaussian_subspace,32,5,ae_relu,auto,ok,,0.9800845066199756,600,3,2.0,2.0,3.0,3.0,full,4485.425915569602,,1,5,bic,0.4259389999788254,0.139970958000049,0.5659099579788744,,,,,,relu,134.0,1.0,,,
gaussian_subspace,32,5,ae_tanh,auto,ok,,0.7529214068899165,600,3,2.0,2.0,5.0,5.0,diag,416.4489324165376,,1,5,bic,,0.1058745000045746,0.1384913329966366,,,,,,,,,,,
gaussian_subspace,32,5,autog2m2,auto,ok,,0.7565951673238325,600,3,2.0,2.0,5.0,5.0,full,-2275.3978763478503,,1,5,bic,,0.1153962080134078,0.1396391669986769,,,,,,,,,,,
gaussian_subspace,32,5,autogmm_spectral,auto,ok,,0.8330253798960258,600,3,2.0,2.0,5.0,5.0,full,-14597.165967160528,lse,1,5,bic,,0.133930291980505,0.1568967499770224,,,,,,,,,,,
gaussian_subspace,32,5,mclust,auto,ok,,1.0,600,3,32.0,,3.0,3.0,EEI,-48265.07496566056,,1,5,bic,,3.487873208010569,3.487873208010569,,,,,,,,,,,
gaussian_subspace,32,5,pca,auto,ok,,1.0,600,3,2.0,2.0,3.0,3.0,tied,3678.181622162545,,1,5,bic,,0.0897441249690018,0.1128344580065459,,,,,,,,,,,
gaussian_subspace,32,5,umap,auto,ok,,1.0,600,3,2.0,2.0,3.0,3.0,tied,3493.1557931640505,,1,5,bic,,0.1007693340070545,0.122811916982755,,,,,,,,,,,
gaussian_subspace,32,6,ae_relu,auto,ok,,0.9900166666666668,600,3,2.0,2.0,3.0,3.0,full,4423.832935802702,,1,5,bic,0.3433621249860152,0.1183418749133125,0.4617039998993277,,,,,,relu,107.0,1.0,,,
gaussian_subspace,32,6,ae_tanh,auto,ok,,0.8270133071649302,600,3,2.0,2.0,4.0,4.0,diag,695.3804918556488,,1,5,bic,,0.0915760829811915,0.1313470830209553,,,,,,,,,,,
gaussian_subspace,32,6,autog2m2,auto,ok,,0.8224721192028165,600,3,2.0,2.0,5.0,5.0,full,-4664.9477753896745,,1,5,bic,,0.0869984159944579,0.1075993750127963,,,,,,,,,,,
gaussian_subspace,32,6,autogmm_spectral,auto,ok,,0.7770370780453268,600,3,2.0,2.0,5.0,5.0,full,-12616.506211633478,lse,1,5,bic,,0.1308246669941581,0.154584708972834,,,,,,,,,,,
gaussian_subspace,32,6,mclust,auto,ok,,1.0,600,3,32.0,,3.0,3.0,EEI,-48580.30680263773,,1,5,bic,,6.451801999995951,6.451801999995951,,,,,,,,,,,
gaussian_subspace,32,6,pca,auto,ok,,0.9850626884924544,600,3,2.0,2.0,3.0,3.0,tied,3569.8806519955697,,1,5,bic,,0.0840431659598834,0.10760616697371,,,,,,,,,,,
gaussian_subspace,32,6,umap,auto,ok,,0.9703554963908736,600,3,2.0,2.0,3.0,3.0,spherical,3640.229038568962,,1,5,bic,,0.1078925000037998,0.129310832999181,,,,,,,,,,,
gaussian_subspace,32,7,ae_relu,auto,ok,,0.9949958125176231,600,3,2.0,2.0,3.0,3.0,full,4566.116674620205,,1,5,bic,0.5607455839635804,0.1482038330286741,0.7089494169922546,,,,,,relu,168.0,1.0,,,
gaussian_subspace,32,7,ae_tanh,auto,ok,,0.8897222562208938,600,3,2.0,2.0,4.0,4.0,diag,287.2633943614152,,1,5,bic,,0.1027696250239387,0.1450635000364855,,,,,,,,,,,
gaussian_subspace,32,7,autog2m2,auto,ok,,0.7821685094931602,600,3,2.0,2.0,5.0,5.0,full,-950.6256043609814,,1,5,bic,,0.190743624989409,0.2277197079965844,,,,,,,,,,,
gaussian_subspace,32,7,autogmm_spectral,auto,ok,,0.9005281028272406,600,3,2.0,2.0,5.0,5.0,full,-15338.528198467531,lse,1,5,bic,,0.1338556249975226,0.157073666981887,,,,,,,,,,,
gaussian_subspace,32,7,mclust,auto,ok,,1.0,600,3,32.0,,3.0,3.0,EEI,-47656.795636899835,,1,5,bic,,3.495348541007843,3.495348541007843,,,,,,,,,,,
gaussian_subspace,32,7,pca,auto,ok,,1.0,600,3,2.0,2.0,3.0,3.0,tied,3594.800271881116,,1,5,bic,,0.0895049580140039,0.1129832500009797,,,,,,,,,,,
gaussian_subspace,32,7,umap,auto,ok,,1.0,600,3,2.0,2.0,3.0,3.0,tied,3547.445448863456,,1,5,bic,,0.08764116599923,0.1269025000510737,,,,,,,,,,,
gaussian_subspace,32,8,ae_relu,auto,ok,,0.7642211782542809,600,3,2.0,2.0,5.0,5.0,diag,3686.222394283435,,1,5,bic,0.4101406660629436,0.1613616669783368,0.5715023330412805,,,,,,relu,126.0,1.0,,,
gaussian_subspace,32,8,ae_tanh,auto,ok,,0.9900168347249766,600,3,2.0,2.0,3.0,3.0,diag,535.3383731181884,,1,5,bic,,0.1136960000148974,0.1370364170288667,,,,,,,,,,,
gaussian_subspace,32,8,autog2m2,auto,ok,,0.745511120390738,600,3,2.0,2.0,5.0,5.0,full,-2496.4519659700336,,1,5,bic,,0.1339109999826178,0.1661570830037817,,,,,,,,,,,
gaussian_subspace,32,8,autogmm_spectral,auto,ok,,0.8162203377443022,600,3,2.0,2.0,5.0,5.0,diag,-13627.051113927357,lse,1,5,bic,,0.138825292000547,0.1707842080504633,,,,,,,,,,,
gaussian_subspace,32,8,mclust,auto,ok,,1.0,600,3,32.0,,3.0,3.0,EEI,-48653.26772572181,,1,5,bic,,6.967658124980517,6.967658124980517,,,,,,,,,,,
gaussian_subspace,32,8,pca,auto,ok,,0.9949958125176231,600,3,2.0,2.0,3.0,3.0,tied,3565.7135951785526,,1,5,bic,,0.0977871249779127,0.1238437499850988,,,,,,,,,,,
gaussian_subspace,32,8,umap,auto,ok,,0.9949958125176231,600,3,2.0,2.0,3.0,3.0,tied,3545.2087338125816,,1,5,bic,,0.0868177500087767,0.108505290991161,,,,,,,,,,,
gaussian_subspace,32,9,ae_relu,auto,ok,,0.6547640702344703,600,3,2.0,2.0,5.0,5.0,full,1358.8367857598955,,1,5,bic,0.2910629579564556,0.2473890000255778,0.5384519579820335,,,,,,relu,88.0,1.0,,,
gaussian_subspace,32,9,ae_tanh,auto,ok,,0.7637255086658664,600,3,2.0,2.0,5.0,5.0,full,541.0402625580526,,1,5,bic,,0.1238249160232953,0.1488337920163758,,,,,,,,,,,
gaussian_subspace,32,9,autog2m2,auto,ok,,0.6829278516826622,600,3,2.0,2.0,5.0,5.0,diag,-905.8878030862268,,1,5,bic,,0.1127231660066172,0.1384141669841483,,,,,,,,,,,
gaussian_subspace,32,9,autogmm_spectral,auto,ok,,0.8238654885248258,600,3,2.0,2.0,5.0,5.0,full,-14065.732497136589,lse,1,5,bic,,0.121240124979522,0.1457359999767504,,,,,,,,,,,
gaussian_subspace,32,9,mclust,auto,ok,,0.5706093189964158,600,3,32.0,,2.0,2.0,VVI,-51562.78125855419,,1,5,bic,,3.9528266660054214,3.9528266660054214,,,,,,,,,,,
gaussian_subspace,32,9,pca,auto,ok,,1.0,600,3,2.0,2.0,3.0,3.0,tied,3643.490424902994,,1,5,bic,,0.0996967090177349,0.1232707079616375,,,,,,,,,,,
gaussian_subspace,32,9,umap,auto,ok,,1.0,600,3,2.0,2.0,3.0,3.0,tied,3544.477272299242,,1,5,bic,,0.1025435829651542,0.1255836249911226,,,,,,,,,,,
gaussian_subspace,32,10,ae_relu,auto,ok,,0.9949958125176231,600,3,2.0,2.0,3.0,3.0,full,4676.142423990178,,1,5,bic,0.5106066250009462,0.1125650000758469,0.6231716250767931,,,,,,relu,154.0,1.0,,,
gaussian_subspace,32,10,ae_tanh,auto,ok,,0.7797152609205051,600,3,2.0,2.0,5.0,5.0,diag,357.3081320457016,,1,5,bic,,0.1150407080422155,0.1396707920357585,,,,,,,,,,,
gaussian_subspace,32,10,autog2m2,auto,ok,,0.7439120183913435,600,3,2.0,2.0,5.0,5.0,spherical,-930.9405937377408,,1,5,bic,,0.0888601669576019,0.1150548330042511,,,,,,,,,,,
gaussian_subspace,32,10,autogmm_spectral,auto,ok,,0.8742017776274105,600,3,2.0,2.0,5.0,5.0,full,-15352.77452809255,lse,1,5,bic,,0.1300339580047875,0.1559083329630084,,,,,,,,,,,
gaussian_subspace,32,10,mclust,auto,ok,,1.0,600,3,32.0,,3.0,3.0,EEI,-47028.925500602425,,1,5,bic,,4.561670750030316,4.561670750030316,,,,,,,,,,,
gaussian_subspace,32,10,pca,auto,ok,,1.0,600,3,2.0,2.0,3.0,3.0,tied,3542.559803753532,,1,5,bic,,0.1105831669992767,0.1347542920266278,,,,,,,,,,,
gaussian_subspace,32,10,umap,auto,ok,,1.0,600,3,2.0,2.0,3.0,3.0,spherical,3525.8733499360205,,1,5,bic,,0.1051665840204805,0.1305404169834219,,,,,,,,,,,
gaussian_subspace,32,11,ae_relu,auto,ok,,0.8388933838956749,600,3,2.0,2.0,4.0,4.0,full,4784.047503436528,,1,5,bic,0.4968662080354988,0.1542937500635162,0.6511599580990151,,,,,,relu,151.0,1.0,,,
gaussian_subspace,32,11,ae_tanh,auto,ok,,0.6956898777323736,600,3,2.0,2.0,5.0,5.0,full,768.0857475717488,,1,5,bic,,0.1098383749485947,0.1349566249991767,,,,,,,,,,,
gaussian_subspace,32,11,autog2m2,auto,ok,,0.6608896840955513,600,3,2.0,2.0,5.0,5.0,full,-2637.7164997999143,,1,5,bic,,0.1148364169639535,0.1580336250481195,,,,,,,,,,,
gaussian_subspace,32,11,autogmm_spectral,auto,ok,,0.7631748518451463,600,3,2.0,2.0,5.0,5.0,full,-12186.093366827276,lse,1,5,bic,,0.1503954590298235,0.1820565419620834,,,,,,,,,,,
gaussian_subspace,32,11,mclust,auto,ok,,0.0,600,3,32.0,,1.0,1.0,XXX,-53841.77897737761,,1,5,bic,,1.0716297090402804,1.0716297090402804,,,,,,,,,,,
gaussian_subspace,32,11,pca,auto,ok,,0.9949958125176231,600,3,2.0,2.0,3.0,3.0,tied,3837.928627388,,1,5,bic,,0.111205167020671,0.1413245419971645,,,,,,,,,,,
gaussian_subspace,32,11,umap,auto,ok,,0.975229899053398,600,3,2.0,2.0,3.0,3.0,tied,3634.592557967,,1,5,bic,,0.0914344170014374,0.1157729590195231,,,,,,,,,,,
gaussian_subspace,32,12,ae_relu,auto,ok,,1.0,600,3,2.0,2.0,3.0,3.0,full,4720.113873417462,,1,5,bic,0.3707425409229472,0.134846374974586,0.5055889158975333,,,,,,relu,110.0,1.0,,,
gaussian_subspace,32,12,ae_tanh,auto,ok,,0.7340593967683132,600,3,2.0,2.0,5.0,5.0,diag,479.8976124555709,,1,5,bic,,0.1274188330280594,0.1523170419968664,,,,,,,,,,,
gaussian_subspace,32,12,autog2m2,auto,ok,,0.8355270070866554,600,3,2.0,2.0,5.0,5.0,full,-1790.51997099674,,1,5,bic,,0.0964752919971942,0.1154032089980319,,,,,,,,,,,
gaussian_subspace,32,12,autogmm_spectral,auto,ok,,0.8151473091639897,600,3,2.0,2.0,5.0,5.0,diag,-14190.634984001286,lse,1,5,bic,,0.1526185839902609,0.1783085410133935,,,,,,,,,,,
gaussian_subspace,32,12,mclust,auto,ok,,1.0,600,3,32.0,,3.0,3.0,EEI,-48128.235917676015,,1,5,bic,,3.7897259169840254,3.7897259169840254,,,,,,,,,,,
gaussian_subspace,32,12,pca,auto,ok,,1.0,600,3,2.0,2.0,3.0,3.0,tied,3554.484760803279,,1,5,bic,,0.0931455410318449,0.136370624997653,,,,,,,,,,,
gaussian_subspace,32,12,umap,auto,ok,,1.0,600,3,2.0,2.0,3.0,3.0,tied,3519.1278001230007,,1,5,bic,,0.0892795829568058,0.1285515410127118,,,,,,,,,,,
gaussian_subspace,32,13,ae_relu,auto,ok,,0.7724890746852778,600,3,2.0,2.0,5.0,5.0,full,3878.1575531654694,,1,5,bic,0.3229583749780431,0.1600112499436363,0.4829696249216795,,,,,,relu,98.0,1.0,,,
gaussian_subspace,32,13,ae_tanh,auto,ok,,0.9035951380586208,600,3,2.0,2.0,4.0,4.0,diag,854.447082824252,,1,5,bic,,0.1375964169856161,0.1641255830181762,,,,,,,,,,,
gaussian_subspace,32,13,autog2m2,auto,ok,,0.7436350727054563,600,3,2.0,2.0,5.0,5.0,full,-319.88403710355584,,1,5,bic,,0.1269426250364631,0.1544808329781517,,,,,,,,,,,
gaussian_subspace,32,13,autogmm_spectral,auto,ok,,0.7857677871866972,600,3,2.0,2.0,5.0,5.0,full,-11384.916876911926,lse,1,5,bic,,0.120291500003077,0.152111999981571,,,,,,,,,,,
gaussian_subspace,32,13,mclust,auto,ok,,0.0,600,3,32.0,,1.0,1.0,XII,-54698.33835368155,,1,5,bic,,0.9281393329729326,0.9281393329729326,,,,,,,,,,,
gaussian_subspace,32,13,pca,auto,ok,,1.0,600,3,2.0,2.0,3.0,3.0,tied,3529.239534759713,,1,5,bic,,0.098099791968707,0.1239343750057742,,,,,,,,,,,
gaussian_subspace,32,13,umap,auto,ok,,1.0,600,3,2.0,2.0,3.0,3.0,tied,3590.4023547624784,,1,5,bic,,0.1208128330181352,0.147679874964524,,,,,,,,,,,
gaussian_subspace,32,14,ae_relu,auto,ok,,0.9900168347249766,600,3,2.0,2.0,3.0,3.0,full,4154.515783829772,,1,5,bic,0.3067761660786345,0.1272830410161987,0.4340592070948332,,,,,,relu,95.0,1.0,,,
gaussian_subspace,32,14,ae_tanh,auto,ok,,1.0,600,3,2.0,2.0,3.0,3.0,spherical,171.77226532295293,,1,5,bic,,0.1085639999946579,0.1337470000144094,,,,,,,,,,,
gaussian_subspace,32,14,autog2m2,auto,ok,,0.8609721473739607,600,3,2.0,2.0,5.0,5.0,full,-2497.233338080048,,1,5,bic,,0.1019501669798046,0.1225025419844314,,,,,,,,,,,
gaussian_subspace,32,14,autogmm_spectral,auto,ok,,0.8384986265799518,600,3,2.0,2.0,5.0,5.0,full,-14577.108220425378,lse,1,5,bic,,0.1189337500254623,0.1443502500187605,,,,,,,,,,,
gaussian_subspace,32,14,mclust,auto,ok,,1.0,600,3,32.0,,3.0,3.0,EEI,-48081.66209349802,,1,5,bic,,5.062666082987562,5.062666082987562,,,,,,,,,,,
gaussian_subspace,32,14,pca,auto,ok,,1.0,600,3,2.0,2.0,3.0,3.0,tied,3345.8899724812823,,1,5,bic,,0.0942075420171022,0.1201137500465847,,,,,,,,,,,
gaussian_subspace,32,14,umap,auto,ok,,1.0,600,3,2.0,2.0,3.0,3.0,tied,3499.5683321995657,,1,5,bic,,0.1063541659968905,0.1301548749906942,,,,,,,,,,,
gaussian_subspace,32,15,ae_relu,auto,ok,,0.7405432829785122,600,3,2.0,2.0,5.0,5.0,diag,-1031.162523727358,,1,5,bic,0.5109045419376343,0.211826791986823,0.7227313339244574,,,,,,relu,149.0,1.0,,,
gaussian_subspace,32,15,ae_tanh,auto,ok,,0.888683387516365,600,3,2.0,2.0,4.0,4.0,diag,318.1323755261974,,1,5,bic,,0.1156288750353269,0.1407428749953396,,,,,,,,,,,
gaussian_subspace,32,15,autog2m2,auto,ok,,0.7911159698470386,600,3,2.0,2.0,5.0,5.0,diag,-2328.7565671241814,,1,5,bic,,0.1289445409784093,0.1547403750009834,,,,,,,,,,,
gaussian_subspace,32,15,autogmm_spectral,auto,ok,,0.8213311743650928,600,3,2.0,2.0,5.0,5.0,diag,-15536.268660729194,lse,1,5,bic,,0.1378948329947888,0.1751697500003501,,,,,,,,,,,
gaussian_subspace,32,15,mclust,auto,ok,,1.0,600,3,32.0,,3.0,3.0,EEI,-46676.83986579142,,1,5,bic,,4.792270665988326,4.792270665988326,,,,,,,,,,,
gaussian_subspace,32,15,pca,auto,ok,,1.0,600,3,2.0,2.0,3.0,3.0,tied,3392.7314445372867,,1,5,bic,,0.1156520830118097,0.1421151250251568,,,,,,,,,,,
gaussian_subspace,32,15,umap,auto,ok,,1.0,600,3,2.0,2.0,3.0,3.0,tied,3515.366068071119,,1,5,bic,,0.0972555839689448,0.1213062920141965,,,,,,,,,,,
gaussian_subspace,32,16,ae_relu,auto,ok,,0.9850379826540704,600,3,2.0,2.0,3.0,3.0,full,4837.613009072982,,1,5,bic,0.3110715419752523,0.1384012919152155,0.4494728338904679,,,,,,relu,87.0,1.0,,,
gaussian_subspace,32,16,ae_tanh,auto,ok,,0.7538526234359986,600,3,2.0,2.0,5.0,5.0,diag,760.4537939003901,,1,5,bic,,0.1278722079587169,0.1698925420059822,,,,,,,,,,,
gaussian_subspace,32,16,autog2m2,auto,ok,,0.7884659585607179,600,3,2.0,2.0,5.0,5.0,full,-608.5297422181097,,1,5,bic,,0.0768267919775098,0.0985589579795487,,,,,,,,,,,
gaussian_subspace,32,16,autogmm_spectral,auto,ok,,0.826378875951807,600,3,2.0,2.0,5.0,5.0,full,-11888.821339749182,lse,1,5,bic,,0.1347361670341342,0.1632730420096777,,,,,,,,,,,
gaussian_subspace,32,16,mclust,auto,ok,,0.5706093189964158,600,3,32.0,,2.0,2.0,VVI,-52655.30373150415,,1,5,bic,,1.998683792015072,1.998683792015072,,,,,,,,,,,
gaussian_subspace,32,16,pca,auto,ok,,0.9949958125176231,600,3,2.0,2.0,3.0,3.0,tied,3688.888669694924,,1,5,bic,,0.1001674589933827,0.1267592079821042,,,,,,,,,,,
gaussian_subspace,32,16,umap,auto,ok,,0.9900166666666668,600,3,2.0,2.0,3.0,3.0,tied,3613.411740465012,,1,5,bic,,0.1181231249938719,0.1660465419990942,,,,,,,,,,,
gaussian_subspace,32,17,ae_relu,auto,ok,,0.9260381960123516,600,3,2.0,2.0,3.0,3.0,full,3813.6253162015073,,1,5,bic,0.2240554159507155,0.1524567919550463,0.3765122079057619,,,,,,relu,64.0,1.0,,,
gaussian_subspace,32,17,ae_tanh,auto,ok,,0.714782635290837,600,3,2.0,2.0,5.0,5.0,diag,967.9958477036004,,1,5,bic,,0.1327110420097597,0.1749248339910991,,,,,,,,,,,
gaussian_subspace,32,17,autog2m2,auto,ok,,0.7548333347460703,600,3,2.0,2.0,5.0,5.0,full,55.44516928056928,,1,5,bic,,0.1094857499701902,0.1347482500132173,,,,,,,,,,,
gaussian_subspace,32,17,autogmm_spectral,auto,ok,,0.7530910957033777,600,3,2.0,2.0,5.0,5.0,full,-11289.38640331056,lse,1,5,bic,,0.1661933750147,0.1939940830343403,,,,,,,,,,,
gaussian_subspace,32,17,mclust,auto,ok,,0.9949958125176231,600,3,32.0,,3.0,3.0,EEI,-51513.330864401745,,1,5,bic,,8.712805624993052,8.712805624993052,,,,,,,,,,,
gaussian_subspace,32,17,pca,auto,ok,,0.9801340027693,600,3,2.0,2.0,3.0,3.0,tied,3906.38030248237,,1,5,bic,,0.1027705000014975,0.1314840420382097,,,,,,,,,,,
gaussian_subspace,32,17,umap,auto,ok,,0.965322734315595,600,3,2.0,2.0,3.0,3.0,tied,3735.96819644443,,1,5,bic,,0.1072053749812766,0.1325058750226162,,,,,,,,,,,
gaussian_subspace,32,18,ae_relu,auto,ok,,0.8207350522983736,600,3,2.0,2.0,4.0,4.0,full,4376.382420432781,,1,5,bic,0.3067654999904334,0.1654859579866752,0.4722514579771086,,,,,,relu,95.0,1.0,,,
gaussian_subspace,32,18,ae_tanh,auto,ok,,0.8574173562215247,600,3,2.0,2.0,4.0,4.0,spherical,942.4198784915806,,1,5,bic,,0.1118410000344738,0.1386811669799499,,,,,,,,,,,
gaussian_subspace,32,18,autog2m2,auto,ok,,0.6162523807692076,600,3,2.0,2.0,5.0,5.0,full,-998.7550601144916,,1,5,bic,,0.1617797910002991,0.1933106669457629,,,,,,,,,,,
gaussian_subspace,32,18,autogmm_spectral,auto,ok,,0.7453114662752677,600,3,2.0,2.0,5.0,5.0,full,-11583.737500477531,lse,1,5,bic,,0.1602185830124654,0.191116832953412,,,,,,,,,,,
gaussian_subspace,32,18,mclust,auto,ok,,0.5644945135691272,600,3,32.0,,2.0,2.0,VVI,-52932.86877380532,,1,5,bic,,3.84426079201512,3.84426079201512,,,,,,,,,,,
gaussian_subspace,32,18,pca,auto,ok,,0.9800961264798698,600,3,2.0,2.0,3.0,3.0,spherical,3871.258227552122,,1,5,bic,,0.1141505419509485,0.142127041995991,,,,,,,,,,,
gaussian_subspace,32,18,umap,auto,ok,,0.9751051094453728,600,3,2.0,2.0,3.0,3.0,tied,3630.916817549803,,1,5,bic,,0.1044739580247551,0.14308870799141,,,,,,,,,,,
gaussian_subspace,32,19,ae_relu,auto,ok,,0.9800971316205,600,3,2.0,2.0,3.0,3.0,full,4820.078945892773,,1,5,bic,0.4185370421037078,0.1314760000677779,0.5500130421714857,,,,,,relu,129.0,1.0,,,
gaussian_subspace,32,19,ae_tanh,auto,ok,,0.8516301464253937,600,3,2.0,2.0,4.0,4.0,diag,767.6705103437936,,1,5,bic,,0.1468509580008685,0.1763376250164583,,,,,,,,,,,
gaussian_subspace,32,19,autog2m2,auto,ok,,0.6926777935620437,600,3,2.0,2.0,5.0,5.0,full,-449.9107327449469,,1,5,bic,,0.1413851249963045,0.1711720420280471,,,,,,,,,,,
gaussian_subspace,32,19,autogmm_spectral,auto,ok,,0.7980233632804083,600,3,2.0,2.0,5.0,5.0,full,-12027.729501252352,lse,1,5,bic,,0.1722638749633915,0.2159475830267183,,,,,,,,,,,
gaussian_subspace,32,19,mclust,auto,ok,,0.5706093189964158,600,3,32.0,,2.0,2.0,VVI,-52843.63618038059,,1,5,bic,,2.5828002089983784,2.5828002089983784,,,,,,,,,,,
gaussian_subspace,32,19,pca,auto,ok,,0.9900042509932298,600,3,2.0,2.0,3.0,3.0,tied,3871.3583824444986,,1,5,bic,,0.1157236659782938,0.1423735409625806,,,,,,,,,,,
gaussian_subspace,32,19,umap,auto,ok,,1.0,600,3,2.0,2.0,3.0,3.0,spherical,3595.882099795865,,1,5,bic,,0.1041984170442447,0.1349209169857204,,,,,,,,,,,
gaussian_subspace,64,0,ae_relu,auto,ok,,0.6129555856510462,600,3,2.0,2.0,5.0,5.0,diag,1881.2528463201863,,1,5,bic,0.4257917499635368,0.2071253330213949,0.6329170829849318,,,,,,relu,92.0,1.0,,,
gaussian_subspace,64,0,ae_tanh,auto,ok,,0.7234276711698957,600,3,2.0,2.0,5.0,5.0,diag,819.4583076902135,,1,5,bic,,0.127928250003606,0.151341582997702,,,,,,,,,,,
gaussian_subspace,64,0,autog2m2,auto,ok,,0.7563210188582368,600,3,2.0,2.0,5.0,5.0,full,-698.446857872572,,1,5,bic,,0.1349660829873755,0.2338961660279892,,,,,,,,,,,
gaussian_subspace,64,0,autogmm_spectral,auto,ok,,0.7809895446727689,600,3,2.0,2.0,5.0,5.0,full,-10983.790317641106,lse,1,5,bic,,0.093426208011806,0.116060416039545,,,,,,,,,,,
gaussian_subspace,64,0,mclust,auto,ok,,0.0,600,3,64.0,,1.0,1.0,XII,-109390.2797777079,,1,5,bic,,1.979955292015802,1.979955292015802,,,,,,,,,,,
gaussian_subspace,64,0,pca,auto,ok,,1.0,600,3,2.0,2.0,3.0,3.0,tied,3750.539166221845,,1,5,bic,,0.086614332976751,0.1969932920183055,,,,,,,,,,,
gaussian_subspace,64,0,umap,auto,ok,,1.0,600,3,2.0,2.0,3.0,3.0,tied,3598.607387176481,,1,5,bic,,0.0946134999976493,0.1197284170193597,,,,,,,,,,,
gaussian_subspace,64,1,ae_relu,auto,ok,,0.4922318133739479,600,3,2.0,2.0,5.0,5.0,diag,2039.565399518166,,1,5,bic,0.4278939169598743,0.1884228339185938,0.6163167508784682,,,,,,relu,92.0,1.0,,,
gaussian_subspace,64,1,ae_tanh,auto,ok,,0.8927649871182903,600,3,2.0,2.0,3.0,3.0,tied,1046.283416384803,,1,5,bic,,0.0982573329820297,0.1288795410073362,,,,,,,,,,,
gaussian_subspace,64,1,autog2m2,auto,ok,,0.8229059139497512,600,3,2.0,2.0,5.0,5.0,full,-895.3232753883875,,1,5,bic,,0.1384670830448158,0.1631943330285139,,,,,,,,,,,
gaussian_subspace,64,1,autogmm_spectral,auto,ok,,0.9800962940103582,600,3,2.0,2.0,3.0,3.0,full,-9738.142902262302,lse,1,5,bic,,0.1050565420300699,0.1291977500077337,,,,,,,,,,,
gaussian_subspace,64,1,mclust,auto,ok,,0.0,600,3,64.0,,1.0,1.0,XII,-109390.2797777079,,1,5,bic,,1.972647832997609,1.972647832997609,,,,,,,,,,,
gaussian_subspace,64,1,pca,auto,ok,,0.980046127139559,600,3,2.0,2.0,3.0,3.0,tied,4025.584114047642,,1,5,bic,,0.1040633749798871,0.1278429999947548,,,,,,,,,,,
gaussian_subspace,64,1,umap,auto,ok,,0.8732373470057869,600,3,2.0,2.0,3.0,3.0,spherical,3739.172022286777,,1,5,bic,,0.1275599169894121,0.160210125031881,,,,,,,,,,,
gaussian_subspace,64,2,ae_relu,auto,ok,,0.6628667703409874,600,3,2.0,2.0,5.0,5.0,full,1289.5239888381716,,1,5,bic,0.4699286659015342,0.2139940001070499,0.6839226660085842,,,,,,relu,101.0,1.0,,,
gaussian_subspace,64,2,ae_tanh,auto,ok,,0.7269816867128842,600,3,2.0,2.0,5.0,5.0,diag,1088.3411640509894,,1,5,bic,,0.1691669999854639,0.2641669170116074,,,,,,,,,,,
gaussian_subspace,64,2,autog2m2,auto,ok,,0.665573970977889,600,3,2.0,2.0,5.0,5.0,diag,-451.2339515210104,,1,5,bic,,0.1703909169882536,0.2014579999959096,,,,,,,,,,,
gaussian_subspace,64,2,autogmm_spectral,auto,ok,,0.7427795188039349,600,3,2.0,2.0,5.0,5.0,diag,-10450.117512092,lse,1,5,bic,,0.0786164170131087,0.1012914999737404,,,,,,,,,,,
gaussian_subspace,64,2,mclust,auto,ok,,0.0,600,3,64.0,,1.0,1.0,XII,-109390.2797777079,,1,5,bic,,1.7190074590034785,1.7190074590034785,,,,,,,,,,,
gaussian_subspace,64,2,pca,auto,ok,,0.9949958125176231,600,3,2.0,2.0,3.0,3.0,tied,3806.054161397945,,1,5,bic,,0.3394496249966323,0.3667142079793848,,,,,,,,,,,
gaussian_subspace,64,2,umap,auto,ok,,0.9268063151804417,600,3,2.0,2.0,3.0,3.0,tied,3612.749549958652,,1,5,bic,,0.238959708949551,0.4751563750323839,,,,,,,,,,,
gaussian_subspace,64,3,ae_relu,auto,ok,,0.480248139796348,600,3,2.0,2.0,5.0,5.0,diag,429.0017598855277,,1,5,bic,0.3064573750598356,0.2522270410554483,0.558684416115284,,,,,,relu,66.0,1.0,,,
gaussian_subspace,64,3,ae_tanh,auto,ok,,0.71579394989487,600,3,2.0,2.0,5.0,5.0,full,1079.9254843987087,,1,5,bic,,0.1093892090138979,0.129437958006747,,,,,,,,,,,
gaussian_subspace,64,3,autog2m2,auto,ok,,0.7595223404285593,600,3,2.0,2.0,5.0,5.0,diag,-558.2762450621802,,1,5,bic,,0.1072685419931076,0.1333447080105543,,,,,,,,,,,
gaussian_subspace,64,3,autogmm_spectral,auto,ok,,0.7485388738630073,600,3,2.0,2.0,5.0,5.0,full,-10335.630760752363,lse,1,5,bic,,0.0792157499818131,0.0987680000253021,,,,,,,,,,,
gaussian_subspace,64,3,mclust,auto,ok,,0.0,600,3,64.0,,1.0,1.0,XII,-109390.2797777079,,1,5,bic,,1.823242374986876,1.823242374986876,,,,,,,,,,,
gaussian_subspace,64,3,pca,auto,ok,,0.9850125211993978,600,3,2.0,2.0,3.0,3.0,tied,3905.940354391558,,1,5,bic,,0.074407541018445,0.0921130829956382,,,,,,,,,,,
gaussian_subspace,64,3,umap,auto,ok,,0.9604147932938282,600,3,2.0,2.0,3.0,3.0,spherical,3622.4329811229472,,1,5,bic,,0.0709873340092599,0.0895072090206667,,,,,,,,,,,
gaussian_subspace,64,4,ae_relu,auto,ok,,0.8016737953102419,600,3,2.0,2.0,5.0,5.0,diag,89.91030223167905,,1,5,bic,0.2934770830906927,0.2315879589878022,0.525065042078495,,,,,,relu,63.0,1.0,,,
gaussian_subspace,64,4,ae_tanh,auto,ok,,0.7240302326885858,600,3,2.0,2.0,5.0,5.0,diag,955.9744067701242,,1,5,bic,,0.1340587079757824,0.1650009169825352,,,,,,,,,,,
gaussian_subspace,64,4,autog2m2,auto,ok,,0.6938984127457799,600,3,2.0,2.0,5.0,5.0,diag,-1024.2714724213763,,1,5,bic,,0.1110318750143051,0.1422447090153582,,,,,,,,,,,
gaussian_subspace,64,4,autogmm_spectral,auto,ok,,0.8762847108847287,600,3,2.0,2.0,4.0,4.0,full,-10697.312725878784,lse,1,5,bic,,0.1078449579654261,0.1310031250468455,,,,,,,,,,,
gaussian_subspace,64,4,mclust,auto,ok,,0.0,600,3,64.0,,1.0,1.0,XII,-109390.27977770792,,1,5,bic,,1.852685209014453,1.852685209014453,,,,,,,,,,,
gaussian_subspace,64,4,pca,auto,ok,,0.9949958125176231,600,3,2.0,2.0,3.0,3.0,tied,3873.008799471599,,1,5,bic,,0.0875118330004625,0.1115664999815635,,,,,,,,,,,
gaussian_subspace,64,4,umap,auto,ok,,0.985037604845926,600,3,2.0,2.0,3.0,3.0,spherical,3584.9611215827445,,1,5,bic,,0.141568582970649,0.1675406249705702,,,,,,,,,,,
gaussian_subspace,64,5,ae_relu,auto,ok,,0.730447591149079,600,3,2.0,2.0,4.0,4.0,full,1841.7891916175229,,1,5,bic,0.288800457958132,0.2590398330939933,0.5478402910521254,,,,,,relu,62.0,1.0,,,
gaussian_subspace,64,5,ae_tanh,auto,ok,,0.7603379927255874,600,3,2.0,2.0,5.0,5.0,diag,866.5159870667392,,1,5,bic,,0.1090820840327069,0.1340705840266309,,,,,,,,,,,
gaussian_subspace,64,5,autog2m2,auto,ok,,0.7368135117828034,600,3,2.0,2.0,5.0,5.0,diag,-308.03343513505934,,1,5,bic,,0.0886717499815858,0.1117652500397525,,,,,,,,,,,
gaussian_subspace,64,5,autogmm_spectral,auto,ok,,0.7583227170639785,600,3,2.0,2.0,5.0,5.0,full,-10954.39826720245,lse,1,5,bic,,0.1456449999823235,0.180564291018527,,,,,,,,,,,
gaussian_subspace,64,5,mclust,auto,ok,,0.0,600,3,64.0,,1.0,1.0,XII,-109390.2797777079,,1,5,bic,,1.90154979203362,1.90154979203362,,,,,,,,,,,
gaussian_subspace,64,5,pca,auto,ok,,1.0,600,3,2.0,2.0,3.0,3.0,tied,3921.961356743054,,1,5,bic,,0.0972118339850567,0.1204927500220947,,,,,,,,,,,
gaussian_subspace,64,5,umap,auto,ok,,0.9652716913817008,600,3,2.0,2.0,3.0,3.0,tied,3594.4192801709564,,1,5,bic,,0.0886326250038109,0.1102927500032819,,,,,,,,,,,
gaussian_subspace,64,6,ae_relu,auto,ok,,0.530429868996496,600,3,2.0,2.0,5.0,5.0,diag,41.26087672944232,,1,5,bic,0.426320041064173,0.1680600410327315,0.5943800820969045,,,,,,relu,87.0,1.0,,,
gaussian_subspace,64,6,ae_tanh,auto,ok,,0.7998383162907398,600,3,2.0,2.0,5.0,5.0,diag,-44.29379777182345,,1,5,bic,,0.1355103749665431,0.1583459170069545,,,,,,,,,,,
gaussian_subspace,64,6,autog2m2,auto,ok,,0.7624730276105655,600,3,2.0,2.0,5.0,5.0,full,-1859.0498971618624,,1,5,bic,,0.0814584579784423,0.1038569999509491,,,,,,,,,,,
gaussian_subspace,64,6,autogmm_spectral,auto,ok,,0.8306738603819573,600,3,2.0,2.0,5.0,5.0,full,-13135.894339033171,lse,1,5,bic,,0.1082937920000404,0.1311887080082669,,,,,,,,,,,
gaussian_subspace,64,6,mclust,auto,ok,,0.0,600,3,64.0,,1.0,1.0,XII,-109390.27977770792,,1,5,bic,,1.7868847920326516,1.7868847920326516,,,,,,,,,,,
gaussian_subspace,64,6,pca,auto,ok,,1.0,600,3,2.0,2.0,3.0,3.0,spherical,3492.892183713902,,1,5,bic,,0.1059810000006109,0.1283182920305989,,,,,,,,,,,
gaussian_subspace,64,6,umap,auto,ok,,1.0,600,3,2.0,2.0,3.0,3.0,tied,3384.0817584331194,,1,5,bic,,0.1014414170058444,0.1249900829861871,,,,,,,,,,,
gaussian_subspace,64,7,ae_relu,auto,ok,,0.4846035309193666,600,3,2.0,2.0,5.0,5.0,diag,-81.91691675134189,,1,5,bic,0.3120718750869855,0.2104242080822587,0.5224960831692442,,,,,,relu,65.0,1.0,,,
gaussian_subspace,64,7,ae_tanh,auto,ok,,0.7331334868064318,600,3,2.0,2.0,5.0,5.0,diag,818.7062706806037,,1,5,bic,,0.1505848750239238,0.1757924580015242,,,,,,,,,,,
gaussian_subspace,64,7,autog2m2,auto,ok,,0.747470717572859,600,3,2.0,2.0,5.0,5.0,full,-1067.3157419853696,,1,5,bic,,0.0868567919824272,0.1092996660154312,,,,,,,,,,,
gaussian_subspace,64,7,autogmm_spectral,auto,ok,,0.7397722611056915,600,3,2.0,2.0,5.0,5.0,full,-10635.273761271425,lse,1,5,bic,,0.1147797079756856,0.1373023749911226,,,,,,,,,,,
gaussian_subspace,64,7,mclust,auto,ok,,0.0,600,3,64.0,,1.0,1.0,XII,-109390.2797777079,,1,5,bic,,1.880376749963034,1.880376749963034,,,,,,,,,,,
gaussian_subspace,64,7,pca,auto,ok,,0.9900042509932298,600,3,2.0,2.0,3.0,3.0,tied,3878.659856054624,,1,5,bic,,0.1067579590016976,0.1313825419638306,,,,,,,,,,,
gaussian_subspace,64,7,umap,auto,ok,,0.975116917922948,600,3,2.0,2.0,3.0,3.0,tied,3595.4916736916184,,1,5,bic,,0.1016154999961145,0.1256592079880647,,,,,,,,,,,
gaussian_subspace,64,8,ae_relu,auto,ok,,0.980046127139559,600,3,2.0,2.0,3.0,3.0,diag,3861.4973609927033,,1,5,bic,0.3325036660535261,0.1342329590115696,0.4667366250650957,,,,,,relu,68.0,1.0,,,
gaussian_subspace,64,8,ae_tanh,auto,ok,,0.7418659509282047,600,3,2.0,2.0,5.0,5.0,diag,726.7402824175797,,1,5,bic,,0.1293209160212427,0.1579723330214619,,,,,,,,,,,
gaussian_subspace,64,8,autog2m2,auto,ok,,0.7222160803162158,600,3,2.0,2.0,5.0,5.0,full,-436.1001481076703,,1,5,bic,,0.1302292919717729,0.1555727500235662,,,,,,,,,,,
gaussian_subspace,64,8,autogmm_spectral,auto,ok,,0.7327212459179208,600,3,2.0,2.0,5.0,5.0,diag,-11093.032366544254,lse,1,5,bic,,0.1146330420160666,0.1416984579991549,,,,,,,,,,,
gaussian_subspace,64,8,mclust,auto,ok,,0.0,600,3,64.0,,1.0,1.0,XII,-109390.2797777079,,1,5,bic,,1.8419561670161784,1.8419561670161784,,,,,,,,,,,
gaussian_subspace,64,8,pca,auto,ok,,1.0,600,3,2.0,2.0,3.0,3.0,tied,3720.9856708784673,,1,5,bic,,0.0931872080545872,0.1174439580063335,,,,,,,,,,,
gaussian_subspace,64,8,umap,auto,ok,,0.9605813812694116,600,3,2.0,2.0,3.0,3.0,spherical,3569.988467351085,,1,5,bic,,0.1139264589874073,0.1621028340305201,,,,,,,,,,,
gaussian_subspace,64,9,ae_relu,auto,ok,,0.9093470868097572,600,3,2.0,2.0,3.0,3.0,full,1082.6416265537223,,1,5,bic,0.4013254169840365,0.1584929999662563,0.5598184169502929,,,,,,relu,83.0,1.0,,,
gaussian_subspace,64,9,ae_tanh,auto,ok,,0.7667606469079006,600,3,2.0,2.0,5.0,5.0,diag,378.5187827268896,,1,5,bic,,0.1298765420215204,0.1531049169716425,,,,,,,,,,,
gaussian_subspace,64,9,autog2m2,auto,ok,,0.7579139446367555,600,3,2.0,2.0,5.0,5.0,full,-2959.2811901102914,,1,5,bic,,0.1041446669842116,0.1240184159833006,,,,,,,,,,,
gaussian_subspace,64,9,autogmm_spectral,auto,ok,,0.7609468444190036,600,3,2.0,2.0,5.0,5.0,full,-11717.079149170308,lse,1,5,bic,,0.1134605419938452,0.1385008749784901,,,,,,,,,,,
gaussian_subspace,64,9,mclust,auto,ok,,0.0,600,3,64.0,,1.0,1.0,XII,-109390.2797777079,,1,5,bic,,1.7519215830252506,1.7519215830252506,,,,,,,,,,,
gaussian_subspace,64,9,pca,auto,ok,,1.0,600,3,2.0,2.0,3.0,3.0,tied,3612.4753233059137,,1,5,bic,,0.0909597499994561,0.1166349580162204,,,,,,,,,,,
gaussian_subspace,64,9,umap,auto,ok,,0.9900166666666668,600,3,2.0,2.0,3.0,3.0,spherical,3506.6299654947643,,1,5,bic,,0.1015512499725446,0.1236505419947207,,,,,,,,,,,
gaussian_subspace,64,10,ae_relu,auto,ok,,0.7607732431654578,600,3,2.0,2.0,5.0,5.0,full,871.0755936829422,,1,5,bic,0.4024026249535382,0.2483119580429047,0.6507145829964429,,,,,,relu,83.0,1.0,,,
gaussian_subspace,64,10,ae_tanh,auto,ok,,0.736057925836713,600,3,2.0,2.0,5.0,5.0,diag,275.73778825323257,,1,5,bic,,0.1371059580123983,0.1774797909893095,,,,,,,,,,,
gaussian_subspace,64,10,autog2m2,auto,ok,,0.8285853441044468,600,3,2.0,2.0,5.0,5.0,full,-1598.7272253813562,,1,5,bic,,0.09896191599546,0.1204770000185817,,,,,,,,,,,
gaussian_subspace,64,10,autogmm_spectral,auto,ok,,0.7460382283923388,600,3,2.0,2.0,5.0,5.0,full,-12658.521686442573,lse,1,5,bic,,0.1333237499929964,0.1584917080472223,,,,,,,,,,,
gaussian_subspace,64,10,mclust,auto,ok,,0.0,600,3,64.0,,1.0,1.0,XII,-109390.27977770788,,1,5,bic,,1.7075781250023283,1.7075781250023283,,,,,,,,,,,
gaussian_subspace,64,10,pca,auto,ok,,1.0,600,3,2.0,2.0,3.0,3.0,tied,3493.3572982806613,,1,5,bic,,0.0925309170270338,0.115992458013352,,,,,,,,,,,
gaussian_subspace,64,10,umap,auto,ok,,1.0,600,3,2.0,2.0,3.0,3.0,tied,3429.342130403214,,1,5,bic,,0.1029579589958302,0.1255827079876326,,,,,,,,,,,
gaussian_subspace,64,11,ae_relu,auto,ok,,0.9604645954065804,600,3,2.0,2.0,4.0,4.0,diag,3434.016536282623,,1,5,bic,0.3710225829854607,0.1282353750430047,0.4992579580284655,,,,,,relu,77.0,1.0,,,
gaussian_subspace,64,11,ae_tanh,auto,ok,,0.7927954025820939,600,3,2.0,2.0,5.0,5.0,diag,135.79267776599357,,1,5,bic,,0.12132258299971,0.157781750021968,,,,,,,,,,,
gaussian_subspace,64,11,autog2m2,auto,ok,,0.7846833453411581,600,3,2.0,2.0,5.0,5.0,full,-2070.2787293875763,,1,5,bic,,0.1294618750107474,0.1503089580219239,,,,,,,,,,,
gaussian_subspace,64,11,autogmm_spectral,auto,ok,,0.7904264597086083,600,3,2.0,2.0,5.0,5.0,full,-13595.246406134322,lse,1,5,bic,,0.1496006249799393,0.1740763750276528,,,,,,,,,,,
gaussian_subspace,64,11,mclust,auto,ok,,0.0,600,3,64.0,,1.0,1.0,XII,-109390.27977770792,,1,5,bic,,1.685801125015132,1.685801125015132,,,,,,,,,,,
gaussian_subspace,64,11,pca,auto,ok,,1.0,600,3,2.0,2.0,3.0,3.0,tied,3423.0233616245337,,1,5,bic,,0.0942944589769467,0.1203411250025965,,,,,,,,,,,
gaussian_subspace,64,11,umap,auto,ok,,1.0,600,3,2.0,2.0,3.0,3.0,tied,3395.2024293070726,,1,5,bic,,0.1060696670319885,0.1298689170507714,,,,,,,,,,,
gaussian_subspace,64,12,ae_relu,auto,ok,,0.72792192815487,600,3,2.0,2.0,5.0,5.0,diag,-906.8942323476588,,1,5,bic,0.3246309579117223,0.1933476249687373,0.5179785828804597,,,,,,relu,67.0,1.0,,,
gaussian_subspace,64,12,ae_tanh,auto,ok,,0.8044668614022231,600,3,2.0,2.0,5.0,5.0,diag,179.32521804106193,,1,5,bic,,0.1378865420119837,0.16284970799461,,,,,,,,,,,
gaussian_subspace,64,12,autog2m2,auto,ok,,0.7751377273050393,600,3,2.0,2.0,5.0,5.0,diag,-876.224278363894,,1,5,bic,,0.0829011250170879,0.1167886670446023,,,,,,,,,,,
gaussian_subspace,64,12,autogmm_spectral,auto,ok,,0.7829520454002208,600,3,2.0,2.0,5.0,5.0,full,-12152.91760210074,lse,1,5,bic,,0.1125991250155493,0.1372605419601313,,,,,,,,,,,
gaussian_subspace,64,12,mclust,auto,ok,,0.0,600,3,64.0,,1.0,1.0,XII,-109390.27977770788,,1,5,bic,,1.7760638750041835,1.7760638750041835,,,,,,,,,,,
gaussian_subspace,64,12,pca,auto,ok,,1.0,600,3,2.0,2.0,3.0,3.0,tied,3533.398801926949,,1,5,bic,,0.1058124169940128,0.131019374995958,,,,,,,,,,,
gaussian_subspace,64,12,umap,auto,ok,,0.9949958125176231,600,3,2.0,2.0,3.0,3.0,spherical,3452.9840457803607,,1,5,bic,,0.1034715420100838,0.1268485420150682,,,,,,,,,,,
gaussian_subspace,64,13,ae_relu,auto,ok,,0.6926644400970186,600,3,2.0,2.0,5.0,5.0,full,-1.6527428693569846,,1,5,bic,0.2569002920063212,0.2592685420531779,0.5161688340594992,,,,,,relu,53.0,1.0,,,
gaussian_subspace,64,13,ae_tanh,auto,ok,,0.7489393326136723,600,3,2.0,2.0,5.0,5.0,diag,772.2522412046175,,1,5,bic,,0.1379357909900136,0.1640498749911785,,,,,,,,,,,
gaussian_subspace,64,13,autog2m2,auto,ok,,0.7933391069855618,600,3,2.0,2.0,5.0,5.0,full,-92.85808386003195,,1,5,bic,,0.1074795000022277,0.13349224999547,,,,,,,,,,,
gaussian_subspace,64,13,autogmm_spectral,auto,ok,,0.7617266861190093,600,3,2.0,2.0,5.0,5.0,diag,-11143.94305031746,lse,1,5,bic,,0.1336640829686075,0.1615623329998925,,,,,,,,,,,
gaussian_subspace,64,13,mclust,auto,ok,,0.0,600,3,64.0,,1.0,1.0,XII,-109390.2797777079,,1,5,bic,,1.998684875026811,1.998684875026811,,,,,,,,,,,
gaussian_subspace,64,13,pca,auto,ok,,0.9900168347249766,600,3,2.0,2.0,3.0,3.0,tied,3812.011762891035,,1,5,bic,,0.1071196250268258,0.1332283330266364,,,,,,,,,,,
gaussian_subspace,64,13,umap,auto,ok,,0.9751818207189016,600,3,2.0,2.0,3.0,3.0,tied,3561.20564491298,,1,5,bic,,0.0939300839672796,0.1185857090167701,,,,,,,,,,,
gaussian_subspace,64,14,ae_relu,auto,ok,,0.5333606309159387,600,3,2.0,2.0,5.0,5.0,full,706.9237090860236,,1,5,bic,0.296589000034146,0.3668862079503014,0.6634752079844475,,,,,,relu,62.0,1.0,,,
gaussian_subspace,64,14,ae_tanh,auto,ok,,0.6553305169937093,600,3,2.0,2.0,5.0,5.0,diag,1334.823321297968,,1,5,bic,,0.1625875839963555,0.1916817079763859,,,,,,,,,,,
gaussian_subspace,64,14,autog2m2,auto,ok,,0.7758567784318632,600,3,2.0,2.0,5.0,5.0,full,58.28454816065867,,1,5,bic,,0.1033259579562582,0.1331212079967372,,,,,,,,,,,
gaussian_subspace,64,14,autogmm_spectral,auto,ok,,0.7105668282945731,600,3,2.0,2.0,5.0,5.0,full,-9770.619403823432,lse,1,5,bic,,0.1115986660006456,0.1455584579962305,,,,,,,,,,,
gaussian_subspace,64,14,mclust,auto,ok,,0.0,600,3,64.0,,1.0,1.0,XII,-109390.2797777079,,1,5,bic,,1.9214737089932896,1.9214737089932896,,,,,,,,,,,
gaussian_subspace,64,14,pca,auto,ok,,0.9603315485810012,600,3,2.0,2.0,3.0,3.0,tied,4099.519179257203,,1,5,bic,,0.1202002500067465,0.1475123750278726,,,,,,,,,,,
gaussian_subspace,64,14,umap,auto,ok,,0.9216611208031046,600,3,2.0,2.0,3.0,3.0,tied,3705.53909287004,,1,5,bic,,0.101368417032063,0.1356699999887496,,,,,,,,,,,
gaussian_subspace,64,15,ae_relu,auto,ok,,0.552491945240535,600,3,2.0,2.0,5.0,5.0,diag,-1243.688274459435,,1,5,bic,0.3292391250142827,0.2333020840305835,0.5625412090448663,,,,,,relu,69.0,1.0,,,
gaussian_subspace,64,15,ae_tanh,auto,ok,,0.7480739943700349,600,3,2.0,2.0,5.0,5.0,diag,1002.438151549947,,1,5,bic,,0.1197622080217115,0.1626373750041239,,,,,,,,,,,
gaussian_subspace,64,15,autog2m2,auto,ok,,0.8525942668226938,600,3,2.0,2.0,4.0,4.0,diag,-723.4347035252733,,1,5,bic,,0.1025377920013852,0.1337577499798499,,,,,,,,,,,
gaussian_subspace,64,15,autogmm_spectral,auto,ok,,0.7093662576721157,600,3,2.0,2.0,5.0,5.0,full,-10644.104635643082,lse,1,5,bic,,0.1354825000162236,0.1600917920004576,,,,,,,,,,,
gaussian_subspace,64,15,mclust,auto,ok,,0.0,600,3,64.0,,1.0,1.0,XII,-109390.2797777079,,1,5,bic,,1.8713726659771055,1.8713726659771055,,,,,,,,,,,
gaussian_subspace,64,15,pca,auto,ok,,0.98997916755783,600,3,2.0,2.0,3.0,3.0,tied,3876.7700323259096,,1,5,bic,,0.0976647500065155,0.1240181250032037,,,,,,,,,,,
gaussian_subspace,64,15,umap,auto,ok,,0.970189591595418,600,3,2.0,2.0,3.0,3.0,tied,3647.97408328986,,1,5,bic,,0.1068616249831393,0.1387749160057865,,,,,,,,,,,
gaussian_subspace,64,16,ae_relu,auto,ok,,0.4160029586881184,600,3,2.0,2.0,5.0,5.0,diag,1858.4297874168633,,1,5,bic,0.3404444999760017,0.2896806669887155,0.6301251669647172,,,,,,relu,72.0,1.0,,,
gaussian_subspace,64,16,ae_tanh,auto,ok,,0.7501689577780546,600,3,2.0,2.0,5.0,5.0,diag,1121.1291963941949,,1,5,bic,,0.155247250047978,0.1810561249731108,,,,,,,,,,,
gaussian_subspace,64,16,autog2m2,auto,ok,,0.6217214325378546,600,3,2.0,2.0,5.0,5.0,spherical,-530.4443035576516,,1,5,bic,,0.1379804169991985,0.1750222910195589,,,,,,,,,,,
gaussian_subspace,64,16,autogmm_spectral,auto,ok,,0.7064218282213728,600,3,2.0,2.0,5.0,5.0,full,-10078.91869045932,lse,1,5,bic,,0.1341873750207014,0.1602985829813406,,,,,,,,,,,
gaussian_subspace,64,16,mclust,auto,ok,,0.0,600,3,64.0,,1.0,1.0,XII,-109390.2797777079,,1,5,bic,,1.78623675002018,1.78623675002018,,,,,,,,,,,
gaussian_subspace,64,16,pca,auto,ok,,0.98997916755783,600,3,2.0,2.0,3.0,3.0,spherical,3876.058132151908,,1,5,bic,,0.1165514579624868,0.1443923749611713,,,,,,,,,,,
gaussian_subspace,64,16,umap,auto,ok,,0.9408005163554678,600,3,2.0,2.0,3.0,3.0,tied,3712.106973808154,,1,5,bic,,0.1132879589567892,0.1409837499959394,,,,,,,,,,,
gaussian_subspace,64,17,ae_relu,auto,ok,,0.7332167953422363,600,3,2.0,2.0,5.0,5.0,spherical,1411.6427287172385,,1,5,bic,0.3900943750049919,0.2097553330240771,0.599849708029069,,,,,,relu,84.0,1.0,,,
gaussian_subspace,64,17,ae_tanh,auto,ok,,0.7817616546091514,600,3,2.0,2.0,5.0,5.0,diag,474.3136473317361,,1,5,bic,,0.1547996660228818,0.1822069589979946,,,,,,,,,,,
gaussian_subspace,64,17,autog2m2,auto,ok,,0.8204609052832729,600,3,2.0,2.0,5.0,5.0,diag,-733.3693639926048,,1,5,bic,,0.1279749169480055,0.152245083998423,,,,,,,,,,,
gaussian_subspace,64,17,autogmm_spectral,auto,ok,,0.7909299286672619,600,3,2.0,2.0,5.0,5.0,full,-11177.165513311218,lse,1,5,bic,,0.1101575840148143,0.1384062920114956,,,,,,,,,,,
gaussian_subspace,64,17,mclust,auto,ok,,0.0,600,3,64.0,,1.0,1.0,XII,-109390.2797777079,,1,5,bic,,1.9084040830493905,1.9084040830493905,,,,,,,,,,,
gaussian_subspace,64,17,pca,auto,ok,,1.0,600,3,2.0,2.0,3.0,3.0,tied,3623.007886798145,,1,5,bic,,0.1060725419665686,0.1438929580035619,,,,,,,,,,,
gaussian_subspace,64,17,umap,auto,ok,,0.9800710428333416,600,3,2.0,2.0,3.0,3.0,tied,3521.560853311591,,1,5,bic,,0.1005287499865517,0.1252720410120673,,,,,,,,,,,
gaussian_subspace,64,18,ae_relu,auto,ok,,0.6356006265053812,600,3,2.0,2.0,5.0,5.0,diag,1091.5013843689371,,1,5,bic,0.3675164160085842,0.3294314170489087,0.696947833057493,,,,,,relu,79.0,1.0,,,
gaussian_subspace,64,18,ae_tanh,auto,ok,,0.6752789063429302,600,3,2.0,2.0,5.0,5.0,diag,1395.7425672083705,,1,5,bic,,0.1807938330457545,0.2109400419867597,,,,,,,,,,,
gaussian_subspace,64,18,autog2m2,auto,ok,,0.6678366540704331,600,3,2.0,2.0,5.0,5.0,diag,-1253.7326469277573,,1,5,bic,,0.1143541660276241,0.1468275829683989,,,,,,,,,,,
gaussian_subspace,64,18,autogmm_spectral,auto,ok,,0.950560756891781,600,3,2.0,2.0,3.0,3.0,full,-9608.208782091282,lse,1,5,bic,,0.1285848749685101,0.1576874590246006,,,,,,,,,,,
gaussian_subspace,64,18,mclust,auto,ok,,0.0,600,3,64.0,,1.0,1.0,XII,-109390.2797777079,,1,5,bic,,1.8250184580101632,1.8250184580101632,,,,,,,,,,,
gaussian_subspace,64,18,pca,auto,ok,,0.9652967750282292,600,3,2.0,2.0,3.0,3.0,tied,4054.277635859464,,1,5,bic,,0.1028420410002581,0.1458963329787366,,,,,,,,,,,
gaussian_subspace,64,18,umap,auto,ok,,0.8250200493776556,600,3,2.0,2.0,3.0,3.0,tied,3690.780132507697,,1,5,bic,,0.1428022499894723,0.1807828330202028,,,,,,,,,,,
gaussian_subspace,64,19,ae_relu,auto,ok,,0.4595601856547221,600,3,2.0,2.0,5.0,5.0,full,1551.576082656206,,1,5,bic,0.3584249169798568,0.2200338330585509,0.5784587500384077,,,,,,relu,77.0,1.0,,,
gaussian_subspace,64,19,ae_tanh,auto,ok,,0.9126801043231948,600,3,2.0,2.0,3.0,3.0,tied,1109.4585799660138,,1,5,bic,,0.1089514579507522,0.1427130830124952,,,,,,,,,,,
gaussian_subspace,64,19,autog2m2,auto,ok,,0.7135777944641891,600,3,2.0,2.0,5.0,5.0,spherical,-649.8122572689127,,1,5,bic,,0.1256573749706149,0.1504586249939166,,,,,,,,,,,
gaussian_subspace,64,19,autogmm_spectral,auto,ok,,0.9259835206536108,600,3,2.0,2.0,3.0,3.0,full,-9519.490277095569,lse,1,5,bic,,0.124355458014179,0.1662070000311359,,,,,,,,,,,
gaussian_subspace,64,19,mclust,auto,ok,,0.0,600,3,64.0,,1.0,1.0,XII,-109390.2797777079,,1,5,bic,,2.059430291992612,2.059430291992612,,,,,,,,,,,
gaussian_subspace,64,19,pca,auto,ok,,0.955539610754077,600,3,2.0,2.0,3.0,3.0,tied,4075.1633780173192,,1,5,bic,,0.1153218330000527,0.1443727500154636,,,,,,,,,,,
gaussian_subspace,64,19,umap,auto,ok,,0.7585139385637746,600,3,2.0,2.0,3.0,3.0,tied,3770.508817329517,,1,5,bic,,0.1348990830010734,0.1835759580135345,,,,,,,,,,,
gaussian_subspace,128,0,ae_relu,auto,ok,,0.7164189080053246,600,3,2.0,2.0,5.0,5.0,diag,1747.8916838991902,,1,5,bic,0.3583513749763369,0.3241348749725148,0.6824862499488518,,,,,,relu,58.0,1.0,,,
gaussian_subspace,128,0,ae_tanh,auto,ok,,0.6827963056697558,600,3,2.0,2.0,5.0,5.0,diag,1139.691574447002,,1,5,bic,,0.1369525829795748,0.1601306250086054,,,,,,,,,,,
gaussian_subspace,128,0,autog2m2,auto,ok,,0.7741243620996846,600,3,2.0,2.0,5.0,5.0,full,-566.7276793278431,,1,5,bic,,0.1148869160097092,0.1404955830075778,,,,,,,,,,,
gaussian_subspace,128,0,autogmm_spectral,auto,ok,,0.9462094782927982,600,3,2.0,2.0,3.0,3.0,full,-9526.501406968462,lse,1,5,bic,,0.0912998340209014,0.1135072089964523,,,,,,,,,,,
gaussian_subspace,128,0,mclust,auto,ok,,0.0,600,3,128.0,,1.0,1.0,XII,-218774.16262576057,,1,5,bic,,8.288689207984135,8.288689207984135,,,,,,,,,,,
gaussian_subspace,128,0,pca,auto,ok,,0.9900168347249766,600,3,2.0,2.0,3.0,3.0,tied,4155.711350366977,,1,5,bic,,0.0806533339782618,0.1178115829825401,,,,,,,,,,,
gaussian_subspace,128,0,umap,auto,ok,,0.8795596241998276,600,3,2.0,2.0,3.0,3.0,spherical,3678.8026473450855,,1,5,bic,,0.0825664580333978,0.1176694169989787,,,,,,,,,,,
gaussian_subspace,128,1,ae_relu,auto,ok,,0.7110751567622271,600,3,2.0,2.0,5.0,5.0,diag,-1273.1543082519293,,1,5,bic,0.4019983750768006,0.2937049170723185,0.6957032921491191,,,,,,relu,65.0,1.0,,,
gaussian_subspace,128,1,ae_tanh,auto,ok,,0.7491526390910273,600,3,2.0,2.0,5.0,5.0,diag,564.1334407692888,,1,5,bic,,0.1226386250345967,0.1442573749809526,,,,,,,,,,,
gaussian_subspace,128,1,autog2m2,auto,ok,,0.7808141899910315,600,3,2.0,2.0,5.0,5.0,full,-746.8123624815016,,1,5,bic,,0.1045646659913472,0.1457169590285048,,,,,,,,,,,
gaussian_subspace,128,1,autogmm_spectral,auto,ok,,1.0,600,3,2.0,2.0,3.0,3.0,full,-10707.985672283978,lse,1,5,bic,,0.0888532919925637,0.119455000036396,,,,,,,,,,,
gaussian_subspace,128,1,mclust,auto,ok,,0.0,600,3,128.0,,1.0,1.0,XII,-218774.16262576057,,1,5,bic,,8.595696332980879,8.595696332980879,,,,,,,,,,,
gaussian_subspace,128,1,pca,auto,ok,,1.0,600,3,2.0,2.0,3.0,3.0,tied,3647.7916612297313,,1,5,bic,,0.0868510829750448,0.125976208015345,,,,,,,,,,,
gaussian_subspace,128,1,umap,auto,ok,,0.9507856783919598,600,3,2.0,2.0,3.0,3.0,tied,3540.541301497032,,1,5,bic,,0.0802412090124562,0.1020099999732337,,,,,,,,,,,
gaussian_subspace,128,2,ae_relu,auto,ok,,0.4425753316362668,600,3,2.0,2.0,5.0,5.0,diag,-70.14497693392468,,1,5,bic,0.3981953749898821,0.2986548750195652,0.6968502500094473,,,,,,relu,63.0,1.0,,,
gaussian_subspace,128,2,ae_tanh,auto,ok,,0.5717402605973797,600,3,2.0,2.0,5.0,5.0,diag,1154.5253076280142,,1,5,bic,,0.1308225420070812,0.1561124590225517,,,,,,,,,,,
gaussian_subspace,128,2,autog2m2,auto,ok,,0.833688017052643,600,3,2.0,2.0,5.0,5.0,full,-708.1490105956291,,1,5,bic,,0.1102876659715548,0.1373715830268338,,,,,,,,,,,
gaussian_subspace,128,2,autogmm_spectral,auto,ok,,0.9603302130156446,600,3,2.0,2.0,3.0,3.0,full,-9448.526612879636,lse,1,5,bic,,0.0774539170088246,0.0987460420001298,,,,,,,,,,,
gaussian_subspace,128,2,mclust,auto,ok,,0.0,600,3,128.0,,1.0,1.0,XII,-218774.16262576057,,1,5,bic,,8.619063708989415,8.619063708989415,,,,,,,,,,,
gaussian_subspace,128,2,pca,auto,ok,,0.985037604845926,600,3,2.0,2.0,3.0,3.0,tied,4121.194055122647,,1,5,bic,,0.0794560830108821,0.1007628749939613,,,,,,,,,,,
gaussian_subspace,128,2,umap,auto,ok,,0.7185566424247392,600,3,2.0,2.0,4.0,4.0,tied,3630.24695002693,,1,5,bic,,0.093262875045184,0.115847582987044,,,,,,,,,,,
gaussian_subspace,128,3,ae_relu,auto,ok,,0.5971392815332242,600,3,2.0,2.0,5.0,5.0,diag,-2893.1246715294737,,1,5,bic,0.5205172079149634,0.1853889579651877,0.7059061658801511,,,,,,relu,83.0,1.0,,,
gaussian_subspace,128,3,ae_tanh,auto,ok,,0.7528718467679565,600,3,2.0,2.0,5.0,5.0,diag,671.302975966543,,1,5,bic,,0.1075403749709948,0.1261720830225385,,,,,,,,,,,
gaussian_subspace,128,3,autog2m2,auto,ok,,0.80440239174276,600,3,2.0,2.0,5.0,5.0,full,-1613.941664588776,,1,5,bic,,0.1016841669916175,0.1234746670234017,,,,,,,,,,,
gaussian_subspace,128,3,autogmm_spectral,auto,ok,,0.7221871956713809,600,3,2.0,2.0,5.0,5.0,diag,-10599.4407451608,lse,1,5,bic,,0.0729624580126255,0.0923267089528963,,,,,,,,,,,
gaussian_subspace,128,3,mclust,auto,ok,,0.0,600,3,128.0,,1.0,1.0,XII,-218774.1626257606,,1,5,bic,,8.138343249971513,8.138343249971513,,,,,,,,,,,
gaussian_subspace,128,3,pca,auto,ok,,1.0,600,3,2.0,2.0,3.0,3.0,tied,3683.124407470979,,1,5,bic,,0.0707164999912493,0.0891500830184668,,,,,,,,,,,
gaussian_subspace,128,3,umap,auto,ok,,0.985063191387914,600,3,2.0,2.0,3.0,3.0,tied,3566.132788199996,,1,5,bic,,0.0710241670021787,0.0887479999801144,,,,,,,,,,,
gaussian_subspace,128,4,ae_relu,auto,ok,,0.4979731049133287,600,3,2.0,2.0,5.0,5.0,full,150.4282419010077,,1,5,bic,0.6344082920113578,0.2324575420934707,0.8668658341048285,,,,,,relu,68.0,1.0,,,
gaussian_subspace,128,4,ae_tanh,auto,ok,,0.716280297272911,600,3,2.0,2.0,5.0,5.0,diag,1189.9307987995303,,1,5,bic,,0.1156240419950336,0.1435758339939639,,,,,,,,,,,
gaussian_subspace,128,4,autog2m2,auto,ok,,0.7828489250524032,600,3,2.0,2.0,5.0,5.0,diag,-772.3773065240888,,1,5,bic,,0.109247124986723,0.1317620829795487,,,,,,,,,,,
gaussian_subspace,128,4,autogmm_spectral,auto,ok,,0.984987816627764,600,3,2.0,2.0,3.0,3.0,full,-9786.428351009228,lse,1,5,bic,,0.0934957080171443,0.131366416986566,,,,,,,,,,,
gaussian_subspace,128,4,mclust,auto,ok,,0.0,600,3,128.0,,1.0,1.0,XII,-218774.16262576057,,1,5,bic,,8.388782291964162,8.388782291964162,,,,,,,,,,,
gaussian_subspace,128,4,pca,auto,ok,,1.0,600,3,2.0,2.0,3.0,3.0,tied,4018.494176572825,,1,5,bic,,0.099221916985698,0.1223555000033229,,,,,,,,,,,
gaussian_subspace,128,4,umap,auto,ok,,0.9362345606297808,600,3,2.0,2.0,3.0,3.0,tied,3651.2457437870585,,1,5,bic,,0.0934603749774396,0.1169067500159144,,,,,,,,,,,
gaussian_subspace,128,5,ae_relu,auto,ok,,0.7293723403829606,600,3,2.0,2.0,4.0,4.0,full,317.99314327532875,,1,5,bic,0.3617906660074368,0.5460143749369308,0.9078050409443676,,,,,,relu,60.0,1.0,,,
gaussian_subspace,128,5,ae_tanh,auto,ok,,0.7624302974502165,600,3,2.0,2.0,5.0,5.0,diag,620.8901062994373,,1,5,bic,,0.1474194579641334,0.1796022080234252,,,,,,,,,,,
gaussian_subspace,128,5,autog2m2,auto,ok,,0.8669771705626063,600,3,2.0,2.0,5.0,5.0,full,-822.4869554653275,,1,5,bic,,0.1070144579862244,0.1421464169980026,,,,,,,,,,,
gaussian_subspace,128,5,autogmm_spectral,auto,ok,,0.8672180053108366,600,3,2.0,2.0,4.0,4.0,full,-10261.819266028137,lse,1,5,bic,,0.1018611659528687,0.1243643339839764,,,,,,,,,,,
gaussian_subspace,128,5,mclust,auto,ok,,0.0,600,3,128.0,,1.0,1.0,XII,-218774.16262576057,,1,5,bic,,8.098455291008577,8.098455291008577,,,,,,,,,,,
gaussian_subspace,128,5,pca,auto,ok,,1.0,600,3,2.0,2.0,3.0,3.0,tied,3883.276358120858,,1,5,bic,,0.1040874579921364,0.1691702919779345,,,,,,,,,,,
gaussian_subspace,128,5,umap,auto,ok,,0.9506290751723744,600,3,2.0,2.0,3.0,3.0,tied,3610.546782803101,,1,5,bic,,0.1042646249989047,0.1326777079957537,,,,,,,,,,,
gaussian_subspace,128,6,ae_relu,auto,ok,,0.5011103597638606,600,3,2.0,2.0,5.0,5.0,diag,-345.6226435884919,,1,5,bic,0.4524379160720855,0.2244885420659557,0.6769264581380412,,,,,,relu,73.0,1.0,,,
gaussian_subspace,128,6,ae_tanh,auto,ok,,0.970101677444598,600,3,2.0,2.0,3.0,3.0,diag,1204.699613462872,,1,5,bic,,0.0891017079702578,0.1143339580157771,,,,,,,,,,,
gaussian_subspace,128,6,autog2m2,auto,ok,,0.7162269886019011,600,3,2.0,2.0,5.0,5.0,full,-650.465107867417,,1,5,bic,,0.1187968750018626,0.1423712079995311,,,,,,,,,,,
gaussian_subspace,128,6,autogmm_spectral,auto,ok,,0.9750802361778216,600,3,2.0,2.0,3.0,3.0,full,-9849.16383659138,lse,1,5,bic,,0.1021573329926468,0.1270684590563178,,,,,,,,,,,
gaussian_subspace,128,6,mclust,auto,ok,,0.0,600,3,128.0,,1.0,1.0,XII,-218774.1626257606,,1,5,bic,,8.533727166999597,8.533727166999597,,,,,,,,,,,
gaussian_subspace,128,6,pca,auto,ok,,0.9949958125176231,600,3,2.0,2.0,3.0,3.0,tied,4098.904404474084,,1,5,bic,,0.1043557919911108,0.1287872079992666,,,,,,,,,,,
gaussian_subspace,128,6,umap,auto,ok,,0.9069282970444428,600,3,2.0,2.0,3.0,3.0,tied,3609.571274784374,,1,5,bic,,0.0923488329863175,0.1261683749617077,,,,,,,,,,,
gaussian_subspace,128,7,ae_relu,auto,ok,,0.3127278451786145,600,3,2.0,2.0,5.0,5.0,diag,-4.774834612215386,,1,5,bic,0.3516607079654932,0.333627124899067,0.6852878328645602,,,,,,relu,56.0,1.0,,,
gaussian_subspace,128,7,ae_tanh,auto,ok,,0.5949689685361403,600,3,2.0,2.0,5.0,5.0,diag,493.5417967069312,,1,5,bic,,0.1590772499912418,0.1836175000062212,,,,,,,,,,,
gaussian_subspace,128,7,autog2m2,auto,ok,,0.7273793489671444,600,3,2.0,2.0,5.0,5.0,full,-2176.718609491398,,1,5,bic,,0.0795498339575715,0.1635984170134179,,,,,,,,,,,
gaussian_subspace,128,7,autogmm_spectral,auto,ok,,0.985063191387914,600,3,2.0,2.0,3.0,3.0,full,-9815.084482691018,lse,1,5,bic,,0.1016796660260297,0.1318591659655794,,,,,,,,,,,
gaussian_subspace,128,7,mclust,auto,ok,,0.0,600,3,128.0,,1.0,1.0,XII,-218774.16262576057,,1,5,bic,,8.92117204196984,8.92117204196984,,,,,,,,,,,
gaussian_subspace,128,7,pca,auto,ok,,1.0,600,3,2.0,2.0,3.0,3.0,tied,3800.3159210193153,,1,5,bic,,0.1015444999793544,0.1247148339753039,,,,,,,,,,,
gaussian_subspace,128,7,umap,auto,ok,,0.9310581778039948,600,3,2.0,2.0,3.0,3.0,tied,3663.092054066536,,1,5,bic,,0.0938743749866262,0.1192827500053681,,,,,,,,,,,
gaussian_subspace,128,8,ae_relu,auto,ok,,0.6542754424142754,600,3,2.0,2.0,5.0,5.0,diag,-3736.3598440970736,,1,5,bic,0.3526942919706926,0.2662739580264315,0.6189682499971241,,,,,,relu,58.0,1.0,,,
gaussian_subspace,128,8,ae_tanh,auto,ok,,0.7376083443323508,600,3,2.0,2.0,5.0,5.0,diag,701.1728440059552,,1,5,bic,,0.1349437499884516,0.1585947080166079,,,,,,,,,,,
gaussian_subspace,128,8,autog2m2,auto,ok,,0.7600900664470817,600,3,2.0,2.0,5.0,5.0,full,-2575.462671336086,,1,5,bic,,0.1122551669832319,0.1368192919762805,,,,,,,,,,,
gaussian_subspace,128,8,autogmm_spectral,auto,ok,,0.9949958125176231,600,3,2.0,2.0,3.0,3.0,full,-10413.323389891437,lse,1,5,bic,,0.1195486250217072,0.1432510829763487,,,,,,,,,,,
gaussian_subspace,128,8,mclust,auto,ok,,0.0,600,3,128.0,,1.0,1.0,XII,-218774.16262576057,,1,5,bic,,8.76657537498977,8.76657537498977,,,,,,,,,,,
gaussian_subspace,128,8,pca,auto,ok,,0.9949958125176231,600,3,2.0,2.0,3.0,3.0,tied,3839.162501864556,,1,5,bic,,0.0884892499889247,0.1188864999567158,,,,,,,,,,,
gaussian_subspace,128,8,umap,auto,ok,,0.9556930948088552,600,3,2.0,2.0,3.0,3.0,spherical,3542.849202022653,,1,5,bic,,0.1035384999704547,0.128212708979845,,,,,,,,,,,
gaussian_subspace,128,9,ae_relu,auto,ok,,0.5006414138374236,600,3,2.0,2.0,5.0,5.0,diag,-62.41398584554531,,1,5,bic,0.4564219160238281,0.369238540995866,0.8256604570196941,,,,,,relu,74.0,1.0,,,
gaussian_subspace,128,9,ae_tanh,auto,ok,,0.7114305345441553,600,3,2.0,2.0,5.0,5.0,diag,1265.3420890658012,,1,5,bic,,0.1120232919929549,0.1380857919575646,,,,,,,,,,,
gaussian_subspace,128,9,autog2m2,auto,ok,,0.8645182861469776,600,3,2.0,2.0,4.0,4.0,full,-337.6466346444614,,1,5,bic,,0.0827381249982863,0.1062466659932397,,,,,,,,,,,
gaussian_subspace,128,9,autogmm_spectral,auto,ok,,0.9703510050251256,600,3,2.0,2.0,3.0,3.0,full,-9683.012666112903,lse,1,5,bic,,0.1158347079763189,0.1388484169729054,,,,,,,,,,,
gaussian_subspace,128,9,mclust,auto,ok,,0.0,600,3,128.0,,1.0,1.0,XII,-218774.16262576057,,1,5,bic,,8.896663499996066,8.896663499996066,,,,,,,,,,,
gaussian_subspace,128,9,pca,auto,ok,,0.9850626884924544,600,3,2.0,2.0,3.0,3.0,tied,4003.162013653543,,1,5,bic,,0.1032579169841483,0.1270647919736802,,,,,,,,,,,
gaussian_subspace,128,9,umap,auto,ok,,0.8810688931337387,600,3,2.0,2.0,3.0,3.0,tied,3668.076191813065,,1,5,bic,,0.0925055000116117,0.1283245829981751,,,,,,,,,,,
gaussian_subspace,128,10,ae_relu,auto,ok,,0.1814212458764514,600,3,2.0,2.0,4.0,4.0,diag,-1723.106921417785,,1,5,bic,0.3688196670264005,0.4092618339927867,0.7780815010191873,,,,,,relu,57.0,1.0,,,
gaussian_subspace,128,10,ae_tanh,auto,ok,,0.5382046621755171,600,3,2.0,2.0,5.0,5.0,diag,1616.63008014118,,1,5,bic,,0.1647484999848529,0.191095249960199,,,,,,,,,,,
gaussian_subspace,128,10,autog2m2,auto,ok,,0.5797870694081417,600,3,2.0,2.0,5.0,5.0,full,-872.4377723839881,,1,5,bic,,0.1386873750016093,0.1746996250003576,,,,,,,,,,,
gaussian_subspace,128,10,autogmm_spectral,auto,ok,,0.8358808618719237,600,3,2.0,2.0,3.0,3.0,diag,-8974.85429085761,lse,1,5,bic,,0.1105486669694073,0.161539583990816,,,,,,,,,,,
gaussian_subspace,128,10,mclust,auto,ok,,0.0,600,3,128.0,,1.0,1.0,XII,-218774.16262576057,,1,5,bic,,8.414825583982747,8.414825583982747,,,,,,,,,,,
gaussian_subspace,128,10,pca,auto,ok,,0.8858461954010983,600,3,2.0,2.0,3.0,3.0,tied,4239.952283303375,,1,5,bic,,0.0968366250162944,0.1373790419893339,,,,,,,,,,,
gaussian_subspace,128,10,umap,auto,ok,,0.5649833845901849,600,3,2.0,2.0,3.0,3.0,diag,3661.3083953170258,,1,5,bic,,0.1091361659928225,0.1438841670169495,,,,,,,,,,,
gaussian_subspace,128,11,ae_relu,auto,ok,,0.3372313724421799,600,3,2.0,2.0,5.0,5.0,diag,-443.1118646783133,,1,5,bic,0.4855296249734238,0.4003466669237241,0.8858762918971479,,,,,,relu,68.0,1.0,,,
gaussian_subspace,128,11,ae_tanh,auto,ok,,0.7783850261331434,600,3,2.0,2.0,5.0,5.0,diag,556.463886489568,,1,5,bic,,0.1270785829983651,0.1523851249949075,,,,,,,,,,,
gaussian_subspace,128,11,autog2m2,auto,ok,,0.8458362206781573,600,3,2.0,2.0,5.0,5.0,spherical,-455.02706513086537,,1,5,bic,,0.0890951250330545,0.1239465830149129,,,,,,,,,,,
gaussian_subspace,128,11,autogmm_spectral,auto,ok,,1.0,600,3,2.0,2.0,3.0,3.0,full,-10178.153663869838,lse,1,5,bic,,0.1013324169907718,0.1256840840214863,,,,,,,,,,,
gaussian_subspace,128,11,mclust,auto,ok,,0.0,600,3,128.0,,1.0,1.0,XII,-218774.16262576057,,1,5,bic,,8.23301604099106,8.23301604099106,,,,,,,,,,,
gaussian_subspace,128,11,pca,auto,ok,,1.0,600,3,2.0,2.0,3.0,3.0,spherical,3864.892291828397,,1,5,bic,,0.105538957985118,0.1301265420042909,,,,,,,,,,,
gaussian_subspace,128,11,umap,auto,ok,,0.9553647780937442,600,3,2.0,2.0,3.0,3.0,tied,3630.618723848516,,1,5,bic,,0.1110004169750027,0.1375143330078572,,,,,,,,,,,
gaussian_subspace,128,12,ae_relu,auto,ok,,0.2920966785770827,600,3,2.0,2.0,5.0,5.0,diag,-265.00574104323437,,1,5,bic,0.558173792087473,0.3502790840575471,0.90845287614502,,,,,,relu,63.0,1.0,,,
gaussian_subspace,128,12,ae_tanh,auto,ok,,0.6595571241797803,600,3,2.0,2.0,5.0,5.0,diag,1522.9036291596924,,1,5,bic,,0.1643817500444129,0.2101219580508768,,,,,,,,,,,
gaussian_subspace,128,12,autog2m2,auto,ok,,0.7395854073269363,600,3,2.0,2.0,5.0,5.0,diag,-1701.9798480574088,,1,5,bic,,0.1091409999644383,0.1307340830098837,,,,,,,,,,,
gaussian_subspace,128,12,autogmm_spectral,auto,ok,,0.8658387469788497,600,3,2.0,2.0,3.0,3.0,full,-9030.396435051807,lse,1,5,bic,,0.1201141249621287,0.1561043750261888,,,,,,,,,,,
gaussian_subspace,128,12,mclust,auto,ok,,0.0,600,3,128.0,,1.0,1.0,XII,-218774.16262576057,,1,5,bic,,7.945400000025984,7.945400000025984,,,,,,,,,,,
gaussian_subspace,128,12,pca,auto,ok,,0.9651267665677736,600,3,2.0,2.0,3.0,3.0,tied,3979.567579882672,,1,5,bic,,0.1070239999680779,0.1321017910377122,,,,,,,,,,,
gaussian_subspace,128,12,umap,auto,ok,,0.7498538817837643,600,3,2.0,2.0,3.0,3.0,spherical,3720.704575980718,,1,5,bic,,0.1240918330149725,0.1544365410227328,,,,,,,,,,,
gaussian_subspace,128,13,ae_relu,auto,ok,,0.2084896405719147,600,3,2.0,2.0,5.0,5.0,diag,-1263.0644064030566,,1,5,bic,0.3627464580349624,0.3206397920148447,0.6833862500498071,,,,,,relu,55.0,1.0,,,
gaussian_subspace,128,13,ae_tanh,auto,ok,,0.643657748022358,600,3,2.0,2.0,5.0,5.0,diag,1416.4483873215277,,1,5,bic,,0.170691666950006,0.2008870000136084,,,,,,,,,,,
gaussian_subspace,128,13,autog2m2,auto,ok,,0.7196126345061317,600,3,2.0,2.0,5.0,5.0,diag,-549.9516448086016,,1,5,bic,,0.1167970000533387,0.1414036659989506,,,,,,,,,,,
gaussian_subspace,128,13,autogmm_spectral,auto,ok,,0.9800971316205,600,3,2.0,2.0,3.0,3.0,full,-9372.283825882554,lse,1,5,bic,,0.1221297919983044,0.149710249970667,,,,,,,,,,,
gaussian_subspace,128,13,mclust,auto,ok,,0.0,600,3,128.0,,1.0,1.0,XII,-218774.16262576057,,1,5,bic,,8.235886584036052,8.235886584036052,,,,,,,,,,,
gaussian_subspace,128,13,pca,auto,ok,,0.9800971316205,600,3,2.0,2.0,3.0,3.0,tied,4118.096716816502,,1,5,bic,,0.1070841660257428,0.1344273340073414,,,,,,,,,,,
gaussian_subspace,128,13,umap,auto,ok,,0.8186342203426535,600,3,2.0,2.0,3.0,3.0,tied,3672.124758842013,,1,5,bic,,0.1311499589937739,0.1599373329663649,,,,,,,,,,,
gaussian_subspace,128,14,ae_relu,auto,ok,,0.6813473430283675,600,3,2.0,2.0,4.0,4.0,diag,-212.75969030255712,,1,5,bic,0.3780342499958351,0.3114755409769714,0.6895097909728065,,,,,,relu,59.0,1.0,,,
gaussian_subspace,128,14,ae_tanh,auto,ok,,0.718192627824019,600,3,2.0,2.0,5.0,5.0,diag,901.0952446325844,,1,5,bic,,0.1252000409876927,0.1529354589874856,,,,,,,,,,,
gaussian_subspace,128,14,autog2m2,auto,ok,,0.7999174892061928,600,3,2.0,2.0,5.0,5.0,full,-601.1060029750763,,1,5,bic,,0.1096149580553174,0.1315222079865634,,,,,,,,,,,
gaussian_subspace,128,14,autogmm_spectral,auto,ok,,0.985063191387914,600,3,2.0,2.0,3.0,3.0,full,-10093.539485615109,lse,1,5,bic,,0.1155810410273261,0.1431035840068943,,,,,,,,,,,
gaussian_subspace,128,14,mclust,auto,ok,,0.0,600,3,128.0,,1.0,1.0,XII,-218774.16262576057,,1,5,bic,,8.542554292012937,8.542554292012937,,,,,,,,,,,
gaussian_subspace,128,14,pca,auto,ok,,1.0,600,3,2.0,2.0,3.0,3.0,tied,3809.3103682110495,,1,5,bic,,0.1123069169698283,0.1379973330185748,,,,,,,,,,,
gaussian_subspace,128,14,umap,auto,ok,,0.9651964404421164,600,3,2.0,2.0,3.0,3.0,tied,3591.382953356284,,1,5,bic,,0.1219485829933546,0.1480237090145237,,,,,,,,,,,
gaussian_subspace,128,15,ae_relu,auto,ok,,0.3444492903386829,600,3,2.0,2.0,5.0,5.0,diag,-974.1129834035962,,1,5,bic,0.4482387499883771,0.291092500090599,0.7393312500789762,,,,,,relu,73.0,1.0,,,
gaussian_subspace,128,15,ae_tanh,auto,ok,,0.638015226961202,600,3,2.0,2.0,5.0,5.0,diag,1265.74484736432,,1,5,bic,,0.1418463750160299,0.1708657499984838,,,,,,,,,,,
gaussian_subspace,128,15,autog2m2,auto,ok,,0.8333552585875952,600,3,2.0,2.0,5.0,5.0,full,-447.7500267300437,,1,5,bic,,0.1039514169679023,0.1276035420014523,,,,,,,,,,,
gaussian_subspace,128,15,autogmm_spectral,auto,ok,,0.8349015109140607,600,3,2.0,2.0,4.0,4.0,full,-9551.494802971549,lse,1,5,bic,,0.1282090420136228,0.160515125025995,,,,,,,,,,,
gaussian_subspace,128,15,mclust,auto,ok,,0.0,600,3,128.0,,1.0,1.0,XII,-218774.16262576057,,1,5,bic,,8.89605170802679,8.89605170802679,,,,,,,,,,,
gaussian_subspace,128,15,pca,auto,ok,,0.9751295644672852,600,3,2.0,2.0,3.0,3.0,tied,4110.436156853251,,1,5,bic,,0.1122847080114297,0.1433803330291994,,,,,,,,,,,
gaussian_subspace,128,15,umap,auto,ok,,0.7226981509968162,600,3,2.0,2.0,4.0,4.0,tied,3687.720679418485,,1,5,bic,,0.1416062079952098,0.1795640409691259,,,,,,,,,,,
gaussian_subspace,128,16,ae_relu,auto,ok,,0.4008025695869334,600,3,2.0,2.0,4.0,4.0,diag,734.7966533680849,,1,5,bic,0.4722112079616636,0.1441054579336196,0.6163166658952832,,,,,,relu,76.0,1.0,,,
gaussian_subspace,128,16,ae_tanh,auto,ok,,0.7530684778908568,600,3,2.0,2.0,5.0,5.0,diag,686.1797855718924,,1,5,bic,,0.1718185000354424,0.1992390829836949,,,,,,,,,,,
gaussian_subspace,128,16,autog2m2,auto,ok,,0.7898660131340844,600,3,2.0,2.0,5.0,5.0,full,-2107.3460070878896,,1,5,bic,,0.0825457079918123,0.1067851670086383,,,,,,,,,,,
gaussian_subspace,128,16,autogmm_spectral,auto,ok,,0.8918787131914353,600,3,2.0,2.0,4.0,4.0,full,-10456.233912190088,lse,1,5,bic,,0.1454775839811191,0.1866940000327304,,,,,,,,,,,
gaussian_subspace,128,16,mclust,auto,ok,,0.0,600,3,128.0,,1.0,1.0,XII,-218774.16262576057,,1,5,bic,,8.295410083024763,8.295410083024763,,,,,,,,,,,
gaussian_subspace,128,16,pca,auto,ok,,1.0,600,3,2.0,2.0,3.0,3.0,tied,3732.527939479519,,1,5,bic,,0.1130535420379601,0.1385072499979287,,,,,,,,,,,
gaussian_subspace,128,16,umap,auto,ok,,0.940870280287833,600,3,2.0,2.0,3.0,3.0,tied,3601.2494005886474,,1,5,bic,,0.1037341249757446,0.1292432909831404,,,,,,,,,,,
gaussian_subspace,128,17,ae_relu,auto,ok,,0.5149870803506387,600,3,2.0,2.0,4.0,4.0,full,5.424030133935503,,1,5,bic,0.3446892910869792,0.2854802079964429,0.6301694990834221,,,,,,relu,56.0,1.0,,,
gaussian_subspace,128,17,ae_tanh,auto,ok,,0.7137471009659266,600,3,2.0,2.0,5.0,5.0,diag,1424.0421528181123,,1,5,bic,,0.1585181669797748,0.1872568340040743,,,,,,,,,,,
gaussian_subspace,128,17,autog2m2,auto,ok,,0.8054971591974119,600,3,2.0,2.0,5.0,5.0,full,-458.1977032925199,,1,5,bic,,0.0963311670348048,0.1221160420100204,,,,,,,,,,,
gaussian_subspace,128,17,autogmm_spectral,auto,ok,,0.9602318868107154,600,3,2.0,2.0,3.0,3.0,full,-9364.256744945706,lse,1,5,bic,,0.1152641249937005,0.1425330829806625,,,,,,,,,,,
gaussian_subspace,128,17,mclust,auto,ok,,0.0,600,3,128.0,,1.0,1.0,XII,-218774.16262576057,,1,5,bic,,9.170508333016189,9.170508333016189,,,,,,,,,,,
gaussian_subspace,128,17,pca,auto,ok,,0.9652345048462752,600,3,2.0,2.0,3.0,3.0,tied,4216.24933595292,,1,5,bic,,0.1181069160229526,0.1466136669623665,,,,,,,,,,,
gaussian_subspace,128,17,umap,auto,ok,,0.8008886107217965,600,3,2.0,2.0,3.0,3.0,tied,3658.086710766232,,1,5,bic,,0.1310249590314924,0.1619412910076789,,,,,,,,,,,
gaussian_subspace,128,18,ae_relu,auto,ok,,0.2430779838658871,600,3,2.0,2.0,5.0,5.0,diag,-1546.161244542163,,1,5,bic,0.4237987920641899,0.4002852080157026,0.8240840000798926,,,,,,relu,68.0,1.0,,,
gaussian_subspace,128,18,ae_tanh,auto,ok,,0.6365699100468577,600,3,2.0,2.0,4.0,4.0,diag,1595.3772233642762,,1,5,bic,,0.1416553750168532,0.1743447079788893,,,,,,,,,,,
gaussian_subspace,128,18,autog2m2,auto,ok,,0.6132359266717148,600,3,2.0,2.0,5.0,5.0,full,-517.4572805016043,,1,5,bic,,0.1271859589614905,0.1538787080207839,,,,,,,,,,,
gaussian_subspace,128,18,autogmm_spectral,auto,ok,,0.7953770843901267,600,3,2.0,2.0,3.0,3.0,full,-8830.947450698497,lse,1,5,bic,,0.1410312079824507,0.1746815840015187,,,,,,,,,,,
gaussian_subspace,128,18,mclust,auto,ok,,0.0,600,3,128.0,,1.0,1.0,XII,-218774.16262576057,,1,5,bic,,8.723265041015111,8.723265041015111,,,,,,,,,,,
gaussian_subspace,128,18,pca,auto,ok,,0.8800916648697289,600,3,2.0,2.0,3.0,3.0,tied,4279.604722816735,,1,5,bic,,0.1160858339862898,0.1515045419801026,,,,,,,,,,,
gaussian_subspace,128,18,umap,auto,ok,,0.354600343321862,600,3,2.0,2.0,5.0,5.0,tied,3688.938383244181,,1,5,bic,,0.1556770419701933,0.1868762919912114,,,,,,,,,,,
gaussian_subspace,128,19,ae_relu,auto,ok,,0.5436514755307912,600,3,2.0,2.0,5.0,5.0,diag,-907.1474989338684,,1,5,bic,0.4622503750724718,0.2967937500216067,0.7590441250940785,,,,,,relu,74.0,1.0,,,
gaussian_subspace,128,19,ae_tanh,auto,ok,,0.7255740446643468,600,3,2.0,2.0,5.0,5.0,diag,1143.6712388279177,,1,5,bic,,0.1418258750345558,0.168642540986184,,,,,,,,,,,
gaussian_subspace,128,19,autog2m2,auto,ok,,0.7070808887215831,600,3,2.0,2.0,5.0,5.0,spherical,-598.4726422758837,,1,5,bic,,0.1149694580235518,0.140551708987914,,,,,,,,,,,
gaussian_subspace,128,19,autogmm_spectral,auto,ok,,0.9702134204628864,600,3,2.0,2.0,3.0,3.0,full,-9732.19429091746,lse,1,5,bic,,0.118776292016264,0.1474494159920141,,,,,,,,,,,
gaussian_subspace,128,19,mclust,auto,ok,,0.0,600,3,128.0,,1.0,1.0,XII,-218774.16262576057,,1,5,bic,,8.544671916984953,8.544671916984953,,,,,,,,,,,
gaussian_subspace,128,19,pca,auto,ok,,0.9949958125176231,600,3,2.0,2.0,3.0,3.0,tied,3910.074544299231,,1,5,bic,,0.1041143339825794,0.1381817079964094,,,,,,,,,,,
gaussian_subspace,128,19,umap,auto,ok,,0.9027155334850164,600,3,2.0,2.0,3.0,3.0,tied,3623.26062679057,,1,5,bic,,0.1230813330039382,0.1527974579948932,,,,,,,,,,,
gaussian_subspace,256,0,ae_relu,auto,ok,,0.0886085802737504,600,3,2.0,2.0,5.0,5.0,diag,-1815.838873350758,,1,5,bic,0.7473640829557553,0.3324928330257535,1.0798569159815088,,,,,,relu,76.0,1.0,,,
gaussian_subspace,256,0,ae_tanh,auto,ok,,0.2037703053645439,600,3,2.0,2.0,5.0,5.0,diag,1814.2653567955665,,1,5,bic,,0.1854628339642658,0.2169920420274138,,,,,,,,,,,
gaussian_subspace,256,0,autog2m2,auto,ok,,0.4869341911355892,600,3,2.0,2.0,5.0,5.0,full,-1622.1521711418854,,1,5,bic,,0.1013109170016832,0.125736916961614,,,,,,,,,,,
gaussian_subspace,256,0,autogmm_spectral,auto,ok,,0.6805615818463232,600,3,2.0,2.0,3.0,3.0,tied,-8501.946439358417,lse,1,5,bic,,0.1253044159966521,0.1577142919995822,,,,,,,,,,,
gaussian_subspace,256,0,mclust,auto,ok,,0.0,600,3,256.0,,1.0,1.0,XII,-437541.9283218659,,1,5,bic,,46.954160666966345,46.954160666966345,,,,,,,,,,,
gaussian_subspace,256,0,pca,auto,ok,,0.8171216923602395,600,3,2.0,2.0,3.0,3.0,tied,4765.323603372997,,1,5,bic,,0.1197879160172306,0.1483852080418728,,,,,,,,,,,
gaussian_subspace,256,0,umap,auto,ok,,0.184607380581508,600,3,2.0,2.0,5.0,5.0,tied,3701.46673414186,,1,5,bic,,0.1116103749955073,0.1426939579541795,,,,,,,,,,,
gaussian_subspace,256,1,ae_relu,auto,ok,,0.3634008750496223,600,3,2.0,2.0,5.0,5.0,diag,-1641.8209990806415,,1,5,bic,0.6300950420554727,0.28729183296673,0.9173868750222028,,,,,,relu,63.0,1.0,,,
gaussian_subspace,256,1,ae_tanh,auto,ok,,0.6588133191066868,600,3,2.0,2.0,5.0,5.0,diag,1440.8566639097348,,1,5,bic,,0.1259839590056799,0.1490309160435572,,,,,,,,,,,
gaussian_subspace,256,1,autog2m2,auto,ok,,0.7905601759109668,600,3,2.0,2.0,5.0,5.0,spherical,-529.4951374217992,,1,5,bic,,0.1305596670135855,0.1703337919898331,,,,,,,,,,,
gaussian_subspace,256,1,autogmm_spectral,auto,ok,,0.9214535556133886,600,3,2.0,2.0,3.0,3.0,full,-9279.09210073181,lse,1,5,bic,,0.0887274169945158,0.1103095410508103,,,,,,,,,,,
gaussian_subspace,256,1,mclust,auto,ok,,0.0,600,3,256.0,,1.0,1.0,XII,-437541.9283218659,,1,5,bic,,46.70536312501645,46.70536312501645,,,,,,,,,,,
gaussian_subspace,256,1,pca,auto,ok,,0.984987816627764,600,3,2.0,2.0,3.0,3.0,tied,4286.790075581802,,1,5,bic,,0.0921270420076325,0.1127239170018583,,,,,,,,,,,
gaussian_subspace,256,1,umap,auto,ok,,0.635658077304405,600,3,2.0,2.0,3.0,3.0,spherical,3654.003591503141,,1,5,bic,,0.1087276249891147,0.1342626660480164,,,,,,,,,,,
gaussian_subspace,256,2,ae_relu,auto,ok,,0.220309877293088,600,3,2.0,2.0,5.0,5.0,diag,-3067.371034749455,,1,5,bic,0.4518670419929549,0.3078212499385699,0.7596882919315249,,,,,,relu,45.0,1.0,,,
gaussian_subspace,256,2,ae_tanh,auto,ok,,0.7066713416833996,600,3,2.0,2.0,5.0,5.0,diag,999.5985768753662,,1,5,bic,,0.1159568339935503,0.1340337080182507,,,,,,,,,,,
gaussian_subspace,256,2,autog2m2,auto,ok,,0.8401497443110677,600,3,2.0,2.0,5.0,5.0,full,-377.2113870847288,,1,5,bic,,0.1143108750111423,0.1594886659877374,,,,,,,,,,,
gaussian_subspace,256,2,autogmm_spectral,auto,ok,,0.9900166666666668,600,3,2.0,2.0,3.0,3.0,full,-9614.08425515621,lse,1,5,bic,,0.0716410829918459,0.0914251659996807,,,,,,,,,,,
gaussian_subspace,256,2,mclust,auto,ok,,0.0,600,3,256.0,,1.0,1.0,XII,-437541.9283218659,,1,5,bic,,45.900670375092886,45.900670375092886,,,,,,,,,,,
gaussian_subspace,256,2,pca,auto,ok,,1.0,600,3,2.0,2.0,3.0,3.0,tied,3871.063122208852,,1,5,bic,,0.0745324589661322,0.0932306670001708,,,,,,,,,,,
gaussian_subspace,256,2,umap,auto,ok,,0.8317425621596772,600,3,2.0,2.0,3.0,3.0,spherical,3636.732637744981,,1,5,bic,,0.0782078329939395,0.0994721669703722,,,,,,,,,,,
gaussian_subspace,256,3,ae_relu,auto,ok,,0.2798956714545337,600,3,2.0,2.0,5.0,5.0,diag,-1591.509561969613,,1,5,bic,1.130099624977447,0.304162707994692,1.4342623329721391,,,,,,relu,101.0,1.0,,,
gaussian_subspace,256,3,ae_tanh,auto,ok,,0.6597194674208539,600,3,2.0,2.0,5.0,5.0,diag,1415.4593253983664,,1,5,bic,,0.102610082947649,0.1206494999933056,,,,,,,,,,,
gaussian_subspace,256,3,autog2m2,auto,ok,,0.8335729602890628,600,3,2.0,2.0,5.0,5.0,full,-1073.384956422667,,1,5,bic,,0.0975567909772507,0.1331240410218015,,,,,,,,,,,
gaussian_subspace,256,3,autogmm_spectral,auto,ok,,0.9022233549542408,600,3,2.0,2.0,3.0,3.0,full,-9061.63641581968,lse,1,5,bic,,0.0745581249939277,0.0944557919865474,,,,,,,,,,,
gaussian_subspace,256,3,mclust,auto,ok,,0.0,600,3,256.0,,1.0,1.0,XII,-437541.9283218659,,1,5,bic,,46.91983279096894,46.91983279096894,,,,,,,,,,,
gaussian_subspace,256,3,pca,auto,ok,,0.9750671701422782,600,3,2.0,2.0,3.0,3.0,tied,4191.230896559095,,1,5,bic,,0.0743240409647114,0.0928052500239573,,,,,,,,,,,
gaussian_subspace,256,3,umap,auto,ok,,0.6577228659059596,600,3,2.0,2.0,3.0,3.0,diag,3665.2654663002263,,1,5,bic,,0.0819909580168314,0.1033564170356839,,,,,,,,,,,
gaussian_subspace,256,4,ae_relu,auto,ok,,0.326487931950741,600,3,2.0,2.0,5.0,5.0,diag,-3761.774122398666,,1,5,bic,0.7255187080008909,0.2686411249451339,0.9941598329460248,,,,,,relu,63.0,1.0,,,
gaussian_subspace,256,4,ae_tanh,auto,ok,,0.6486012570466214,600,3,2.0,2.0,5.0,5.0,diag,1476.1186762514951,,1,5,bic,,0.1575116660096682,0.1864411670248955,,,,,,,,,,,
gaussian_subspace,256,4,autog2m2,auto,ok,,0.6666071754404247,600,3,2.0,2.0,5.0,5.0,full,-433.3409866545161,,1,5,bic,,0.1556989169912412,0.1928917500190436,,,,,,,,,,,
gaussian_subspace,256,4,autogmm_spectral,auto,ok,,0.7888372417464653,600,3,2.0,2.0,4.0,4.0,tied,-9011.086919698128,lse,1,5,bic,,0.1047594579868018,0.1306820419849828,,,,,,,,,,,
gaussian_subspace,256,4,mclust,auto,ok,,0.0,600,3,256.0,,1.0,1.0,XII,-437541.9283218659,,1,5,bic,,47.16050616698339,47.16050616698339,,,,,,,,,,,
gaussian_subspace,256,4,pca,auto,ok,,0.9850377307840942,600,3,2.0,2.0,3.0,3.0,tied,4280.06952310291,,1,5,bic,,0.1067121669766493,0.1312803329783491,,,,,,,,,,,
gaussian_subspace,256,4,umap,auto,ok,,0.4131121443729925,600,3,2.0,2.0,5.0,5.0,tied,3662.701045863619,,1,5,bic,,0.1241758330143056,0.1559082080493681,,,,,,,,,,,
gaussian_subspace,256,5,ae_relu,auto,ok,,0.2011022399905718,600,3,2.0,2.0,5.0,5.0,diag,-6593.004950591412,,1,5,bic,0.4171501669334247,0.288614458986558,0.7057646259199828,,,,,,relu,43.0,1.0,,,
gaussian_subspace,256,5,ae_tanh,auto,ok,,0.4104234882068732,600,3,2.0,2.0,5.0,5.0,diag,1316.8151752836009,,1,5,bic,,0.1665542089613154,0.2180563749861903,,,,,,,,,,,
gaussian_subspace,256,5,autog2m2,auto,ok,,0.7900312877441799,600,3,2.0,2.0,4.0,4.0,spherical,-642.1579909477051,,1,5,bic,,0.0997167080058716,0.1226712500210851,,,,,,,,,,,
gaussian_subspace,256,5,autogmm_spectral,auto,ok,,0.8369889276111098,600,3,2.0,2.0,3.0,3.0,full,-8961.906558749886,lse,1,5,bic,,0.1189679579692892,0.1439979170099832,,,,,,,,,,,
gaussian_subspace,256,5,mclust,auto,ok,,0.0,600,3,256.0,,1.0,1.0,XII,-437541.9283218659,,1,5,bic,,46.45599950000178,46.45599950000178,,,,,,,,,,,
gaussian_subspace,256,5,pca,auto,ok,,0.9369084596940964,600,3,2.0,2.0,3.0,3.0,tied,4201.500636470713,,1,5,bic,,0.0894895829842425,0.1149366669706069,,,,,,,,,,,
gaussian_subspace,256,5,umap,auto,ok,,0.4853454175026309,600,3,2.0,2.0,4.0,4.0,tied,3677.055478246475,,1,5,bic,,0.1239995830110274,0.1527937920182012,,,,,,,,,,,
gaussian_subspace,256,6,ae_relu,auto,ok,,0.1860684727992398,600,3,2.0,2.0,5.0,5.0,diag,-1530.9443223305077,,1,5,bic,0.5719294580630958,0.3558818330056965,0.9278112910687925,,,,,,relu,59.0,1.0,,,
gaussian_subspace,256,6,ae_tanh,auto,ok,,0.6794179088775111,600,3,2.0,2.0,4.0,4.0,tied,1596.1899456607275,,1,5,bic,,0.1174401669995859,0.1427956250263378,,,,,,,,,,,
gaussian_subspace,256,6,autog2m2,auto,ok,,0.7404341230875228,600,3,2.0,2.0,5.0,5.0,spherical,-610.0463798091821,,1,5,bic,,0.1274643749929964,0.162335124972742,,,,,,,,,,,
gaussian_subspace,256,6,autogmm_spectral,auto,ok,,0.80836013400335,600,3,2.0,2.0,3.0,3.0,full,-8885.802646528911,lse,1,5,bic,,0.1269865830545313,0.1553681670338846,,,,,,,,,,,
gaussian_subspace,256,6,mclust,auto,ok,,0.0,600,3,256.0,,1.0,1.0,XII,-437541.9283218659,,1,5,bic,,46.38184925005771,46.38184925005771,,,,,,,,,,,
gaussian_subspace,256,6,pca,auto,ok,,0.960669338815988,600,3,2.0,2.0,3.0,3.0,tied,4254.441005661076,,1,5,bic,,0.0911784169729799,0.1291380840120837,,,,,,,,,,,
gaussian_subspace,256,6,umap,auto,ok,,0.4011793121009778,600,3,2.0,2.0,4.0,4.0,tied,3640.537096238878,,1,5,bic,,0.1228534579859115,0.1544046250055544,,,,,,,,,,,
gaussian_subspace,256,7,ae_relu,auto,ok,,0.3064759458007647,600,3,2.0,2.0,5.0,5.0,diag,-2538.7726491978633,,1,5,bic,0.9184582089073956,0.2728110840544104,1.191269292961806,,,,,,relu,75.0,1.0,,,
gaussian_subspace,256,7,ae_tanh,auto,ok,,0.705501537002841,600,3,2.0,2.0,5.0,5.0,diag,1285.3833946922964,,1,5,bic,,0.1447770409868098,0.1709584580385126,,,,,,,,,,,
gaussian_subspace,256,7,autog2m2,auto,ok,,0.8242810760283542,600,3,2.0,2.0,5.0,5.0,full,-543.3646369343006,,1,5,bic,,0.1102086660102941,0.135850916034542,,,,,,,,,,,
gaussian_subspace,256,7,autogmm_spectral,auto,ok,,0.9604556312482856,600,3,2.0,2.0,3.0,3.0,full,-9384.098491602628,lse,1,5,bic,,0.101349625037983,0.12546970898984,,,,,,,,,,,
gaussian_subspace,256,7,mclust,auto,ok,,0.0,600,3,256.0,,1.0,1.0,XII,-437541.9283218659,,1,5,bic,,47.05616366700269,47.05616366700269,,,,,,,,,,,
gaussian_subspace,256,7,pca,auto,ok,,1.0,600,3,2.0,2.0,3.0,3.0,tied,3967.152000405568,,1,5,bic,,0.1125590840238146,0.1433104579919017,,,,,,,,,,,
gaussian_subspace,256,7,umap,auto,ok,,0.794263666615765,600,3,2.0,2.0,3.0,3.0,tied,3667.662195958748,,1,5,bic,,0.1176288750139065,0.1478677499690093,,,,,,,,,,,
gaussian_subspace,256,8,ae_relu,auto,ok,,0.2678670150149362,600,3,2.0,2.0,5.0,5.0,diag,-865.2221222154111,,1,5,bic,0.8366030000615865,0.2765652079833671,1.1131682080449536,,,,,,relu,68.0,1.0,,,
gaussian_subspace,256,8,ae_tanh,auto,ok,,0.8367886805921431,600,3,2.0,2.0,4.0,4.0,diag,1311.0808306980557,,1,5,bic,,0.1417521249968558,0.2137659169966355,,,,,,,,,,,
gaussian_subspace,256,8,autog2m2,auto,ok,,0.7567453221952016,600,3,2.0,2.0,5.0,5.0,full,-1805.944632629872,,1,5,bic,,0.1017391250352375,0.1238339170231483,,,,,,,,,,,
gaussian_subspace,256,8,autogmm_spectral,auto,ok,,0.9800459591868133,600,3,2.0,2.0,3.0,3.0,full,-9435.508091003296,lse,1,5,bic,,0.0903181250323541,0.1136202499619685,,,,,,,,,,,
gaussian_subspace,256,8,mclust,auto,ok,,0.0,600,3,256.0,,1.0,1.0,XII,-437541.9283218659,,1,5,bic,,47.24140854203142,47.24140854203142,,,,,,,,,,,
gaussian_subspace,256,8,pca,auto,ok,,0.9949958125176231,600,3,2.0,2.0,3.0,3.0,tied,4077.709085958627,,1,5,bic,,0.1050586670171469,0.1283802080433815,,,,,,,,,,,
gaussian_subspace,256,8,umap,auto,ok,,0.907185778241835,600,3,2.0,2.0,3.0,3.0,spherical,3643.536156388336,,1,5,bic,,0.1663865839946083,0.191009666013997,,,,,,,,,,,
gaussian_subspace,256,9,ae_relu,auto,ok,,0.3641009915552317,600,3,2.0,2.0,4.0,4.0,full,-1259.801518320947,,1,5,bic,0.506607791990973,0.4078134159790352,0.9144212079700084,,,,,,relu,52.0,1.0,,,
gaussian_subspace,256,9,ae_tanh,auto,ok,,0.6710174072090667,600,3,2.0,2.0,5.0,5.0,diag,1418.616056869491,,1,5,bic,,0.1222225839737802,0.1605791249894537,,,,,,,,,,,
gaussian_subspace,256,9,autog2m2,auto,ok,,0.6714193179180811,600,3,2.0,2.0,5.0,5.0,full,-1103.3559439555263,,1,5,bic,,0.1079569589928723,0.1371442910167388,,,,,,,,,,,
gaussian_subspace,256,9,autogmm_spectral,auto,ok,,0.9080331322735112,600,3,2.0,2.0,3.0,3.0,full,-8932.14603099093,lse,1,5,bic,,0.1071849160362035,0.1330350000062026,,,,,,,,,,,
gaussian_subspace,256,9,mclust,auto,ok,,0.0,600,3,256.0,,1.0,1.0,XII,-437541.9283218659,,1,5,bic,,47.38616216694936,47.38616216694936,,,,,,,,,,,
gaussian_subspace,256,9,pca,auto,ok,,0.9800336694499532,600,3,2.0,2.0,3.0,3.0,tied,4356.542645267735,,1,5,bic,,0.0941998339840211,0.1204288339940831,,,,,,,,,,,
gaussian_subspace,256,9,umap,auto,ok,,0.6652220808867562,600,3,2.0,2.0,3.0,3.0,diag,3682.544965749113,,1,5,bic,,0.1353226249921135,0.1684184580226428,,,,,,,,,,,
gaussian_subspace,256,10,ae_relu,auto,ok,,0.3923184030774879,600,3,2.0,2.0,5.0,5.0,spherical,1125.789129619801,,1,5,bic,0.6648151249391958,0.3712728340178728,1.0360879589570686,,,,,,relu,67.0,1.0,,,
gaussian_subspace,256,10,ae_tanh,auto,ok,,0.4637534658664828,600,3,2.0,2.0,5.0,5.0,diag,1659.803386934629,,1,5,bic,,0.2169439999852329,0.2640812500030733,,,,,,,,,,,
gaussian_subspace,256,10,autog2m2,auto,ok,,0.8778857890720179,600,3,2.0,2.0,4.0,4.0,full,-3466.935038894528,,1,5,bic,,0.1008479589945636,0.1239990420290269,,,,,,,,,,,
gaussian_subspace,256,10,autogmm_spectral,auto,ok,,0.9269483100669728,600,3,2.0,2.0,3.0,3.0,full,-9196.443741168045,lse,1,5,bic,,0.1101286670309491,0.1362616250407882,,,,,,,,,,,
gaussian_subspace,256,10,mclust,auto,ok,,0.0,600,3,256.0,,1.0,1.0,XII,-437541.9283218659,,1,5,bic,,46.06663591694087,46.06663591694087,,,,,,,,,,,
gaussian_subspace,256,10,pca,auto,ok,,0.9850125211993978,600,3,2.0,2.0,3.0,3.0,tied,4208.853346039442,,1,5,bic,,0.1110599589883349,0.1360092920367606,,,,,,,,,,,
gaussian_subspace,256,10,umap,auto,ok,,0.6141077115054587,600,3,2.0,2.0,3.0,3.0,spherical,3665.539516351184,,1,5,bic,,0.1248189999605529,0.1572593330056406,,,,,,,,,,,
gaussian_subspace,256,11,ae_relu,auto,ok,,0.2061187567699534,600,3,2.0,2.0,4.0,4.0,diag,-2875.3507337531655,,1,5,bic,0.547004249994643,0.3025372920092195,0.8495415420038626,,,,,,relu,56.0,1.0,,,
gaussian_subspace,256,11,ae_tanh,auto,ok,,0.9168853372287944,600,3,2.0,2.0,3.0,3.0,diag,1509.7724402167648,,1,5,bic,,0.092459500010591,0.1190261659794487,,,,,,,,,,,
gaussian_subspace,256,11,autog2m2,auto,ok,,0.749410927430696,600,3,2.0,2.0,5.0,5.0,full,-645.8176986434896,,1,5,bic,,0.1635293330182321,0.1841564580099657,,,,,,,,,,,
gaussian_subspace,256,11,autogmm_spectral,auto,ok,,0.7827448751703758,600,3,2.0,2.0,4.0,4.0,tied,-8929.60370583281,lse,1,5,bic,,0.1062608750071376,0.1407945840037427,,,,,,,,,,,
gaussian_subspace,256,11,mclust,auto,ok,,0.0,600,3,256.0,,1.0,1.0,XII,-437541.9283218659,,1,5,bic,,47.62417291710153,47.62417291710153,,,,,,,,,,,
gaussian_subspace,256,11,pca,auto,ok,,0.955614487468342,600,3,2.0,2.0,3.0,3.0,tied,4394.480088659169,,1,5,bic,,0.1076751670334488,0.1337541670072823,,,,,,,,,,,
gaussian_subspace,256,11,umap,auto,ok,,0.4655148386524017,600,3,2.0,2.0,5.0,5.0,tied,3607.5846958539582,,1,5,bic,,0.109122916997876,0.1474864579504355,,,,,,,,,,,
gaussian_subspace,256,12,ae_relu,auto,ok,,0.1364952721047765,600,3,2.0,2.0,5.0,5.0,diag,-6113.314721685958,,1,5,bic,0.5506791250081733,0.3609304589917883,0.9116095839999616,,,,,,relu,55.0,1.0,,,
gaussian_subspace,256,12,ae_tanh,auto,ok,,0.6110545686564413,600,3,2.0,2.0,4.0,4.0,diag,1836.4815209385656,,1,5,bic,,0.130609292013105,0.1594626249861903,,,,,,,,,,,
gaussian_subspace,256,12,autog2m2,auto,ok,,0.6028762001386233,600,3,2.0,2.0,5.0,5.0,spherical,-513.1353915441694,,1,5,bic,,0.116007000033278,0.1430445419973693,,,,,,,,,,,
gaussian_subspace,256,12,autogmm_spectral,auto,ok,,0.6933025751426353,600,3,2.0,2.0,3.0,3.0,tied,-8571.743414881134,lse,1,5,bic,,0.1099949160125106,0.1488615419948473,,,,,,,,,,,
gaussian_subspace,256,12,mclust,auto,ok,,0.0,600,3,256.0,,1.0,1.0,XII,-437541.92832186585,,1,5,bic,,44.66007616603747,44.66007616603747,,,,,,,,,,,
gaussian_subspace,256,12,pca,auto,ok,,0.8930836564341582,600,3,2.0,2.0,3.0,3.0,tied,4574.985848036839,,1,5,bic,,0.1051624999963678,0.1448678330052644,,,,,,,,,,,
gaussian_subspace,256,12,umap,auto,ok,,0.3121348291085807,600,3,2.0,2.0,5.0,5.0,tied,3669.162615904402,,1,5,bic,,0.1175054170307703,0.1534471670165658,,,,,,,,,,,
gaussian_subspace,256,13,ae_relu,auto,ok,,0.1950828752834091,600,3,2.0,2.0,4.0,4.0,diag,-1349.8960819604465,,1,5,bic,0.7341899999883026,0.4082015409367159,1.1423915409250185,,,,,,relu,73.0,1.0,,,
gaussian_subspace,256,13,ae_tanh,auto,ok,,0.1718523240251959,600,3,2.0,2.0,5.0,5.0,diag,1874.4338952745009,,1,5,bic,,0.2493959580315277,0.3205137499608099,,,,,,,,,,,
gaussian_subspace,256,13,autog2m2,auto,ok,,0.4754879829946409,600,3,2.0,2.0,5.0,5.0,diag,-493.5576469455903,,1,5,bic,,0.1028546250308863,0.1246271249838173,,,,,,,,,,,
gaussian_subspace,256,13,autogmm_spectral,auto,ok,,0.6968445556319693,600,3,2.0,2.0,3.0,3.0,tied,-8508.291292165914,lse,1,5,bic,,0.1233445840189233,0.1528033330105245,,,,,,,,,,,
gaussian_subspace,256,13,mclust,auto,ok,,0.0,600,3,256.0,,1.0,1.0,XII,-437541.9283218659,,1,5,bic,,44.86314208304975,44.86314208304975,,,,,,,,,,,
gaussian_subspace,256,13,pca,auto,ok,,0.8078886082770232,600,3,2.0,2.0,3.0,3.0,tied,4703.848188916078,,1,5,bic,,0.1217026250087656,0.1505098330089822,,,,,,,,,,,
gaussian_subspace,256,13,umap,auto,ok,,0.2504065105824577,600,3,2.0,2.0,4.0,4.0,tied,3648.800859197794,,1,5,bic,,0.1288814159925095,0.161749624996446,,,,,,,,,,,
gaussian_subspace,256,14,ae_relu,auto,ok,,0.2615019993958555,600,3,2.0,2.0,3.0,3.0,diag,1796.5899257540343,,1,5,bic,0.4811362919863313,0.3082647919654846,0.789401083951816,,,,,,relu,49.0,1.0,,,
gaussian_subspace,256,14,ae_tanh,auto,ok,,0.591660668896361,600,3,2.0,2.0,5.0,5.0,diag,1418.084125185066,,1,5,bic,,0.2092486250330694,0.2635849590296857,,,,,,,,,,,
gaussian_subspace,256,14,autog2m2,auto,ok,,0.8195970509907916,600,3,2.0,2.0,5.0,5.0,full,-1457.6477216034828,,1,5,bic,,0.0796687919646501,0.111494583019521,,,,,,,,,,,
gaussian_subspace,256,14,autogmm_spectral,auto,ok,,0.8978372442297877,600,3,2.0,2.0,3.0,3.0,full,-9006.507964880126,lse,1,5,bic,,0.1044170000241138,0.1328747080406174,,,,,,,,,,,
gaussian_subspace,256,14,mclust,auto,ok,,0.0,600,3,256.0,,1.0,1.0,XII,-437541.9283218659,,1,5,bic,,46.49899195798207,46.49899195798207,,,,,,,,,,,
gaussian_subspace,256,14,pca,auto,ok,,0.9800218844810688,600,3,2.0,2.0,3.0,3.0,tied,4184.903577395324,,1,5,bic,,0.1023634590092115,0.1368889169534668,,,,,,,,,,,
gaussian_subspace,256,14,umap,auto,ok,,0.7157348692286457,600,3,2.0,2.0,3.0,3.0,full,3648.2330501848846,,1,5,bic,,0.1476285000098869,0.1797571659553796,,,,,,,,,,,
gaussian_subspace,256,15,ae_relu,auto,ok,,0.2763994969222464,600,3,2.0,2.0,5.0,5.0,diag,53.395348240867406,,1,5,bic,0.7569974999642,0.3285413749981671,1.0855388749623671,,,,,,relu,75.0,1.0,,,
gaussian_subspace,256,15,ae_tanh,auto,ok,,0.6764962255528254,600,3,2.0,2.0,5.0,5.0,diag,1253.527394264137,,1,5,bic,,0.178725250007119,0.2076180420117452,,,,,,,,,,,
gaussian_subspace,256,15,autog2m2,auto,ok,,0.7303677149114182,600,3,2.0,2.0,5.0,5.0,full,-1649.338525054428,,1,5,bic,,0.0982753750286065,0.1205737080308608,,,,,,,,,,,
gaussian_subspace,256,15,autogmm_spectral,auto,ok,,0.9701401807924948,600,3,2.0,2.0,3.0,3.0,full,-9361.14393217704,lse,1,5,bic,,0.1026399580296129,0.1299227499985136,,,,,,,,,,,
gaussian_subspace,256,15,mclust,auto,ok,,0.0,600,3,256.0,,1.0,1.0,XII,-437541.9283218659,,1,5,bic,,46.978268624981865,46.978268624981865,,,,,,,,,,,
gaussian_subspace,256,15,pca,auto,ok,,1.0,600,3,2.0,2.0,3.0,3.0,tied,4122.1333570189945,,1,5,bic,,0.1179993750411085,0.146090957976412,,,,,,,,,,,
gaussian_subspace,256,15,umap,auto,ok,,0.805609414773197,600,3,2.0,2.0,3.0,3.0,tied,3629.431169784671,,1,5,bic,,0.1290597079787403,0.163674249954056,,,,,,,,,,,
gaussian_subspace,256,16,ae_relu,auto,ok,,0.2602906473900724,600,3,2.0,2.0,5.0,5.0,diag,-2576.942376566742,,1,5,bic,0.5107534999260679,0.3237305000657215,0.8344839999917895,,,,,,relu,51.0,1.0,,,
gaussian_subspace,256,16,ae_tanh,auto,ok,,0.8832879864438121,600,3,2.0,2.0,3.0,3.0,diag,1567.8866978857875,,1,5,bic,,0.112107458000537,0.1483760830014944,,,,,,,,,,,
gaussian_subspace,256,16,autog2m2,auto,ok,,0.7545384261424579,600,3,2.0,2.0,5.0,5.0,full,-1514.4288660834154,,1,5,bic,,0.1092035410110838,0.1385134999873116,,,,,,,,,,,
gaussian_subspace,256,16,autogmm_spectral,auto,ok,,0.90711281406026,600,3,2.0,2.0,3.0,3.0,full,-9139.65129198613,lse,1,5,bic,,0.116589292010758,0.1440147089888341,,,,,,,,,,,
gaussian_subspace,256,16,mclust,auto,ok,,0.0,600,3,256.0,,1.0,1.0,XII,-437541.9283218659,,1,5,bic,,48.1603712500073,48.1603712500073,,,,,,,,,,,
gaussian_subspace,256,16,pca,auto,ok,,0.9900166666666668,600,3,2.0,2.0,3.0,3.0,tied,4238.891997896868,,1,5,bic,,0.1139982080203481,0.1730524580343626,,,,,,,,,,,
gaussian_subspace,256,16,umap,auto,ok,,0.4915795767368561,600,3,2.0,2.0,5.0,5.0,tied,3674.0079363775912,,1,5,bic,,0.1416198330116458,0.1738098750356584,,,,,,,,,,,
gaussian_subspace,256,17,ae_relu,auto,ok,,0.2738820798096429,600,3,2.0,2.0,5.0,5.0,diag,-2175.894400983268,,1,5,bic,0.6063555420842022,0.3344406669493764,0.9407962090335786,,,,,,relu,61.0,1.0,,,
gaussian_subspace,256,17,ae_tanh,auto,ok,,0.5909477502074614,600,3,2.0,2.0,5.0,5.0,diag,1486.1518084296222,,1,5,bic,,0.199276291008573,0.2437158749671653,,,,,,,,,,,
gaussian_subspace,256,17,autog2m2,auto,ok,,0.7665230939966774,600,3,2.0,2.0,5.0,5.0,spherical,-591.3275820288608,,1,5,bic,,0.1306096250191331,0.1521089589805342,,,,,,,,,,,
gaussian_subspace,256,17,autogmm_spectral,auto,ok,,0.8883272832461019,600,3,2.0,2.0,3.0,3.0,full,-8938.352380056855,lse,1,5,bic,,0.1389823749777861,0.1688096660072915,,,,,,,,,,,
gaussian_subspace,256,17,mclust,auto,ok,,0.0,600,3,256.0,,1.0,1.0,XII,-437541.9283218659,,1,5,bic,,47.966008624993265,47.966008624993265,,,,,,,,,,,
gaussian_subspace,256,17,pca,auto,ok,,0.9507663962881426,600,3,2.0,2.0,3.0,3.0,tied,4433.887685349215,,1,5,bic,,0.1119445000076666,0.1438990420429036,,,,,,,,,,,
gaussian_subspace,256,17,umap,auto,ok,,0.532757070698942,600,3,2.0,2.0,4.0,4.0,tied,3701.2393769813207,,1,5,bic,,0.1425335420062765,0.1829861250007525,,,,,,,,,,,
gaussian_subspace,256,18,ae_relu,auto,ok,,0.2070246599312764,600,3,2.0,2.0,5.0,5.0,diag,-805.9971057393313,,1,5,bic,0.6882838750025257,0.3874114579521119,1.0756953329546377,,,,,,relu,69.0,1.0,,,
gaussian_subspace,256,18,ae_tanh,auto,ok,,0.6562092891965148,600,3,2.0,2.0,5.0,5.0,full,1327.5578147848823,,1,5,bic,,0.1809786669909954,0.2098375000059604,,,,,,,,,,,
gaussian_subspace,256,18,autog2m2,auto,ok,,0.8703280390776558,600,3,2.0,2.0,5.0,5.0,full,-680.4177291957482,,1,5,bic,,0.0827388330362737,0.1209914589999243,,,,,,,,,,,
gaussian_subspace,256,18,autogmm_spectral,auto,ok,,0.9504012637409076,600,3,2.0,2.0,3.0,3.0,full,-8995.909503794268,lse,1,5,bic,,0.1202282500453293,0.1486629160353914,,,,,,,,,,,
gaussian_subspace,256,18,mclust,auto,ok,,0.0,600,3,256.0,,1.0,1.0,XII,-437541.9283218659,,1,5,bic,,46.92009124998003,46.92009124998003,,,,,,,,,,,
gaussian_subspace,256,18,pca,auto,ok,,0.985063191387914,600,3,2.0,2.0,3.0,3.0,spherical,4191.684767763247,,1,5,bic,,0.1209565000026486,0.1498586250236258,,,,,,,,,,,
gaussian_subspace,256,18,umap,auto,ok,,0.611728491716338,600,3,2.0,2.0,4.0,4.0,tied,3683.166447540292,,1,5,bic,,0.1407206250005401,0.1767429169849492,,,,,,,,,,,
gaussian_subspace,256,19,ae_relu,auto,ok,,0.1845714120221006,600,3,2.0,2.0,5.0,5.0,diag,-2138.194701244358,,1,5,bic,0.5079076250549406,0.3181251250207424,0.826032750075683,,,,,,relu,44.0,1.0,,,
gaussian_subspace,256,19,ae_tanh,auto,ok,,0.2708645570993269,600,3,2.0,2.0,5.0,5.0,diag,1708.3676075795302,,1,5,bic,,0.2786436669994145,0.3282808750518597,,,,,,,,,,,
gaussian_subspace,256,19,autog2m2,auto,ok,,0.4752517400543861,600,3,2.0,2.0,5.0,5.0,full,-709.6778315879216,,1,5,bic,,0.1411292090197093,0.1713730419869534,,,,,,,,,,,
gaussian_subspace,256,19,autogmm_spectral,auto,ok,,0.8931589054736181,600,3,2.0,2.0,3.0,3.0,diag,-8847.247544297183,lse,1,5,bic,,0.1316080830292776,0.2009422919945791,,,,,,,,,,,
gaussian_subspace,256,19,mclust,auto,ok,,0.0,600,3,256.0,,1.0,1.0,XII,-437541.9283218659,,1,5,bic,,46.334940708009526,46.334940708009526,,,,,,,,,,,
gaussian_subspace,256,19,pca,auto,ok,,0.9603556303508144,600,3,2.0,2.0,3.0,3.0,tied,4372.406258185423,,1,5,bic,,0.1245794580318033,0.1529222090030089,,,,,,,,,,,
gaussian_subspace,256,19,umap,auto,ok,,0.4592932667633092,600,3,2.0,2.0,3.0,3.0,full,3690.642096171414,,1,5,bic,,0.1450976660125889,0.181091042002663,,,,,,,,,,,
gaussian_subspace,512,0,ae_relu,auto,ok,,0.1715207035174498,600,3,2.0,2.0,5.0,5.0,diag,-6599.439237784109,,1,5,bic,0.8723993750754744,0.3297457909211516,1.202145165996626,,,,,,relu,60.0,1.0,,,
gaussian_subspace,512,0,ae_tanh,auto,ok,,0.7161982010685921,600,3,2.0,2.0,5.0,5.0,full,1651.2020252981042,,1,5,bic,,0.1210139999748207,0.1433135839761234,,,,,,,,,,,
gaussian_subspace,512,0,autog2m2,auto,ok,,0.7052327622766096,600,3,2.0,2.0,5.0,5.0,full,-643.9953446079464,,1,5,bic,,0.1738027079845778,0.2007139159832149,,,,,,,,,,,
gaussian_subspace,512,0,autogmm_spectral,auto,ok,,0.8107862902782575,600,3,2.0,2.0,3.0,3.0,tied,-8569.57347158209,lse,1,5,bic,,0.1030164170078933,0.1280874580261297,,,,,,,,,,,
gaussian_subspace,512,0,mclust,auto,ok,,0.0,600,3,512.0,,1.0,1.0,XII,-875077.4597140766,,1,5,bic,,228.90954233298544,228.90954233298544,,,,,,,,,,,
gaussian_subspace,512,0,pca,auto,ok,,0.970213921880484,600,3,2.0,2.0,3.0,3.0,tied,4746.913382527642,,1,5,bic,,0.0990785409812815,0.1219295830233022,,,,,,,,,,,
gaussian_subspace,512,0,umap,auto,ok,,0.2788813446017603,600,3,2.0,2.0,2.0,2.0,tied,3630.8496977300815,,1,5,bic,,0.1102501249988563,0.1374003330129198,,,,,,,,,,,
gaussian_subspace,512,1,ae_relu,auto,ok,,0.0926564155582059,600,3,2.0,2.0,5.0,5.0,diag,-7721.054420325323,,1,5,bic,0.5956330420449376,0.2563739579636603,0.852007000008598,,,,,,relu,41.0,1.0,,,
gaussian_subspace,512,1,ae_tanh,auto,ok,,0.0239703128379345,600,3,2.0,2.0,5.0,5.0,diag,1996.8086593849516,,1,5,bic,,0.1782528750482015,0.2395093339728191,,,,,,,,,,,
gaussian_subspace,512,1,autog2m2,auto,ok,,0.5684398310566258,600,3,2.0,2.0,5.0,5.0,full,-770.5187412875907,,1,5,bic,,0.1881655419711023,0.2728557499940507,,,,,,,,,,,
gaussian_subspace,512,1,autogmm_spectral,auto,ok,,0.3922617962575161,600,3,2.0,2.0,2.0,2.0,diag,-8451.842989779781,lse,1,5,bic,,0.1106039580190554,0.1378371669561602,,,,,,,,,,,
gaussian_subspace,512,1,mclust,auto,ok,,0.0,600,3,512.0,,1.0,1.0,XII,-875077.4597140766,,1,5,bic,,227.98445066600107,227.98445066600107,,,,,,,,,,,
gaussian_subspace,512,1,pca,auto,ok,,0.7752533875074393,600,3,2.0,2.0,3.0,3.0,tied,4978.307333129788,,1,5,bic,,0.0970211250241845,0.1209027500008232,,,,,,,,,,,
gaussian_subspace,512,1,umap,auto,ok,,0.1825180419457077,600,3,2.0,2.0,3.0,3.0,full,3641.325861279123,,1,5,bic,,0.1221737500163726,0.1484558330266736,,,,,,,,,,,
gaussian_subspace,512,2,ae_relu,auto,ok,,0.0847876090467051,600,3,2.0,2.0,5.0,5.0,diag,-6417.176336185585,,1,5,bic,0.6507286670384929,0.3338592919753864,0.9845879590138792,,,,,,relu,44.0,1.0,,,
gaussian_subspace,512,2,ae_tanh,auto,ok,,0.5892950240637278,600,3,2.0,2.0,5.0,5.0,diag,1561.9331189967506,,1,5,bic,,0.1205835840082727,0.1430074580130167,,,,,,,,,,,
gaussian_subspace,512,2,autog2m2,auto,ok,,0.7583541209338324,600,3,2.0,2.0,5.0,5.0,diag,-1755.2665865330816,,1,5,bic,,0.1687472079647705,0.2002517909859307,,,,,,,,,,,
gaussian_subspace,512,2,autogmm_spectral,auto,ok,,0.6676779208863599,600,3,2.0,2.0,4.0,4.0,tied,-8690.535860431954,lse,1,5,bic,,0.0855273749912157,0.1105577499838545,,,,,,,,,,,
gaussian_subspace,512,2,mclust,auto,ok,,0.0,600,3,512.0,,1.0,1.0,XII,-875077.4597140766,,1,5,bic,,228.80760187492703,228.80760187492703,,,,,,,,,,,
gaussian_subspace,512,2,pca,auto,ok,,0.985000168757628,600,3,2.0,2.0,3.0,3.0,tied,4628.155206555459,,1,5,bic,,0.0750978339929133,0.0945427080150693,,,,,,,,,,,
gaussian_subspace,512,2,umap,auto,ok,,0.3049794092476664,600,3,2.0,2.0,4.0,4.0,tied,3623.094082433938,,1,5,bic,,0.0871781670139171,0.1120229579973965,,,,,,,,,,,
gaussian_subspace,512,3,ae_relu,auto,ok,,-0.0006218988789547,600,3,2.0,2.0,4.0,4.0,diag,-9314.251116920188,,1,5,bic,0.3567437089513987,0.2600732089485973,0.616816917899996,,,,,,relu,24.0,1.0,,,
gaussian_subspace,512,3,ae_tanh,auto,ok,,0.0010011529585945,600,3,2.0,2.0,5.0,5.0,full,1893.182815274091,,1,5,bic,,0.2627881249645725,0.3122671250021085,,,,,,,,,,,
gaussian_subspace,512,3,autog2m2,auto,ok,,0.6407118957521417,600,3,2.0,2.0,5.0,5.0,full,-999.075649527696,,1,5,bic,,0.1455233329907059,0.1852049159933813,,,,,,,,,,,
gaussian_subspace,512,3,autogmm_spectral,auto,ok,,0.7169375947763021,600,3,2.0,2.0,3.0,3.0,tied,-8512.428926561395,lse,1,5,bic,,0.0868577919900417,0.108257166983094,,,,,,,,,,,
gaussian_subspace,512,3,mclust,auto,ok,,0.0,600,3,512.0,,1.0,1.0,XII,-875077.4597140766,,1,5,bic,,229.43559654196724,229.43559654196724,,,,,,,,,,,
gaussian_subspace,512,3,pca,auto,ok,,0.9262048436203042,600,3,2.0,2.0,3.0,3.0,spherical,4707.710146917821,,1,5,bic,,0.0754933329881168,0.094256457989104,,,,,,,,,,,
gaussian_subspace,512,3,umap,auto,ok,,0.2369676883746703,600,3,2.0,2.0,5.0,5.0,tied,3648.176401282909,,1,5,bic,,0.0847083340049721,0.1077721660258248,,,,,,,,,,,
gaussian_subspace,512,4,ae_relu,auto,ok,,0.0107454690565276,600,3,2.0,2.0,5.0,5.0,diag,-8112.421993362046,,1,5,bic,0.4436693750321865,0.299055999959819,0.7427253749920055,,,,,,relu,30.0,1.0,,,
gaussian_subspace,512,4,ae_tanh,auto,ok,,0.5385560064270171,600,3,2.0,2.0,5.0,5.0,diag,1563.106027489784,,1,5,bic,,0.2738467080052942,0.3586778749595396,,,,,,,,,,,
gaussian_subspace,512,4,autog2m2,auto,ok,,0.8270169083038239,600,3,2.0,2.0,5.0,5.0,spherical,-833.4079050051816,,1,5,bic,,0.1359687079675495,0.1606752499938011,,,,,,,,,,,
gaussian_subspace,512,4,autogmm_spectral,auto,ok,,0.7710601862088757,600,3,2.0,2.0,3.0,3.0,tied,-8809.085413177108,lse,1,5,bic,,0.1280293749878183,0.2284138330142013,,,,,,,,,,,
gaussian_subspace,512,4,mclust,auto,ok,,0.0,600,3,512.0,,1.0,1.0,XII,-875077.4597140766,,1,5,bic,,226.085695290938,226.085695290938,,,,,,,,,,,
gaussian_subspace,512,4,pca,auto,ok,,0.9652846715059488,600,3,2.0,2.0,3.0,3.0,tied,4542.280134237841,,1,5,bic,,0.1017726669670082,0.1277253330335952,,,,,,,,,,,
gaussian_subspace,512,4,umap,auto,ok,,0.3597579573179469,600,3,2.0,2.0,5.0,5.0,tied,3657.618773941413,,1,5,bic,,0.1442687920061871,0.1750084169907495,,,,,,,,,,,
gaussian_subspace,512,5,ae_relu,auto,ok,,0.2703276076929564,600,3,2.0,2.0,5.0,5.0,diag,-2395.842484780655,,1,5,bic,0.943846374982968,0.2424481669440865,1.1862945419270543,,,,,,relu,64.0,1.0,,,
gaussian_subspace,512,5,ae_tanh,auto,ok,,0.680181552199753,600,3,2.0,2.0,5.0,5.0,diag,1126.9928695847682,,1,5,bic,,0.1459774579852819,0.1798775839852169,,,,,,,,,,,
gaussian_subspace,512,5,autog2m2,auto,ok,,0.8429246919401685,600,3,2.0,2.0,5.0,5.0,full,-1942.7480773358484,,1,5,bic,,0.0721855000010691,0.1082397919963114,,,,,,,,,,,
gaussian_subspace,512,5,autogmm_spectral,auto,ok,,0.9408063309639786,600,3,2.0,2.0,3.0,3.0,full,-9096.449959014148,lse,1,5,bic,,0.0922779579996131,0.1200352080049924,,,,,,,,,,,
gaussian_subspace,512,5,mclust,auto,ok,,0.0,600,3,512.0,,1.0,1.0,XII,-875077.4597140766,,1,5,bic,,225.4922236669809,225.4922236669809,,,,,,,,,,,
gaussian_subspace,512,5,pca,auto,ok,,1.0,600,3,2.0,2.0,3.0,3.0,tied,4220.50753384174,,1,5,bic,,0.0881947499583475,0.1104231249773874,,,,,,,,,,,
gaussian_subspace,512,5,umap,auto,ok,,0.4918495045618132,600,3,2.0,2.0,5.0,5.0,tied,3599.0633054798586,,1,5,bic,,0.1055836669984273,0.1336922910413704,,,,,,,,,,,
gaussian_subspace,512,6,ae_relu,auto,ok,,0.2021736993266496,600,3,2.0,2.0,5.0,5.0,diag,-6279.913835365225,,1,5,bic,0.8302309589926153,0.2966143330559134,1.1268452920485288,,,,,,relu,55.0,1.0,,,
gaussian_subspace,512,6,ae_tanh,auto,ok,,0.8078689770440223,600,3,2.0,2.0,4.0,4.0,diag,1563.6406369824442,,1,5,bic,,0.1425804999889806,0.1687590829678811,,,,,,,,,,,
gaussian_subspace,512,6,autog2m2,auto,ok,,0.7699400585644023,600,3,2.0,2.0,5.0,5.0,spherical,-739.7905031979367,,1,5,bic,,0.0893201250000856,0.1122340420261025,,,,,,,,,,,
gaussian_subspace,512,6,autogmm_spectral,auto,ok,,0.7778932419053006,600,3,2.0,2.0,3.0,3.0,diag,-8629.468503330712,lse,1,5,bic,,0.1045610000146552,0.1313735420117154,,,,,,,,,,,
gaussian_subspace,512,6,mclust,auto,ok,,0.0,600,3,512.0,,1.0,1.0,XII,-875077.4597140766,,1,5,bic,,226.62362258299257,226.62362258299257,,,,,,,,,,,
gaussian_subspace,512,6,pca,auto,ok,,0.985037604845926,600,3,2.0,2.0,3.0,3.0,tied,4601.533527826039,,1,5,bic,,0.1035676660249009,0.1278883750201203,,,,,,,,,,,
gaussian_subspace,512,6,umap,auto,ok,,0.2559924956829212,600,3,2.0,2.0,4.0,4.0,tied,3628.752847342924,,1,5,bic,,0.1174687499878928,0.1462920409976504,,,,,,,,,,,
gaussian_subspace,512,7,ae_relu,auto,ok,,0.1098304574588018,600,3,2.0,2.0,4.0,4.0,diag,-3162.2051483398077,,1,5,bic,0.7608275829115883,0.3394329590955749,1.1002605420071632,,,,,,relu,51.0,1.0,,,
gaussian_subspace,512,7,ae_tanh,auto,ok,,0.2876338802191227,600,3,2.0,2.0,5.0,5.0,diag,1687.7192623660126,,1,5,bic,,0.2079381250077858,0.2503527909866534,,,,,,,,,,,
gaussian_subspace,512,7,autog2m2,auto,ok,,0.7183078482699654,600,3,2.0,2.0,5.0,5.0,spherical,-1136.0886777513858,,1,5,bic,,0.1073000829783268,0.1413085410022176,,,,,,,,,,,
gaussian_subspace,512,7,autogmm_spectral,auto,ok,,0.4668438269936986,600,3,2.0,2.0,2.0,2.0,diag,-8620.967633737513,lse,1,5,bic,,0.1301142910378985,0.1593789999606087,,,,,,,,,,,
gaussian_subspace,512,7,mclust,auto,ok,,0.0,600,3,512.0,,1.0,1.0,XII,-875077.4597140766,,1,5,bic,,226.57835587498263,226.57835587498263,,,,,,,,,,,
gaussian_subspace,512,7,pca,auto,ok,,0.9267450600858556,600,3,2.0,2.0,3.0,3.0,tied,4807.104156506892,,1,5,bic,,0.0908117500366643,0.1172916250070557,,,,,,,,,,,
gaussian_subspace,512,7,umap,auto,ok,,0.232836828031756,600,3,2.0,2.0,5.0,5.0,tied,3647.264288809057,,1,5,bic,,0.1194958330015651,0.1503419579821638,,,,,,,,,,,
gaussian_subspace,512,8,ae_relu,auto,ok,,0.4720888315679546,600,3,2.0,2.0,5.0,5.0,diag,-5414.11803275041,,1,5,bic,0.9357068750541656,0.2247900839429348,1.1604969589971006,,,,,,relu,62.0,1.0,,,
gaussian_subspace,512,8,ae_tanh,auto,ok,,0.6670208566879665,600,3,2.0,2.0,5.0,5.0,diag,1208.7512336263426,,1,5,bic,,0.1408397079794667,0.1667604159447364,,,,,,,,,,,
gaussian_subspace,512,8,autog2m2,auto,ok,,0.8433749046836179,600,3,2.0,2.0,5.0,5.0,full,-3729.6032661562863,,1,5,bic,,0.0769887909991666,0.0968165830126963,,,,,,,,,,,
gaussian_subspace,512,8,autogmm_spectral,auto,ok,,0.93147580347186,600,3,2.0,2.0,3.0,3.0,full,-9079.734331781605,lse,1,5,bic,,0.0999999579507857,0.1312295000534504,,,,,,,,,,,
gaussian_subspace,512,8,mclust,auto,ok,,0.0,600,3,512.0,,1.0,1.0,XII,-875077.4597140766,,1,5,bic,,396.0122302919626,396.0122302919626,,,,,,,,,,,
gaussian_subspace,512,8,pca,auto,ok,,1.0,600,3,2.0,2.0,3.0,3.0,tied,4268.913749255438,,1,5,bic,,0.1011642919620499,0.1255481249536387,,,,,,,,,,,
gaussian_subspace,512,8,umap,auto,ok,,0.5459326971931286,600,3,2.0,2.0,5.0,5.0,tied,3621.831492983768,,1,5,bic,,0.1228482919977977,0.1704475000151433,,,,,,,,,,,
gaussian_subspace,512,9,ae_relu,auto,ok,,0.0099435407676289,600,3,2.0,2.0,4.0,4.0,diag,-7436.6981318939215,,1,5,bic,0.3555395000148564,0.3001163750886917,0.6556558751035482,,,,,,relu,24.0,1.0,,,
gaussian_subspace,512,9,ae_tanh,auto,ok,,0.0130054795197216,600,3,2.0,2.0,5.0,5.0,diag,2001.8373811501697,,1,5,bic,,0.2276792920310981,0.3027821250143461,,,,,,,,,,,
gaussian_subspace,512,9,autog2m2,auto,ok,,0.5568984757865717,600,3,2.0,2.0,5.0,5.0,full,-698.0210744413416,,1,5,bic,,0.1382079169852659,0.1845488750259392,,,,,,,,,,,
gaussian_subspace,512,9,autogmm_spectral,auto,ok,,0.4238785199960449,600,3,2.0,2.0,3.0,3.0,spherical,-8410.510141197674,lse,1,5,bic,,0.1090959589928388,0.1376456249854527,,,,,,,,,,,
gaussian_subspace,512,9,mclust,auto,ok,,0.0,600,3,512.0,,1.0,1.0,XII,-875077.4597140766,,1,5,bic,,393.2597006249707,393.2597006249707,,,,,,,,,,,
gaussian_subspace,512,9,pca,auto,ok,,0.8370519236935415,600,3,2.0,2.0,3.0,3.0,tied,4885.50570955535,,1,5,bic,,0.1050464999862015,0.1496397500159219,,,,,,,,,,,
gaussian_subspace,512,9,umap,auto,ok,,0.0686577378546202,600,3,2.0,2.0,4.0,4.0,tied,3610.9785484804434,,1,5,bic,,0.1252851670142263,0.1563280000118538,,,,,,,,,,,
gaussian_subspace,512,10,ae_relu,auto,ok,,0.4364651991818104,600,3,2.0,2.0,5.0,5.0,diag,-1497.4180031423414,,1,5,bic,0.947027666028589,0.3088134170975536,1.2558410831261426,,,,,,relu,63.0,1.0,,,
gaussian_subspace,512,10,ae_tanh,auto,ok,,0.641123023970476,600,3,2.0,2.0,5.0,5.0,diag,1419.545966226175,,1,5,bic,,0.1606799999717623,0.1866797920083627,,,,,,,,,,,
gaussian_subspace,512,10,autog2m2,auto,ok,,0.7442524299835974,600,3,2.0,2.0,5.0,5.0,full,-783.2187092836011,,1,5,bic,,0.1177214999916032,0.1434786659665405,,,,,,,,,,,
gaussian_subspace,512,10,autogmm_spectral,auto,ok,,0.8600319769702854,600,3,2.0,2.0,3.0,3.0,tied,-8752.571315888923,lse,1,5,bic,,0.1006198329851031,0.1379224170232191,,,,,,,,,,,
gaussian_subspace,512,10,mclust,auto,ok,,0.0,600,3,512.0,,1.0,1.0,XII,-875077.4597140766,,1,5,bic,,390.3407265000278,390.3407265000278,,,,,,,,,,,
gaussian_subspace,512,10,pca,auto,ok,,0.9949958125176231,600,3,2.0,2.0,3.0,3.0,tied,4488.192234357793,,1,5,bic,,0.106605666980613,0.1312023749924264,,,,,,,,,,,
gaussian_subspace,512,10,umap,auto,ok,,0.5964441047085589,600,3,2.0,2.0,3.0,3.0,full,3630.602348714532,,1,5,bic,,0.1180065830121748,0.1539746249909512,,,,,,,,,,,
gaussian_subspace,512,11,ae_relu,auto,ok,,0.0233800088760698,600,3,2.0,2.0,4.0,4.0,diag,-14843.254659874452,,1,5,bic,0.3648264580406248,0.1823835000395774,0.5472099580802023,,,,,,relu,24.0,1.0,,,
gaussian_subspace,512,11,ae_tanh,auto,ok,,0.2688189451975723,600,3,2.0,2.0,5.0,5.0,diag,1806.838893286725,,1,5,bic,,0.2464854579884559,0.3988663339987397,,,,,,,,,,,
gaussian_subspace,512,11,autog2m2,auto,ok,,0.76144037406258,600,3,2.0,2.0,5.0,5.0,full,-648.9536180305555,,1,5,bic,,0.1717381670023314,0.2062470419914461,,,,,,,,,,,
gaussian_subspace,512,11,autogmm_spectral,auto,ok,,0.7019899749587295,600,3,2.0,2.0,3.0,3.0,tied,-8535.062217191313,lse,1,5,bic,,0.1271976249990984,0.1563866669894196,,,,,,,,,,,
gaussian_subspace,512,11,mclust,auto,ok,,0.0,600,3,512.0,,1.0,1.0,XII,-875077.4597140766,,1,5,bic,,395.0068386249477,395.0068386249477,,,,,,,,,,,
gaussian_subspace,512,11,pca,auto,ok,,0.9554901931595106,600,3,2.0,2.0,3.0,3.0,tied,4714.566606980918,,1,5,bic,,0.1055180419934913,0.1435428750119172,,,,,,,,,,,
gaussian_subspace,512,11,umap,auto,ok,,0.291674410019203,600,3,2.0,2.0,5.0,5.0,tied,3637.225468175614,,1,5,bic,,0.1136909589986316,0.1977261660504154,,,,,,,,,,,
gaussian_subspace,512,12,ae_relu,auto,ok,,0.0037686044367325,600,3,2.0,2.0,5.0,5.0,diag,-9584.66462668697,,1,5,bic,0.3621939590666443,0.3087654169648886,0.6709593760315329,,,,,,relu,24.0,1.0,,,
gaussian_subspace,512,12,ae_tanh,auto,ok,,0.014839567911702,600,3,2.0,2.0,5.0,5.0,diag,1923.9696680517543,,1,5,bic,,0.2274442079942673,0.2907098750001751,,,,,,,,,,,
gaussian_subspace,512,12,autog2m2,auto,ok,,0.7695037104379916,600,3,2.0,2.0,5.0,5.0,full,-963.7832613323972,,1,5,bic,,0.1141797499731183,0.1360802089911885,,,,,,,,,,,
gaussian_subspace,512,12,autogmm_spectral,auto,ok,,0.5623244647834644,600,3,2.0,2.0,4.0,4.0,spherical,-8447.242985316085,lse,1,5,bic,,0.1196807919768616,0.1497702080523595,,,,,,,,,,,
gaussian_subspace,512,12,mclust,auto,ok,,0.0,600,3,512.0,,1.0,1.0,XII,-875077.4597140766,,1,5,bic,,394.7061285829405,394.7061285829405,,,,,,,,,,,
gaussian_subspace,512,12,pca,auto,ok,,0.9215713597544268,600,3,2.0,2.0,3.0,3.0,spherical,4866.294159607079,,1,5,bic,,0.1157393329776823,0.1442034170031547,,,,,,,,,,,
gaussian_subspace,512,12,umap,auto,ok,,0.1040737393558508,600,3,2.0,2.0,5.0,5.0,tied,3610.179100807708,,1,5,bic,,0.1194989999639801,0.168790416966658,,,,,,,,,,,
gaussian_subspace,512,13,ae_relu,auto,ok,,0.1150399446474269,600,3,2.0,2.0,4.0,4.0,diag,-4189.16272999387,,1,5,bic,0.6483298749662936,0.3046927499817684,0.953022624948062,,,,,,relu,43.0,1.0,,,
gaussian_subspace,512,13,ae_tanh,auto,ok,,0.0116294331955157,600,3,2.0,2.0,5.0,5.0,diag,1965.7115669750613,,1,5,bic,,0.2085538750397972,0.2693537500454113,,,,,,,,,,,
gaussian_subspace,512,13,autog2m2,auto,ok,,0.7485924999109917,600,3,2.0,2.0,5.0,5.0,spherical,-818.2211729147513,,1,5,bic,,0.1025399169884622,0.1283398339874111,,,,,,,,,,,
gaussian_subspace,512,13,autogmm_spectral,auto,ok,,0.6231461154788092,600,3,2.0,2.0,3.0,3.0,tied,-8411.390338169938,lse,1,5,bic,,0.1272922499920241,0.1596137919696048,,,,,,,,,,,
gaussian_subspace,512,13,mclust,auto,ok,,0.0,600,3,512.0,,1.0,1.0,XII,-875077.4597140766,,1,5,bic,,390.337935000076,390.337935000076,,,,,,,,,,,
gaussian_subspace,512,13,pca,auto,ok,,0.8926599556016753,600,3,2.0,2.0,3.0,3.0,tied,4882.497620977336,,1,5,bic,,0.1068351250141859,0.1349850830156356,,,,,,,,,,,
gaussian_subspace,512,13,umap,auto,ok,,0.1224044630678141,600,3,2.0,2.0,3.0,3.0,diag,3645.87133982414,,1,5,bic,,0.1094911659602075,0.1588263750309124,,,,,,,,,,,
gaussian_subspace,512,14,ae_relu,auto,ok,,0.0897642241320238,600,3,2.0,2.0,5.0,5.0,diag,-1169.342856669214,,1,5,bic,0.683884457917884,0.3506433749571442,1.0345278328750285,,,,,,relu,45.0,1.0,,,
gaussian_subspace,512,14,ae_tanh,auto,ok,,0.7915079822239507,600,3,2.0,2.0,3.0,3.0,diag,1980.648895263571,,1,5,bic,,0.1215057079680264,0.1587859999854117,,,,,,,,,,,
gaussian_subspace,512,14,autog2m2,auto,ok,,0.7184968589327594,600,3,2.0,2.0,5.0,5.0,full,-1672.7185480493472,,1,5,bic,,0.1299559589824639,0.1632926250458695,,,,,,,,,,,
gaussian_subspace,512,14,autogmm_spectral,auto,ok,,0.6586564501566319,600,3,2.0,2.0,3.0,3.0,tied,-8475.95661430329,lse,1,5,bic,,0.1157295419834554,0.1435946669662371,,,,,,,,,,,
gaussian_subspace,512,14,mclust,auto,ok,,0.0,600,3,512.0,,1.0,1.0,XII,-875077.4597140766,,1,5,bic,,390.4577809579205,390.4577809579205,,,,,,,,,,,
gaussian_subspace,512,14,pca,auto,ok,,0.9167139578397856,600,3,2.0,2.0,3.0,3.0,spherical,4911.84652943221,,1,5,bic,,0.1080627089831978,0.1487237089895643,,,,,,,,,,,
gaussian_subspace,512,14,umap,auto,ok,,0.0964841637307539,600,3,2.0,2.0,2.0,2.0,tied,3636.796048495497,,1,5,bic,,0.1257955839973874,0.1580050829797983,,,,,,,,,,,
gaussian_subspace,512,15,ae_relu,auto,ok,,0.2109490724384385,600,3,2.0,2.0,4.0,4.0,diag,1852.3912287832377,,1,5,bic,1.1484737909631804,0.3195183750940487,1.467992166057229,,,,,,relu,77.0,1.0,,,
gaussian_subspace,512,15,ae_tanh,auto,ok,,0.3622672545207506,600,3,2.0,2.0,5.0,5.0,diag,1544.20802346772,,1,5,bic,,0.2023984999977983,0.2348627079627476,,,,,,,,,,,
gaussian_subspace,512,15,autog2m2,auto,ok,,0.7949003595468063,600,3,2.0,2.0,5.0,5.0,diag,-1951.7207428459828,,1,5,bic,,0.1148920839768834,0.1452178750187158,,,,,,,,,,,
gaussian_subspace,512,15,autogmm_spectral,auto,ok,,0.7299573763144861,600,3,2.0,2.0,3.0,3.0,tied,-8666.041781954427,lse,1,5,bic,,0.1302193750161677,0.1697910419898107,,,,,,,,,,,
gaussian_subspace,512,15,mclust,auto,ok,,0.0,600,3,512.0,,1.0,1.0,XII,-875077.4597140766,,1,5,bic,,390.8209027920384,390.8209027920384,,,,,,,,,,,
gaussian_subspace,512,15,pca,auto,ok,,0.9137751240201548,600,3,2.0,2.0,3.0,3.0,tied,4668.888068155172,,1,5,bic,,0.1229472500272095,0.152214333997108,,,,,,,,,,,
gaussian_subspace,512,15,umap,auto,ok,,0.3021106891302936,600,3,2.0,2.0,4.0,4.0,tied,3653.9714409766257,,1,5,bic,,0.119842583022546,0.1664129580021836,,,,,,,,,,,
gaussian_subspace,512,16,ae_relu,auto,ok,,-0.000367700352863,600,3,2.0,2.0,5.0,5.0,diag,-15719.873374389035,,1,5,bic,0.3513183749746531,0.1930178749607876,0.5443362499354407,,,,,,relu,24.0,1.0,,,
gaussian_subspace,512,16,ae_tanh,auto,ok,,0.8418829784559697,600,3,2.0,2.0,3.0,3.0,spherical,1477.196876740766,,1,5,bic,,0.1176739170332439,0.1460420420044101,,,,,,,,,,,
gaussian_subspace,512,16,autog2m2,auto,ok,,0.7469817229276051,600,3,2.0,2.0,5.0,5.0,full,-687.8708445684316,,1,5,bic,,0.1298021670081652,0.1533258749986998,,,,,,,,,,,
gaussian_subspace,512,16,autogmm_spectral,auto,ok,,0.8099280963257166,600,3,2.0,2.0,3.0,3.0,diag,-8758.221782387762,lse,1,5,bic,,0.1237583339679986,0.1549295840086415,,,,,,,,,,,
gaussian_subspace,512,16,mclust,auto,ok,,0.0,600,3,512.0,,1.0,1.0,XII,-875077.4597140766,,1,5,bic,,389.8597002910683,389.8597002910683,,,,,,,,,,,
gaussian_subspace,512,16,pca,auto,ok,,0.9850125211993978,600,3,2.0,2.0,3.0,3.0,tied,4370.62403274096,,1,5,bic,,0.0980624579824507,0.1306260830024257,,,,,,,,,,,
gaussian_subspace,512,16,umap,auto,ok,,0.5000341346526711,600,3,2.0,2.0,3.0,3.0,full,3651.370825581259,,1,5,bic,,0.1316824589739553,0.1631624999572523,,,,,,,,,,,
gaussian_subspace,512,17,ae_relu,auto,ok,,0.0179317310239448,600,3,2.0,2.0,5.0,5.0,diag,-6959.966067607933,,1,5,bic,0.5709024579264224,0.3022022090153768,0.8731046669417992,,,,,,relu,38.0,1.0,,,
gaussian_subspace,512,17,ae_tanh,auto,ok,,0.0016833346648598,600,3,2.0,2.0,5.0,5.0,diag,2035.1312027372007,,1,5,bic,,0.1601805000100284,0.1970942079788074,,,,,,,,,,,
gaussian_subspace,512,17,autog2m2,auto,ok,,0.619730970707733,600,3,2.0,2.0,5.0,5.0,full,-1600.1089946387738,,1,5,bic,,0.0967446669819764,0.1391393330413848,,,,,,,,,,,
gaussian_subspace,512,17,autogmm_spectral,auto,ok,,0.0,600,3,2.0,2.0,1.0,1.0,spherical,-8336.853555774675,lse,1,5,bic,,0.1488741670036688,0.1882128329598345,,,,,,,,,,,
gaussian_subspace,512,17,mclust,auto,ok,,0.0,600,3,512.0,,1.0,1.0,XII,-875077.4597140766,,1,5,bic,,390.3362350000534,390.3362350000534,,,,,,,,,,,
gaussian_subspace,512,17,pca,auto,ok,,0.4679641512335749,600,3,2.0,2.0,3.0,3.0,tied,5032.170115075599,,1,5,bic,,0.1431220839731395,0.1796382499742321,,,,,,,,,,,
gaussian_subspace,512,17,umap,auto,ok,,0.0559602585065295,600,3,2.0,2.0,4.0,4.0,tied,3649.292779885324,,1,5,bic,,0.1391781250131316,0.178788082965184,,,,,,,,,,,
gaussian_subspace,512,18,ae_relu,auto,ok,,0.1258238019062462,600,3,2.0,2.0,5.0,5.0,full,-1838.3291345594007,,1,5,bic,0.7796214169356972,0.4010590410325676,1.1806804579682648,,,,,,relu,51.0,1.0,,,
gaussian_subspace,512,18,ae_tanh,auto,ok,,0.5539903913087465,600,3,2.0,2.0,5.0,5.0,diag,1590.004493498439,,1,5,bic,,0.2120698329526931,0.2486879590433091,,,,,,,,,,,
gaussian_subspace,512,18,autog2m2,auto,ok,,0.6219302510017944,600,3,2.0,2.0,5.0,5.0,full,-847.0742326879757,,1,5,bic,,0.1381908750045113,0.1626560409786179,,,,,,,,,,,
gaussian_subspace,512,18,autogmm_spectral,auto,ok,,0.733463725753223,600,3,2.0,2.0,3.0,3.0,tied,-8651.973451632097,lse,1,5,bic,,0.1118166660307906,0.1422403329634107,,,,,,,,,,,
gaussian_subspace,512,18,mclust,auto,ok,,0.0,600,3,512.0,,1.0,1.0,XII,-875077.4597140766,,1,5,bic,,390.8093144170707,390.8093144170707,,,,,,,,,,,
gaussian_subspace,512,18,pca,auto,ok,,0.9800962940103582,600,3,2.0,2.0,3.0,3.0,tied,4603.131251086332,,1,5,bic,,0.1243758339551277,0.160081333015114,,,,,,,,,,,
gaussian_subspace,512,18,umap,auto,ok,,0.3605158310171569,600,3,2.0,2.0,4.0,4.0,tied,3642.460214297721,,1,5,bic,,0.1642674580216407,0.2179675410152413,,,,,,,,,,,
gaussian_subspace,512,19,ae_relu,auto,ok,,-0.0003453048868072,600,3,2.0,2.0,4.0,4.0,diag,-15956.521652915582,,1,5,bic,0.3855443749343976,0.1766689999494701,0.5622133748838678,,,,,,relu,25.0,1.0,,,
gaussian_subspace,512,19,ae_tanh,auto,ok,,0.656889107952438,600,3,2.0,2.0,5.0,5.0,diag,1510.253943181167,,1,5,bic,,0.2072451250278391,0.2366850829566829,,,,,,,,,,,
gaussian_subspace,512,19,autog2m2,auto,ok,,0.673259145281631,600,3,2.0,2.0,5.0,5.0,full,-961.9481504989828,,1,5,bic,,0.1227813339792192,0.1499262090073898,,,,,,,,,,,
gaussian_subspace,512,19,autogmm_spectral,auto,ok,,0.8508451429268701,600,3,2.0,2.0,3.0,3.0,tied,-8760.212927913528,lse,1,5,bic,,0.111671041988302,0.1445710000116378,,,,,,,,,,,
gaussian_subspace,512,19,mclust,auto,ok,,0.0,600,3,512.0,,1.0,1.0,XII,-875077.4597140766,,1,5,bic,,390.1654658339685,390.1654658339685,,,,,,,,,,,
gaussian_subspace,512,19,pca,auto,ok,,0.9700535288680806,600,3,2.0,2.0,3.0,3.0,tied,4540.631756337713,,1,5,bic,,0.1119405000354163,0.1495056669809855,,,,,,,,,,,
gaussian_subspace,512,19,umap,auto,ok,,0.393567427636496,600,3,2.0,2.0,5.0,5.0,tied,3640.780801306633,,1,5,bic,,0.1464054579846561,0.1888119170325808,,,,,,,,,,,
gaussian_subspace,1024,0,ae_relu,auto,ok,,-0.0002497615661155,600,3,2.0,2.0,4.0,4.0,diag,-13379.273983789632,,1,5,bic,0.6522756250342354,0.1928672910435125,0.8451429160777479,,,,,,relu,23.0,1.0,,,
gaussian_subspace,1024,0,ae_tanh,auto,ok,,0.0047003045366343,600,3,2.0,2.0,5.0,5.0,full,2055.5322374301045,,1,5,bic,,0.1369575000135228,0.1718356249621138,,,,,,,,,,,
gaussian_subspace,1024,0,autog2m2,auto,ok,,0.6650957255474744,600,3,2.0,2.0,5.0,5.0,diag,-1245.34046354271,,1,5,bic,,0.1672101249569095,0.1973896250128746,,,,,,,,,,,
gaussian_subspace,1024,0,autogmm_spectral,auto,ok,,0.0,600,3,2.0,2.0,1.0,1.0,spherical,-8293.226436041577,lse,1,5,bic,,0.1210732500185258,0.1523969169938936,,,,,,,,,,,
gaussian_subspace,1024,0,mclust,auto,ok,,0.0,600,3,1024.0,,1.0,1.0,XII,-1750148.522498498,,1,5,bic,,6.981276625068858,6.981276625068858,,,,,,,,,,,
gaussian_subspace,1024,0,pca,auto,ok,,0.8254787817472566,600,3,2.0,2.0,3.0,3.0,tied,5322.218509909812,,1,5,bic,,0.1280976249836385,0.159971457964275,,,,,,,,,,,
gaussian_subspace,1024,0,umap,auto,ok,,0.0183623897853588,600,3,2.0,2.0,2.0,2.0,tied,3637.661266885845,,1,5,bic,,0.1116251249914057,0.140819999971427,,,,,,,,,,,
gaussian_subspace,1024,1,ae_relu,auto,ok,,0.003957791918244,600,3,2.0,2.0,5.0,5.0,diag,-7338.586049040012,,1,5,bic,0.6520374590763822,0.3264300840673968,0.978467543143779,,,,,,relu,23.0,1.0,,,
gaussian_subspace,1024,1,ae_tanh,auto,ok,,-8.051441971611726e-05,600,3,2.0,2.0,5.0,5.0,diag,2011.104274974261,,1,5,bic,,0.1785602919990196,0.2554151659714989,,,,,,,,,,,
gaussian_subspace,1024,1,autog2m2,auto,ok,,0.5941304539068196,600,3,2.0,2.0,5.0,5.0,full,-1091.0508670542208,,1,5,bic,,0.1571643750066869,0.1842307090410031,,,,,,,,,,,
gaussian_subspace,1024,1,autogmm_spectral,auto,ok,,0.2719800493014704,600,3,2.0,2.0,2.0,2.0,full,-8306.403069053536,lse,1,5,bic,,0.1150243330048397,0.1460669999942183,,,,,,,,,,,
gaussian_subspace,1024,1,mclust,auto,ok,,0.0,600,3,1024.0,,1.0,1.0,XII,-1750148.522498498,,1,5,bic,,4.348975584027357,4.348975584027357,,,,,,,,,,,
gaussian_subspace,1024,1,pca,auto,ok,,0.750544541555514,600,3,2.0,2.0,3.0,3.0,tied,5412.606895574974,,1,5,bic,,0.0945800830377265,0.1224658749997615,,,,,,,,,,,
gaussian_subspace,1024,1,umap,auto,ok,,0.0420343560979209,600,3,2.0,2.0,2.0,2.0,tied,3615.9020503379634,,1,5,bic,,0.1330051250406541,0.161638083984144,,,,,,,,,,,
gaussian_subspace,1024,2,ae_relu,auto,ok,,0.0020266669929796,600,3,2.0,2.0,4.0,4.0,diag,-10678.191608819672,,1,5,bic,0.6475722080795094,0.2396195840556174,0.8871917921351269,,,,,,relu,23.0,1.0,,,
gaussian_subspace,1024,2,ae_tanh,auto,ok,,0.0091367330935945,600,3,2.0,2.0,5.0,5.0,diag,2006.9384026992675,,1,5,bic,,0.1248599580139853,0.1604500000248663,,,,,,,,,,,
gaussian_subspace,1024,2,autog2m2,auto,ok,,0.7559975906925593,600,3,2.0,2.0,5.0,5.0,full,-1050.952615767534,,1,5,bic,,0.196838584030047,0.2936757910065353,,,,,,,,,,,
gaussian_subspace,1024,2,autogmm_spectral,auto,ok,,0.2774490061460961,600,3,2.0,2.0,3.0,3.0,tied,-8328.104062601156,lse,1,5,bic,,0.0970097910030745,0.1231138330185785,,,,,,,,,,,
gaussian_subspace,1024,2,mclust,auto,ok,,0.0,600,3,1024.0,,1.0,1.0,XII,-1750148.522498498,,1,5,bic,,5.977495374972932,5.977495374972932,,,,,,,,,,,
gaussian_subspace,1024,2,pca,auto,ok,,0.8047740500480302,600,3,2.0,2.0,3.0,3.0,tied,5320.398646360439,,1,5,bic,,0.0823875829810276,0.1051897919969633,,,,,,,,,,,
gaussian_subspace,1024,2,umap,auto,ok,,0.0341264898345718,600,3,2.0,2.0,2.0,2.0,tied,3585.998939702078,,1,5,bic,,0.0851057500112801,0.1100201250519603,,,,,,,,,,,
gaussian_subspace,1024,3,ae_relu,auto,ok,,0.024584895756993,600,3,2.0,2.0,5.0,5.0,diag,-11464.852342051132,,1,5,bic,0.6548009159741923,0.2457282090326771,0.9005291250068694,,,,,,relu,23.0,1.0,,,
gaussian_subspace,1024,3,ae_tanh,auto,ok,,0.01152160550156,600,3,2.0,2.0,5.0,5.0,diag,1926.256289268312,,1,5,bic,,0.1543723330250941,0.1928303329623304,,,,,,,,,,,
gaussian_subspace,1024,3,autog2m2,auto,ok,,0.7534275818198466,600,3,2.0,2.0,5.0,5.0,full,-806.7383597871141,,1,5,bic,,0.1201416249969042,0.1509550839546136,,,,,,,,,,,
gaussian_subspace,1024,3,autogmm_spectral,auto,ok,,0.4291569630432081,600,3,2.0,2.0,3.0,3.0,spherical,-8341.51399354147,lse,1,5,bic,,0.1081085000187158,0.1364035420119762,,,,,,,,,,,
gaussian_subspace,1024,3,mclust,auto,ok,,0.0,600,3,1024.0,,1.0,1.0,XII,-1750148.522498498,,1,5,bic,,6.034602291998453,6.034602291998453,,,,,,,,,,,
gaussian_subspace,1024,3,pca,auto,ok,,0.8834498174154124,600,3,2.0,2.0,3.0,3.0,tied,5238.672214284092,,1,5,bic,,0.1875662499805912,0.2104578340076841,,,,,,,,,,,
gaussian_subspace,1024,3,umap,auto,ok,,0.1228988841093061,600,3,2.0,2.0,2.0,2.0,tied,3582.0413327808924,,1,5,bic,,0.0984327499754726,0.123892625037115,,,,,,,,,,,
gaussian_subspace,1024,4,ae_relu,auto,ok,,-0.0021963085714411,600,3,2.0,2.0,4.0,4.0,diag,-9313.581456928923,,1,5,bic,0.6480192079907283,0.2375786670017987,0.8855978749925271,,,,,,relu,23.0,1.0,,,
gaussian_subspace,1024,4,ae_tanh,auto,ok,,0.013853802152329,600,3,2.0,2.0,5.0,5.0,diag,1883.9581866462945,,1,5,bic,,0.2382818330079317,0.3499421249725856,,,,,,,,,,,
gaussian_subspace,1024,4,autog2m2,auto,ok,,0.8046385618190673,600,3,2.0,2.0,5.0,5.0,full,-1353.8676743102187,,1,5,bic,,0.1198473750264383,0.1464115420239977,,,,,,,,,,,
gaussian_subspace,1024,4,autogmm_spectral,auto,ok,,0.5526310610508157,600,3,2.0,2.0,3.0,3.0,tied,-8409.619327813296,lse,1,5,bic,,0.1423395840101875,0.1785832910099998,,,,,,,,,,,
gaussian_subspace,1024,4,mclust,auto,ok,,0.0,600,3,1024.0,,1.0,1.0,XII,-1750148.522498498,,1,5,bic,,6.604857790982351,6.604857790982351,,,,,,,,,,,
gaussian_subspace,1024,4,pca,auto,ok,,0.9505751705837368,600,3,2.0,2.0,3.0,3.0,tied,5182.702422255917,,1,5,bic,,0.1054917919682338,0.1321556670009158,,,,,,,,,,,
gaussian_subspace,1024,4,umap,auto,ok,,0.1671532385667563,600,3,2.0,2.0,4.0,4.0,tied,3604.7272802008297,,1,5,bic,,0.2192005830002017,0.2665230830316432,,,,,,,,,,,
gaussian_subspace,1024,5,ae_relu,auto,ok,,-0.0014857670510844,600,3,2.0,2.0,5.0,5.0,diag,-13377.90997871537,,1,5,bic,0.6623190420214087,0.2167550000594928,0.8790740420809016,,,,,,relu,23.0,1.0,,,
gaussian_subspace,1024,5,ae_tanh,auto,ok,,0.0296586005175605,600,3,2.0,2.0,4.0,4.0,diag,2024.5897089119544,,1,5,bic,,0.2395939999842085,0.287358958972618,,,,,,,,,,,
gaussian_subspace,1024,5,autog2m2,auto,ok,,0.7863516725934037,600,3,2.0,2.0,5.0,5.0,full,-3027.128508394967,,1,5,bic,,0.0772142090136185,0.1113964159740135,,,,,,,,,,,
gaussian_subspace,1024,5,autogmm_spectral,auto,ok,,0.5878375845725311,600,3,2.0,2.0,3.0,3.0,tied,-8375.39996179464,lse,1,5,bic,,0.1700040000141598,0.2153028750326484,,,,,,,,,,,
gaussian_subspace,1024,5,mclust,auto,ok,,0.0,600,3,1024.0,,1.0,1.0,XII,-1750148.522498498,,1,5,bic,,6.1311481250450015,6.1311481250450015,,,,,,,,,,,
gaussian_subspace,1024,5,pca,auto,ok,,0.9408581404628348,600,3,2.0,2.0,3.0,3.0,tied,5023.175401242178,,1,5,bic,,0.100159750028979,0.1270589999621734,,,,,,,,,,,
gaussian_subspace,1024,5,umap,auto,ok,,0.0913754223504309,600,3,2.0,2.0,4.0,4.0,tied,3612.499419938824,,1,5,bic,,0.1203327910043299,0.1655356250121258,,,,,,,,,,,
gaussian_subspace,1024,6,ae_relu,auto,ok,,0.0023434737693487,600,3,2.0,2.0,5.0,5.0,diag,-11921.109297455288,,1,5,bic,0.6607577919494361,0.220424750004895,0.8811825419543311,,,,,,relu,23.0,1.0,,,
gaussian_subspace,1024,6,ae_tanh,auto,ok,,0.00902197833187,600,3,2.0,2.0,5.0,5.0,diag,1980.577743131872,,1,5,bic,,0.1727797919884324,0.2129319999949075,,,,,,,,,,,
gaussian_subspace,1024,6,autog2m2,auto,ok,,0.77904250205143,600,3,2.0,2.0,5.0,5.0,spherical,-1042.6789664849482,,1,5,bic,,0.1026024160091765,0.1504507500212639,,,,,,,,,,,
gaussian_subspace,1024,6,autogmm_spectral,auto,ok,,0.4809104299711309,600,3,2.0,2.0,3.0,3.0,tied,-8362.545981275744,lse,1,5,bic,,0.1153981249663047,0.1576515000197105,,,,,,,,,,,
gaussian_subspace,1024,6,mclust,auto,ok,,0.0,600,3,1024.0,,1.0,1.0,XII,-1750148.522498498,,1,5,bic,,6.430477084009908,6.430477084009908,,,,,,,,,,,
gaussian_subspace,1024,6,pca,auto,ok,,0.9216281254025872,600,3,2.0,2.0,3.0,3.0,tied,5093.535255234381,,1,5,bic,,0.1058532500173896,0.1317803330020979,,,,,,,,,,,
gaussian_subspace,1024,6,umap,auto,ok,,0.1049554732097022,600,3,2.0,2.0,2.0,2.0,tied,3594.262036393151,,1,5,bic,,0.1079338329727761,0.1476696250028908,,,,,,,,,,,
gaussian_subspace,1024,7,ae_relu,auto,ok,,0.0014866024330871,600,3,2.0,2.0,5.0,5.0,diag,-7336.742068254298,,1,5,bic,0.6631070000585169,0.2937978750560432,0.95690487511456,,,,,,relu,23.0,1.0,,,
gaussian_subspace,1024,7,ae_tanh,auto,ok,,0.0124691615847404,600,3,2.0,2.0,5.0,5.0,diag,1978.247537321362,,1,5,bic,,0.1720918749924749,0.2342608330072835,,,,,,,,,,,
gaussian_subspace,1024,7,autog2m2,auto,ok,,0.6813366766559517,600,3,2.0,2.0,5.0,5.0,full,-876.9648280657228,,1,5,bic,,0.1158328750170767,0.1406754159834236,,,,,,,,,,,
gaussian_subspace,1024,7,autogmm_spectral,auto,ok,,0.5643696207510156,600,3,2.0,2.0,3.0,3.0,full,-8502.000946219981,lse,1,5,bic,,0.1331922090030275,0.1666384999989532,,,,,,,,,,,
gaussian_subspace,1024,7,mclust,auto,ok,,0.0,600,3,1024.0,,1.0,1.0,XII,-1750148.522498498,,1,5,bic,,6.243722042068839,6.243722042068839,,,,,,,,,,,
gaussian_subspace,1024,7,pca,auto,ok,,0.975179940672022,600,3,2.0,2.0,3.0,3.0,tied,4990.734394666174,,1,5,bic,,0.0948108750162646,0.1209662089822813,,,,,,,,,,,
gaussian_subspace,1024,7,umap,auto,ok,,0.1783392334979646,600,3,2.0,2.0,4.0,4.0,tied,3645.742509728236,,1,5,bic,,0.1268170410185121,0.1590702079702168,,,,,,,,,,,
gaussian_subspace,1024,8,ae_relu,auto,ok,,-0.000923635060311,600,3,2.0,2.0,5.0,5.0,diag,-7204.353788571594,,1,5,bic,0.64686358300969,0.3201701670186594,0.9670337500283496,,,,,,relu,23.0,1.0,,,
gaussian_subspace,1024,8,ae_tanh,auto,ok,,0.0035710128730138,600,3,2.0,2.0,5.0,5.0,diag,1996.072475190782,,1,5,bic,,0.1591478339978493,0.2103599589900113,,,,,,,,,,,
gaussian_subspace,1024,8,autog2m2,auto,ok,,0.8171560905046099,600,3,2.0,2.0,5.0,5.0,full,-777.0800399588303,,1,5,bic,,0.1051004999899305,0.1289775839541107,,,,,,,,,,,
gaussian_subspace,1024,8,autogmm_spectral,auto,ok,,0.0,600,3,2.0,2.0,1.0,1.0,spherical,-8309.704378017395,lse,1,5,bic,,0.1359750420087948,0.1690126250032335,,,,,,,,,,,
gaussian_subspace,1024,8,mclust,auto,ok,,0.0,600,3,1024.0,,1.0,1.0,XII,-1750148.522498498,,1,5,bic,,4.946314750006422,4.946314750006422,,,,,,,,,,,
gaussian_subspace,1024,8,pca,auto,ok,,0.7839972779368188,600,3,2.0,2.0,3.0,3.0,tied,5352.861478708031,,1,5,bic,,0.1003630420309491,0.1281938329921104,,,,,,,,,,,
gaussian_subspace,1024,8,umap,auto,ok,,0.0122389839822855,600,3,2.0,2.0,2.0,2.0,tied,3627.244044586007,,1,5,bic,,0.1228909169440157,0.1526919580064714,,,,,,,,,,,
gaussian_subspace,1024,9,ae_relu,auto,ok,,0.0019398026789724,600,3,2.0,2.0,4.0,4.0,diag,-11322.139767062248,,1,5,bic,0.6656625419855118,0.2224938329309225,0.8881563749164343,,,,,,relu,23.0,1.0,,,
gaussian_subspace,1024,9,ae_tanh,auto,ok,,-0.0002175181155273,600,3,2.0,2.0,5.0,5.0,diag,1994.0166546596345,,1,5,bic,,0.1492644999525509,0.199901666957885,,,,,,,,,,,
gaussian_subspace,1024,9,autog2m2,auto,ok,,0.7051402780907084,600,3,2.0,2.0,5.0,5.0,diag,-1456.1708696459457,,1,5,bic,,0.108340916049201,0.1335315829492174,,,,,,,,,,,
gaussian_subspace,1024,9,autogmm_spectral,auto,ok,,0.0,600,3,2.0,2.0,1.0,1.0,spherical,-8326.72205504515,lse,1,5,bic,,0.1459738330449909,0.1837675420101732,,,,,,,,,,,
gaussian_subspace,1024,9,mclust,auto,ok,,0.0,600,3,1024.0,,1.0,1.0,XII,-1750148.522498498,,1,5,bic,,5.12562970793806,5.12562970793806,,,,,,,,,,,
gaussian_subspace,1024,9,pca,auto,ok,,0.0,600,3,2.0,2.0,1.0,1.0,spherical,5487.930466303265,,1,5,bic,,0.1139857500093057,0.1562248750124126,,,,,,,,,,,
gaussian_subspace,1024,9,umap,auto,ok,,0.0247972907086396,600,3,2.0,2.0,2.0,2.0,tied,3596.5160175331407,,1,5,bic,,0.1247301659896038,0.1534028330352157,,,,,,,,,,,
gaussian_subspace,1024,10,ae_relu,auto,ok,,0.006302576344524,600,3,2.0,2.0,5.0,5.0,diag,-8053.607941829439,,1,5,bic,0.6543135830434039,0.2852315830532461,0.93954516609665,,,,,,relu,23.0,1.0,,,
gaussian_subspace,1024,10,ae_tanh,auto,ok,,0.00559575697154,600,3,2.0,2.0,5.0,5.0,diag,1924.4548348735384,,1,5,bic,,0.2176144169643521,0.2777571249753237,,,,,,,,,,,
gaussian_subspace,1024,10,autog2m2,auto,ok,,0.6982361975523895,600,3,2.0,2.0,5.0,5.0,full,-1016.154277630529,,1,5,bic,,0.1095941659878008,0.1355032499996014,,,,,,,,,,,
gaussian_subspace,1024,10,autogmm_spectral,auto,ok,,0.0,600,3,2.0,2.0,1.0,1.0,spherical,-8309.431927742877,lse,1,5,bic,,0.1348662500386126,0.1691492089885287,,,,,,,,,,,
gaussian_subspace,1024,10,mclust,auto,ok,,0.0,600,3,1024.0,,1.0,1.0,XII,-1750148.522498498,,1,5,bic,,4.667262875009328,4.667262875009328,,,,,,,,,,,
gaussian_subspace,1024,10,pca,auto,ok,,0.646533794947806,600,3,2.0,2.0,3.0,3.0,tied,5454.598545818662,,1,5,bic,,0.1265544589841738,0.1565309159923344,,,,,,,,,,,
gaussian_subspace,1024,10,umap,auto,ok,,0.0142187226315684,600,3,2.0,2.0,2.0,2.0,tied,3585.2382592267923,,1,5,bic,,0.1237980410223826,0.1631908330018632,,,,,,,,,,,
gaussian_subspace,1024,11,ae_relu,auto,ok,,-0.0002470950600334,600,3,2.0,2.0,4.0,4.0,diag,-13037.63042236332,,1,5,bic,0.664088207995519,0.2042767079547047,0.8683649159502238,,,,,,relu,23.0,1.0,,,
gaussian_subspace,1024,11,ae_tanh,auto,ok,,0.0044841473949517,600,3,2.0,2.0,5.0,5.0,diag,2011.5324388695053,,1,5,bic,,0.1543952919892035,0.1926200000452809,,,,,,,,,,,
gaussian_subspace,1024,11,autog2m2,auto,ok,,0.6459110841783539,600,3,2.0,2.0,5.0,5.0,full,-1283.523685190266,,1,5,bic,,0.1393698749598115,0.1698433340061456,,,,,,,,,,,
gaussian_subspace,1024,11,autogmm_spectral,auto,ok,,0.0,600,3,2.0,2.0,1.0,1.0,spherical,-8316.927086986894,lse,1,5,bic,,0.1396208750084042,0.1726353749982081,,,,,,,,,,,
gaussian_subspace,1024,11,mclust,auto,ok,,0.0,600,3,1024.0,,1.0,1.0,XII,-1750148.522498498,,1,5,bic,,4.684138291981071,4.684138291981071,,,,,,,,,,,
gaussian_subspace,1024,11,pca,auto,ok,,0.4741963598051155,600,3,2.0,2.0,2.0,2.0,tied,5372.522422626,,1,5,bic,,0.1330150000285357,0.1664376249536872,,,,,,,,,,,
gaussian_subspace,1024,11,umap,auto,ok,,0.0178681441302713,600,3,2.0,2.0,4.0,4.0,tied,3627.762847372015,,1,5,bic,,0.1164829999906942,0.162799708021339,,,,,,,,,,,
gaussian_subspace,1024,12,ae_relu,auto,ok,,0.0051682215805652,600,3,2.0,2.0,5.0,5.0,diag,-14018.762154911085,,1,5,bic,0.6566842499887571,0.1727899170946329,0.8294741670833901,,,,,,relu,23.0,1.0,,,
gaussian_subspace,1024,12,ae_tanh,auto,ok,,0.0237945238953442,600,3,2.0,2.0,5.0,5.0,diag,1999.8406056625145,,1,5,bic,,0.1746693339664489,0.2261674999608658,,,,,,,,,,,
gaussian_subspace,1024,12,autog2m2,auto,ok,,0.730615751906824,600,3,2.0,2.0,5.0,5.0,spherical,-854.7733795256124,,1,5,bic,,0.1244153750012628,0.1611665830132551,,,,,,,,,,,
gaussian_subspace,1024,12,autogmm_spectral,auto,ok,,0.0,600,3,2.0,2.0,1.0,1.0,spherical,-8305.928896190651,lse,1,5,bic,,0.1292184999911114,0.1633317079977132,,,,,,,,,,,
gaussian_subspace,1024,12,mclust,auto,ok,,0.0,600,3,1024.0,,1.0,1.0,XII,-1750148.522498498,,1,5,bic,,5.419762499979697,5.419762499979697,,,,,,,,,,,
gaussian_subspace,1024,12,pca,auto,ok,,0.6773655640846055,600,3,2.0,2.0,3.0,3.0,tied,5425.9297654572,,1,5,bic,,0.1216819999972358,0.1514958749758079,,,,,,,,,,,
gaussian_subspace,1024,12,umap,auto,ok,,0.0419191026534279,600,3,2.0,2.0,4.0,4.0,tied,3648.618895222192,,1,5,bic,,0.1394168750266544,0.1754874169710092,,,,,,,,,,,
gaussian_subspace,1024,13,ae_relu,auto,ok,,-0.0015047850403274,600,3,2.0,2.0,4.0,4.0,diag,-12817.703565562606,,1,5,bic,0.6623627089429647,0.2260600409936159,0.8884227499365807,,,,,,relu,23.0,1.0,,,
gaussian_subspace,1024,13,ae_tanh,auto,ok,,0.0057908744247599,600,3,2.0,2.0,5.0,5.0,diag,1914.6713938420971,,1,5,bic,,0.2475545000052079,0.3146278749918565,,,,,,,,,,,
gaussian_subspace,1024,13,autog2m2,auto,ok,,0.7158974936872696,600,3,2.0,2.0,5.0,5.0,full,-932.9853078265284,,1,5,bic,,0.1155603340012021,0.1441417089663446,,,,,,,,,,,
gaussian_subspace,1024,13,autogmm_spectral,auto,ok,,0.5027147363530918,600,3,2.0,2.0,3.0,3.0,spherical,-8379.293538358763,lse,1,5,bic,,0.1356559160049073,0.170711625018157,,,,,,,,,,,
gaussian_subspace,1024,13,mclust,auto,ok,,0.0,600,3,1024.0,,1.0,1.0,XII,-1750148.522498498,,1,5,bic,,6.611656166962348,6.611656166962348,,,,,,,,,,,
gaussian_subspace,1024,13,pca,auto,ok,,0.9358790547426704,600,3,2.0,2.0,3.0,3.0,tied,5205.852155857912,,1,5,bic,,0.134152417012956,0.1642106669605709,,,,,,,,,,,
gaussian_subspace,1024,13,umap,auto,ok,,0.0419879811751847,600,3,2.0,2.0,5.0,5.0,tied,3614.3977802013055,,1,5,bic,,0.1466643330059014,0.181806750013493,,,,,,,,,,,
gaussian_subspace,1024,14,ae_relu,auto,ok,,0.0634514070036746,600,3,2.0,2.0,5.0,5.0,diag,-5782.25188839683,,1,5,bic,1.15124812501017,0.3300987499533221,1.4813468749634922,,,,,,relu,41.0,1.0,,,
gaussian_subspace,1024,14,ae_tanh,auto,ok,,0.0404751485596939,600,3,2.0,2.0,5.0,5.0,diag,1938.959089600549,,1,5,bic,,0.2160518749733455,0.2649437499931082,,,,,,,,,,,
gaussian_subspace,1024,14,autog2m2,auto,ok,,0.7724264694647809,600,3,2.0,2.0,5.0,5.0,full,-1036.983978890857,,1,5,bic,,0.1368192920344881,0.1709701669751666,,,,,,,,,,,
gaussian_subspace,1024,14,autogmm_spectral,auto,ok,,0.2925329167081256,600,3,2.0,2.0,2.0,2.0,diag,-8355.202827379153,lse,1,5,bic,,0.1387210829998366,0.1842242500279098,,,,,,,,,,,
gaussian_subspace,1024,14,mclust,auto,ok,,0.0,600,3,1024.0,,1.0,1.0,XII,-1750148.522498498,,1,5,bic,,5.8397307499544695,5.8397307499544695,,,,,,,,,,,
gaussian_subspace,1024,14,pca,auto,ok,,0.7485378618924581,600,3,2.0,2.0,3.0,3.0,tied,5447.323219006319,,1,5,bic,,0.1326449579792097,0.16727491596248,,,,,,,,,,,
gaussian_subspace,1024,14,umap,auto,ok,,0.0,600,3,2.0,2.0,1.0,1.0,spherical,3581.5830276329134,,1,5,bic,,0.1165020420448854,0.1641804999671876,,,,,,,,,,,
gaussian_subspace,1024,15,ae_relu,auto,ok,,0.0026167102395829,600,3,2.0,2.0,4.0,4.0,diag,-14501.668871718062,,1,5,bic,0.6625531669706106,0.1927187500987202,0.8552719170693308,,,,,,relu,23.0,1.0,,,
gaussian_subspace,1024,15,ae_tanh,auto,ok,,0.0056669388409229,600,3,2.0,2.0,5.0,5.0,full,1962.039603140422,,1,5,bic,,0.1594755830010399,0.2040438339463435,,,,,,,,,,,
gaussian_subspace,1024,15,autog2m2,auto,ok,,0.7470966613319212,600,3,2.0,2.0,5.0,5.0,full,-1018.6438342534844,,1,5,bic,,0.1088360830326564,0.1394796669483184,,,,,,,,,,,
gaussian_subspace,1024,15,autogmm_spectral,auto,ok,,0.4110803404761172,600,3,2.0,2.0,3.0,3.0,tied,-8367.750965995365,lse,1,5,bic,,0.1437702910043299,0.1753759169951081,,,,,,,,,,,
gaussian_subspace,1024,15,mclust,auto,ok,,0.0,600,3,1024.0,,1.0,1.0,XII,-1750148.522498498,,1,5,bic,,6.268831833964214,6.268831833964214,,,,,,,,,,,
gaussian_subspace,1024,15,pca,auto,ok,,0.8667726969889269,600,3,2.0,2.0,3.0,3.0,tied,5268.806032086106,,1,5,bic,,0.123528708005324,0.1533295419649221,,,,,,,,,,,
gaussian_subspace,1024,15,umap,auto,ok,,-0.0019256551045464,600,3,2.0,2.0,2.0,2.0,tied,3626.140470274208,,1,5,bic,,0.1330707080196589,0.1651451669749803,,,,,,,,,,,
gaussian_subspace,1024,16,ae_relu,auto,ok,,0.0002248486052165,600,3,2.0,2.0,5.0,5.0,diag,-5047.017353310233,,1,5,bic,0.6555415421025828,0.323917125002481,0.9794586671050638,,,,,,relu,23.0,1.0,,,
gaussian_subspace,1024,16,ae_tanh,auto,ok,,0.0016484941389782,600,3,2.0,2.0,5.0,5.0,diag,2012.3669784405688,,1,5,bic,,0.2007045419886708,0.253981499990914,,,,,,,,,,,
gaussian_subspace,1024,16,autog2m2,auto,ok,,0.8314766772082409,600,3,2.0,2.0,4.0,4.0,full,-3013.245231086851,,1,5,bic,,0.1408067910233512,0.1690342089859768,,,,,,,,,,,
gaussian_subspace,1024,16,autogmm_spectral,auto,ok,,0.2045900981947195,600,3,2.0,2.0,2.0,2.0,tied,-8310.938333140239,lse,1,5,bic,,0.1444269999628886,0.1819666249793954,,,,,,,,,,,
gaussian_subspace,1024,16,mclust,auto,ok,,0.0,600,3,1024.0,,1.0,1.0,XII,-1750148.522498498,,1,5,bic,,5.312495750025846,5.312495750025846,,,,,,,,,,,
gaussian_subspace,1024,16,pca,auto,ok,,0.6260158675808191,600,3,2.0,2.0,3.0,3.0,tied,5305.000741017963,,1,5,bic,,0.1327950420090928,0.1692508750129491,,,,,,,,,,,
gaussian_subspace,1024,16,umap,auto,ok,,0.0602794436100418,600,3,2.0,2.0,2.0,2.0,tied,3605.997033926914,,1,5,bic,,0.1313959580147639,0.165678332967218,,,,,,,,,,,
gaussian_subspace,1024,17,ae_relu,auto,ok,,0.0109774399424242,600,3,2.0,2.0,4.0,4.0,diag,-14871.552575838126,,1,5,bic,0.6615057080052793,0.1753070830600336,0.8368127910653129,,,,,,relu,23.0,1.0,,,
gaussian_subspace,1024,17,ae_tanh,auto,ok,,0.0079215961459465,600,3,2.0,2.0,5.0,5.0,diag,2030.2868315447563,,1,5,bic,,0.196091833000537,0.2559494170127436,,,,,,,,,,,
gaussian_subspace,1024,17,autog2m2,auto,ok,,0.7515052638328141,600,3,2.0,2.0,5.0,5.0,full,-3493.819487196655,,1,5,bic,,0.14159108401509,0.1732475839671678,,,,,,,,,,,
gaussian_subspace,1024,17,autogmm_spectral,auto,ok,,0.4078521038723216,600,3,2.0,2.0,3.0,3.0,tied,-8329.559244329934,lse,1,5,bic,,0.1371192499645985,0.1710790420183912,,,,,,,,,,,
gaussian_subspace,1024,17,mclust,auto,ok,,0.0,600,3,1024.0,,1.0,1.0,XII,-1750148.522498498,,1,5,bic,,6.2986592499073595,6.2986592499073595,,,,,,,,,,,
gaussian_subspace,1024,17,pca,auto,ok,,0.909034522196778,600,3,2.0,2.0,3.0,3.0,tied,5099.031955366819,,1,5,bic,,0.1108054160140454,0.1396091249771416,,,,,,,,,,,
gaussian_subspace,1024,17,umap,auto,ok,,0.0819223003882125,600,3,2.0,2.0,2.0,2.0,tied,3598.484955350414,,1,5,bic,,0.1379585409886203,0.1731291670002974,,,,,,,,,,,
gaussian_subspace,1024,18,ae_relu,auto,ok,,0.0053062089334642,600,3,2.0,2.0,5.0,5.0,diag,-13197.49591620226,,1,5,bic,0.6620450840564445,0.2167507089907303,0.8787957930471748,,,,,,relu,23.0,1.0,,,
gaussian_subspace,1024,18,ae_tanh,auto,ok,,0.010807788049166,600,3,2.0,2.0,5.0,5.0,full,1920.432545968024,,1,5,bic,,0.2605384589987807,0.3208487079828046,,,,,,,,,,,
gaussian_subspace,1024,18,autog2m2,auto,ok,,0.8252879630339687,600,3,2.0,2.0,5.0,5.0,full,-1308.8450873979614,,1,5,bic,,0.1115314160124398,0.135138832964003,,,,,,,,,,,
gaussian_subspace,1024,18,autogmm_spectral,auto,ok,,0.0,600,3,2.0,2.0,1.0,1.0,spherical,-8290.570730959591,lse,1,5,bic,,0.1370808329666033,0.1864802499767393,,,,,,,,,,,
gaussian_subspace,1024,18,mclust,auto,ok,,0.0,600,3,1024.0,,1.0,1.0,XII,-1750148.522498498,,1,5,bic,,6.02689887501765,6.02689887501765,,,,,,,,,,,
gaussian_subspace,1024,18,pca,auto,ok,,0.8021828167666836,600,3,2.0,2.0,3.0,3.0,tied,5264.168496805055,,1,5,bic,,0.1305090830428525,0.1620927919866517,,,,,,,,,,,
gaussian_subspace,1024,18,umap,auto,ok,,0.0128150530030228,600,3,2.0,2.0,4.0,4.0,tied,3608.953061960943,,1,5,bic,,0.1266078329645097,0.1753049589460715,,,,,,,,,,,
gaussian_subspace,1024,19,ae_relu,auto,ok,,0.0031187348355978,600,3,2.0,2.0,4.0,4.0,diag,-12486.818303118273,,1,5,bic,0.6568082920275629,0.2109560419339686,0.8677643339615315,,,,,,relu,23.0,1.0,,,
gaussian_subspace,1024,19,ae_tanh,auto,ok,,0.0110679410891332,600,3,2.0,2.0,5.0,5.0,diag,1922.73169153012,,1,5,bic,,0.2679899580543861,0.3486092920065857,,,,,,,,,,,
gaussian_subspace,1024,19,autog2m2,auto,ok,,0.6113835100083163,600,3,2.0,2.0,5.0,5.0,full,-1150.6996643050966,,1,5,bic,,0.1318102909717708,0.1643283750163391,,,,,,,,,,,
gaussian_subspace,1024,19,autogmm_spectral,auto,ok,,0.0,600,3,2.0,2.0,1.0,1.0,spherical,-8303.798519208818,lse,1,5,bic,,0.1594249589834362,0.202853083028458,,,,,,,,,,,
gaussian_subspace,1024,19,mclust,auto,ok,,0.0,600,3,1024.0,,1.0,1.0,XII,-1750148.522498498,,1,5,bic,,4.53347045800183,4.53347045800183,,,,,,,,,,,
gaussian_subspace,1024,19,pca,auto,ok,,0.7180263270489609,600,3,2.0,2.0,3.0,3.0,tied,5406.024187155891,,1,5,bic,,0.169586582982447,0.2117224999819882,,,,,,,,,,,
gaussian_subspace,1024,19,umap,auto,ok,,0.0285163103971954,600,3,2.0,2.0,5.0,5.0,tied,3597.879040559294,,1,5,bic,,0.1852737909648567,0.235537624976132,,,,,,,,,,,
gaussian_subspace,2048,0,ae_relu,auto,ok,,0.0044677223470698,600,3,2.0,2.0,5.0,5.0,diag,-12300.400939283149,,1,5,bic,1.2930763750337064,0.2368626670213416,1.529939042055048,,,,,,relu,22.0,1.0,,,
gaussian_subspace,2048,0,ae_tanh,auto,ok,,0.0005210409576548,600,3,2.0,2.0,5.0,5.0,full,2027.429254041846,,1,5,bic,,0.128890541032888,0.1676371669746004,,,,,,,,,,,
gaussian_subspace,2048,0,autog2m2,auto,ok,,0.4579917309107053,600,3,2.0,2.0,5.0,5.0,full,-1348.895786372349,,1,5,bic,,0.1813547079800628,0.2190082920133136,,,,,,,,,,,
gaussian_subspace,2048,0,autogmm_spectral,auto,ok,,0.0,600,3,2.0,2.0,1.0,1.0,spherical,-8268.790563335011,lse,1,5,bic,,0.1341887079761363,0.1670965409721247,,,,,,,,,,,
gaussian_subspace,2048,0,mclust,auto,ok,,0.0,600,3,2048.0,,1.0,1.0,XII,-3500290.6480673407,,1,5,bic,,10.045652125030756,10.045652125030756,,,,,,,,,,,
gaussian_subspace,2048,0,pca,auto,ok,,0.0,600,3,2.0,2.0,1.0,1.0,spherical,5910.023773246889,,1,5,bic,,0.1779056670493446,0.2126632500439882,,,,,,,,,,,
gaussian_subspace,2048,0,umap,auto,ok,,0.0011145119204015,600,3,2.0,2.0,2.0,2.0,tied,3580.0911688055176,,1,5,bic,,0.1541434999671764,0.1824205410084687,,,,,,,,,,,
gaussian_subspace,2048,1,ae_relu,auto,ok,,-0.0005269291010942,600,3,2.0,2.0,5.0,5.0,diag,-14521.2672707763,,1,5,bic,1.2906910419696942,0.2092511670198291,1.4999422089895234,,,,,,relu,22.0,1.0,,,
gaussian_subspace,2048,1,ae_tanh,auto,ok,,-0.0016056906524941,600,3,2.0,2.0,5.0,5.0,full,2044.315591281548,,1,5,bic,,0.1738186669535935,0.2146374590229243,,,,,,,,,,,
gaussian_subspace,2048,1,autog2m2,auto,ok,,0.4751881963138964,600,3,2.0,2.0,5.0,5.0,diag,-1604.278459212799,,1,5,bic,,0.1343946250271983,0.1672602079925127,,,,,,,,,,,
gaussian_subspace,2048,1,autogmm_spectral,auto,ok,,0.0,600,3,2.0,2.0,1.0,1.0,spherical,-8305.902840655355,lse,1,5,bic,,0.1323213339783251,0.1631932080490514,,,,,,,,,,,
gaussian_subspace,2048,1,mclust,auto,ok,,0.0,600,3,2048.0,,1.0,1.0,XII,-3500290.6480673407,,1,5,bic,,8.553063165978529,8.553063165978529,,,,,,,,,,,
gaussian_subspace,2048,1,pca,auto,ok,,0.4483713599918994,600,3,2.0,2.0,2.0,2.0,tied,5952.9117436275965,,1,5,bic,,0.1162795000127516,0.1451207500067539,,,,,,,,,,,
gaussian_subspace,2048,1,umap,auto,ok,,0.0096995988300205,600,3,2.0,2.0,5.0,5.0,tied,3603.3368717397216,,1,5,bic,,0.1203440829995088,0.153660874988418,,,,,,,,,,,
gaussian_subspace,2048,2,ae_relu,auto,ok,,0.0115475539019841,600,3,2.0,2.0,4.0,4.0,diag,-10564.075799144915,,1,5,bic,1.2798123330576343,0.3035480419639498,1.5833603750215843,,,,,,relu,22.0,1.0,,,
gaussian_subspace,2048,2,ae_tanh,auto,ok,,0.0024836058957184,600,3,2.0,2.0,5.0,5.0,diag,1889.846986733132,,1,5,bic,,0.1588333750260062,0.1999813340371474,,,,,,,,,,,
gaussian_subspace,2048,2,autog2m2,auto,ok,,0.559093109209883,600,3,2.0,2.0,5.0,5.0,diag,-1686.9220363574814,,1,5,bic,,0.188372959033586,0.2377372920163907,,,,,,,,,,,
gaussian_subspace,2048,2,autogmm_spectral,auto,ok,,0.0,600,3,2.0,2.0,1.0,1.0,spherical,-8309.001142688217,lse,1,5,bic,,0.104903916013427,0.1356791249709203,,,,,,,,,,,
gaussian_subspace,2048,2,mclust,auto,ok,,0.0,600,3,2048.0,,1.0,1.0,XII,-3500290.6480673407,,1,5,bic,,8.229908292065375,8.229908292065375,,,,,,,,,,,
gaussian_subspace,2048,2,pca,auto,ok,,0.0,600,3,2.0,2.0,1.0,1.0,spherical,5892.227421759759,,1,5,bic,,0.1022563330479897,0.129794624983333,,,,,,,,,,,
gaussian_subspace,2048,2,umap,auto,ok,,0.007095966374881,600,3,2.0,2.0,5.0,5.0,tied,3594.1866312911675,,1,5,bic,,0.0864330000476911,0.1109649999998509,,,,,,,,,,,
gaussian_subspace,2048,3,ae_relu,auto,ok,,0.0005318344737737,600,3,2.0,2.0,5.0,5.0,diag,-13093.051376246549,,1,5,bic,1.2891560000134632,0.226328624994494,1.5154846250079572,,,,,,relu,22.0,1.0,,,
gaussian_subspace,2048,3,ae_tanh,auto,ok,,-0.0019263350297733,600,3,2.0,2.0,5.0,5.0,diag,1959.8129787257385,,1,5,bic,,0.1963779579964466,0.2347117920289747,,,,,,,,,,,
gaussian_subspace,2048,3,autog2m2,auto,ok,,0.6867790406543689,600,3,2.0,2.0,5.0,5.0,full,-1383.4707458996554,,1,5,bic,,0.1328531249891966,0.1581586659885943,,,,,,,,,,,
gaussian_subspace,2048,3,autogmm_spectral,auto,ok,,0.0,600,3,2.0,2.0,1.0,1.0,spherical,-8328.293583702272,lse,1,5,bic,,0.1373434999841265,0.1705524169956334,,,,,,,,,,,
gaussian_subspace,2048,3,mclust,auto,ok,,0.0,600,3,2048.0,,1.0,1.0,XII,-3500290.6480673407,,1,5,bic,,8.626252666930668,8.626252666930668,,,,,,,,,,,
gaussian_subspace,2048,3,pca,auto,ok,,0.0,600,3,2.0,2.0,1.0,1.0,spherical,5927.816511521215,,1,5,bic,,0.1152926249778829,0.1506266669603064,,,,,,,,,,,
gaussian_subspace,2048,3,umap,auto,ok,,0.0001590868290955,600,3,2.0,2.0,4.0,4.0,tied,3629.517369856329,,1,5,bic,,0.1192712499760091,0.148914833960589,,,,,,,,,,,
gaussian_subspace,2048,4,ae_relu,auto,ok,,0.0111201740388918,600,3,2.0,2.0,5.0,5.0,diag,-13206.965985632844,,1,5,bic,1.293745292001404,0.2025646660476923,1.4963099580490962,,,,,,relu,22.0,1.0,,,
gaussian_subspace,2048,4,ae_tanh,auto,ok,,0.0066423000112698,600,3,2.0,2.0,5.0,5.0,diag,2103.977517352222,,1,5,bic,,0.1588547920109704,0.2233332500327378,,,,,,,,,,,
gaussian_subspace,2048,4,autog2m2,auto,ok,,0.6804539804514651,600,3,2.0,2.0,5.0,5.0,full,-834.0862613752619,,1,5,bic,,0.1222101249732077,0.1468622079701163,,,,,,,,,,,
gaussian_subspace,2048,4,autogmm_spectral,auto,ok,,0.0,600,3,2.0,2.0,1.0,1.0,spherical,-8311.586982895371,lse,1,5,bic,,0.1212118749972432,0.161404583021067,,,,,,,,,,,
gaussian_subspace,2048,4,mclust,auto,ok,,0.0,600,3,2048.0,,1.0,1.0,XII,-3500290.6480673407,,1,5,bic,,7.784120375057682,7.784120375057682,,,,,,,,,,,
gaussian_subspace,2048,4,pca,auto,ok,,0.0,600,3,2.0,2.0,1.0,1.0,spherical,5928.143315670645,,1,5,bic,,0.1264081659610383,0.1633034999831579,,,,,,,,,,,
gaussian_subspace,2048,4,umap,auto,ok,,0.0006793726303105,600,3,2.0,2.0,2.0,2.0,tied,3581.203348913761,,1,5,bic,,0.1198146250098943,0.1501807089662179,,,,,,,,,,,
gaussian_subspace,2048,5,ae_relu,auto,ok,,-7.141860999352436e-05,600,3,2.0,2.0,5.0,5.0,diag,-13730.699101171062,,1,5,bic,1.3079776670783758,0.2096206250134855,1.5175982920918614,,,,,,relu,22.0,1.0,,,
gaussian_subspace,2048,5,ae_tanh,auto,ok,,0.0037460097635918,600,3,2.0,2.0,5.0,5.0,diag,1985.8444475981987,,1,5,bic,,0.2149061660165898,0.2819977499893866,,,,,,,,,,,
gaussian_subspace,2048,5,autog2m2,auto,ok,,0.845469844590927,600,3,2.0,2.0,5.0,5.0,full,-2325.036818883046,,1,5,bic,,0.090765833039768,0.1171124579850584,,,,,,,,,,,
gaussian_subspace,2048,5,autogmm_spectral,auto,ok,,0.0,600,3,2.0,2.0,1.0,1.0,spherical,-8280.422686230819,lse,1,5,bic,,0.1418388329911977,0.182642208004836,,,,,,,,,,,
gaussian_subspace,2048,5,mclust,auto,ok,,0.0,600,3,2048.0,,1.0,1.0,XII,-3500290.6480673407,,1,5,bic,,8.941969167091884,8.941969167091884,,,,,,,,,,,
gaussian_subspace,2048,5,pca,auto,ok,,0.0,600,3,2.0,2.0,1.0,1.0,spherical,5954.147745732738,,1,5,bic,,0.1247950000106357,0.1724051249912008,,,,,,,,,,,
gaussian_subspace,2048,5,umap,auto,ok,,0.0021047463800689,600,3,2.0,2.0,2.0,2.0,tied,3582.1422555822555,,1,5,bic,,0.1337246670154854,0.1758026250172406,,,,,,,,,,,
gaussian_subspace,2048,6,ae_relu,auto,ok,,0.003875800216031,600,3,2.0,2.0,4.0,4.0,diag,-15633.85885003624,,1,5,bic,1.3059686670312658,0.2092263749800622,1.515195042011328,,,,,,relu,22.0,1.0,,,
gaussian_subspace,2048,6,ae_tanh,auto,ok,,0.003726021124709,600,3,2.0,2.0,5.0,5.0,diag,2088.192417125363,,1,5,bic,,0.2165375839686021,0.2517906249850057,,,,,,,,,,,
gaussian_subspace,2048,6,autog2m2,auto,ok,,0.6856297169849702,600,3,2.0,2.0,5.0,5.0,diag,-1025.489086641834,,1,5,bic,,0.1238212499883957,0.1740828329930082,,,,,,,,,,,
gaussian_subspace,2048,6,autogmm_spectral,auto,ok,,0.0,600,3,2.0,2.0,1.0,1.0,spherical,-8325.967785046192,lse,1,5,bic,,0.2409960419754497,0.2797914580442011,,,,,,,,,,,
gaussian_subspace,2048,6,mclust,auto,ok,,0.0,600,3,2048.0,,1.0,1.0,XII,-3500290.6480673407,,1,5,bic,,8.62486754101701,8.62486754101701,,,,,,,,,,,
gaussian_subspace,2048,6,pca,auto,ok,,0.0,600,3,2.0,2.0,1.0,1.0,spherical,5922.5303759528215,,1,5,bic,,0.1276266670320183,0.1610026250127703,,,,,,,,,,,
gaussian_subspace,2048,6,umap,auto,ok,,0.0058023220101066,600,3,2.0,2.0,2.0,2.0,tied,3627.226498103421,,1,5,bic,,0.1078984159976244,0.1444561670068651,,,,,,,,,,,
gaussian_subspace,2048,7,ae_relu,auto,ok,,0.0020170487111997,600,3,2.0,2.0,4.0,4.0,diag,-9585.1357317596,,1,5,bic,1.3110237080836669,0.2474937089718878,1.558517417055555,,,,,,relu,22.0,1.0,,,
gaussian_subspace,2048,7,ae_tanh,auto,ok,,0.0026788375183042,600,3,2.0,2.0,5.0,5.0,diag,1974.701646410212,,1,5,bic,,0.2477968749590218,0.2940861249808222,,,,,,,,,,,
gaussian_subspace,2048,7,autog2m2,auto,ok,,0.6761528798207036,600,3,2.0,2.0,5.0,5.0,full,-1458.9867090886987,,1,5,bic,,0.09413941699313,0.1394280419917777,,,,,,,,,,,
gaussian_subspace,2048,7,autogmm_spectral,auto,ok,,0.0,600,3,2.0,2.0,1.0,1.0,spherical,-8313.767156935273,lse,1,5,bic,,0.1882076660403981,0.2251843330450356,,,,,,,,,,,
gaussian_subspace,2048,7,mclust,auto,ok,,0.0,600,3,2048.0,,1.0,1.0,XII,-3500290.6480673407,,1,5,bic,,8.12517516699154,8.12517516699154,,,,,,,,,,,
gaussian_subspace,2048,7,pca,auto,ok,,0.0,600,3,2.0,2.0,1.0,1.0,spherical,5896.316566004678,,1,5,bic,,0.1378433339996263,0.1734312920016236,,,,,,,,,,,
gaussian_subspace,2048,7,umap,auto,ok,,-0.0002544845939799,600,3,2.0,2.0,2.0,2.0,tied,3581.8146884273674,,1,5,bic,,0.1273180419811979,0.1577031660126522,,,,,,,,,,,
gaussian_subspace,2048,8,ae_relu,auto,ok,,0.0019853716507085,600,3,2.0,2.0,5.0,5.0,diag,-13362.203543631653,,1,5,bic,1.3032332089496776,0.2082013749750331,1.5114345839247108,,,,,,relu,22.0,1.0,,,
gaussian_subspace,2048,8,ae_tanh,auto,ok,,0.0003938973798681,600,3,2.0,2.0,5.0,5.0,diag,2037.4609774345024,,1,5,bic,,0.1841981670004315,0.2425464160041883,,,,,,,,,,,
gaussian_subspace,2048,8,autog2m2,auto,ok,,0.5794378918355118,600,3,2.0,2.0,5.0,5.0,full,-1127.8497300484637,,1,5,bic,,0.126415666018147,0.1641789579880423,,,,,,,,,,,
gaussian_subspace,2048,8,autogmm_spectral,auto,ok,,0.0,600,3,2.0,2.0,1.0,1.0,spherical,-8308.096507735241,lse,1,5,bic,,0.1348723329720087,0.1684481250122189,,,,,,,,,,,
gaussian_subspace,2048,8,mclust,auto,ok,,0.0,600,3,2048.0,,1.0,1.0,XII,-3500290.6480673407,,1,5,bic,,8.110167374950834,8.110167374950834,,,,,,,,,,,
gaussian_subspace,2048,8,pca,auto,ok,,0.0,600,3,2.0,2.0,1.0,1.0,spherical,5929.61981272104,,1,5,bic,,0.1402531659696251,0.1768269590102136,,,,,,,,,,,
gaussian_subspace,2048,8,umap,auto,ok,,0.0035169028957535,600,3,2.0,2.0,2.0,2.0,tied,3572.6172455029127,,1,5,bic,,0.1188597499858588,0.1504581249901093,,,,,,,,,,,
gaussian_subspace,2048,9,ae_relu,auto,ok,,-0.0021268335177565,600,3,2.0,2.0,5.0,5.0,diag,-11978.921236375596,,1,5,bic,1.2875843750080094,0.2477722080657258,1.5353565830737352,,,,,,relu,22.0,1.0,,,
gaussian_subspace,2048,9,ae_tanh,auto,ok,,-0.0007978833172933,600,3,2.0,2.0,5.0,5.0,diag,1957.928093690208,,1,5,bic,,0.1918870420195162,0.2385065830312669,,,,,,,,,,,
gaussian_subspace,2048,9,autog2m2,auto,ok,,0.7582808278006182,600,3,2.0,2.0,5.0,5.0,full,-1477.994761079778,,1,5,bic,,0.0934480829746462,0.1271167920203879,,,,,,,,,,,
gaussian_subspace,2048,9,autogmm_spectral,auto,ok,,0.0,600,3,2.0,2.0,1.0,1.0,spherical,-8284.20775429057,lse,1,5,bic,,0.1449023330351337,0.1833897499600425,,,,,,,,,,,
gaussian_subspace,2048,9,mclust,auto,ok,,0.0,600,3,2048.0,,1.0,1.0,XII,-3500290.6480673407,,1,5,bic,,9.211834457935764,9.211834457935764,,,,,,,,,,,
gaussian_subspace,2048,9,pca,auto,ok,,0.6939227746397955,600,3,2.0,2.0,3.0,3.0,tied,5898.393604282268,,1,5,bic,,0.1172771669807843,0.1540274169528857,,,,,,,,,,,
gaussian_subspace,2048,9,umap,auto,ok,,0.0079246510272657,600,3,2.0,2.0,2.0,2.0,tied,3593.6148940570265,,1,5,bic,,0.1335470830090344,0.1650655409903265,,,,,,,,,,,
gaussian_subspace,2048,10,ae_relu,auto,ok,,0.0002486586663104,600,3,2.0,2.0,4.0,4.0,diag,-10924.32720973282,,1,5,bic,1.3335937910014763,0.2909163340227678,1.6245101250242442,,,,,,relu,22.0,1.0,,,
gaussian_subspace,2048,10,ae_tanh,auto,ok,,0.0050623396542234,600,3,2.0,2.0,5.0,5.0,diag,1854.110889168424,,1,5,bic,,0.191577874997165,0.231114708003588,,,,,,,,,,,
gaussian_subspace,2048,10,autog2m2,auto,ok,,0.8291092431642644,600,3,2.0,2.0,5.0,5.0,full,-1807.844972700991,,1,5,bic,,0.0929301250143908,0.1172366249957121,,,,,,,,,,,
gaussian_subspace,2048,10,autogmm_spectral,auto,ok,,0.0,600,3,2.0,2.0,1.0,1.0,spherical,-8305.147055976622,lse,1,5,bic,,0.128035917005036,0.1727767499978654,,,,,,,,,,,
gaussian_subspace,2048,10,mclust,auto,ok,,0.0,600,3,2048.0,,1.0,1.0,XII,-3500290.6480673407,,1,5,bic,,8.418729249970056,8.418729249970056,,,,,,,,,,,
gaussian_subspace,2048,10,pca,auto,ok,,0.0,600,3,2.0,2.0,1.0,1.0,spherical,5952.216503520505,,1,5,bic,,0.139448000001721,0.1752716670162044,,,,,,,,,,,
gaussian_subspace,2048,10,umap,auto,ok,,0.0053563659299209,600,3,2.0,2.0,2.0,2.0,tied,3590.714729170634,,1,5,bic,,0.1169619159772992,0.1656561659765429,,,,,,,,,,,
gaussian_subspace,2048,11,ae_relu,auto,ok,,0.0015764819648342,600,3,2.0,2.0,5.0,5.0,diag,-6621.4126915450015,,1,5,bic,1.308036708040163,0.2860629589995369,1.5940996670397,,,,,,relu,22.0,1.0,,,
gaussian_subspace,2048,11,ae_tanh,auto,ok,,0.0097815058729109,600,3,2.0,2.0,5.0,5.0,diag,1956.4548568646287,,1,5,bic,,0.1768963750218972,0.2138662079814821,,,,,,,,,,,
gaussian_subspace,2048,11,autog2m2,auto,ok,,0.6000333174763771,600,3,2.0,2.0,5.0,5.0,full,-1126.2456713058218,,1,5,bic,,0.1126429999712854,0.1655222499975934,,,,,,,,,,,
gaussian_subspace,2048,11,autogmm_spectral,auto,ok,,0.0,600,3,2.0,2.0,1.0,1.0,spherical,-8322.542182455998,lse,1,5,bic,,0.1507612920249812,0.1877174580004066,,,,,,,,,,,
gaussian_subspace,2048,11,mclust,auto,ok,,0.0,600,3,2048.0,,1.0,1.0,XII,-3500290.6480673407,,1,5,bic,,8.573936042026617,8.573936042026617,,,,,,,,,,,
gaussian_subspace,2048,11,pca,auto,ok,,0.0,600,3,2.0,2.0,1.0,1.0,spherical,5921.513539534798,,1,5,bic,,0.1347516250098124,0.1697291670134291,,,,,,,,,,,
gaussian_subspace,2048,11,umap,auto,ok,,0.0254560240965196,600,3,2.0,2.0,2.0,2.0,tied,3577.74452045466,,1,5,bic,,0.1297190830227919,0.1610624170280061,,,,,,,,,,,
gaussian_subspace,2048,12,ae_relu,auto,ok,,0.0034049016902518,600,3,2.0,2.0,4.0,4.0,diag,-8002.78583955964,,1,5,bic,1.3129490830469877,0.2872905000112951,1.6002395830582827,,,,,,relu,22.0,1.0,,,
gaussian_subspace,2048,12,ae_tanh,auto,ok,,0.001507438882214,600,3,2.0,2.0,5.0,5.0,diag,1943.9208655315088,,1,5,bic,,0.1996609169873409,0.2394388330285437,,,,,,,,,,,
gaussian_subspace,2048,12,autog2m2,auto,ok,,0.7538465788538136,600,3,2.0,2.0,5.0,5.0,full,-2322.634405930701,,1,5,bic,,0.0769916250137612,0.0990411670063622,,,,,,,,,,,
gaussian_subspace,2048,12,autogmm_spectral,auto,ok,,0.0,600,3,2.0,2.0,1.0,1.0,spherical,-8313.207071969133,lse,1,5,bic,,0.1211699999985285,0.1698875000001862,,,,,,,,,,,
gaussian_subspace,2048,12,mclust,auto,ok,,0.0,600,3,2048.0,,1.0,1.0,XII,-3500290.6480673407,,1,5,bic,,9.188806416932492,9.188806416932492,,,,,,,,,,,
gaussian_subspace,2048,12,pca,auto,ok,,0.7081223016827651,600,3,2.0,2.0,3.0,3.0,tied,5896.682720457013,,1,5,bic,,0.1252743340446613,0.158349499979522,,,,,,,,,,,
gaussian_subspace,2048,12,umap,auto,ok,,0.0243762112200442,600,3,2.0,2.0,2.0,2.0,tied,3624.708326060037,,1,5,bic,,0.115710082987789,0.1525138749857433,,,,,,,,,,,
gaussian_subspace,2048,13,ae_relu,auto,ok,,0.004975832676509,600,3,2.0,2.0,5.0,5.0,diag,-5609.018857177169,,1,5,bic,2.2056461659958586,0.3714485830860212,2.57709474908188,,,,,,relu,37.0,1.0,,,
gaussian_subspace,2048,13,ae_tanh,auto,ok,,0.0032546765166729,600,3,2.0,2.0,5.0,5.0,diag,2052.402930882838,,1,5,bic,,0.1667996660107746,0.2028416669927537,,,,,,,,,,,
gaussian_subspace,2048,13,autog2m2,auto,ok,,0.651477445036482,600,3,2.0,2.0,5.0,5.0,full,-1556.1556434805343,,1,5,bic,,0.1465789580252021,0.2175799580290913,,,,,,,,,,,
gaussian_subspace,2048,13,autogmm_spectral,auto,ok,,0.0,600,3,2.0,2.0,1.0,1.0,spherical,-8295.41307886224,lse,1,5,bic,,0.1376910840044729,0.1802781249862164,,,,,,,,,,,
gaussian_subspace,2048,13,mclust,auto,ok,,0.0,600,3,2048.0,,1.0,1.0,XII,-3500290.6480673407,,1,5,bic,,9.041327333077788,9.041327333077788,,,,,,,,,,,
gaussian_subspace,2048,13,pca,auto,ok,,0.0,600,3,2.0,2.0,1.0,1.0,spherical,5936.674421621548,,1,5,bic,,0.1403837919933721,0.1772204159642569,,,,,,,,,,,
gaussian_subspace,2048,13,umap,auto,ok,,0.0061465269352812,600,3,2.0,2.0,4.0,4.0,tied,3613.391095442844,,1,5,bic,,0.1266872909618541,0.1584124579676427,,,,,,,,,,,
gaussian_subspace,2048,14,ae_relu,auto,ok,,0.0029415375017032,600,3,2.0,2.0,4.0,4.0,diag,-13305.053723180929,,1,5,bic,1.3468052499229088,0.2500273329205811,1.59683258284349,,,,,,relu,22.0,1.0,,,
gaussian_subspace,2048,14,ae_tanh,auto,ok,,0.0067065674924458,600,3,2.0,2.0,5.0,5.0,diag,1987.525064183331,,1,5,bic,,0.2883904999471269,0.3685138750006445,,,,,,,,,,,
gaussian_subspace,2048,14,autog2m2,auto,ok,,0.5400372932758496,600,3,2.0,2.0,5.0,5.0,full,-1422.5775110229856,,1,5,bic,,0.1289848749875091,0.1561753340065479,,,,,,,,,,,
gaussian_subspace,2048,14,autogmm_spectral,auto,ok,,0.0,600,3,2.0,2.0,1.0,1.0,spherical,-8312.866768949096,lse,1,5,bic,,0.154839166032616,0.2155963749974034,,,,,,,,,,,
gaussian_subspace,2048,14,mclust,auto,ok,,0.0,600,3,2048.0,,1.0,1.0,XII,-3500290.6480673407,,1,5,bic,,8.663425166043453,8.663425166043453,,,,,,,,,,,
gaussian_subspace,2048,14,pca,auto,ok,,0.0,600,3,2.0,2.0,1.0,1.0,spherical,5895.912738581088,,1,5,bic,,0.1415084999753162,0.1978740830090828,,,,,,,,,,,
gaussian_subspace,2048,14,umap,auto,ok,,0.0118695073924571,600,3,2.0,2.0,4.0,4.0,tied,3548.432385232627,,1,5,bic,,0.1125295830424875,0.1527784999925643,,,,,,,,,,,
gaussian_subspace,2048,15,ae_relu,auto,ok,,0.0049513324493007,600,3,2.0,2.0,5.0,5.0,diag,-7721.590185919525,,1,5,bic,1.521636708988808,0.2718812499660998,1.793517958954908,,,,,,relu,23.0,1.0,,,
gaussian_subspace,2048,15,ae_tanh,auto,ok,,0.0012289916384489,600,3,2.0,2.0,5.0,5.0,diag,1843.2107177328053,,1,5,bic,,0.2210319580044597,0.2895875000394881,,,,,,,,,,,
gaussian_subspace,2048,15,autog2m2,auto,ok,,0.7579892612952597,600,3,2.0,2.0,5.0,5.0,full,-939.8081443866992,,1,5,bic,,0.1231382500263862,0.1457611249643378,,,,,,,,,,,
gaussian_subspace,2048,15,autogmm_spectral,auto,ok,,0.0,600,3,2.0,2.0,1.0,1.0,spherical,-8315.054578158843,lse,1,5,bic,,0.1528987500350922,0.1907313750125467,,,,,,,,,,,
gaussian_subspace,2048,15,mclust,auto,ok,,0.0,600,3,2048.0,,1.0,1.0,XII,-3500290.6480673407,,1,5,bic,,9.646365542081185,9.646365542081185,,,,,,,,,,,
gaussian_subspace,2048,15,pca,auto,ok,,0.4791387728313243,600,3,2.0,2.0,2.0,2.0,diag,5886.1524297263495,,1,5,bic,,0.140433375025168,0.1737923750188201,,,,,,,,,,,
gaussian_subspace,2048,15,umap,auto,ok,,0.0071677288401954,600,3,2.0,2.0,2.0,2.0,tied,3529.558789729813,,1,5,bic,,0.1864859590423293,0.2219167500152252,,,,,,,,,,,
gaussian_subspace,2048,16,ae_relu,auto,ok,,-0.002358362377929,600,3,2.0,2.0,4.0,4.0,diag,-9582.52989726471,,1,5,bic,1.4002521249931306,0.2607304590055719,1.6609825839987025,,,,,,relu,22.0,1.0,,,
gaussian_subspace,2048,16,ae_tanh,auto,ok,,0.0090188847007102,600,3,2.0,2.0,5.0,5.0,diag,2003.703304536126,,1,5,bic,,0.1735859159962274,0.2275306250085123,,,,,,,,,,,
gaussian_subspace,2048,16,autog2m2,auto,ok,,0.7003455646130406,600,3,2.0,2.0,5.0,5.0,full,-1511.1764724296518,,1,5,bic,,0.0970383330131881,0.120877958019264,,,,,,,,,,,
gaussian_subspace,2048,16,autogmm_spectral,auto,ok,,0.0,600,3,2.0,2.0,1.0,1.0,spherical,-8276.976179480358,lse,1,5,bic,,0.1324283329886384,0.1829822500003501,,,,,,,,,,,
gaussian_subspace,2048,16,mclust,auto,ok,,0.0,600,3,2048.0,,1.0,1.0,XII,-3500290.6480673407,,1,5,bic,,7.9609100830275565,7.9609100830275565,,,,,,,,,,,
gaussian_subspace,2048,16,pca,auto,ok,,0.0,600,3,2.0,2.0,1.0,1.0,spherical,5897.024521237725,,1,5,bic,,0.1450434159487486,0.200393583974801,,,,,,,,,,,
gaussian_subspace,2048,16,umap,auto,ok,,-0.0011023445568874,600,3,2.0,2.0,2.0,2.0,tied,3576.776297307385,,1,5,bic,,0.1230992089840583,0.1558005000115372,,,,,,,,,,,
gaussian_subspace,2048,17,ae_relu,auto,ok,,-0.0004661902166204,600,3,2.0,2.0,5.0,5.0,diag,-13563.814734206304,,1,5,bic,1.298994917073287,0.2438563749892637,1.5428512920625508,,,,,,relu,22.0,1.0,,,
gaussian_subspace,2048,17,ae_tanh,auto,ok,,-0.0008565744165308,600,3,2.0,2.0,5.0,5.0,diag,2050.999524840627,,1,5,bic,,0.2239420000114478,0.2815709999995306,,,,,,,,,,,
gaussian_subspace,2048,17,autog2m2,auto,ok,,0.678484289666015,600,3,2.0,2.0,5.0,5.0,full,-1754.5276273472064,,1,5,bic,,0.1219915419933386,0.1529517089948058,,,,,,,,,,,
gaussian_subspace,2048,17,autogmm_spectral,auto,ok,,0.0,600,3,2.0,2.0,1.0,1.0,spherical,-8295.214550056133,lse,1,5,bic,,0.2076072500203736,0.2477813340374268,,,,,,,,,,,
gaussian_subspace,2048,17,mclust,auto,ok,,0.0,600,3,2048.0,,1.0,1.0,XII,-3500290.6480673407,,1,5,bic,,8.888867833069526,8.888867833069526,,,,,,,,,,,
gaussian_subspace,2048,17,pca,auto,ok,,0.0,600,3,2.0,2.0,1.0,1.0,spherical,5911.571636388051,,1,5,bic,,0.1598494579666294,0.2035705000162124,,,,,,,,,,,
gaussian_subspace,2048,17,umap,auto,ok,,0.0089937706093301,600,3,2.0,2.0,2.0,2.0,tied,3586.000563815851,,1,5,bic,,0.1386820420157164,0.173598250024952,,,,,,,,,,,
gaussian_subspace,2048,18,ae_relu,auto,ok,,0.0087052084112761,600,3,2.0,2.0,5.0,5.0,diag,-12275.78476327313,,1,5,bic,1.3240634170360863,0.2858557919971645,1.6099192090332508,,,,,,relu,22.0,1.0,,,
gaussian_subspace,2048,18,ae_tanh,auto,ok,,0.0005987016820767,600,3,2.0,2.0,4.0,4.0,diag,2015.0766596549813,,1,5,bic,,0.2890371669782325,0.3823317920323461,,,,,,,,,,,
gaussian_subspace,2048,18,autog2m2,auto,ok,,0.7392201524227402,600,3,2.0,2.0,5.0,5.0,full,-1578.7807627117577,,1,5,bic,,0.105724667024333,0.1297583340201527,,,,,,,,,,,
gaussian_subspace,2048,18,autogmm_spectral,auto,ok,,0.0,600,3,2.0,2.0,1.0,1.0,spherical,-8286.247923609,lse,1,5,bic,,0.1604613340459764,0.203062292013783,,,,,,,,,,,
gaussian_subspace,2048,18,mclust,auto,ok,,0.0,600,3,2048.0,,1.0,1.0,XII,-3500290.6480673407,,1,5,bic,,8.901440791902132,8.901440791902132,,,,,,,,,,,
gaussian_subspace,2048,18,pca,auto,ok,,0.3824294732061287,600,3,2.0,2.0,2.0,2.0,full,5951.035103832182,,1,5,bic,,0.2150229580001905,0.276522499974817,,,,,,,,,,,
gaussian_subspace,2048,18,umap,auto,ok,,-0.0016863019385119,600,3,2.0,2.0,2.0,2.0,tied,3580.388389718959,,1,5,bic,,0.147459624975454,0.2339809580007568,,,,,,,,,,,
gaussian_subspace,2048,19,ae_relu,auto,ok,,-0.0026407074246056,600,3,2.0,2.0,4.0,4.0,diag,-12212.681484036562,,1,5,bic,1.2880193749442697,0.2226672500837594,1.510686625028029,,,,,,relu,22.0,1.0,,,
gaussian_subspace,2048,19,ae_tanh,auto,ok,,0.0014646323358055,600,3,2.0,2.0,5.0,5.0,diag,1916.4937045695829,,1,5,bic,,0.2086904169991612,0.2583594170282595,,,,,,,,,,,
gaussian_subspace,2048,19,autog2m2,auto,ok,,0.7377665836391942,600,3,2.0,2.0,5.0,5.0,full,-2720.6108535596195,,1,5,bic,,0.1229939999757334,0.1470662080100737,,,,,,,,,,,
gaussian_subspace,2048,19,autogmm_spectral,auto,ok,,0.0,600,3,2.0,2.0,1.0,1.0,spherical,-8307.396721640822,lse,1,5,bic,,0.1464017499820329,0.1846826670225709,,,,,,,,,,,
gaussian_subspace,2048,19,mclust,auto,ok,,0.0,600,3,2048.0,,1.0,1.0,XII,-3500290.6480673407,,1,5,bic,,8.665831333957613,8.665831333957613,,,,,,,,,,,
gaussian_subspace,2048,19,pca,auto,ok,,0.7910313517352191,600,3,2.0,2.0,3.0,3.0,tied,5820.725905014508,,1,5,bic,,0.1475091659813188,0.1816450829501263,,,,,,,,,,,
gaussian_subspace,2048,19,umap,auto,ok,,-0.0014568741173332,600,3,2.0,2.0,2.0,2.0,tied,3562.913721269545,,1,5,bic,,0.1382419159635901,0.1755034999805502,,,,,,,,,,,
heavy_tail_subspace,8,0,ae_relu,auto,ok,,0.8885272419582275,600,3,2.0,2.0,3.0,3.0,full,4050.443606337811,,1,5,bic,0.4066092090215534,0.1866047499934211,0.5932139590149745,,,,,,relu,160.0,1.0,,,
heavy_tail_subspace,8,0,ae_tanh,auto,ok,,0.9174141791928366,600,3,2.0,2.0,3.0,3.0,tied,444.1583727630413,,1,5,bic,,0.1173434999655,0.1501895830151625,,,,,,,,,,,
heavy_tail_subspace,8,0,autog2m2,auto,ok,,0.4926637728456715,600,3,2.0,2.0,5.0,5.0,full,-484.0855402093056,,1,5,bic,,0.1452086249482818,0.2722453749738633,,,,,,,,,,,
heavy_tail_subspace,8,0,autogmm_spectral,auto,ok,,0.817325154992623,600,3,2.0,2.0,5.0,5.0,full,-13564.188584704136,lse,1,5,bic,,0.1460521669941954,0.1762208329746499,,,,,,,,,,,
heavy_tail_subspace,8,0,mclust,auto,ok,,0.906148923155316,600,3,8.0,,4.0,4.0,VEI,-11200.083132800146,,1,5,bic,,1.3140548339579254,1.3140548339579254,,,,,,,,,,,
heavy_tail_subspace,8,0,pca,auto,ok,,0.922344625309124,600,3,2.0,2.0,3.0,3.0,tied,3826.730106803949,,1,5,bic,,0.1290632919990457,0.2568998330389149,,,,,,,,,,,
heavy_tail_subspace,8,0,umap,auto,ok,,0.8140752728808058,600,3,2.0,2.0,4.0,4.0,tied,4208.399565051784,,1,5,bic,,0.1250620000064373,0.1560620419913903,,,,,,,,,,,
heavy_tail_subspace,8,1,ae_relu,auto,ok,,0.9158201556972004,600,3,2.0,2.0,4.0,4.0,full,3796.357867699955,,1,5,bic,0.5331940409960225,0.1572483329800889,0.6904423739761114,,,,,,relu,211.0,1.0,,,
heavy_tail_subspace,8,1,ae_tanh,auto,ok,,0.9900041668585104,600,3,2.0,2.0,3.0,3.0,spherical,164.221792469582,,1,5,bic,,0.0978407500078901,0.1228980000014416,,,,,,,,,,,
heavy_tail_subspace,8,1,autog2m2,auto,ok,,0.7775045154163599,600,3,2.0,2.0,5.0,5.0,full,427.3794476630799,,1,5,bic,,0.1144445419777184,0.1439297079923562,,,,,,,,,,,
heavy_tail_subspace,8,1,autogmm_spectral,auto,ok,,0.9420799242405348,600,3,2.0,2.0,4.0,4.0,diag,-16287.322566898283,lse,1,5,bic,,0.0914818749879486,0.1299512500409037,,,,,,,,,,,
heavy_tail_subspace,8,1,mclust,auto,ok,,0.9467395871933638,600,3,8.0,,4.0,4.0,VEI,-9914.482677464315,,1,5,bic,,0.819862458971329,0.819862458971329,,,,,,,,,,,
heavy_tail_subspace,8,1,pca,auto,ok,,0.985000168757628,600,3,2.0,2.0,3.0,3.0,tied,3389.837869850398,,1,5,bic,,0.0911816250300034,0.1180081659695133,,,,,,,,,,,
heavy_tail_subspace,8,1,umap,auto,ok,,0.8059199327880687,600,3,2.0,2.0,5.0,5.0,spherical,4009.5236821007984,,1,5,bic,,0.0837143329554237,0.1048163749510422,,,,,,,,,,,
heavy_tail_subspace,8,2,ae_relu,auto,ok,,0.9296105468931568,600,3,2.0,2.0,4.0,4.0,full,4544.30601479851,,1,5,bic,0.7376196670811623,0.1515642080921679,0.8891838751733303,,,,,,relu,286.0,1.0,,,
heavy_tail_subspace,8,2,ae_tanh,auto,ok,,0.9752324006948598,600,3,2.0,2.0,3.0,3.0,tied,105.02080506519664,,1,5,bic,,0.0851728330017067,0.1057085419888608,,,,,,,,,,,
heavy_tail_subspace,8,2,autog2m2,auto,ok,,0.6562689920408808,600,3,2.0,2.0,5.0,5.0,full,-515.6954721545155,,1,5,bic,,0.0994758749729953,0.1333706669975072,,,,,,,,,,,
heavy_tail_subspace,8,2,autogmm_spectral,auto,ok,,0.9052339760281932,600,3,2.0,2.0,5.0,5.0,full,-15587.40588675589,lse,1,5,bic,,0.0930674590053968,0.1149057080037891,,,,,,,,,,,
heavy_tail_subspace,8,2,mclust,auto,ok,,0.911607848668464,600,3,8.0,,5.0,5.0,VEI,-10249.70314307938,,1,5,bic,,0.9360641670646146,0.9360641670646146,,,,,,,,,,,
heavy_tail_subspace,8,2,pca,auto,ok,,0.9800218844810688,600,3,2.0,2.0,3.0,3.0,tied,3461.2404808456754,,1,5,bic,,0.0858120000339113,0.1067885420052334,,,,,,,,,,,
heavy_tail_subspace,8,2,umap,auto,ok,,0.9053196165027698,600,3,2.0,2.0,4.0,4.0,spherical,4061.670408505194,,1,5,bic,,0.080849791993387,0.0993468330125324,,,,,,,,,,,
heavy_tail_subspace,8,3,ae_relu,auto,ok,,0.98997916755783,600,3,2.0,2.0,3.0,3.0,full,898.327703241341,,1,5,bic,1.0354798750486225,0.1538449579384178,1.1893248329870405,,,,,,relu,406.0,1.0,,,
heavy_tail_subspace,8,3,ae_tanh,auto,ok,,0.9949958125176231,600,3,2.0,2.0,3.0,3.0,tied,-50.21940926952384,,1,5,bic,,0.0839352500042878,0.1017975420108996,,,,,,,,,,,
heavy_tail_subspace,8,3,autog2m2,auto,ok,,0.7844811223611056,600,3,2.0,2.0,5.0,5.0,full,-227.73260489038648,,1,5,bic,,0.0973707499797456,0.1169919170206412,,,,,,,,,,,
heavy_tail_subspace,8,3,autogmm_spectral,auto,ok,,0.956204330792011,600,3,2.0,2.0,5.0,5.0,spherical,-17494.481025132973,lse,1,5,bic,,0.0767884169472381,0.0960670830099843,,,,,,,,,,,
heavy_tail_subspace,8,3,mclust,auto,ok,,0.9748753231610956,600,3,8.0,,4.0,4.0,VEI,-7652.307999091357,,1,5,bic,,0.7781564999604598,0.7781564999604598,,,,,,,,,,,
heavy_tail_subspace,8,3,pca,auto,ok,,0.9949958125176231,600,3,2.0,2.0,3.0,3.0,tied,3252.913027747727,,1,5,bic,,0.093994416994974,0.1436297500040382,,,,,,,,,,,
heavy_tail_subspace,8,3,umap,auto,ok,,0.9949958125176231,600,3,2.0,2.0,3.0,3.0,tied,4083.656247437007,,1,5,bic,,0.0698783750412985,0.0910359999979846,,,,,,,,,,,
heavy_tail_subspace,8,4,ae_relu,auto,ok,,0.9267819806177444,600,3,2.0,2.0,4.0,4.0,diag,-10581.015984637548,,1,5,bic,0.317375999991782,0.1759929999243468,0.4933689999161288,,,,,,relu,124.0,1.0,,,
heavy_tail_subspace,8,4,ae_tanh,auto,ok,,0.9949958125176231,600,3,2.0,2.0,3.0,3.0,tied,40.40741693684467,,1,5,bic,,0.0845522499876096,0.1041734160389751,,,,,,,,,,,
heavy_tail_subspace,8,4,autog2m2,auto,ok,,0.6836870328950261,600,3,2.0,2.0,5.0,5.0,full,-1191.9669330143877,,1,5,bic,,0.1028423749958165,0.1273087080335244,,,,,,,,,,,
heavy_tail_subspace,8,4,autogmm_spectral,auto,ok,,0.9900212414178426,600,3,2.0,2.0,4.0,4.0,full,-17025.85843191477,lse,1,5,bic,,0.072922249964904,0.0944024579948745,,,,,,,,,,,
heavy_tail_subspace,8,4,mclust,auto,ok,,0.8511167835494219,600,3,8.0,,5.0,5.0,VEI,-8292.309071531536,,1,5,bic,,0.924007875029929,0.924007875029929,,,,,,,,,,,
heavy_tail_subspace,8,4,pca,auto,ok,,0.9949958125176231,600,3,2.0,2.0,3.0,3.0,tied,3225.6609808412086,,1,5,bic,,0.0772845830069854,0.0972477080067619,,,,,,,,,,,
heavy_tail_subspace,8,4,umap,auto,ok,,0.869125709790805,600,3,2.0,2.0,4.0,4.0,diag,4198.934809159233,,1,5,bic,,0.0847112910123542,0.1033212910406291,,,,,,,,,,,
heavy_tail_subspace,8,5,ae_relu,auto,ok,,0.7877192868112235,600,3,2.0,2.0,5.0,5.0,full,4348.138851632742,,1,5,bic,0.8139507909072563,0.1256048750365153,0.9395556659437716,,,,,,relu,322.0,1.0,,,
heavy_tail_subspace,8,5,ae_tanh,auto,ok,,1.0,600,3,2.0,2.0,3.0,3.0,tied,79.11438060548775,,1,5,bic,,0.0800168329733423,0.0976792910369113,,,,,,,,,,,
heavy_tail_subspace,8,5,autog2m2,auto,ok,,0.748532340517368,600,3,2.0,2.0,5.0,5.0,full,-1670.612546708437,,1,5,bic,,0.0753329579601995,0.0948628330370411,,,,,,,,,,,
heavy_tail_subspace,8,5,autogmm_spectral,auto,ok,,0.9700734909797952,600,3,2.0,2.0,5.0,5.0,full,-17176.851928054217,lse,1,5,bic,,0.0923458329634741,0.1126656670239754,,,,,,,,,,,
heavy_tail_subspace,8,5,mclust,auto,ok,,0.9683562596077974,600,3,8.0,,4.0,4.0,VEI,-8381.146025192305,,1,5,bic,,0.8167884580325335,0.8167884580325335,,,,,,,,,,,
heavy_tail_subspace,8,5,pca,auto,ok,,1.0,600,3,2.0,2.0,3.0,3.0,tied,3295.232394386143,,1,5,bic,,0.0736685000010766,0.0915543750161305,,,,,,,,,,,
heavy_tail_subspace,8,5,umap,auto,ok,,1.0,600,3,2.0,2.0,3.0,3.0,tied,4094.522439469033,,1,5,bic,,0.0713166670175269,0.0888052920345217,,,,,,,,,,,
heavy_tail_subspace,8,6,ae_relu,auto,ok,,0.9598518594994898,600,3,2.0,2.0,4.0,4.0,full,3602.1911273611813,,1,5,bic,1.4457211670232937,0.1492996249580755,1.5950207919813693,,,,,,relu,570.0,1.0,,,
heavy_tail_subspace,8,6,ae_tanh,auto,ok,,1.0,600,3,2.0,2.0,3.0,3.0,tied,-641.0984154375897,,1,5,bic,,0.135872041049879,0.1645639589987695,,,,,,,,,,,
heavy_tail_subspace,8,6,autog2m2,auto,ok,,0.7334640796514654,600,3,2.0,2.0,5.0,5.0,diag,-2656.8342193533845,,1,5,bic,,0.1442265840014442,0.185587249987293,,,,,,,,,,,
heavy_tail_subspace,8,6,autogmm_spectral,auto,ok,,0.9949999582634246,600,3,2.0,2.0,5.0,5.0,spherical,-17912.44906999271,lse,1,5,bic,,0.1261023749830201,0.1541235840413719,,,,,,,,,,,
heavy_tail_subspace,8,6,mclust,auto,ok,,0.96648266990315,600,3,8.0,,4.0,4.0,VEI,-5847.659749461425,,1,5,bic,,0.8805600000778213,0.8805600000778213,,,,,,,,,,,
heavy_tail_subspace,8,6,pca,auto,ok,,1.0,600,3,2.0,2.0,3.0,3.0,tied,2624.360275612206,,1,5,bic,,0.1447944169631227,0.1787525409599766,,,,,,,,,,,
heavy_tail_subspace,8,6,umap,auto,ok,,0.8782833305830317,600,3,2.0,2.0,4.0,4.0,full,4213.859175713316,,1,5,bic,,0.1373345419997349,0.1663219580077566,,,,,,,,,,,
heavy_tail_subspace,8,7,ae_relu,auto,ok,,1.0,600,3,2.0,2.0,3.0,3.0,diag,2661.979184791415,,1,5,bic,0.442008791025728,0.134023749968037,0.576032540993765,,,,,,relu,176.0,1.0,,,
heavy_tail_subspace,8,7,ae_tanh,auto,ok,,1.0,600,3,2.0,2.0,3.0,3.0,tied,-362.5534092053899,,1,5,bic,,0.1596337920054793,0.1949091669521294,,,,,,,,,,,
heavy_tail_subspace,8,7,autog2m2,auto,ok,,0.7800428108252765,600,3,2.0,2.0,5.0,5.0,full,-517.1416256320136,,1,5,bic,,0.271129333996214,0.3084524999721907,,,,,,,,,,,
heavy_tail_subspace,8,7,autogmm_spectral,auto,ok,,0.9925188503330312,600,3,2.0,2.0,5.0,5.0,spherical,-17889.224836524558,lse,1,5,bic,,0.1791256669675931,0.2769144589547068,,,,,,,,,,,
heavy_tail_subspace,8,7,mclust,auto,ok,,0.9671352079002948,600,3,8.0,,4.0,4.0,VEI,-7244.3752288807245,,1,5,bic,,0.9529058750486,0.9529058750486,,,,,,,,,,,
heavy_tail_subspace,8,7,pca,auto,ok,,1.0,600,3,2.0,2.0,3.0,3.0,tied,2778.768744559248,,1,5,bic,,0.1700973749975673,0.2507459580083377,,,,,,,,,,,
heavy_tail_subspace,8,7,umap,auto,ok,,0.8769240053847557,600,3,2.0,2.0,4.0,4.0,diag,3986.033439328576,,1,5,bic,,0.1547450000070966,0.1855272499960847,,,,,,,,,,,
heavy_tail_subspace,8,8,ae_relu,auto,ok,,0.9850379826540704,600,3,2.0,2.0,3.0,3.0,full,3750.678373300147,,1,5,bic,1.1505517079494894,0.1391620419453829,1.2897137498948723,,,,,,relu,416.0,1.0,,,
heavy_tail_subspace,8,8,ae_tanh,auto,ok,,0.9800961264798698,600,3,2.0,2.0,3.0,3.0,tied,35.04157047202334,,1,5,bic,,0.1126561249839142,0.1421889169723726,,,,,,,,,,,
heavy_tail_subspace,8,8,autog2m2,auto,ok,,0.824937036905728,600,3,2.0,2.0,5.0,5.0,full,-885.6768082528671,,1,5,bic,,0.127292999997735,0.1574282919755205,,,,,,,,,,,
heavy_tail_subspace,8,8,autogmm_spectral,auto,ok,,0.9775074872234348,600,3,2.0,2.0,5.0,5.0,full,-16493.94373713864,lse,1,5,bic,,0.1021532079903408,0.1415340839885175,,,,,,,,,,,
heavy_tail_subspace,8,8,mclust,auto,ok,,0.962261786703114,600,3,8.0,,4.0,4.0,VEI,-8510.229086552037,,1,5,bic,,0.8552731249947101,0.8552731249947101,,,,,,,,,,,
heavy_tail_subspace,8,8,pca,auto,ok,,0.9751548572366224,600,3,2.0,2.0,3.0,3.0,tied,3164.3123605765995,,1,5,bic,,0.1112478749710135,0.1434602499939501,,,,,,,,,,,
heavy_tail_subspace,8,8,umap,auto,ok,,0.7825507220555294,600,3,2.0,2.0,5.0,5.0,spherical,4156.852109670307,,1,5,bic,,0.0970655420096591,0.1214104170212522,,,,,,,,,,,
heavy_tail_subspace,8,9,ae_relu,auto,ok,,0.9850626884924544,600,3,2.0,2.0,3.0,3.0,full,4355.139972674375,,1,5,bic,0.5799709999701008,0.1392430419800803,0.7192140419501811,,,,,,relu,198.0,1.0,,,
heavy_tail_subspace,8,9,ae_tanh,auto,ok,,0.9900168347249766,600,3,2.0,2.0,3.0,3.0,tied,68.08493288008499,,1,5,bic,,0.1255086250021122,0.1540348340058699,,,,,,,,,,,
heavy_tail_subspace,8,9,autog2m2,auto,ok,,0.7794068987352839,600,3,2.0,2.0,5.0,5.0,full,-1864.290627227694,,1,5,bic,,0.1290568339754827,0.1712500419816933,,,,,,,,,,,
heavy_tail_subspace,8,9,autogmm_spectral,auto,ok,,0.9356243305863944,600,3,2.0,2.0,5.0,5.0,full,-16570.52875382525,lse,1,5,bic,,0.1292485839803703,0.1588444159715436,,,,,,,,,,,
heavy_tail_subspace,8,9,mclust,auto,ok,,0.9701003450162664,600,3,8.0,,4.0,4.0,VEI,-8625.287455729193,,1,5,bic,,0.864108334062621,0.864108334062621,,,,,,,,,,,
heavy_tail_subspace,8,9,pca,auto,ok,,0.9900168347249766,600,3,2.0,2.0,3.0,3.0,tied,3241.703924050103,,1,5,bic,,0.1381629999959841,0.1666800830280408,,,,,,,,,,,
heavy_tail_subspace,8,9,umap,auto,ok,,0.7879101485033376,600,3,2.0,2.0,5.0,5.0,diag,4193.666367040005,,1,5,bic,,0.1400259169749915,0.1673278749804012,,,,,,,,,,,
heavy_tail_subspace,8,10,ae_relu,auto,ok,,0.9701508374942768,600,3,2.0,2.0,3.0,3.0,full,4277.3133362533,,1,5,bic,0.9559195829788224,0.226621292065829,1.182540875044651,,,,,,relu,365.0,1.0,,,
heavy_tail_subspace,8,10,ae_tanh,auto,ok,,0.9703530013556876,600,3,2.0,2.0,3.0,3.0,tied,343.2270113713243,,1,5,bic,,0.1179046250181272,0.1617672079592012,,,,,,,,,,,
heavy_tail_subspace,8,10,autog2m2,auto,ok,,0.7269255601595962,600,3,2.0,2.0,5.0,5.0,full,-587.5270562159016,,1,5,bic,,0.1975107499747537,0.231945082952734,,,,,,,,,,,
heavy_tail_subspace,8,10,autogmm_spectral,auto,ok,,0.9026987385075348,600,3,2.0,2.0,5.0,5.0,diag,-15434.226596823324,lse,1,5,bic,,0.157803917012643,0.1941175410174764,,,,,,,,,,,
heavy_tail_subspace,8,10,mclust,auto,ok,,0.9605697129172004,600,3,8.0,,4.0,4.0,VEI,-9527.563470173349,,1,5,bic,,0.8297465830110013,0.8297465830110013,,,,,,,,,,,
heavy_tail_subspace,8,10,pca,auto,ok,,0.9752324006948598,600,3,2.0,2.0,3.0,3.0,tied,3480.207667912944,,1,5,bic,,0.1646771249943412,0.1945314999902621,,,,,,,,,,,
heavy_tail_subspace,8,10,umap,auto,ok,,0.8709430035117971,600,3,2.0,2.0,4.0,4.0,full,4114.003004007438,,1,5,bic,,0.1326871659839525,0.1642392079811543,,,,,,,,,,,
heavy_tail_subspace,8,11,ae_relu,auto,ok,,1.0,600,3,2.0,2.0,3.0,3.0,full,4033.580955957656,,1,5,bic,0.625627791043371,0.2266707089729607,0.8522985000163317,,,,,,relu,238.0,1.0,,,
heavy_tail_subspace,8,11,ae_tanh,auto,ok,,0.9949958125176231,600,3,2.0,2.0,3.0,3.0,tied,-161.79296325356393,,1,5,bic,,0.1353389170253649,0.170408584002871,,,,,,,,,,,
heavy_tail_subspace,8,11,autog2m2,auto,ok,,0.8018870148309559,600,3,2.0,2.0,5.0,5.0,full,-1196.9258390713944,,1,5,bic,,0.194415540958289,0.2353350420016795,,,,,,,,,,,
heavy_tail_subspace,8,11,autogmm_spectral,auto,ok,,0.9681589927470824,600,3,2.0,2.0,5.0,5.0,diag,-17567.67669575294,lse,1,5,bic,,0.1425351249636151,0.179965415969491,,,,,,,,,,,
heavy_tail_subspace,8,11,mclust,auto,ok,,1.0,600,3,8.0,,3.0,3.0,EEI,-8490.985038678133,,1,5,bic,,0.8676317919744179,0.8676317919744179,,,,,,,,,,,
heavy_tail_subspace,8,11,pca,auto,ok,,1.0,600,3,2.0,2.0,3.0,3.0,tied,3098.01320336464,,1,5,bic,,0.1563787499908357,0.1902131249662488,,,,,,,,,,,
heavy_tail_subspace,8,11,umap,auto,ok,,0.7283353243112072,600,3,2.0,2.0,5.0,5.0,tied,4257.54859555467,,1,5,bic,,0.1494221249595284,0.180465749988798,,,,,,,,,,,
heavy_tail_subspace,8,12,ae_relu,auto,ok,,0.9606792676277478,600,3,2.0,2.0,3.0,3.0,full,3691.270837908647,,1,5,bic,0.6592340839561075,0.2797197500476613,0.9389538340037688,,,,,,relu,230.0,1.0,,,
heavy_tail_subspace,8,12,ae_tanh,auto,ok,,1.0,600,3,2.0,2.0,3.0,3.0,tied,-218.6404974305421,,1,5,bic,,0.1066118750022724,0.1351825839956291,,,,,,,,,,,
heavy_tail_subspace,8,12,autog2m2,auto,ok,,0.8359162179495063,600,3,2.0,2.0,5.0,5.0,full,-1096.462491435666,,1,5,bic,,0.1301296669989824,0.1635522079886868,,,,,,,,,,,
heavy_tail_subspace,8,12,autogmm_spectral,auto,ok,,0.9753664738716816,600,3,2.0,2.0,5.0,5.0,diag,-17535.331153833828,lse,1,5,bic,,0.1758946249610744,0.2066692910157144,,,,,,,,,,,
heavy_tail_subspace,8,12,mclust,auto,ok,,1.0,600,3,8.0,,3.0,3.0,EEI,-8619.3002695624,,1,5,bic,,0.7887532910099253,0.7887532910099253,,,,,,,,,,,
heavy_tail_subspace,8,12,pca,auto,ok,,1.0,600,3,2.0,2.0,3.0,3.0,tied,3224.424646870351,,1,5,bic,,0.1241876669810153,0.1513654589653015,,,,,,,,,,,
heavy_tail_subspace,8,12,umap,auto,ok,,1.0,600,3,2.0,2.0,3.0,3.0,tied,4085.548842066001,,1,5,bic,,0.1105292909778654,0.1393305829842575,,,,,,,,,,,
heavy_tail_subspace,8,13,ae_relu,auto,ok,,0.9145019899404532,600,3,2.0,2.0,5.0,5.0,full,3887.4152361642177,,1,5,bic,1.2607955419225618,0.1608370420290157,1.4216325839515775,,,,,,relu,378.0,1.0,,,
heavy_tail_subspace,8,13,ae_tanh,auto,ok,,0.8485864936414628,600,3,2.0,2.0,5.0,5.0,spherical,-412.05362025711656,,1,5,bic,,0.158768791006878,0.1905610829708166,,,,,,,,,,,
heavy_tail_subspace,8,13,autog2m2,auto,ok,,0.8425175475570615,600,3,2.0,2.0,5.0,5.0,full,-1205.0252589833835,,1,5,bic,,0.1412626249948516,0.178058042016346,,,,,,,,,,,
heavy_tail_subspace,8,13,autogmm_spectral,auto,ok,,0.9826545466989935,600,3,2.0,2.0,5.0,5.0,diag,-17354.890020059076,lse,1,5,bic,,0.1328197910333983,0.1663128749933093,,,,,,,,,,,
heavy_tail_subspace,8,13,mclust,auto,ok,,0.9114612099128924,600,3,8.0,,5.0,5.0,VEI,-6975.627106046249,,1,5,bic,,0.9500510420184582,0.9500510420184582,,,,,,,,,,,
heavy_tail_subspace,8,13,pca,auto,ok,,0.9949958125176231,600,3,2.0,2.0,3.0,3.0,tied,2993.4315907113364,,1,5,bic,,0.1596000409917906,0.1891608749865554,,,,,,,,,,,
heavy_tail_subspace,8,13,umap,auto,ok,,0.8701777625322014,600,3,2.0,2.0,4.0,4.0,full,4171.414473862407,,1,5,bic,,0.1187093339976854,0.1508882920024916,,,,,,,,,,,
heavy_tail_subspace,8,14,ae_relu,auto,ok,,0.9000726192088334,600,3,2.0,2.0,3.0,3.0,full,4454.100399187046,,1,5,bic,0.9790598340332508,0.1724125409964472,1.151472375029698,,,,,,relu,319.0,1.0,,,
heavy_tail_subspace,8,14,ae_tanh,auto,ok,,0.9801340027693,600,3,2.0,2.0,3.0,3.0,tied,347.6379470359212,,1,5,bic,,0.1658891669940203,0.2092080419533886,,,,,,,,,,,
heavy_tail_subspace,8,14,autog2m2,auto,ok,,0.706342160624351,600,3,2.0,2.0,5.0,5.0,full,-367.91990283852215,,1,5,bic,,0.2345837909961119,0.2830545409815386,,,,,,,,,,,
heavy_tail_subspace,8,14,autogmm_spectral,auto,ok,,0.8427981342901332,600,3,2.0,2.0,5.0,5.0,full,-14779.85301566772,lse,1,5,bic,,0.3144762919982895,0.3568661669851281,,,,,,,,,,,
heavy_tail_subspace,8,14,mclust,auto,ok,,0.9133674591623752,600,3,8.0,,4.0,4.0,VEI,-10837.50813411856,,1,5,bic,,1.0867660410003737,1.0867660410003737,,,,,,,,,,,
heavy_tail_subspace,8,14,pca,auto,ok,,0.9801340027693,600,3,2.0,2.0,3.0,3.0,tied,3607.261885059464,,1,5,bic,,0.1706092919921502,0.2127699159900657,,,,,,,,,,,
heavy_tail_subspace,8,14,umap,auto,ok,,0.7446127012961239,600,3,2.0,2.0,5.0,5.0,diag,4138.8736233938525,,1,5,bic,,0.1843156249960884,0.2279552500112913,,,,,,,,,,,
heavy_tail_subspace,8,15,ae_relu,auto,ok,,0.9949958125176231,600,3,2.0,2.0,3.0,3.0,full,3615.5195901085062,,1,5,bic,0.7856207080185413,0.1933295839698985,0.97895029198844,,,,,,relu,298.0,1.0,,,
heavy_tail_subspace,8,15,ae_tanh,auto,ok,,1.0,600,3,2.0,2.0,3.0,3.0,tied,-122.95261958027506,,1,5,bic,,0.2371017079567536,0.2801616250071674,,,,,,,,,,,
heavy_tail_subspace,8,15,autog2m2,auto,ok,,0.7745103502395139,600,3,2.0,2.0,5.0,5.0,full,80.78976262841732,,1,5,bic,,0.2625340409576893,0.3150284170405939,,,,,,,,,,,
heavy_tail_subspace,8,15,autogmm_spectral,auto,ok,,0.9686321245003308,600,3,2.0,2.0,5.0,5.0,full,-17350.81629711371,lse,1,5,bic,,0.196720500010997,0.2512723330291919,,,,,,,,,,,
heavy_tail_subspace,8,15,mclust,auto,ok,,0.8120746354550797,600,3,8.0,,5.0,5.0,VEI,-7992.178973269787,,1,5,bic,,0.9695495830383152,0.9695495830383152,,,,,,,,,,,
heavy_tail_subspace,8,15,pca,auto,ok,,1.0,600,3,2.0,2.0,3.0,3.0,tied,2968.612855729208,,1,5,bic,,0.2003877080278471,0.2536101249861531,,,,,,,,,,,
heavy_tail_subspace,8,15,umap,auto,ok,,0.7433625420597474,600,3,2.0,2.0,5.0,5.0,spherical,4014.762978842216,,1,5,bic,,0.2284432079759426,0.2722510420135222,,,,,,,,,,,
heavy_tail_subspace,8,16,ae_relu,auto,ok,,0.9273042287971182,600,3,2.0,2.0,3.0,3.0,full,4074.0319745119023,,1,5,bic,1.5103547079488635,0.1751083340495824,1.685463041998446,,,,,,relu,597.0,1.0,,,
heavy_tail_subspace,8,16,ae_tanh,auto,ok,,0.9369042114799296,600,3,2.0,2.0,3.0,3.0,tied,132.47731158789964,,1,5,bic,,0.1942124159540981,0.2521864579757675,,,,,,,,,,,
heavy_tail_subspace,8,16,autog2m2,auto,ok,,0.6953251680767145,600,3,2.0,2.0,5.0,5.0,full,-934.700908865376,,1,5,bic,,0.206254709046334,0.2718208329752087,,,,,,,,,,,
heavy_tail_subspace,8,16,autogmm_spectral,auto,ok,,0.8045785811927131,600,3,2.0,2.0,5.0,5.0,diag,-15614.827682195802,lse,1,5,bic,,0.2409280420397408,0.2898331670439802,,,,,,,,,,,
heavy_tail_subspace,8,16,mclust,auto,ok,,0.8871196539149764,600,3,8.0,,4.0,4.0,VEI,-8547.101094261283,,1,5,bic,,1.0328093329444528,1.0328093329444528,,,,,,,,,,,
heavy_tail_subspace,8,16,pca,auto,ok,,0.9229440107415278,600,3,2.0,2.0,3.0,3.0,tied,3314.9524263621133,,1,5,bic,,0.2043105420307256,0.2534483330091461,,,,,,,,,,,
heavy_tail_subspace,8,16,umap,auto,ok,,0.8129588284842533,600,3,2.0,2.0,5.0,5.0,spherical,4198.4959318923,,1,5,bic,,0.2213132919860072,0.2756072920165024,,,,,,,,,,,
heavy_tail_subspace,8,17,ae_relu,auto,ok,,0.902869265750403,600,3,2.0,2.0,3.0,3.0,full,4375.422670172891,,1,5,bic,0.2684095840668306,0.1489608749980107,0.4173704590648412,,,,,,relu,105.0,1.0,,,
heavy_tail_subspace,8,17,ae_tanh,auto,ok,,0.9751051094453728,600,3,2.0,2.0,3.0,3.0,tied,335.2590050875974,,1,5,bic,,0.1961428750073537,0.2414329170132987,,,,,,,,,,,
heavy_tail_subspace,8,17,autog2m2,auto,ok,,0.6776811083583942,600,3,2.0,2.0,5.0,5.0,full,-862.4059743907757,,1,5,bic,,0.2509839159902185,0.3088793329661712,,,,,,,,,,,
heavy_tail_subspace,8,17,autogmm_spectral,auto,ok,,0.8408332671061605,600,3,2.0,2.0,5.0,5.0,full,-14248.18480057207,lse,1,5,bic,,0.2309215419809334,0.2783511250163428,,,,,,,,,,,
heavy_tail_subspace,8,17,mclust,auto,ok,,0.9244395835286648,600,3,8.0,,4.0,4.0,VEI,-11044.86257739037,,1,5,bic,,0.923977250000462,0.923977250000462,,,,,,,,,,,
heavy_tail_subspace,8,17,pca,auto,ok,,0.9801340027693,600,3,2.0,2.0,3.0,3.0,tied,3626.451444858804,,1,5,bic,,0.1896582500194199,0.230241457989905,,,,,,,,,,,
heavy_tail_subspace,8,17,umap,auto,ok,,0.7264714741633682,600,3,2.0,2.0,5.0,5.0,tied,4153.496066024904,,1,5,bic,,0.1693182500312104,0.2141479169949889,,,,,,,,,,,
heavy_tail_subspace,8,18,ae_relu,auto,ok,,0.953932575936422,600,3,2.0,2.0,4.0,4.0,full,4666.221320533413,,1,5,bic,0.5943385410355404,0.1448454579804092,0.7391839990159497,,,,,,relu,237.0,1.0,,,
heavy_tail_subspace,8,18,ae_tanh,auto,ok,,1.0,600,3,2.0,2.0,3.0,3.0,tied,140.28421671191091,,1,5,bic,,0.2407291670097038,0.2947660830104723,,,,,,,,,,,
heavy_tail_subspace,8,18,autog2m2,auto,ok,,0.763765371691828,600,3,2.0,2.0,5.0,5.0,full,-2024.020838224052,,1,5,bic,,0.3577428749995306,0.4349320000037551,,,,,,,,,,,
heavy_tail_subspace,8,18,autogmm_spectral,auto,ok,,0.95390895090363,600,3,2.0,2.0,5.0,5.0,diag,-17019.721701002272,lse,1,5,bic,,0.2463517500436864,0.318210958968848,,,,,,,,,,,
heavy_tail_subspace,8,18,mclust,auto,ok,,0.8820322140486037,600,3,8.0,,5.0,5.0,VEI,-9043.846457926333,,1,5,bic,,0.8344011249719188,0.8344011249719188,,,,,,,,,,,
heavy_tail_subspace,8,18,pca,auto,ok,,1.0,600,3,2.0,2.0,3.0,3.0,tied,3222.483283050332,,1,5,bic,,0.2259135000058449,0.2984596249880269,,,,,,,,,,,
heavy_tail_subspace,8,18,umap,auto,ok,,0.8204854983184043,600,3,2.0,2.0,5.0,5.0,spherical,4138.4914951264855,,1,5,bic,,0.2540398329729214,0.3202034580172039,,,,,,,,,,,
heavy_tail_subspace,8,19,ae_relu,auto,ok,,0.9018836133588272,600,3,2.0,2.0,5.0,5.0,full,4269.487985832733,,1,5,bic,0.4483669999754056,0.1503749589901417,0.5987419589655474,,,,,,relu,178.0,1.0,,,
heavy_tail_subspace,8,19,ae_tanh,auto,ok,,0.98997916755783,600,3,2.0,2.0,3.0,3.0,spherical,-247.64262839626628,,1,5,bic,,0.1662992499768734,0.2083931250381283,,,,,,,,,,,
heavy_tail_subspace,8,19,autog2m2,auto,ok,,0.8260099258207878,600,3,2.0,2.0,5.0,5.0,full,-3298.9456486897066,,1,5,bic,,0.1941475409548729,0.2362375410157255,,,,,,,,,,,
heavy_tail_subspace,8,19,autogmm_spectral,auto,ok,,0.982477641755952,600,3,2.0,2.0,5.0,5.0,full,-17003.995887236684,lse,1,5,bic,,0.1729626249871216,0.214529541961383,,,,,,,,,,,
heavy_tail_subspace,8,19,mclust,auto,ok,,0.9645346962412882,600,3,8.0,,4.0,4.0,VEI,-8010.898927314342,,1,5,bic,,0.77175487508066,0.77175487508066,,,,,,,,,,,
heavy_tail_subspace,8,19,pca,auto,ok,,0.9949958125176231,600,3,2.0,2.0,3.0,3.0,spherical,3049.081896473172,,1,5,bic,,0.1561522910487838,0.1925637499662116,,,,,,,,,,,
heavy_tail_subspace,8,19,umap,auto,ok,,0.7284564875342984,600,3,2.0,2.0,5.0,5.0,full,4148.801856779805,,1,5,bic,,0.1638582500163465,0.2018383329850621,,,,,,,,,,,
heavy_tail_subspace,16,0,ae_relu,auto,ok,,0.960135919064708,600,3,2.0,2.0,3.0,3.0,full,4798.97178819207,,1,5,bic,0.4363493329146877,0.2027883329428732,0.6391376658575609,,,,,,relu,160.0,1.0,,,
heavy_tail_subspace,16,0,ae_tanh,auto,ok,,0.9900041668585104,600,3,2.0,2.0,3.0,3.0,tied,271.97851885177937,,1,5,bic,,0.0824084170162677,0.1037865410326048,,,,,,,,,,,
heavy_tail_subspace,16,0,autog2m2,auto,ok,,0.7835055877348841,600,3,2.0,2.0,5.0,5.0,full,-985.7040003146128,,1,5,bic,,0.1351037080166861,0.16111029102467,,,,,,,,,,,
heavy_tail_subspace,16,0,autogmm_spectral,auto,ok,,0.900589571800143,600,3,2.0,2.0,5.0,5.0,full,-15558.646130346411,lse,1,5,bic,,0.1294867499964311,0.1525713329901918,,,,,,,,,,,
heavy_tail_subspace,16,0,mclust,auto,ok,,0.9676694589160234,600,3,16.0,,4.0,4.0,VEI,-22499.85378648691,,1,5,bic,,3.832285416079685,3.832285416079685,,,,,,,,,,,
heavy_tail_subspace,16,0,pca,auto,ok,,0.9900041668585104,600,3,2.0,2.0,3.0,3.0,tied,3766.606560020221,,1,5,bic,,0.0959156659664586,0.1185431249905377,,,,,,,,,,,
heavy_tail_subspace,16,0,umap,auto,ok,,0.9949958125176231,600,3,2.0,2.0,3.0,3.0,tied,3709.23596259424,,1,5,bic,,0.0918616249691695,0.1140271250042133,,,,,,,,,,,
heavy_tail_subspace,16,1,ae_relu,auto,ok,,0.9357689467079616,600,3,2.0,2.0,3.0,3.0,full,1603.2923636693777,,1,5,bic,0.9750955000054092,0.1996482500107959,1.174743750016205,,,,,,relu,280.0,1.0,,,
heavy_tail_subspace,16,1,ae_tanh,auto,ok,,1.0,600,3,2.0,2.0,3.0,3.0,diag,208.87028610378383,,1,5,bic,,0.1020372500061057,0.1248355829739011,,,,,,,,,,,
heavy_tail_subspace,16,1,autog2m2,auto,ok,,0.7863628647120798,600,3,2.0,2.0,5.0,5.0,full,-2961.818310219091,,1,5,bic,,0.1302060000016354,0.1504517500288784,,,,,,,,,,,
heavy_tail_subspace,16,1,autogmm_spectral,auto,ok,,0.9192980455697288,600,3,2.0,2.0,5.0,5.0,diag,-16285.905032393855,lse,1,5,bic,,0.0934825000003911,0.1160967919859103,,,,,,,,,,,
heavy_tail_subspace,16,1,mclust,auto,ok,,0.9725203051706248,600,3,16.0,,4.0,4.0,VEI,-21748.400848080862,,1,5,bic,,3.876362291048281,3.876362291048281,,,,,,,,,,,
heavy_tail_subspace,16,1,pca,auto,ok,,1.0,600,3,2.0,2.0,3.0,3.0,tied,3660.2828713050912,,1,5,bic,,0.0963232910144142,0.1194790420122444,,,,,,,,,,,
heavy_tail_subspace,16,1,umap,auto,ok,,0.9949958125176231,600,3,2.0,2.0,3.0,3.0,tied,3736.023835065381,,1,5,bic,,0.0947385000181384,0.1143982500070706,,,,,,,,,,,
heavy_tail_subspace,16,2,ae_relu,auto,ok,,0.8837108768561979,600,3,2.0,2.0,4.0,4.0,full,954.5002514201816,,1,5,bic,0.6918864160543308,0.1571292500011623,0.8490156660554931,,,,,,relu,210.0,1.0,,,
heavy_tail_subspace,16,2,ae_tanh,auto,ok,,1.0,600,3,2.0,2.0,3.0,3.0,diag,-28.548061148363143,,1,5,bic,,0.0831784160109236,0.1024112500017508,,,,,,,,,,,
heavy_tail_subspace,16,2,autog2m2,auto,ok,,0.851325679810514,600,3,2.0,2.0,5.0,5.0,diag,-694.1617096580836,,1,5,bic,,0.0900739589706063,0.1140485419891774,,,,,,,,,,,
heavy_tail_subspace,16,2,autogmm_spectral,auto,ok,,0.9777492249378428,600,3,2.0,2.0,5.0,5.0,diag,-17251.6620377094,lse,1,5,bic,,0.0823706249939277,0.10218166699633,,,,,,,,,,,
heavy_tail_subspace,16,2,mclust,auto,ok,,1.0,600,3,16.0,,3.0,3.0,EEI,-20629.050876276822,,1,5,bic,,2.168269749963656,2.168269749963656,,,,,,,,,,,
heavy_tail_subspace,16,2,pca,auto,ok,,1.0,600,3,2.0,2.0,3.0,3.0,tied,3281.564412462153,,1,5,bic,,0.0800857919966802,0.0994403749937191,,,,,,,,,,,
heavy_tail_subspace,16,2,umap,auto,ok,,1.0,600,3,2.0,2.0,3.0,3.0,tied,3792.413246641564,,1,5,bic,,0.0745982080115936,0.0952822500257752,,,,,,,,,,,
heavy_tail_subspace,16,3,ae_relu,auto,ok,,0.9651993696285762,600,3,2.0,2.0,3.0,3.0,full,4316.715299619624,,1,5,bic,0.3797644999576732,0.1243073749355971,0.5040718748932704,,,,,,relu,135.0,1.0,,,
heavy_tail_subspace,16,3,ae_tanh,auto,ok,,0.975104690365823,600,3,2.0,2.0,3.0,3.0,tied,507.2209787418377,,1,5,bic,,0.0778895419789478,0.0969594999914988,,,,,,,,,,,
heavy_tail_subspace,16,3,autog2m2,auto,ok,,0.5938922416342638,600,3,2.0,2.0,5.0,5.0,full,-489.9009477465919,,1,5,bic,,0.1122827500221319,0.1372994169942103,,,,,,,,,,,
heavy_tail_subspace,16,3,autogmm_spectral,auto,ok,,0.846158834468832,600,3,2.0,2.0,5.0,5.0,full,-14737.667837988336,lse,1,5,bic,,0.1047257090103812,0.1250009579816833,,,,,,,,,,,
heavy_tail_subspace,16,3,mclust,auto,ok,,0.9900166666666668,600,3,16.0,,3.0,3.0,VEI,-23577.55838296998,,1,5,bic,,3.488108833087608,3.488108833087608,,,,,,,,,,,
heavy_tail_subspace,16,3,pca,auto,ok,,0.9800459591868133,600,3,2.0,2.0,3.0,3.0,tied,3733.1153851887616,,1,5,bic,,0.074278249987401,0.0938745829625986,,,,,,,,,,,
heavy_tail_subspace,16,3,umap,auto,ok,,0.9751797317603416,600,3,2.0,2.0,3.0,3.0,tied,3711.678219616873,,1,5,bic,,0.0683037500130012,0.0868723750463686,,,,,,,,,,,
heavy_tail_subspace,16,4,ae_relu,auto,ok,,0.985063191387914,600,3,2.0,2.0,3.0,3.0,full,4402.851806406787,,1,5,bic,0.8991327499970794,0.1536543339025229,1.0527870838996023,,,,,,relu,280.0,1.0,,,
heavy_tail_subspace,16,4,ae_tanh,auto,ok,,1.0,600,3,2.0,2.0,3.0,3.0,tied,-255.33886324474577,,1,5,bic,,0.0762212910340167,0.0951488330028951,,,,,,,,,,,
heavy_tail_subspace,16,4,autog2m2,auto,ok,,0.7219463495019867,600,3,2.0,2.0,4.0,4.0,diag,-2868.550696914926,,1,5,bic,,0.0822987499996088,0.1029460839927196,,,,,,,,,,,
heavy_tail_subspace,16,4,autogmm_spectral,auto,ok,,0.9975020746541896,600,3,2.0,2.0,4.0,4.0,tied,-17903.51282150056,lse,1,5,bic,,0.0695619999896735,0.0893479579826816,,,,,,,,,,,
heavy_tail_subspace,16,4,mclust,auto,ok,,1.0,600,3,16.0,,3.0,3.0,VEI,-17802.64140062082,,1,5,bic,,3.254747417056933,3.254747417056933,,,,,,,,,,,
heavy_tail_subspace,16,4,pca,auto,ok,,1.0,600,3,2.0,2.0,3.0,3.0,spherical,3310.203482649307,,1,5,bic,,0.0773449999978765,0.0952054590452462,,,,,,,,,,,
heavy_tail_subspace,16,4,umap,auto,ok,,0.7697762668557725,600,3,2.0,2.0,5.0,5.0,spherical,3767.799952861315,,1,5,bic,,0.0708509999676607,0.0893822500365786,,,,,,,,,,,
heavy_tail_subspace,16,5,ae_relu,auto,ok,,0.9949958125176231,600,3,2.0,2.0,3.0,3.0,full,4073.6305413070168,,1,5,bic,0.4079712090315297,0.2532520000822842,0.6612232091138139,,,,,,relu,150.0,1.0,,,
heavy_tail_subspace,16,5,ae_tanh,auto,ok,,1.0,600,3,2.0,2.0,3.0,3.0,tied,-58.102143129823006,,1,5,bic,,0.0739410420064814,0.0936987499590031,,,,,,,,,,,
heavy_tail_subspace,16,5,autog2m2,auto,ok,,0.8688439535536416,600,3,2.0,2.0,5.0,5.0,full,-1350.9538642178263,,1,5,bic,,0.0835250000236556,0.1059838329674676,,,,,,,,,,,
heavy_tail_subspace,16,5,autogmm_spectral,auto,ok,,0.9753664738716816,600,3,2.0,2.0,5.0,5.0,full,-17450.15662121856,lse,1,5,bic,,0.0789100829861126,0.0984327920014038,,,,,,,,,,,
heavy_tail_subspace,16,5,mclust,auto,ok,,0.8575472848870016,600,3,16.0,,5.0,5.0,VEI,-19909.1597265624,,1,5,bic,,3.614745000028051,3.614745000028051,,,,,,,,,,,
heavy_tail_subspace,16,5,pca,auto,ok,,1.0,600,3,2.0,2.0,3.0,3.0,tied,3355.16723381717,,1,5,bic,,0.0746389589621685,0.0928753329790197,,,,,,,,,,,
heavy_tail_subspace,16,5,umap,auto,ok,,1.0,600,3,2.0,2.0,3.0,3.0,tied,3709.651895080268,,1,5,bic,,0.0688934169593267,0.0860636249999515,,,,,,,,,,,
heavy_tail_subspace,16,6,ae_relu,auto,ok,,0.959909648025057,600,3,2.0,2.0,4.0,4.0,full,4508.803118103591,,1,5,bic,0.5494184580165893,0.1829325419384986,0.7323509999550879,,,,,,relu,193.0,1.0,,,
heavy_tail_subspace,16,6,ae_tanh,auto,ok,,1.0,600,3,2.0,2.0,3.0,3.0,tied,-73.5583818204803,,1,5,bic,,0.1267179579590447,0.1543940420378931,,,,,,,,,,,
heavy_tail_subspace,16,6,autog2m2,auto,ok,,0.8064380182431843,600,3,2.0,2.0,5.0,5.0,full,-2962.607412881134,,1,5,bic,,0.1528939579729922,0.1828004170092754,,,,,,,,,,,
heavy_tail_subspace,16,6,autogmm_spectral,auto,ok,,0.9827052990360272,600,3,2.0,2.0,5.0,5.0,diag,-17269.132820761122,lse,1,5,bic,,0.1049992089974694,0.1533476249896921,,,,,,,,,,,
heavy_tail_subspace,16,6,mclust,auto,ok,,0.9257664692921396,600,3,16.0,,4.0,4.0,VEI,-19776.847113534903,,1,5,bic,,2.912913874955848,2.912913874955848,,,,,,,,,,,
heavy_tail_subspace,16,6,pca,auto,ok,,1.0,600,3,2.0,2.0,3.0,3.0,tied,3329.929163812302,,1,5,bic,,0.098431792051997,0.1266769579960964,,,,,,,,,,,
heavy_tail_subspace,16,6,umap,auto,ok,,1.0,600,3,2.0,2.0,3.0,3.0,tied,3697.578481333128,,1,5,bic,,0.0966910839779302,0.1210901250015012,,,,,,,,,,,
heavy_tail_subspace,16,7,ae_relu,auto,ok,,1.0,600,3,2.0,2.0,3.0,3.0,full,4848.858450615078,,1,5,bic,1.1136319580255076,0.1435484170215204,1.257180375047028,,,,,,relu,405.0,1.0,,,
heavy_tail_subspace,16,7,ae_tanh,auto,ok,,1.0,600,3,2.0,2.0,3.0,3.0,tied,-102.19588761906734,,1,5,bic,,0.1019980410346761,0.1334737910074181,,,,,,,,,,,
heavy_tail_subspace,16,7,autog2m2,auto,ok,,0.8240614520583878,600,3,2.0,2.0,5.0,5.0,full,-3256.546715795339,,1,5,bic,,0.2282080000150017,0.3241485829930752,,,,,,,,,,,
heavy_tail_subspace,16,7,autogmm_spectral,auto,ok,,0.9949999582634246,600,3,2.0,2.0,5.0,5.0,spherical,-17813.323270392568,lse,1,5,bic,,0.1085876250290311,0.1357902499730698,,,,,,,,,,,
heavy_tail_subspace,16,7,mclust,auto,ok,,0.8387216200511693,600,3,16.0,,5.0,5.0,VEI,-19554.387778627544,,1,5,bic,,2.025660082930699,2.025660082930699,,,,,,,,,,,
heavy_tail_subspace,16,7,pca,auto,ok,,1.0,600,3,2.0,2.0,3.0,3.0,tied,3480.834191606664,,1,5,bic,,0.1147367089870385,0.1830150000168942,,,,,,,,,,,
heavy_tail_subspace,16,7,umap,auto,ok,,0.9042201702896696,600,3,2.0,2.0,4.0,4.0,spherical,3782.833367068904,,1,5,bic,,0.1208221670240163,0.1455937079736031,,,,,,,,,,,
heavy_tail_subspace,16,8,ae_relu,auto,ok,,0.985063191387914,600,3,2.0,2.0,3.0,3.0,full,4111.536492474873,,1,5,bic,0.4622294999426231,0.1450367500074207,0.6072662499500439,,,,,,relu,166.0,1.0,,,
heavy_tail_subspace,16,8,ae_tanh,auto,ok,,0.9900041668585104,600,3,2.0,2.0,3.0,3.0,tied,115.58493414756856,,1,5,bic,,0.1135265830089338,0.1398340410087257,,,,,,,,,,,
heavy_tail_subspace,16,8,autog2m2,auto,ok,,0.6927638713000375,600,3,2.0,2.0,5.0,5.0,full,-1525.8759043023651,,1,5,bic,,0.1426964999991469,0.212656625022646,,,,,,,,,,,
heavy_tail_subspace,16,8,autogmm_spectral,auto,ok,,0.944837780989828,600,3,2.0,2.0,5.0,5.0,full,-15879.681270918269,lse,1,5,bic,,0.123238708009012,0.1530396250309422,,,,,,,,,,,
heavy_tail_subspace,16,8,mclust,auto,ok,,0.9619558427850716,600,3,16.0,,4.0,4.0,VEI,-22147.761960728607,,1,5,bic,,3.21163983293809,3.21163983293809,,,,,,,,,,,
heavy_tail_subspace,16,8,pca,auto,ok,,0.9900041668585104,600,3,2.0,2.0,3.0,3.0,tied,3791.464224039557,,1,5,bic,,0.1117243330227211,0.1676928749657236,,,,,,,,,,,
heavy_tail_subspace,16,8,umap,auto,ok,,0.9069967534433896,600,3,2.0,2.0,4.0,4.0,spherical,3684.5777891020407,,1,5,bic,,0.1253649580175988,0.1504685830441303,,,,,,,,,,,
heavy_tail_subspace,16,9,ae_relu,auto,ok,,0.9949958125176231,600,3,2.0,2.0,3.0,3.0,full,4505.894350105564,,1,5,bic,0.3340159580111503,0.1409506670897826,0.474966625100933,,,,,,relu,122.0,1.0,,,
heavy_tail_subspace,16,9,ae_tanh,auto,ok,,0.9949958125176231,600,3,2.0,2.0,3.0,3.0,tied,54.95689307398841,,1,5,bic,,0.1283179579768329,0.1558790000271983,,,,,,,,,,,
heavy_tail_subspace,16,9,autog2m2,auto,ok,,0.8645694014546473,600,3,2.0,2.0,5.0,5.0,diag,-2516.379679547408,,1,5,bic,,0.1527697090059518,0.1920004580169916,,,,,,,,,,,
heavy_tail_subspace,16,9,autogmm_spectral,auto,ok,,0.938133525529764,600,3,2.0,2.0,5.0,5.0,full,-16578.03278580489,lse,1,5,bic,,0.1471035840222612,0.1774072080152109,,,,,,,,,,,
heavy_tail_subspace,16,9,mclust,auto,ok,,0.9257664692921396,600,3,16.0,,4.0,4.0,VEI,-21059.031279487084,,1,5,bic,,3.1313275418942794,3.1313275418942794,,,,,,,,,,,
heavy_tail_subspace,16,9,pca,auto,ok,,1.0,600,3,2.0,2.0,3.0,3.0,tied,3467.71412277374,,1,5,bic,,0.1330605410039425,0.1628932079765945,,,,,,,,,,,
heavy_tail_subspace,16,9,umap,auto,ok,,1.0,600,3,2.0,2.0,3.0,3.0,spherical,3790.221355022657,,1,5,bic,,0.1066715840133838,0.1351898330030962,,,,,,,,,,,
heavy_tail_subspace,16,10,ae_relu,auto,ok,,0.9356843567861034,600,3,2.0,2.0,3.0,3.0,full,4871.368344295177,,1,5,bic,0.6579881249926984,0.1689193750498816,0.8269075000425801,,,,,,relu,232.0,1.0,,,
heavy_tail_subspace,16,10,ae_tanh,auto,ok,,0.975229899053398,600,3,2.0,2.0,3.0,3.0,tied,208.3914668117663,,1,5,bic,,0.4431251669884659,0.4774553750175982,,,,,,,,,,,
heavy_tail_subspace,16,10,autog2m2,auto,ok,,0.7342738217446404,600,3,2.0,2.0,5.0,5.0,full,-1249.5681557233424,,1,5,bic,,0.1791757079772651,0.2155291250091977,,,,,,,,,,,
heavy_tail_subspace,16,10,autogmm_spectral,auto,ok,,0.8450911537844731,600,3,2.0,2.0,5.0,5.0,full,-15155.939486363432,lse,1,5,bic,,0.3365674579981714,0.5047344579943456,,,,,,,,,,,
heavy_tail_subspace,16,10,mclust,auto,ok,,0.9949958125176231,600,3,16.0,,3.0,3.0,EEI,-21906.702305278395,,1,5,bic,,3.433362083043903,3.433362083043903,,,,,,,,,,,
heavy_tail_subspace,16,10,pca,auto,ok,,0.975229899053398,600,3,2.0,2.0,3.0,3.0,tied,3694.2633487928415,,1,5,bic,,0.1299169169506058,0.1629452080233022,,,,,,,,,,,
heavy_tail_subspace,16,10,umap,auto,ok,,0.9900166666666668,600,3,2.0,2.0,3.0,3.0,tied,3766.952469608538,,1,5,bic,,0.1278831660165451,0.157284167013131,,,,,,,,,,,
heavy_tail_subspace,16,11,ae_relu,auto,ok,,0.8298464806063685,600,3,2.0,2.0,3.0,3.0,full,4215.116989841526,,1,5,bic,0.254161584074609,0.2026553748873993,0.4568169589620083,,,,,,relu,90.0,1.0,,,
heavy_tail_subspace,16,11,ae_tanh,auto,ok,,0.95082599438184,600,3,2.0,2.0,3.0,3.0,tied,725.0477879652858,,1,5,bic,,0.1437749160104431,0.1833165829884819,,,,,,,,,,,
heavy_tail_subspace,16,11,autog2m2,auto,ok,,0.7108310354867968,600,3,2.0,2.0,5.0,5.0,full,-198.5708853630901,,1,5,bic,,0.1575706670409999,0.2180860830121673,,,,,,,,,,,
heavy_tail_subspace,16,11,autogmm_spectral,auto,ok,,0.6962237833071248,600,3,2.0,2.0,5.0,5.0,full,-12663.079586464264,lse,1,5,bic,,0.2044467910309322,0.2409069580025971,,,,,,,,,,,
heavy_tail_subspace,16,11,mclust,auto,ok,,0.965222402262982,600,3,16.0,,3.0,3.0,EEI,-24847.571474472228,,1,5,bic,,4.954138208995573,4.954138208995573,,,,,,,,,,,
heavy_tail_subspace,16,11,pca,auto,ok,,0.955618223104696,600,3,2.0,2.0,3.0,3.0,tied,3996.1448333726166,,1,5,bic,,0.1329153749975375,0.175276541034691,,,,,,,,,,,
heavy_tail_subspace,16,11,umap,auto,ok,,0.960505798541342,600,3,2.0,2.0,3.0,3.0,tied,3765.302311233045,,1,5,bic,,0.1518837920157238,0.1858115409850143,,,,,,,,,,,
heavy_tail_subspace,16,12,ae_relu,auto,ok,,0.679344623880832,600,3,2.0,2.0,5.0,5.0,full,2599.5567329821847,,1,5,bic,0.2236742079257965,0.2770665000425651,0.5007407079683617,,,,,,relu,79.0,1.0,,,
heavy_tail_subspace,16,12,ae_tanh,auto,ok,,0.9461647497371104,600,3,2.0,2.0,3.0,3.0,tied,619.047135323328,,1,5,bic,,0.1317045830073766,0.163668458990287,,,,,,,,,,,
heavy_tail_subspace,16,12,autog2m2,auto,ok,,0.6812946388284664,600,3,2.0,2.0,5.0,5.0,full,-668.5163173637933,,1,5,bic,,0.1712772499886341,0.2497963330242782,,,,,,,,,,,
heavy_tail_subspace,16,12,autogmm_spectral,auto,ok,,0.8023907614214436,600,3,2.0,2.0,5.0,5.0,full,-13444.808952946643,lse,1,5,bic,,0.1691002089646645,0.2027195420232601,,,,,,,,,,,
heavy_tail_subspace,16,12,mclust,auto,ok,,0.9513473266081406,600,3,16.0,,4.0,4.0,VEI,-23849.794736479,,1,5,bic,,4.931076959008351,4.931076959008351,,,,,,,,,,,
heavy_tail_subspace,16,12,pca,auto,ok,,0.9509279759843672,600,3,2.0,2.0,3.0,3.0,tied,3895.925479406184,,1,5,bic,,0.1375458330148831,0.1732634580112062,,,,,,,,,,,
heavy_tail_subspace,16,12,umap,auto,ok,,0.9605843671144558,600,3,2.0,2.0,3.0,3.0,tied,3800.4731847067455,,1,5,bic,,0.1163827499840408,0.1451168329804204,,,,,,,,,,,
heavy_tail_subspace,16,13,ae_relu,auto,ok,,0.9127784972197054,600,3,2.0,2.0,4.0,4.0,full,4228.687370060727,,1,5,bic,0.7990227499976754,0.1425384579924866,0.941561207990162,,,,,,relu,290.0,1.0,,,
heavy_tail_subspace,16,13,ae_tanh,auto,ok,,1.0,600,3,2.0,2.0,3.0,3.0,tied,-24.01468383284768,,1,5,bic,,0.1400565419462509,0.1720067499554716,,,,,,,,,,,
heavy_tail_subspace,16,13,autog2m2,auto,ok,,0.7151243989853787,600,3,2.0,2.0,5.0,5.0,full,-1942.2865622606723,,1,5,bic,,0.1894812500104308,0.2286162080126814,,,,,,,,,,,
heavy_tail_subspace,16,13,autogmm_spectral,auto,ok,,0.9677896204530606,600,3,2.0,2.0,5.0,5.0,spherical,-17423.234511540006,lse,1,5,bic,,0.1463652080274187,0.179294875008054,,,,,,,,,,,
heavy_tail_subspace,16,13,mclust,auto,ok,,0.9724007377413808,600,3,16.0,,4.0,4.0,VEI,-19873.59201714014,,1,5,bic,,2.688745707971975,2.688745707971975,,,,,,,,,,,
heavy_tail_subspace,16,13,pca,auto,ok,,1.0,600,3,2.0,2.0,3.0,3.0,tied,3483.389287880274,,1,5,bic,,0.1308979169698432,0.1626514170202426,,,,,,,,,,,
heavy_tail_subspace,16,13,umap,auto,ok,,1.0,600,3,2.0,2.0,3.0,3.0,tied,3804.6323756616175,,1,5,bic,,0.1248685840400867,0.1569172500167042,,,,,,,,,,,
heavy_tail_subspace,16,14,ae_relu,auto,ok,,0.9800845066199756,600,3,2.0,2.0,3.0,3.0,full,4955.9173327875615,,1,5,bic,0.86928220896516,0.1595715000294149,1.0288537089945748,,,,,,relu,315.0,1.0,,,
heavy_tail_subspace,16,14,ae_tanh,auto,ok,,1.0,600,3,2.0,2.0,3.0,3.0,tied,-39.03067529523965,,1,5,bic,,0.1763622089638374,0.244262374995742,,,,,,,,,,,
heavy_tail_subspace,16,14,autog2m2,auto,ok,,0.7340064152414958,600,3,2.0,2.0,5.0,5.0,spherical,-1311.067726687169,,1,5,bic,,0.3148601250140928,0.3648881249828264,,,,,,,,,,,
heavy_tail_subspace,16,14,autogmm_spectral,auto,ok,,0.9724740927511044,600,3,2.0,2.0,5.0,5.0,full,-17043.247072135222,lse,1,5,bic,,0.2230439170380123,0.2672884580097161,,,,,,,,,,,
heavy_tail_subspace,16,14,mclust,auto,ok,,0.9949958125176231,600,3,16.0,,3.0,3.0,EEI,-19027.50246638318,,1,5,bic,,4.056727249990217,4.056727249990217,,,,,,,,,,,
heavy_tail_subspace,16,14,pca,auto,ok,,1.0,600,3,2.0,2.0,3.0,3.0,tied,3477.5979611270127,,1,5,bic,,0.1648349160095676,0.2079175419639796,,,,,,,,,,,
heavy_tail_subspace,16,14,umap,auto,ok,,1.0,600,3,2.0,2.0,3.0,3.0,tied,3774.618995060915,,1,5,bic,,0.178982708021067,0.2196289160056039,,,,,,,,,,,
heavy_tail_subspace,16,15,ae_relu,auto,ok,,0.9604759909472224,600,3,2.0,2.0,3.0,3.0,full,4870.568119079242,,1,5,bic,0.3902164159808308,0.1481142080156132,0.538330623996444,,,,,,relu,139.0,1.0,,,
heavy_tail_subspace,16,15,ae_tanh,auto,ok,,0.9900168347249766,600,3,2.0,2.0,3.0,3.0,tied,374.29707839945706,,1,5,bic,,0.2690627920092083,0.3237134579685516,,,,,,,,,,,
heavy_tail_subspace,16,15,autog2m2,auto,ok,,0.6929807014766626,600,3,2.0,2.0,5.0,5.0,full,-1397.423496050054,,1,5,bic,,0.3084737499593757,0.3562710840487852,,,,,,,,,,,
heavy_tail_subspace,16,15,autogmm_spectral,auto,ok,,0.8181747517138899,600,3,2.0,2.0,5.0,5.0,full,-14128.6960058082,lse,1,5,bic,,0.2944160830229521,0.3609393750084564,,,,,,,,,,,
heavy_tail_subspace,16,15,mclust,auto,ok,,1.0,600,3,16.0,,3.0,3.0,VEI,-23716.0353545584,,1,5,bic,,3.6577259589685127,3.6577259589685127,,,,,,,,,,,
heavy_tail_subspace,16,15,pca,auto,ok,,0.9949958125176231,600,3,2.0,2.0,3.0,3.0,tied,3756.339599710984,,1,5,bic,,0.2352849580347538,0.3067887499928474,,,,,,,,,,,
heavy_tail_subspace,16,15,umap,auto,ok,,0.9949958125176231,600,3,2.0,2.0,3.0,3.0,tied,3732.045862755405,,1,5,bic,,0.2458565830020234,0.2952080409741029,,,,,,,,,,,
heavy_tail_subspace,16,16,ae_relu,auto,ok,,0.5924695111439929,600,3,2.0,2.0,5.0,5.0,full,2347.895816493458,,1,5,bic,0.5792626249603927,0.2000824579736217,0.7793450829340145,,,,,,relu,203.0,1.0,,,
heavy_tail_subspace,16,16,ae_tanh,auto,ok,,0.9949958125176231,600,3,2.0,2.0,3.0,3.0,tied,360.3208179522591,,1,5,bic,,0.1805092500289902,0.2293752080295235,,,,,,,,,,,
heavy_tail_subspace,16,16,autog2m2,auto,ok,,0.8250907648763915,600,3,2.0,2.0,5.0,5.0,full,-1853.4120460894528,,1,5,bic,,0.2784896669909358,0.3512695409590378,,,,,,,,,,,
heavy_tail_subspace,16,16,autogmm_spectral,auto,ok,,0.9026672589137004,600,3,2.0,2.0,5.0,5.0,full,-15462.384248737451,lse,1,5,bic,,0.2509877500124275,0.3045775410137139,,,,,,,,,,,
heavy_tail_subspace,16,16,mclust,auto,ok,,1.0,600,3,16.0,,3.0,3.0,EEI,-22122.086160310977,,1,5,bic,,3.4901855420321226,3.4901855420321226,,,,,,,,,,,
heavy_tail_subspace,16,16,pca,auto,ok,,0.9949958125176231,600,3,2.0,2.0,3.0,3.0,tied,3486.611593619572,,1,5,bic,,0.2057648749905638,0.2525785830221139,,,,,,,,,,,
heavy_tail_subspace,16,16,umap,auto,ok,,1.0,600,3,2.0,2.0,3.0,3.0,tied,3778.365290299907,,1,5,bic,,0.1703376249643042,0.218354000011459,,,,,,,,,,,
heavy_tail_subspace,16,17,ae_relu,auto,ok,,0.8771493741597818,600,3,2.0,2.0,3.0,3.0,full,1581.7544819440036,,1,5,bic,0.2278812499716878,0.1773055410012602,0.4051867909729481,,,,,,relu,82.0,1.0,,,
heavy_tail_subspace,16,17,ae_tanh,auto,ok,,0.9189346464578342,600,3,2.0,2.0,4.0,4.0,spherical,388.7364822458474,,1,5,bic,,0.1923473750357516,0.2392036250093951,,,,,,,,,,,
heavy_tail_subspace,16,17,autog2m2,auto,ok,,0.7947882999921605,600,3,2.0,2.0,5.0,5.0,full,-1633.6077474040144,,1,5,bic,,0.2277133750030771,0.2780525410198606,,,,,,,,,,,
heavy_tail_subspace,16,17,autogmm_spectral,auto,ok,,0.9493263955700044,600,3,2.0,2.0,5.0,5.0,diag,-16736.890783369396,lse,1,5,bic,,0.2016531249973923,0.2445912910043262,,,,,,,,,,,
heavy_tail_subspace,16,17,mclust,auto,ok,,1.0,600,3,16.0,,3.0,3.0,EEI,-21257.275358415485,,1,5,bic,,3.021152416942641,3.021152416942641,,,,,,,,,,,
heavy_tail_subspace,16,17,pca,auto,ok,,0.9949958125176231,600,3,2.0,2.0,3.0,3.0,tied,3610.802739414587,,1,5,bic,,0.2296770000248216,0.2834201249643229,,,,,,,,,,,
heavy_tail_subspace,16,17,umap,auto,ok,,1.0,600,3,2.0,2.0,3.0,3.0,tied,3783.497271475251,,1,5,bic,,0.1798744580009952,0.2660281250136904,,,,,,,,,,,
heavy_tail_subspace,16,18,ae_relu,auto,ok,,0.9223657215903218,600,3,2.0,2.0,4.0,4.0,full,4800.417796382485,,1,5,bic,0.7069140420062467,0.1843174999812618,0.8912315419875085,,,,,,relu,254.0,1.0,,,
heavy_tail_subspace,16,18,ae_tanh,auto,ok,,0.9850125211993978,600,3,2.0,2.0,3.0,3.0,tied,473.84252383663807,,1,5,bic,,0.1803355409647338,0.2263300829799845,,,,,,,,,,,
heavy_tail_subspace,16,18,autog2m2,auto,ok,,0.8230773737532248,600,3,2.0,2.0,5.0,5.0,full,-610.5165252992125,,1,5,bic,,0.211310584039893,0.267789667006582,,,,,,,,,,,
heavy_tail_subspace,16,18,autogmm_spectral,auto,ok,,0.8890108975720546,600,3,2.0,2.0,5.0,5.0,full,-15276.092950856462,lse,1,5,bic,,0.1948358750087209,0.2337711250293068,,,,,,,,,,,
heavy_tail_subspace,16,18,mclust,auto,ok,,0.9546956466498362,600,3,16.0,,4.0,4.0,VEI,-22559.30938908036,,1,5,bic,,4.360880375024863,4.360880375024863,,,,,,,,,,,
heavy_tail_subspace,16,18,pca,auto,ok,,0.98997916755783,600,3,2.0,2.0,3.0,3.0,tied,3789.9275413586574,,1,5,bic,,0.1809312080149538,0.2266346249962225,,,,,,,,,,,
heavy_tail_subspace,16,18,umap,auto,ok,,0.9949958125176231,600,3,2.0,2.0,3.0,3.0,tied,3713.650260030687,,1,5,bic,,0.1680342080071568,0.2106461670482531,,,,,,,,,,,
heavy_tail_subspace,16,19,ae_relu,auto,ok,,0.9507338393679378,600,3,2.0,2.0,4.0,4.0,full,4562.88228297241,,1,5,bic,0.5643319999799132,0.1610491670435294,0.7253811670234427,,,,,,relu,200.0,1.0,,,
heavy_tail_subspace,16,19,ae_tanh,auto,ok,,0.9900042509932298,600,3,2.0,2.0,3.0,3.0,tied,372.624357698146,,1,5,bic,,0.1636502500041388,0.1987168339546769,,,,,,,,,,,
heavy_tail_subspace,16,19,autog2m2,auto,ok,,0.712513508660279,600,3,2.0,2.0,5.0,5.0,full,-603.8082254106702,,1,5,bic,,0.262307042023167,0.3045785839785822,,,,,,,,,,,
heavy_tail_subspace,16,19,autogmm_spectral,auto,ok,,0.902861068769034,600,3,2.0,2.0,5.0,5.0,diag,-15287.622297136604,lse,1,5,bic,,0.1929150409996509,0.2327647089841775,,,,,,,,,,,
heavy_tail_subspace,16,19,mclust,auto,ok,,0.9704052866235696,600,3,16.0,,4.0,4.0,VEI,-22908.751019366413,,1,5,bic,,2.423570542014204,2.423570542014204,,,,,,,,,,,
heavy_tail_subspace,16,19,pca,auto,ok,,0.9949958125176231,600,3,2.0,2.0,3.0,3.0,tied,3863.592661126182,,1,5,bic,,0.1563559590140357,0.1948522080201655,,,,,,,,,,,
heavy_tail_subspace,16,19,umap,auto,ok,,0.9949958125176231,600,3,2.0,2.0,3.0,3.0,tied,3667.5867281750407,,1,5,bic,,0.1466915829805657,0.184151874971576,,,,,,,,,,,
heavy_tail_subspace,32,0,ae_relu,auto,ok,,0.9949958125176231,600,3,2.0,2.0,3.0,3.0,full,4608.059621181976,,1,5,bic,0.4008887499803677,0.1294877500040456,0.5303764999844134,,,,,,relu,118.0,1.0,,,
heavy_tail_subspace,32,0,ae_tanh,auto,ok,,0.7665234871305638,600,3,2.0,2.0,5.0,5.0,full,353.6930576218657,,1,5,bic,,0.1115679579670541,0.1402344590169377,,,,,,,,,,,
heavy_tail_subspace,32,0,autog2m2,auto,ok,,0.8296794105953708,600,3,2.0,2.0,5.0,5.0,full,-3333.606539646865,,1,5,bic,,0.114748791034799,0.1438178750104271,,,,,,,,,,,
heavy_tail_subspace,32,0,autogmm_spectral,auto,ok,,0.8793699336037009,600,3,2.0,2.0,5.0,5.0,full,-15572.874041304744,lse,1,5,bic,,0.1154303749790415,0.1412019160343334,,,,,,,,,,,
heavy_tail_subspace,32,0,mclust,auto,ok,,1.0,600,3,32.0,,3.0,3.0,EEI,-46538.002125821695,,1,5,bic,,20.015319415950216,20.015319415950216,,,,,,,,,,,
heavy_tail_subspace,32,0,pca,auto,ok,,1.0,600,3,2.0,2.0,3.0,3.0,tied,3511.094245345743,,1,5,bic,,0.0833815829828381,0.1048398750135675,,,,,,,,,,,
heavy_tail_subspace,32,0,umap,auto,ok,,1.0,600,3,2.0,2.0,3.0,3.0,tied,3492.4566754969364,,1,5,bic,,0.0915629580267705,0.1128909160033799,,,,,,,,,,,
heavy_tail_subspace,32,1,ae_relu,auto,ok,,0.7381463421932074,600,3,2.0,2.0,5.0,5.0,diag,4101.388642468527,,1,5,bic,0.4531429590424523,0.1636784169822931,0.6168213760247454,,,,,,relu,135.0,1.0,,,
heavy_tail_subspace,32,1,ae_tanh,auto,ok,,0.7494458336802461,600,3,2.0,2.0,5.0,5.0,spherical,539.286225533063,,1,5,bic,,0.1138995420187711,0.14353308302816,,,,,,,,,,,
heavy_tail_subspace,32,1,autog2m2,auto,ok,,0.76182778987746,600,3,2.0,2.0,5.0,5.0,full,-829.6131029653802,,1,5,bic,,0.1031139999977313,0.129366791981738,,,,,,,,,,,
heavy_tail_subspace,32,1,autogmm_spectral,auto,ok,,0.8632100597819218,600,3,2.0,2.0,5.0,5.0,full,-13397.408520711277,lse,1,5,bic,,0.0961764589883387,0.119520082953386,,,,,,,,,,,
heavy_tail_subspace,32,1,mclust,auto,ok,,0.9949958125176231,600,3,32.0,,3.0,3.0,EEI,-48750.905022352184,,1,5,bic,,9.180970291956328,9.180970291956328,,,,,,,,,,,
heavy_tail_subspace,32,1,pca,auto,ok,,1.0,600,3,2.0,2.0,3.0,3.0,tied,3601.494973618333,,1,5,bic,,0.1421421249979175,0.1786934590199962,,,,,,,,,,,
heavy_tail_subspace,32,1,umap,auto,ok,,1.0,600,3,2.0,2.0,3.0,3.0,tied,3479.8425761584867,,1,5,bic,,0.1469224590109661,0.1685172909637913,,,,,,,,,,,
heavy_tail_subspace,32,2,ae_relu,auto,ok,,0.9031405039720144,600,3,2.0,2.0,5.0,5.0,full,2001.011832703644,,1,5,bic,0.740147834061645,0.2711098329164088,1.0112576669780535,,,,,,relu,147.0,1.0,,,
heavy_tail_subspace,32,2,ae_tanh,auto,ok,,0.8083024733689937,600,3,2.0,2.0,5.0,5.0,diag,163.57538411368043,,1,5,bic,,0.0889097080216743,0.1069060830050148,,,,,,,,,,,
heavy_tail_subspace,32,2,autog2m2,auto,ok,,0.7082617158249063,600,3,2.0,2.0,5.0,5.0,full,-2357.2792049656787,,1,5,bic,,0.0902931669843383,0.1146741669508628,,,,,,,,,,,
heavy_tail_subspace,32,2,autogmm_spectral,auto,ok,,0.9150311849555216,600,3,2.0,2.0,5.0,5.0,full,-15654.363233618333,lse,1,5,bic,,0.090499291953165,0.1105927500175312,,,,,,,,,,,
heavy_tail_subspace,32,2,mclust,auto,ok,,1.0,600,3,32.0,,3.0,3.0,EEI,-46929.24446351586,,1,5,bic,,5.040296874940395,5.040296874940395,,,,,,,,,,,
heavy_tail_subspace,32,2,pca,auto,ok,,1.0,600,3,2.0,2.0,3.0,3.0,tied,3430.588014588588,,1,5,bic,,0.0764634170336648,0.0948634999804198,,,,,,,,,,,
heavy_tail_subspace,32,2,umap,auto,ok,,1.0,600,3,2.0,2.0,3.0,3.0,tied,3497.2327620332944,,1,5,bic,,0.0745457919547334,0.0934525830089114,,,,,,,,,,,
heavy_tail_subspace,32,3,ae_relu,auto,ok,,0.7802822195260829,600,3,2.0,2.0,5.0,5.0,full,1696.5576368307095,,1,5,bic,0.609677292057313,0.2628392500337213,0.8725165420910344,,,,,,relu,109.0,1.0,,,
heavy_tail_subspace,32,3,ae_tanh,auto,ok,,0.8091465496958018,600,3,2.0,2.0,5.0,5.0,diag,715.5838229647725,,1,5,bic,,0.0897132909740321,0.1073263750295154,,,,,,,,,,,
heavy_tail_subspace,32,3,autog2m2,auto,ok,,0.8128009643806076,600,3,2.0,2.0,5.0,5.0,full,-1623.0564812038938,,1,5,bic,,0.0825662499992176,0.1042918750317767,,,,,,,,,,,
heavy_tail_subspace,32,3,autogmm_spectral,auto,ok,,0.8394461302551524,600,3,2.0,2.0,5.0,5.0,full,-13921.188559724354,lse,1,5,bic,,0.088089625001885,0.1071600409923121,,,,,,,,,,,
heavy_tail_subspace,32,3,mclust,auto,ok,,0.9240660141382306,600,3,32.0,,4.0,4.0,VEI,-48876.282473605184,,1,5,bic,,11.804142958950251,11.804142958950251,,,,,,,,,,,
heavy_tail_subspace,32,3,pca,auto,ok,,0.9949958125176231,600,3,2.0,2.0,3.0,3.0,spherical,3756.620580074248,,1,5,bic,,0.0757092090207152,0.0939688340295106,,,,,,,,,,,
heavy_tail_subspace,32,3,umap,auto,ok,,0.9949958125176231,600,3,2.0,2.0,3.0,3.0,tied,3500.1806811873566,,1,5,bic,,0.0716654579737223,0.0902242500451393,,,,,,,,,,,
heavy_tail_subspace,32,4,ae_relu,auto,ok,,0.5744415400063762,600,3,2.0,2.0,5.0,5.0,full,2063.1732477670685,,1,5,bic,0.3226475829724222,0.2553379170130938,0.5779854999855161,,,,,,relu,86.0,1.0,,,
heavy_tail_subspace,32,4,ae_tanh,auto,ok,,0.7729756976873142,600,3,2.0,2.0,5.0,5.0,diag,432.7588243199994,,1,5,bic,,0.081496957980562,0.0997290830127894,,,,,,,,,,,
heavy_tail_subspace,32,4,autog2m2,auto,ok,,0.7112538198885773,600,3,2.0,2.0,5.0,5.0,spherical,-597.4688162653111,,1,5,bic,,0.1277297079795971,0.1535865000332705,,,,,,,,,,,
heavy_tail_subspace,32,4,autogmm_spectral,auto,ok,,0.8456649808188494,600,3,2.0,2.0,5.0,5.0,diag,-14170.202312519616,lse,1,5,bic,,0.1003938750363886,0.1201090840040706,,,,,,,,,,,
heavy_tail_subspace,32,4,mclust,auto,ok,,1.0,600,3,32.0,,3.0,3.0,EEI,-48770.39754772072,,1,5,bic,,8.739707999979146,8.739707999979146,,,,,,,,,,,
heavy_tail_subspace,32,4,pca,auto,ok,,1.0,600,3,2.0,2.0,3.0,3.0,tied,3568.0225504393097,,1,5,bic,,0.0718552090111188,0.089113374997396,,,,,,,,,,,
heavy_tail_subspace,32,4,umap,auto,ok,,1.0,600,3,2.0,2.0,3.0,3.0,tied,3440.678606790529,,1,5,bic,,0.0711187919951044,0.0891237909672781,,,,,,,,,,,
heavy_tail_subspace,32,5,ae_relu,auto,ok,,0.8049901887021479,600,3,2.0,2.0,5.0,5.0,full,1355.981840791373,,1,5,bic,0.5683394580846652,0.2011469160206616,0.7694863741053268,,,,,,relu,152.0,1.0,,,
heavy_tail_subspace,32,5,ae_tanh,auto,ok,,0.777189391703871,600,3,2.0,2.0,5.0,5.0,diag,154.6769586893281,,1,5,bic,,0.08146408299217,0.0985696659772656,,,,,,,,,,,
heavy_tail_subspace,32,5,autog2m2,auto,ok,,0.8637881965578158,600,3,2.0,2.0,5.0,5.0,full,-656.8450266874312,,1,5,bic,,0.068484666000586,0.087824875023216,,,,,,,,,,,
heavy_tail_subspace,32,5,autogmm_spectral,auto,ok,,0.9330176241289784,600,3,2.0,2.0,5.0,5.0,diag,-15795.713382628272,lse,1,5,bic,,0.0938797920243814,0.1138227090123109,,,,,,,,,,,
heavy_tail_subspace,32,5,mclust,auto,ok,,1.0,600,3,32.0,,3.0,3.0,EEI,-46944.34202924919,,1,5,bic,,14.822516457992606,14.822516457992606,,,,,,,,,,,
heavy_tail_subspace,32,5,pca,auto,ok,,1.0,600,3,2.0,2.0,3.0,3.0,tied,3444.5829559371887,,1,5,bic,,0.0739247080055065,0.0916631249710917,,,,,,,,,,,
heavy_tail_subspace,32,5,umap,auto,ok,,1.0,600,3,2.0,2.0,3.0,3.0,tied,3474.210010904253,,1,5,bic,,0.0736695409868843,0.0914174590143375,,,,,,,,,,,
heavy_tail_subspace,32,6,ae_relu,auto,ok,,0.9900042509932298,600,3,2.0,2.0,3.0,3.0,full,4127.765182559104,,1,5,bic,0.2697774169500917,0.1371450829319656,0.4069224998820573,,,,,,relu,85.0,1.0,,,
heavy_tail_subspace,32,6,ae_tanh,auto,ok,,0.7516096458435678,600,3,2.0,2.0,5.0,5.0,diag,357.2271566689271,,1,5,bic,,0.1248673750087618,0.1494892920018173,,,,,,,,,,,
heavy_tail_subspace,32,6,autog2m2,auto,ok,,0.8285949498705393,600,3,2.0,2.0,5.0,5.0,full,-724.976899614155,,1,5,bic,,0.1175584580050781,0.1452875839895568,,,,,,,,,,,
heavy_tail_subspace,32,6,autogmm_spectral,auto,ok,,0.8552138122336592,600,3,2.0,2.0,5.0,5.0,full,-15229.479059363925,lse,1,5,bic,,0.1843977919779718,0.2133348750066943,,,,,,,,,,,
heavy_tail_subspace,32,6,mclust,auto,ok,,1.0,600,3,32.0,,3.0,3.0,EEI,-47704.773391770075,,1,5,bic,,8.911966959014535,8.911966959014535,,,,,,,,,,,
heavy_tail_subspace,32,6,pca,auto,ok,,0.9949958125176231,600,3,2.0,2.0,3.0,3.0,spherical,3565.48549429193,,1,5,bic,,0.1222234579618088,0.1458311669994145,,,,,,,,,,,
heavy_tail_subspace,32,6,umap,auto,ok,,1.0,600,3,2.0,2.0,3.0,3.0,tied,3518.4845457295023,,1,5,bic,,0.0977711249724961,0.1226457910379394,,,,,,,,,,,
heavy_tail_subspace,32,7,ae_relu,auto,ok,,0.8991230075368194,600,3,2.0,2.0,4.0,4.0,full,1906.114066904879,,1,5,bic,0.3440717089688405,0.2350674999179318,0.5791392088867724,,,,,,relu,108.0,1.0,,,
heavy_tail_subspace,32,7,ae_tanh,auto,ok,,0.7482331376578203,600,3,2.0,2.0,5.0,5.0,full,773.3894017256923,,1,5,bic,,0.2315725419903174,0.2579445830197073,,,,,,,,,,,
heavy_tail_subspace,32,7,autog2m2,auto,ok,,0.9472518160463432,600,3,2.0,2.0,4.0,4.0,full,-1139.3255099047328,,1,5,bic,,0.133637208957225,0.1682149999542161,,,,,,,,,,,
heavy_tail_subspace,32,7,autogmm_spectral,auto,ok,,0.728342384242104,600,3,2.0,2.0,5.0,5.0,full,-12346.47889194259,lse,1,5,bic,,0.1474143750383518,0.2357247500331141,,,,,,,,,,,
heavy_tail_subspace,32,7,mclust,auto,ok,,1.0,600,3,32.0,,3.0,3.0,VEI,-50100.10994257013,,1,5,bic,,8.522452750010416,8.522452750010416,,,,,,,,,,,
heavy_tail_subspace,32,7,pca,auto,ok,,0.9949958125176231,600,3,2.0,2.0,3.0,3.0,tied,3694.759745633444,,1,5,bic,,0.0920419589965604,0.1219765829737298,,,,,,,,,,,
heavy_tail_subspace,32,7,umap,auto,ok,,0.980096629062875,600,3,2.0,2.0,3.0,3.0,spherical,3530.62500083562,,1,5,bic,,0.1250894169788807,0.1562051670043729,,,,,,,,,,,
heavy_tail_subspace,32,8,ae_relu,auto,ok,,0.9567921606227616,600,3,2.0,2.0,4.0,4.0,full,1710.4938498912168,,1,5,bic,0.39999262499623,0.1759917079471051,0.5759843329433352,,,,,,relu,126.0,1.0,,,
heavy_tail_subspace,32,8,ae_tanh,auto,ok,,0.720874371031404,600,3,2.0,2.0,5.0,5.0,diag,586.2934799741752,,1,5,bic,,0.1212346660322509,0.1563366659684106,,,,,,,,,,,
heavy_tail_subspace,32,8,autog2m2,auto,ok,,0.8389625607001305,600,3,2.0,2.0,5.0,5.0,full,-601.5532390586983,,1,5,bic,,0.1236016660113819,0.1500807919655926,,,,,,,,,,,
heavy_tail_subspace,32,8,autogmm_spectral,auto,ok,,0.7893634125029504,600,3,2.0,2.0,5.0,5.0,diag,-13011.51680322555,lse,1,5,bic,,0.1317212499561719,0.1673443750478327,,,,,,,,,,,
heavy_tail_subspace,32,8,mclust,auto,ok,,1.0,600,3,32.0,,3.0,3.0,EEI,-49733.723638589785,,1,5,bic,,5.659504457958974,5.659504457958974,,,,,,,,,,,
heavy_tail_subspace,32,8,pca,auto,ok,,0.9949958125176231,600,3,2.0,2.0,3.0,3.0,tied,3655.249258246065,,1,5,bic,,0.1029754999908618,0.1294432079885155,,,,,,,,,,,
heavy_tail_subspace,32,8,umap,auto,ok,,0.9949958125176231,600,3,2.0,2.0,3.0,3.0,spherical,3480.6940205916044,,1,5,bic,,0.0960515839979052,0.1219427079777233,,,,,,,,,,,
heavy_tail_subspace,32,9,ae_relu,auto,ok,,0.4061811442920898,600,3,2.0,2.0,5.0,5.0,diag,2511.636001447631,,1,5,bic,0.2365915830014273,0.3575308750150725,0.5941224580164999,,,,,,relu,74.0,1.0,,,
heavy_tail_subspace,32,9,ae_tanh,auto,ok,,0.7189726894851081,600,3,2.0,2.0,5.0,5.0,diag,1168.7787506035777,,1,5,bic,,0.2194621249800548,0.2492341250181198,,,,,,,,,,,
heavy_tail_subspace,32,9,autog2m2,auto,ok,,0.6837227130602833,600,3,2.0,2.0,5.0,5.0,full,-57.26180646591723,,1,5,bic,,0.1589308329857885,0.2110304590314626,,,,,,,,,,,
heavy_tail_subspace,32,9,autogmm_spectral,auto,ok,,0.7422942007705873,600,3,2.0,2.0,5.0,5.0,full,-10747.226364714496,lse,1,5,bic,,0.1717027080012485,0.1997297499910928,,,,,,,,,,,
heavy_tail_subspace,32,9,mclust,auto,ok,,0.9800210437041592,600,3,32.0,,3.0,3.0,EEI,-52436.31703887671,,1,5,bic,,8.343572040903382,8.343572040903382,,,,,,,,,,,
heavy_tail_subspace,32,9,pca,auto,ok,,0.9554138182961164,600,3,2.0,2.0,3.0,3.0,tied,4113.4402113276365,,1,5,bic,,0.1357972080004401,0.1661660420359112,,,,,,,,,,,
heavy_tail_subspace,32,9,umap,auto,ok,,0.9457315307362296,600,3,2.0,2.0,3.0,3.0,spherical,3654.220206247426,,1,5,bic,,0.1069606249802745,0.138048208958935,,,,,,,,,,,
heavy_tail_subspace,32,10,ae_relu,auto,ok,,0.9702541752408238,600,3,2.0,2.0,3.0,3.0,full,4756.978318566572,,1,5,bic,0.3712382089579478,0.134408958023414,0.5056471669813618,,,,,,relu,116.0,1.0,,,
heavy_tail_subspace,32,10,ae_tanh,auto,ok,,0.7300024055071128,600,3,2.0,2.0,5.0,5.0,diag,953.2804911508211,,1,5,bic,,0.4223174159997143,0.4888740830356255,,,,,,,,,,,
heavy_tail_subspace,32,10,autog2m2,auto,ok,,0.7185114170190695,600,3,2.0,2.0,5.0,5.0,full,-528.6915438203038,,1,5,bic,,0.2839280830230564,0.3554979999898933,,,,,,,,,,,
heavy_tail_subspace,32,10,autogmm_spectral,auto,ok,,0.7825540502571923,600,3,2.0,2.0,5.0,5.0,full,-11634.840808666517,lse,1,5,bic,,0.1553159169852733,0.2055203749914653,,,,,,,,,,,
heavy_tail_subspace,32,10,mclust,auto,ok,,0.9924937031909462,600,3,32.0,,4.0,4.0,EEI,-50799.02948624458,,1,5,bic,,10.312747000018136,10.312747000018136,,,,,,,,,,,
heavy_tail_subspace,32,10,pca,auto,ok,,0.985000168757628,600,3,2.0,2.0,3.0,3.0,tied,3889.886845502435,,1,5,bic,,0.2308469159761443,0.2675692919874564,,,,,,,,,,,
heavy_tail_subspace,32,10,umap,auto,ok,,0.9800210437041592,600,3,2.0,2.0,3.0,3.0,tied,3643.319722953676,,1,5,bic,,0.3267574170022271,0.3817236660397611,,,,,,,,,,,
heavy_tail_subspace,32,11,ae_relu,auto,ok,,0.6138578908353639,600,3,2.0,2.0,5.0,5.0,diag,3545.4221027649905,,1,5,bic,0.3097012919606641,0.1534395839553326,0.4631408759159967,,,,,,relu,98.0,1.0,,,
heavy_tail_subspace,32,11,ae_tanh,auto,ok,,0.7309974938410919,600,3,2.0,2.0,5.0,5.0,diag,987.4616175316812,,1,5,bic,,0.4372567500104196,0.4880974579718895,,,,,,,,,,,
heavy_tail_subspace,32,11,autog2m2,auto,ok,,0.8333676598839901,600,3,2.0,2.0,5.0,5.0,full,-421.6099244148516,,1,5,bic,,0.143335125001613,0.182440166012384,,,,,,,,,,,
heavy_tail_subspace,32,11,autogmm_spectral,auto,ok,,0.8295294097053795,600,3,2.0,2.0,4.0,4.0,full,-11597.514231398254,lse,1,5,bic,,0.5434702500351705,0.6885787090286613,,,,,,,,,,,
heavy_tail_subspace,32,11,mclust,auto,ok,,0.5706093189964158,600,3,32.0,,2.0,2.0,VVI,-52288.73101352472,,1,5,bic,,9.517608375055715,9.517608375055715,,,,,,,,,,,
heavy_tail_subspace,32,11,pca,auto,ok,,0.96542219326087,600,3,2.0,2.0,3.0,3.0,tied,3871.531549810092,,1,5,bic,,0.1791151250363327,0.214445583987981,,,,,,,,,,,
heavy_tail_subspace,32,11,umap,auto,ok,,0.936301688097254,600,3,2.0,2.0,3.0,3.0,spherical,3638.336045699242,,1,5,bic,,0.1901990419719368,0.2332164169638417,,,,,,,,,,,
heavy_tail_subspace,32,12,ae_relu,auto,ok,,0.9703530013556876,600,3,2.0,2.0,3.0,3.0,full,4636.481407841155,,1,5,bic,0.4248149590566754,0.1483189159771427,0.5731338750338182,,,,,,relu,132.0,1.0,,,
heavy_tail_subspace,32,12,ae_tanh,auto,ok,,0.7095082719462723,600,3,2.0,2.0,5.0,5.0,diag,581.9313251253974,,1,5,bic,,0.1406611669808626,0.1714184579905122,,,,,,,,,,,
heavy_tail_subspace,32,12,autog2m2,auto,ok,,0.7824626232475327,600,3,2.0,2.0,5.0,5.0,full,-1260.3226169089023,,1,5,bic,,0.1053973750094883,0.1354474580148235,,,,,,,,,,,
heavy_tail_subspace,32,12,autogmm_spectral,auto,ok,,0.8328439931737638,600,3,2.0,2.0,5.0,5.0,diag,-13690.930721337829,lse,1,5,bic,,0.1381448339670896,0.1717274579568766,,,,,,,,,,,
heavy_tail_subspace,32,12,mclust,auto,ok,,0.985063191387914,600,3,32.0,,3.0,3.0,EEI,-49606.83104619763,,1,5,bic,,5.325909167062491,5.325909167062491,,,,,,,,,,,
heavy_tail_subspace,32,12,pca,auto,ok,,0.9800710428333416,600,3,2.0,2.0,3.0,3.0,tied,3675.139724504508,,1,5,bic,,0.1244002080056816,0.1528242499916814,,,,,,,,,,,
heavy_tail_subspace,32,12,umap,auto,ok,,0.9751295644672852,600,3,2.0,2.0,3.0,3.0,spherical,3523.928105624665,,1,5,bic,,0.1082309169578366,0.1378120419685728,,,,,,,,,,,
heavy_tail_subspace,32,13,ae_relu,auto,ok,,0.6429820000941616,600,3,2.0,2.0,4.0,4.0,full,2913.129352851699,,1,5,bic,0.3727171670179814,0.2591382919345051,0.6318554589524865,,,,,,relu,107.0,1.0,,,
heavy_tail_subspace,32,13,ae_tanh,auto,ok,,0.7319690964774476,600,3,2.0,2.0,5.0,5.0,diag,871.8472992994177,,1,5,bic,,0.1337853340082802,0.1664997080224566,,,,,,,,,,,
heavy_tail_subspace,32,13,autog2m2,auto,ok,,0.8140119770813466,600,3,2.0,2.0,5.0,5.0,diag,-82.00033414673618,,1,5,bic,,0.1212339999619871,0.1529919589520432,,,,,,,,,,,
heavy_tail_subspace,32,13,autogmm_spectral,auto,ok,,0.8206725479205282,600,3,2.0,2.0,5.0,5.0,full,-12661.84794346754,lse,1,5,bic,,0.1765745829907246,0.2083414999651722,,,,,,,,,,,
heavy_tail_subspace,32,13,mclust,auto,ok,,0.9949958125176231,600,3,32.0,,3.0,3.0,VEI,-50238.33793138771,,1,5,bic,,6.788607666967437,6.788607666967437,,,,,,,,,,,
heavy_tail_subspace,32,13,pca,auto,ok,,0.9800845066199756,600,3,2.0,2.0,3.0,3.0,tied,3783.021622092358,,1,5,bic,,0.1475208330084569,0.1795346250291913,,,,,,,,,,,
heavy_tail_subspace,32,13,umap,auto,ok,,0.9751051094453728,600,3,2.0,2.0,3.0,3.0,tied,3543.3897562693264,,1,5,bic,,0.1192392920493148,0.1485558749991469,,,,,,,,,,,
heavy_tail_subspace,32,14,ae_relu,auto,ok,,0.4694781751589059,600,3,2.0,2.0,5.0,5.0,full,964.3757437833528,,1,5,bic,0.3217293330235407,0.3700087920296937,0.6917381250532344,,,,,,relu,93.0,1.0,,,
heavy_tail_subspace,32,14,ae_tanh,auto,ok,,0.7539824962585253,600,3,2.0,2.0,5.0,5.0,diag,934.1793223751768,,1,5,bic,,0.2439886250067502,0.2884562920080498,,,,,,,,,,,
heavy_tail_subspace,32,14,autog2m2,auto,ok,,0.7311420233067804,600,3,2.0,2.0,5.0,5.0,full,-808.9113800601527,,1,5,bic,,0.2617537499754689,0.315927833027672,,,,,,,,,,,
heavy_tail_subspace,32,14,autogmm_spectral,auto,ok,,0.7825760547852605,600,3,2.0,2.0,5.0,5.0,full,-11915.90993018641,lse,1,5,bic,,0.2444326670374721,0.2902736670221202,,,,,,,,,,,
heavy_tail_subspace,32,14,mclust,auto,ok,,1.0,600,3,32.0,,3.0,3.0,EEI,-50626.21459047299,,1,5,bic,,5.093460209085606,5.093460209085606,,,,,,,,,,,
heavy_tail_subspace,32,14,pca,auto,ok,,0.9751797317603416,600,3,2.0,2.0,3.0,3.0,tied,3858.516401143037,,1,5,bic,,0.1737051660311408,0.2158388330135494,,,,,,,,,,,
heavy_tail_subspace,32,14,umap,auto,ok,,0.9949958125176231,600,3,2.0,2.0,3.0,3.0,tied,3541.542413834268,,1,5,bic,,0.1646797920111566,0.2072096670162864,,,,,,,,,,,
heavy_tail_subspace,32,15,ae_relu,auto,ok,,0.737643292819435,600,3,2.0,2.0,5.0,5.0,spherical,4619.507133176362,,1,5,bic,0.6172009169822559,0.153457292006351,0.7706582089886069,,,,,,relu,137.0,1.0,,,
heavy_tail_subspace,32,15,ae_tanh,auto,ok,,0.866318765288289,600,3,2.0,2.0,4.0,4.0,spherical,439.9235569334221,,1,5,bic,,0.2341925830114632,0.2831231660093181,,,,,,,,,,,
heavy_tail_subspace,32,15,autog2m2,auto,ok,,0.7942783167625471,600,3,2.0,2.0,5.0,5.0,full,-1833.2730846274844,,1,5,bic,,0.2531233750050887,0.3247487919870764,,,,,,,,,,,
heavy_tail_subspace,32,15,autogmm_spectral,auto,ok,,0.8471382241222681,600,3,2.0,2.0,5.0,5.0,full,-14602.252574473732,lse,1,5,bic,,0.2587173339561559,0.3264042499940842,,,,,,,,,,,
heavy_tail_subspace,32,15,mclust,auto,ok,,1.0,600,3,32.0,,3.0,3.0,VEI,-47965.3127393512,,1,5,bic,,14.705621917033568,14.705621917033568,,,,,,,,,,,
heavy_tail_subspace,32,15,pca,auto,ok,,1.0,600,3,2.0,2.0,3.0,3.0,tied,3430.892148488312,,1,5,bic,,0.1827960000373423,0.2338576669571921,,,,,,,,,,,
heavy_tail_subspace,32,15,umap,auto,ok,,0.9949958125176231,600,3,2.0,2.0,3.0,3.0,spherical,3530.9558100689737,,1,5,bic,,0.1929304159712046,0.2381840419839136,,,,,,,,,,,
heavy_tail_subspace,32,16,ae_relu,auto,ok,,0.9900168347249766,600,3,2.0,2.0,3.0,3.0,full,4452.168851842664,,1,5,bic,0.5403872089227661,0.2171587910270318,0.757545999949798,,,,,,relu,119.0,1.0,,,
heavy_tail_subspace,32,16,ae_tanh,auto,ok,,0.9949958125176231,600,3,2.0,2.0,3.0,3.0,tied,120.69032128794882,,1,5,bic,,0.2514765000087209,0.2972226249985397,,,,,,,,,,,
heavy_tail_subspace,32,16,autog2m2,auto,ok,,0.8534247477228178,600,3,2.0,2.0,5.0,5.0,full,-2562.077618794129,,1,5,bic,,0.2086015419918112,0.2651095000328496,,,,,,,,,,,
heavy_tail_subspace,32,16,autogmm_spectral,auto,ok,,0.8645951310202529,600,3,2.0,2.0,5.0,5.0,diag,-16202.749026611222,lse,1,5,bic,,0.2332891669939272,0.285542749974411,,,,,,,,,,,
heavy_tail_subspace,32,16,mclust,auto,ok,,1.0,600,3,32.0,,3.0,3.0,EEI,-46607.54786599528,,1,5,bic,,4.205524540971965,4.205524540971965,,,,,,,,,,,
heavy_tail_subspace,32,16,pca,auto,ok,,1.0,600,3,2.0,2.0,3.0,3.0,tied,3299.654658528637,,1,5,bic,,0.1979317080113105,0.2413115419913083,,,,,,,,,,,
heavy_tail_subspace,32,16,umap,auto,ok,,1.0,600,3,2.0,2.0,3.0,3.0,spherical,3493.0161246782927,,1,5,bic,,0.1909963749931194,0.2331015419913455,,,,,,,,,,,
heavy_tail_subspace,32,17,ae_relu,auto,ok,,0.98997916755783,600,3,2.0,2.0,3.0,3.0,full,4468.322818626134,,1,5,bic,0.8280157500412315,0.1509546670131385,0.97897041705437,,,,,,relu,132.0,1.0,,,
heavy_tail_subspace,32,17,ae_tanh,auto,ok,,0.7386545911496682,600,3,2.0,2.0,5.0,5.0,diag,421.6459921456489,,1,5,bic,,0.2654395419522188,0.3112677910248749,,,,,,,,,,,
heavy_tail_subspace,32,17,autog2m2,auto,ok,,0.8122996144696889,600,3,2.0,2.0,5.0,5.0,diag,-3229.657786778828,,1,5,bic,,0.2205381249659694,0.2669831670355052,,,,,,,,,,,
heavy_tail_subspace,32,17,autogmm_spectral,auto,ok,,0.8708459989493215,600,3,2.0,2.0,5.0,5.0,full,-15138.507977628138,lse,1,5,bic,,0.2499002499971538,0.3379401670536026,,,,,,,,,,,
heavy_tail_subspace,32,17,mclust,auto,ok,,1.0,600,3,32.0,,3.0,3.0,EEI,-47413.77922917869,,1,5,bic,,6.866575625026599,6.866575625026599,,,,,,,,,,,
heavy_tail_subspace,32,17,pca,auto,ok,,0.9949958125176231,600,3,2.0,2.0,3.0,3.0,tied,3469.870893365181,,1,5,bic,,0.1608489579521119,0.2042242079623974,,,,,,,,,,,
heavy_tail_subspace,32,17,umap,auto,ok,,0.9949958125176231,600,3,2.0,2.0,3.0,3.0,spherical,3474.1336210717736,,1,5,bic,,0.169225791003555,0.2254278750042431,,,,,,,,,,,
heavy_tail_subspace,32,18,ae_relu,auto,ok,,0.9527720288627712,600,3,2.0,2.0,4.0,4.0,full,4480.4019823609915,,1,5,bic,0.7325582910561934,0.1907779170433059,0.9233362080994992,,,,,,relu,123.0,1.0,,,
heavy_tail_subspace,32,18,ae_tanh,auto,ok,,1.0,600,3,2.0,2.0,3.0,3.0,tied,372.4247546327864,,1,5,bic,,0.1721399159869179,0.2105092499987222,,,,,,,,,,,
heavy_tail_subspace,32,18,autog2m2,auto,ok,,0.8857126486359781,600,3,2.0,2.0,5.0,5.0,full,-2895.7225176001966,,1,5,bic,,0.152912457997445,0.1902041250141337,,,,,,,,,,,
heavy_tail_subspace,32,18,autogmm_spectral,auto,ok,,0.9112719449459272,600,3,2.0,2.0,5.0,5.0,full,-14949.19350241839,lse,1,5,bic,,0.1959801660268567,0.2364388749701902,,,,,,,,,,,
heavy_tail_subspace,32,18,mclust,auto,ok,,1.0,600,3,32.0,,3.0,3.0,VEI,-47686.89248597863,,1,5,bic,,7.140331749920733,7.140331749920733,,,,,,,,,,,
heavy_tail_subspace,32,18,pca,auto,ok,,1.0,600,3,2.0,2.0,3.0,3.0,tied,3544.583074515353,,1,5,bic,,0.14078958297614,0.17947287496645,,,,,,,,,,,
heavy_tail_subspace,32,18,umap,auto,ok,,1.0,600,3,2.0,2.0,3.0,3.0,tied,3448.831203634534,,1,5,bic,,0.137006625009235,0.1750388750224374,,,,,,,,,,,
heavy_tail_subspace,32,19,ae_relu,auto,ok,,0.7301832893331567,600,3,2.0,2.0,5.0,5.0,full,3120.156160042077,,1,5,bic,0.4719291660003364,0.1601767919491976,0.6321059579495341,,,,,,relu,122.0,1.0,,,
heavy_tail_subspace,32,19,ae_tanh,auto,ok,,0.8803818615009275,600,3,2.0,2.0,4.0,4.0,spherical,797.2818781780578,,1,5,bic,,0.1662483339896425,0.2021697500022128,,,,,,,,,,,
heavy_tail_subspace,32,19,autog2m2,auto,ok,,0.8078890560940181,600,3,2.0,2.0,5.0,5.0,full,-514.2327096945453,,1,5,bic,,0.2140092499903403,0.26634254201781,,,,,,,,,,,
heavy_tail_subspace,32,19,autogmm_spectral,auto,ok,,0.7469442327846485,600,3,2.0,2.0,5.0,5.0,spherical,-13136.262995678286,lse,1,5,bic,,0.2176016669836826,0.2658387080300599,,,,,,,,,,,
heavy_tail_subspace,32,19,mclust,auto,ok,,1.0,600,3,32.0,,3.0,3.0,EEI,-49787.96388668235,,1,5,bic,,7.772898582974449,7.772898582974449,,,,,,,,,,,
heavy_tail_subspace,32,19,pca,auto,ok,,0.9949958125176231,600,3,2.0,2.0,3.0,3.0,tied,3877.4354809597703,,1,5,bic,,0.1525712920119986,0.204006708052475,,,,,,,,,,,
heavy_tail_subspace,32,19,umap,auto,ok,,1.0,600,3,2.0,2.0,3.0,3.0,tied,3499.1035965777114,,1,5,bic,,0.1432531249593012,0.1817613749881275,,,,,,,,,,,
heavy_tail_subspace,64,0,ae_relu,auto,ok,,0.5547044496336698,600,3,2.0,2.0,5.0,5.0,diag,1821.515827772812,,1,5,bic,0.3719275000039488,0.221535374992527,0.5934628749964759,,,,,,relu,81.0,1.0,,,
heavy_tail_subspace,64,0,ae_tanh,auto,ok,,0.9800710428333416,600,3,2.0,2.0,3.0,3.0,tied,882.624146475129,,1,5,bic,,0.0993000409798696,0.1278508750256151,,,,,,,,,,,
heavy_tail_subspace,64,0,autog2m2,auto,ok,,0.7834343383271952,600,3,2.0,2.0,5.0,5.0,spherical,-511.2834581664901,,1,5,bic,,0.0878614999819547,0.2004060409963131,,,,,,,,,,,
heavy_tail_subspace,64,0,autogmm_spectral,auto,ok,,0.8079127980262781,600,3,2.0,2.0,5.0,5.0,full,-11419.740055364877,lse,1,5,bic,,0.0996389159699902,0.1218829580466263,,,,,,,,,,,
heavy_tail_subspace,64,0,mclust,auto,ok,,0.0,600,3,64.0,,1.0,1.0,XII,-109390.2797777079,,1,5,bic,,3.4104761249618605,3.4104761249618605,,,,,,,,,,,
heavy_tail_subspace,64,0,pca,auto,ok,,0.9900166666666668,600,3,2.0,2.0,3.0,3.0,tied,3676.589447619984,,1,5,bic,,0.084673167031724,0.1073716250248253,,,,,,,,,,,
heavy_tail_subspace,64,0,umap,auto,ok,,0.9751295644672852,600,3,2.0,2.0,3.0,3.0,spherical,3494.3965513038247,,1,5,bic,,0.1135797500028275,0.1559349999879486,,,,,,,,,,,
heavy_tail_subspace,64,1,ae_relu,auto,ok,,0.6157098395879833,600,3,2.0,2.0,4.0,4.0,diag,-312.7442996950341,,1,5,bic,0.3228471248876303,0.2888816250488162,0.6117287499364465,,,,,,relu,70.0,1.0,,,
heavy_tail_subspace,64,1,ae_tanh,auto,ok,,0.787221667693932,600,3,2.0,2.0,5.0,5.0,diag,843.6142666333841,,1,5,bic,,0.1176793330232612,0.1391987919923849,,,,,,,,,,,
heavy_tail_subspace,64,1,autog2m2,auto,ok,,0.7055428460109023,600,3,2.0,2.0,5.0,5.0,diag,-753.456133763164,,1,5,bic,,0.0991488749859854,0.139767209009733,,,,,,,,,,,
heavy_tail_subspace,64,1,autogmm_spectral,auto,ok,,0.7870302924273165,600,3,2.0,2.0,5.0,5.0,full,-11096.873062689438,lse,1,5,bic,,0.127169374958612,0.1483262500260025,,,,,,,,,,,
heavy_tail_subspace,64,1,mclust,auto,ok,,0.0,600,3,64.0,,1.0,1.0,XII,-109390.2797777079,,1,5,bic,,3.010043957969174,3.010043957969174,,,,,,,,,,,
heavy_tail_subspace,64,1,pca,auto,ok,,0.975179940672022,600,3,2.0,2.0,3.0,3.0,tied,3890.225007629236,,1,5,bic,,0.083985541947186,0.1223415830172598,,,,,,,,,,,
heavy_tail_subspace,64,1,umap,auto,ok,,0.9800215481787968,600,3,2.0,2.0,3.0,3.0,spherical,3515.671777338661,,1,5,bic,,0.0918755840393714,0.1127661669743247,,,,,,,,,,,
heavy_tail_subspace,64,2,ae_relu,auto,ok,,0.5780145420423596,600,3,2.0,2.0,5.0,5.0,full,-466.37937789445607,,1,5,bic,0.3371945830294862,0.2677454999648034,0.6049400829942897,,,,,,relu,73.0,1.0,,,
heavy_tail_subspace,64,2,ae_tanh,auto,ok,,0.7154090290863221,600,3,2.0,2.0,5.0,5.0,diag,988.4783281426186,,1,5,bic,,0.0947026250069029,0.1136381659889593,,,,,,,,,,,
heavy_tail_subspace,64,2,autog2m2,auto,ok,,0.7198471874134257,600,3,2.0,2.0,5.0,5.0,full,-673.0747966617931,,1,5,bic,,0.1140013340045698,0.1369489580392837,,,,,,,,,,,
heavy_tail_subspace,64,2,autogmm_spectral,auto,ok,,0.7336891028964778,600,3,2.0,2.0,5.0,5.0,full,-10635.023294024635,lse,1,5,bic,,0.0753344160038977,0.093146750004962,,,,,,,,,,,
heavy_tail_subspace,64,2,mclust,auto,ok,,0.0,600,3,64.0,,1.0,1.0,XII,-109390.2797777079,,1,5,bic,,3.430372334085405,3.430372334085405,,,,,,,,,,,
heavy_tail_subspace,64,2,pca,auto,ok,,0.9900168347249766,600,3,2.0,2.0,3.0,3.0,tied,3925.6532136327023,,1,5,bic,,0.0734986249590292,0.0923572079627774,,,,,,,,,,,
heavy_tail_subspace,64,2,umap,auto,ok,,0.9506232574157408,600,3,2.0,2.0,3.0,3.0,tied,3601.029608541864,,1,5,bic,,0.0714588330010883,0.0907281250110827,,,,,,,,,,,
heavy_tail_subspace,64,3,ae_relu,auto,ok,,0.6099775661095354,600,3,2.0,2.0,5.0,5.0,full,191.0293418862617,,1,5,bic,0.2443456250475719,0.2602454998996109,0.5045911249471828,,,,,,relu,53.0,1.0,,,
heavy_tail_subspace,64,3,ae_tanh,auto,ok,,0.6514594364412118,600,3,2.0,2.0,5.0,5.0,diag,1162.2525040738983,,1,5,bic,,0.1108886250294745,0.1323809580062516,,,,,,,,,,,
heavy_tail_subspace,64,3,autog2m2,auto,ok,,0.6433503427432903,600,3,2.0,2.0,5.0,5.0,full,-502.8784042264024,,1,5,bic,,0.0913050420349463,0.1125263749854639,,,,,,,,,,,
heavy_tail_subspace,64,3,autogmm_spectral,auto,ok,,0.7614510619714554,600,3,2.0,2.0,5.0,5.0,full,-10319.182441111923,lse,1,5,bic,,0.1008632919983938,0.1218894589692354,,,,,,,,,,,
heavy_tail_subspace,64,3,mclust,auto,ok,,0.0,600,3,64.0,,1.0,1.0,XII,-109390.2797777079,,1,5,bic,,3.5522766249487177,3.5522766249487177,,,,,,,,,,,
heavy_tail_subspace,64,3,pca,auto,ok,,0.9702891709199438,600,3,2.0,2.0,3.0,3.0,tied,4014.599825941244,,1,5,bic,,0.0739722499856725,0.0929634170024655,,,,,,,,,,,
heavy_tail_subspace,64,3,umap,auto,ok,,0.8997004492800326,600,3,2.0,2.0,3.0,3.0,spherical,3665.711244634911,,1,5,bic,,0.0758867500117048,0.09878670895705,,,,,,,,,,,
heavy_tail_subspace,64,4,ae_relu,auto,ok,,0.6547324782134005,600,3,2.0,2.0,4.0,4.0,full,-747.1354550852102,,1,5,bic,0.2836326250107959,0.2043500409927219,0.4879826660035178,,,,,,relu,61.0,1.0,,,
heavy_tail_subspace,64,4,ae_tanh,auto,ok,,0.7945829767929349,600,3,2.0,2.0,5.0,5.0,diag,1021.924576202998,,1,5,bic,,0.1102880000253208,0.1292392910108901,,,,,,,,,,,
heavy_tail_subspace,64,4,autog2m2,auto,ok,,0.7746009365845236,600,3,2.0,2.0,5.0,5.0,full,-424.0805447154231,,1,5,bic,,0.0850837499601766,0.1060215000179596,,,,,,,,,,,
heavy_tail_subspace,64,4,autogmm_spectral,auto,ok,,0.7867182065198174,600,3,2.0,2.0,5.0,5.0,full,-11075.660573551046,lse,1,5,bic,,0.0819907499826513,0.1014699999941513,,,,,,,,,,,
heavy_tail_subspace,64,4,mclust,auto,ok,,0.0,600,3,64.0,,1.0,1.0,XII,-109390.2797777079,,1,5,bic,,3.308168207993731,3.308168207993731,,,,,,,,,,,
heavy_tail_subspace,64,4,pca,auto,ok,,0.9900168347249766,600,3,2.0,2.0,3.0,3.0,tied,3882.9185910229935,,1,5,bic,,0.0774151249788701,0.095639375038445,,,,,,,,,,,
heavy_tail_subspace,64,4,umap,auto,ok,,0.9652778288049756,600,3,2.0,2.0,3.0,3.0,spherical,3509.286389586332,,1,5,bic,,0.070791125006508,0.0889820830198004,,,,,,,,,,,
heavy_tail_subspace,64,5,ae_relu,auto,ok,,0.6037943502849855,600,3,2.0,2.0,5.0,5.0,full,275.78281679956433,,1,5,bic,0.2972254159394651,0.2672712499042973,0.5644966658437625,,,,,,relu,64.0,1.0,,,
heavy_tail_subspace,64,5,ae_tanh,auto,ok,,0.7288671659166003,600,3,2.0,2.0,5.0,5.0,diag,1118.2191923010027,,1,5,bic,,0.1013467910233885,0.1242572910268791,,,,,,,,,,,
heavy_tail_subspace,64,5,autog2m2,auto,ok,,0.5089219051513346,600,3,2.0,2.0,5.0,5.0,full,65.3524509025497,,1,5,bic,,0.1521083750412799,0.1797624590108171,,,,,,,,,,,
heavy_tail_subspace,64,5,autogmm_spectral,auto,ok,,0.7688666382242515,600,3,2.0,2.0,4.0,4.0,full,-10231.379085191373,lse,1,5,bic,,0.0926540000364184,0.116626292001456,,,,,,,,,,,
heavy_tail_subspace,64,5,mclust,auto,ok,,0.0,600,3,64.0,,1.0,1.0,XII,-109390.2797777079,,1,5,bic,,3.3604534999467432,3.3604534999467432,,,,,,,,,,,
heavy_tail_subspace,64,5,pca,auto,ok,,0.970188086101229,600,3,2.0,2.0,3.0,3.0,tied,3970.982329191771,,1,5,bic,,0.1134380419971421,0.1330661249812692,,,,,,,,,,,
heavy_tail_subspace,64,5,umap,auto,ok,,0.9313620676490209,600,3,2.0,2.0,3.0,3.0,tied,3649.690315969118,,1,5,bic,,0.0735232910374179,0.0956246249843388,,,,,,,,,,,
heavy_tail_subspace,64,6,ae_relu,auto,ok,,0.7699287753658592,600,3,2.0,2.0,5.0,5.0,spherical,-1205.4852611479755,,1,5,bic,0.3365739999571815,0.2081073749577626,0.5446813749149442,,,,,,relu,73.0,1.0,,,
heavy_tail_subspace,64,6,ae_tanh,auto,ok,,0.817880468384412,600,3,2.0,2.0,5.0,5.0,diag,167.71245214513272,,1,5,bic,,0.110011291981209,0.1445966660394333,,,,,,,,,,,
heavy_tail_subspace,64,6,autog2m2,auto,ok,,0.7132979516004494,600,3,2.0,2.0,5.0,5.0,diag,-2139.9121909756277,,1,5,bic,,0.1835233330493793,0.2099821249721571,,,,,,,,,,,
heavy_tail_subspace,64,6,autogmm_spectral,auto,ok,,0.7599217951150115,600,3,2.0,2.0,5.0,5.0,full,-12584.366123389009,lse,1,5,bic,,0.1178556670201942,0.1448668749653734,,,,,,,,,,,
heavy_tail_subspace,64,6,mclust,auto,ok,,0.0,600,3,64.0,,1.0,1.0,XII,-109390.2797777079,,1,5,bic,,3.1579552920302376,3.1579552920302376,,,,,,,,,,,
heavy_tail_subspace,64,6,pca,auto,ok,,1.0,600,3,2.0,2.0,3.0,3.0,tied,3548.89176691746,,1,5,bic,,0.104041791986674,0.1302985000074841,,,,,,,,,,,
heavy_tail_subspace,64,6,umap,auto,ok,,0.9949958125176231,600,3,2.0,2.0,3.0,3.0,tied,3364.8777556297896,,1,5,bic,,0.1089878330240026,0.1365897079813294,,,,,,,,,,,
heavy_tail_subspace,64,7,ae_relu,auto,ok,,0.7223534133056185,600,3,2.0,2.0,5.0,5.0,spherical,836.2694529064321,,1,5,bic,0.3357617090223357,0.2078637919621542,0.5436255009844899,,,,,,relu,70.0,1.0,,,
heavy_tail_subspace,64,7,ae_tanh,auto,ok,,0.7503121697566507,600,3,2.0,2.0,5.0,5.0,diag,910.87353261235,,1,5,bic,,0.1555920839891769,0.1829136250307783,,,,,,,,,,,
heavy_tail_subspace,64,7,autog2m2,auto,ok,,0.8187453405030894,600,3,2.0,2.0,5.0,5.0,diag,-1071.3972720739348,,1,5,bic,,0.0893483749823644,0.1140085000079125,,,,,,,,,,,
heavy_tail_subspace,64,7,autogmm_spectral,auto,ok,,0.7866255205208695,600,3,2.0,2.0,5.0,5.0,full,-11101.625367275215,lse,1,5,bic,,0.1451177909621037,0.1741472500143572,,,,,,,,,,,
heavy_tail_subspace,64,7,mclust,auto,ok,,0.0,600,3,64.0,,1.0,1.0,XII,-109390.2797777079,,1,5,bic,,3.1279761249898,3.1279761249898,,,,,,,,,,,
heavy_tail_subspace,64,7,pca,auto,ok,,0.9949958125176231,600,3,2.0,2.0,3.0,3.0,tied,3881.011904499314,,1,5,bic,,0.1598872920149006,0.1864996250369586,,,,,,,,,,,
heavy_tail_subspace,64,7,umap,auto,ok,,0.9652725682892884,600,3,2.0,2.0,3.0,3.0,tied,3530.5765714679264,,1,5,bic,,0.1509913749760016,0.1808462080080062,,,,,,,,,,,
heavy_tail_subspace,64,8,ae_relu,auto,ok,,0.7101006137068449,600,3,2.0,2.0,5.0,5.0,full,2324.909695929437,,1,5,bic,0.5038493750616908,0.450519457925111,0.954368832986802,,,,,,relu,67.0,1.0,,,
heavy_tail_subspace,64,8,ae_tanh,auto,ok,,0.8340320993606056,600,3,2.0,2.0,5.0,5.0,diag,145.3709284020609,,1,5,bic,,0.1429628750192932,0.1686799579765647,,,,,,,,,,,
heavy_tail_subspace,64,8,autog2m2,auto,ok,,0.7942951474172271,600,3,2.0,2.0,5.0,5.0,full,-3445.0518087231867,,1,5,bic,,0.1282588330213911,0.1697957500000484,,,,,,,,,,,
heavy_tail_subspace,64,8,autogmm_spectral,auto,ok,,0.8227396289064492,600,3,2.0,2.0,5.0,5.0,full,-12485.0806428857,lse,1,5,bic,,0.1661147919949144,0.192500207980629,,,,,,,,,,,
heavy_tail_subspace,64,8,mclust,auto,ok,,0.0,600,3,64.0,,1.0,1.0,XII,-109390.27977770788,,1,5,bic,,3.108444417011924,3.108444417011924,,,,,,,,,,,
heavy_tail_subspace,64,8,pca,auto,ok,,1.0,600,3,2.0,2.0,3.0,3.0,spherical,3540.7059592929154,,1,5,bic,,0.1016388330026529,0.1393554999958723,,,,,,,,,,,
heavy_tail_subspace,64,8,umap,auto,ok,,1.0,600,3,2.0,2.0,3.0,3.0,tied,3379.1814920996067,,1,5,bic,,0.1067897499888204,0.1324012500117533,,,,,,,,,,,
heavy_tail_subspace,64,9,ae_relu,auto,ok,,0.4876011323893012,600,3,2.0,2.0,5.0,5.0,diag,607.2312604246766,,1,5,bic,0.7428842079825699,0.3751854170113802,1.11806962499395,,,,,,relu,70.0,1.0,,,
heavy_tail_subspace,64,9,ae_tanh,auto,ok,,0.6997938690006069,600,3,2.0,2.0,5.0,5.0,diag,1212.177413626444,,1,5,bic,,0.161088082997594,0.1905176659929566,,,,,,,,,,,
heavy_tail_subspace,64,9,autog2m2,auto,ok,,0.7021850108844894,600,3,2.0,2.0,5.0,5.0,spherical,-619.6699226072706,,1,5,bic,,0.1692295829998329,0.2039556249510496,,,,,,,,,,,
heavy_tail_subspace,64,9,autogmm_spectral,auto,ok,,0.6854775387523797,600,3,2.0,2.0,5.0,5.0,full,-9886.990896457884,lse,1,5,bic,,0.1298899159883149,0.1601942919660359,,,,,,,,,,,
heavy_tail_subspace,64,9,mclust,auto,ok,,0.0,600,3,64.0,,1.0,1.0,XII,-109390.2797777079,,1,5,bic,,3.3692343330476433,3.3692343330476433,,,,,,,,,,,
heavy_tail_subspace,64,9,pca,auto,ok,,0.9605188388369676,600,3,2.0,2.0,3.0,3.0,tied,4021.690848070686,,1,5,bic,,0.1213760420214384,0.148807332967408,,,,,,,,,,,
heavy_tail_subspace,64,9,umap,auto,ok,,0.8985266702884193,600,3,2.0,2.0,3.0,3.0,spherical,3687.55386057896,,1,5,bic,,0.1481575000216253,0.1860630839946679,,,,,,,,,,,
heavy_tail_subspace,64,10,ae_relu,auto,ok,,0.5627616190549733,600,3,2.0,2.0,5.0,5.0,full,1126.5276900530162,,1,5,bic,0.3581638750620186,0.1759070840198546,0.5340709590818733,,,,,,relu,62.0,1.0,,,
heavy_tail_subspace,64,10,ae_tanh,auto,ok,,0.7709461428104133,600,3,2.0,2.0,5.0,5.0,full,386.3376633761085,,1,5,bic,,0.172369834035635,0.2033346249954775,,,,,,,,,,,
heavy_tail_subspace,64,10,autog2m2,auto,ok,,0.7636610739674783,600,3,2.0,2.0,5.0,5.0,full,-723.291643286868,,1,5,bic,,0.1463404580135829,0.1786412919755093,,,,,,,,,,,
heavy_tail_subspace,64,10,autogmm_spectral,auto,ok,,0.8235816312571519,600,3,2.0,2.0,5.0,5.0,full,-11545.156160575216,lse,1,5,bic,,0.1576400829944759,0.1915113749564625,,,,,,,,,,,
heavy_tail_subspace,64,10,mclust,auto,ok,,0.0,600,3,64.0,,1.0,1.0,XII,-109390.2797777079,,1,5,bic,,3.2501092079328373,3.2501092079328373,,,,,,,,,,,
heavy_tail_subspace,64,10,pca,auto,ok,,1.0,600,3,2.0,2.0,3.0,3.0,tied,3645.005815057844,,1,5,bic,,0.1342798750265501,0.1697620829800143,,,,,,,,,,,
heavy_tail_subspace,64,10,umap,auto,ok,,0.985000168757628,600,3,2.0,2.0,3.0,3.0,tied,3462.396627952353,,1,5,bic,,0.1132852080045268,0.1457847080309875,,,,,,,,,,,
heavy_tail_subspace,64,11,ae_relu,auto,ok,,0.7262813031938328,600,3,2.0,2.0,5.0,5.0,full,-119.5899121313562,,1,5,bic,0.296610000077635,0.269821000052616,0.566431000130251,,,,,,relu,61.0,1.0,,,
heavy_tail_subspace,64,11,ae_tanh,auto,ok,,0.7294605281924436,600,3,2.0,2.0,5.0,5.0,diag,653.9309031155178,,1,5,bic,,0.2670727079967037,0.3294465829967521,,,,,,,,,,,
heavy_tail_subspace,64,11,autog2m2,auto,ok,,0.7090670103836103,600,3,2.0,2.0,5.0,5.0,full,-480.4183405999238,,1,5,bic,,0.2941058750147931,0.3799134580185637,,,,,,,,,,,
heavy_tail_subspace,64,11,autogmm_spectral,auto,ok,,0.9060235214573246,600,3,2.0,2.0,4.0,4.0,full,-10984.18902438824,lse,1,5,bic,,0.227610292029567,0.281645875016693,,,,,,,,,,,
heavy_tail_subspace,64,11,mclust,auto,ok,,0.0,600,3,64.0,,1.0,1.0,XII,-109390.2797777079,,1,5,bic,,3.294000167050399,3.294000167050399,,,,,,,,,,,
heavy_tail_subspace,64,11,pca,auto,ok,,0.9900166666666668,600,3,2.0,2.0,3.0,3.0,tied,3687.5640981537545,,1,5,bic,,0.1868163330364041,0.2555637920158915,,,,,,,,,,,
heavy_tail_subspace,64,11,umap,auto,ok,,0.9558742377435608,600,3,2.0,2.0,3.0,3.0,spherical,3539.01628415133,,1,5,bic,,0.1796268339967355,0.2157602909719571,,,,,,,,,,,
heavy_tail_subspace,64,12,ae_relu,auto,ok,,0.5508862683330495,600,3,2.0,2.0,5.0,5.0,full,693.9930219722876,,1,5,bic,0.3039513340918347,0.2166308750165626,0.5205822091083974,,,,,,relu,65.0,1.0,,,
heavy_tail_subspace,64,12,ae_tanh,auto,ok,,0.7218715300648054,600,3,2.0,2.0,5.0,5.0,spherical,769.8399942671297,,1,5,bic,,0.1520942080533132,0.1789112919941544,,,,,,,,,,,
heavy_tail_subspace,64,12,autog2m2,auto,ok,,0.7812866449810599,600,3,2.0,2.0,5.0,5.0,full,-2415.5523156456875,,1,5,bic,,0.1227755839936435,0.1572619159705937,,,,,,,,,,,
heavy_tail_subspace,64,12,autogmm_spectral,auto,ok,,0.7406542978316806,600,3,2.0,2.0,5.0,5.0,full,-11318.296052660717,lse,1,5,bic,,0.1231025420129299,0.15614325000206,,,,,,,,,,,
heavy_tail_subspace,64,12,mclust,auto,ok,,0.0,600,3,64.0,,1.0,1.0,XII,-109390.2797777079,,1,5,bic,,3.242270000046119,3.242270000046119,,,,,,,,,,,
heavy_tail_subspace,64,12,pca,auto,ok,,1.0,600,3,2.0,2.0,3.0,3.0,tied,3705.009377411022,,1,5,bic,,0.1201412079972215,0.1507865420426242,,,,,,,,,,,
heavy_tail_subspace,64,12,umap,auto,ok,,0.9653723174307494,600,3,2.0,2.0,3.0,3.0,tied,3496.361541771621,,1,5,bic,,0.1196660410496406,0.1488125419709831,,,,,,,,,,,
heavy_tail_subspace,64,13,ae_relu,auto,ok,,0.2691885340318615,600,3,2.0,2.0,5.0,5.0,diag,-163.92748032009524,,1,5,bic,0.3069255409063771,0.3502590419957414,0.6571845829021186,,,,,,relu,66.0,1.0,,,
heavy_tail_subspace,64,13,ae_tanh,auto,ok,,0.6253402505705297,600,3,2.0,2.0,5.0,5.0,diag,1411.4211575440058,,1,5,bic,,0.203969458991196,0.237240666989237,,,,,,,,,,,
heavy_tail_subspace,64,13,autog2m2,auto,ok,,0.7271756153619893,600,3,2.0,2.0,5.0,5.0,full,-383.127402517717,,1,5,bic,,0.1299699160153977,0.1647482080152258,,,,,,,,,,,
heavy_tail_subspace,64,13,autogmm_spectral,auto,ok,,0.8928889323195348,600,3,2.0,2.0,3.0,3.0,full,-9561.37713931033,lse,1,5,bic,,0.1483507079537958,0.189374542038422,,,,,,,,,,,
heavy_tail_subspace,64,13,mclust,auto,ok,,0.0,600,3,64.0,,1.0,1.0,XII,-109390.27977770788,,1,5,bic,,3.457410292001441,3.457410292001441,,,,,,,,,,,
heavy_tail_subspace,64,13,pca,auto,ok,,0.92679399378605,600,3,2.0,2.0,3.0,3.0,tied,4246.07750326293,,1,5,bic,,0.1839525839895941,0.2185499999905005,,,,,,,,,,,
heavy_tail_subspace,64,13,umap,auto,ok,,0.8063733096876627,600,3,2.0,2.0,3.0,3.0,tied,3695.0080927868335,,1,5,bic,,0.126243999984581,0.2111304159625433,,,,,,,,,,,
heavy_tail_subspace,64,14,ae_relu,auto,ok,,0.5726720045883119,600,3,2.0,2.0,5.0,5.0,full,-2220.562123234459,,1,5,bic,0.3888088330859318,0.2461206669686362,0.634929500054568,,,,,,relu,83.0,1.0,,,
heavy_tail_subspace,64,14,ae_tanh,auto,ok,,0.7472292676232828,600,3,2.0,2.0,5.0,5.0,diag,677.9998973688084,,1,5,bic,,0.2933304589823819,0.3450647499994375,,,,,,,,,,,
heavy_tail_subspace,64,14,autog2m2,auto,ok,,0.793201956715366,600,3,2.0,2.0,5.0,5.0,full,-963.5890028283436,,1,5,bic,,0.4012433749740012,0.4948698329972103,,,,,,,,,,,
heavy_tail_subspace,64,14,autogmm_spectral,auto,ok,,0.780059703124065,600,3,2.0,2.0,5.0,5.0,full,-11367.220783804312,lse,1,5,bic,,0.304801165999379,0.3563623750233091,,,,,,,,,,,
heavy_tail_subspace,64,14,mclust,auto,ok,,0.0,600,3,64.0,,1.0,1.0,XII,-109390.2797777079,,1,5,bic,,3.1535112090641633,3.1535112090641633,,,,,,,,,,,
heavy_tail_subspace,64,14,pca,auto,ok,,0.9900168347249766,600,3,2.0,2.0,3.0,3.0,tied,3642.503438147313,,1,5,bic,,0.1920878330129198,0.245437541976571,,,,,,,,,,,
heavy_tail_subspace,64,14,umap,auto,ok,,0.9653723174307494,600,3,2.0,2.0,3.0,3.0,spherical,3491.0638107436257,,1,5,bic,,0.1989762909943238,0.2508989589987322,,,,,,,,,,,
heavy_tail_subspace,64,15,ae_relu,auto,ok,,0.5548678666699476,600,3,2.0,2.0,5.0,5.0,diag,-2805.8535464252923,,1,5,bic,0.2386145830387249,0.2408019159920513,0.4794164990307763,,,,,,relu,48.0,1.0,,,
heavy_tail_subspace,64,15,ae_tanh,auto,ok,,0.7109793021126457,600,3,2.0,2.0,5.0,5.0,diag,969.8673996725267,,1,5,bic,,0.2852427920443006,0.3336962909670546,,,,,,,,,,,
heavy_tail_subspace,64,15,autog2m2,auto,ok,,0.7288290383361329,600,3,2.0,2.0,5.0,5.0,full,-297.5922244856467,,1,5,bic,,0.2995854169712402,0.3538527089986019,,,,,,,,,,,
heavy_tail_subspace,64,15,autogmm_spectral,auto,ok,,0.7370083256074322,600,3,2.0,2.0,5.0,5.0,full,-10988.901061142724,lse,1,5,bic,,0.2743565830169245,0.3210073339869268,,,,,,,,,,,
heavy_tail_subspace,64,15,mclust,auto,ok,,0.0,600,3,64.0,,1.0,1.0,XII,-109390.2797777079,,1,5,bic,,3.33522087498568,3.33522087498568,,,,,,,,,,,
heavy_tail_subspace,64,15,pca,auto,ok,,0.9654986058002952,600,3,2.0,2.0,3.0,3.0,tied,3864.5287709209592,,1,5,bic,,0.2229452909668907,0.2890284589957446,,,,,,,,,,,
heavy_tail_subspace,64,15,umap,auto,ok,,0.9558697812887148,600,3,2.0,2.0,3.0,3.0,spherical,3523.4236811519763,,1,5,bic,,0.222111125010997,0.2907727090059779,,,,,,,,,,,
heavy_tail_subspace,64,16,ae_relu,auto,ok,,0.6509373244087466,600,3,2.0,2.0,5.0,5.0,diag,-159.42212322763623,,1,5,bic,0.4424236250342801,0.4328449580352753,0.8752685830695555,,,,,,relu,88.0,1.0,,,
heavy_tail_subspace,64,16,ae_tanh,auto,ok,,0.7375045406197667,600,3,2.0,2.0,5.0,5.0,diag,890.3370758666158,,1,5,bic,,0.2391900829970836,0.2842393750324845,,,,,,,,,,,
heavy_tail_subspace,64,16,autog2m2,auto,ok,,0.715456637531604,600,3,2.0,2.0,5.0,5.0,diag,-291.1685283892358,,1,5,bic,,0.2516675000078976,0.3047167920158244,,,,,,,,,,,
heavy_tail_subspace,64,16,autogmm_spectral,auto,ok,,0.7601253221006018,600,3,2.0,2.0,5.0,5.0,full,-11086.340289313348,lse,1,5,bic,,0.2148672920302488,0.2597749579581432,,,,,,,,,,,
heavy_tail_subspace,64,16,mclust,auto,ok,,0.0,600,3,64.0,,1.0,1.0,XII,-109390.27977770788,,1,5,bic,,3.4165958329103887,3.4165958329103887,,,,,,,,,,,
heavy_tail_subspace,64,16,pca,auto,ok,,1.0,600,3,2.0,2.0,3.0,3.0,tied,3769.889441913864,,1,5,bic,,0.1787398750311695,0.2247834170120768,,,,,,,,,,,
heavy_tail_subspace,64,16,umap,auto,ok,,0.9850125211993978,600,3,2.0,2.0,3.0,3.0,tied,3537.2893147103146,,1,5,bic,,0.1992300419951789,0.2560572500224225,,,,,,,,,,,
heavy_tail_subspace,64,17,ae_relu,auto,ok,,0.6412654430113808,600,3,2.0,2.0,5.0,5.0,full,-832.2677629462106,,1,5,bic,0.4578495000023395,0.3319736669072881,0.7898231669096276,,,,,,relu,62.0,1.0,,,
heavy_tail_subspace,64,17,ae_tanh,auto,ok,,0.7539433866314148,600,3,2.0,2.0,5.0,5.0,diag,769.0968930615196,,1,5,bic,,0.2358429579762742,0.2755157079664059,,,,,,,,,,,
heavy_tail_subspace,64,17,autog2m2,auto,ok,,0.8478030409478869,600,3,2.0,2.0,5.0,5.0,full,-1919.5225875382996,,1,5,bic,,0.1931035419693216,0.2476587500423193,,,,,,,,,,,
heavy_tail_subspace,64,17,autogmm_spectral,auto,ok,,0.7640977684934117,600,3,2.0,2.0,5.0,5.0,full,-11321.257626671497,lse,1,5,bic,,0.2149532079929486,0.2596730839577503,,,,,,,,,,,
heavy_tail_subspace,64,17,mclust,auto,ok,,0.0,600,3,64.0,,1.0,1.0,XII,-109390.2797777079,,1,5,bic,,3.1998464999487624,3.1998464999487624,,,,,,,,,,,
heavy_tail_subspace,64,17,pca,auto,ok,,1.0,600,3,2.0,2.0,3.0,3.0,tied,3731.2168869030393,,1,5,bic,,0.1801590829854831,0.230847334023565,,,,,,,,,,,
heavy_tail_subspace,64,17,umap,auto,ok,,0.9850626884924544,600,3,2.0,2.0,3.0,3.0,tied,3459.273727884895,,1,5,bic,,0.1740194999729283,0.2187050419743172,,,,,,,,,,,
heavy_tail_subspace,64,18,ae_relu,auto,ok,,0.7572610786251427,600,3,2.0,2.0,5.0,5.0,diag,1877.2424611580811,,1,5,bic,0.4039580830140039,0.2380247080000117,0.6419827910140157,,,,,,relu,68.0,1.0,,,
heavy_tail_subspace,64,18,ae_tanh,auto,ok,,0.7734579505504755,600,3,2.0,2.0,5.0,5.0,diag,866.1329643404478,,1,5,bic,,0.2792522499803453,0.3301826249808073,,,,,,,,,,,
heavy_tail_subspace,64,18,autog2m2,auto,ok,,0.8441475621879723,600,3,2.0,2.0,5.0,5.0,full,-755.3110468168355,,1,5,bic,,0.2209153339499607,0.2676792920101434,,,,,,,,,,,
heavy_tail_subspace,64,18,autogmm_spectral,auto,ok,,0.7324544777783726,600,3,2.0,2.0,5.0,5.0,full,-11050.312148425406,lse,1,5,bic,,0.2170565830310806,0.2623189160367474,,,,,,,,,,,
heavy_tail_subspace,64,18,mclust,auto,ok,,0.0,600,3,64.0,,1.0,1.0,XII,-109390.2797777079,,1,5,bic,,3.2582354589831084,3.2582354589831084,,,,,,,,,,,
heavy_tail_subspace,64,18,pca,auto,ok,,1.0,600,3,2.0,2.0,3.0,3.0,tied,3881.149010267178,,1,5,bic,,0.1828838340006768,0.2214173750253394,,,,,,,,,,,
heavy_tail_subspace,64,18,umap,auto,ok,,0.985063191387914,600,3,2.0,2.0,3.0,3.0,tied,3517.1594739514094,,1,5,bic,,0.1927790829795412,0.2419855830376036,,,,,,,,,,,
heavy_tail_subspace,64,19,ae_relu,auto,ok,,0.7137781393883726,600,3,2.0,2.0,5.0,5.0,spherical,-135.5750118194795,,1,5,bic,0.3191072910558432,0.2387754579540342,0.5578827490098774,,,,,,relu,56.0,1.0,,,
heavy_tail_subspace,64,19,ae_tanh,auto,ok,,0.8352542588345776,600,3,2.0,2.0,4.0,4.0,diag,764.0862384403678,,1,5,bic,,0.2257477500243112,0.2644306250149384,,,,,,,,,,,
heavy_tail_subspace,64,19,autog2m2,auto,ok,,0.7924743565872429,600,3,2.0,2.0,5.0,5.0,spherical,-572.1763948984488,,1,5,bic,,0.2679934580228291,0.3176677500014193,,,,,,,,,,,
heavy_tail_subspace,64,19,autogmm_spectral,auto,ok,,0.8101145289282629,600,3,2.0,2.0,5.0,5.0,full,-11115.959530499767,lse,1,5,bic,,0.215177790960297,0.2601967090158723,,,,,,,,,,,
heavy_tail_subspace,64,19,mclust,auto,ok,,0.0,600,3,64.0,,1.0,1.0,XII,-109390.2797777079,,1,5,bic,,3.2182726659812033,3.2182726659812033,,,,,,,,,,,
heavy_tail_subspace,64,19,pca,auto,ok,,0.9949958125176231,600,3,2.0,2.0,3.0,3.0,tied,3816.807755342568,,1,5,bic,,0.1625124170095659,0.2553213329520076,,,,,,,,,,,
heavy_tail_subspace,64,19,umap,auto,ok,,0.96542219326087,600,3,2.0,2.0,3.0,3.0,spherical,3519.969668833913,,1,5,bic,,0.1556307079736143,0.1948422500281594,,,,,,,,,,,
heavy_tail_subspace,128,0,ae_relu,auto,ok,,0.6114444679900696,600,3,2.0,2.0,5.0,5.0,full,263.846928112756,,1,5,bic,0.4703478750307113,0.2176360409939661,0.6879839160246775,,,,,,relu,78.0,1.0,,,
heavy_tail_subspace,128,0,ae_tanh,auto,ok,,0.7527227338375377,600,3,2.0,2.0,5.0,5.0,diag,750.5032869176839,,1,5,bic,,0.100814416015055,0.1276968750171363,,,,,,,,,,,
heavy_tail_subspace,128,0,autog2m2,auto,ok,,0.8364168774242362,600,3,2.0,2.0,5.0,5.0,full,-515.4923270439633,,1,5,bic,,0.1071950409677811,0.1297893750015646,,,,,,,,,,,
heavy_tail_subspace,128,0,autogmm_spectral,auto,ok,,0.8821508820431402,600,3,2.0,2.0,4.0,4.0,full,-10257.377878523492,lse,1,5,bic,,0.0898964579682797,0.1147606250015087,,,,,,,,,,,
heavy_tail_subspace,128,0,mclust,auto,ok,,0.0,600,3,128.0,,1.0,1.0,XII,-218774.16262576057,,1,5,bic,,14.888378584058955,14.888378584058955,,,,,,,,,,,
heavy_tail_subspace,128,0,pca,auto,ok,,0.9949958125176231,600,3,2.0,2.0,3.0,3.0,tied,3762.1056634371625,,1,5,bic,,0.0946031250059604,0.1151886250008829,,,,,,,,,,,
heavy_tail_subspace,128,0,umap,auto,ok,,0.9702005025125628,600,3,2.0,2.0,3.0,3.0,tied,3578.979977000704,,1,5,bic,,0.0994391250424087,0.1208279579877853,,,,,,,,,,,
heavy_tail_subspace,128,1,ae_relu,auto,ok,,0.3247745837691335,600,3,2.0,2.0,4.0,4.0,full,390.23333804171426,,1,5,bic,0.5298631250625476,0.2996964160120114,0.8295595410745591,,,,,,relu,88.0,1.0,,,
heavy_tail_subspace,128,1,ae_tanh,auto,ok,,0.67170437906829,600,3,2.0,2.0,5.0,5.0,diag,1311.070057668982,,1,5,bic,,0.1333587080007419,0.1616325419745408,,,,,,,,,,,
heavy_tail_subspace,128,1,autog2m2,auto,ok,,0.7455951011261636,600,3,2.0,2.0,5.0,5.0,diag,-531.814836927406,,1,5,bic,,0.1462977500050328,0.1714427919941954,,,,,,,,,,,
heavy_tail_subspace,128,1,autogmm_spectral,auto,ok,,0.9310027285729396,600,3,2.0,2.0,3.0,3.0,full,-9531.225002311508,lse,1,5,bic,,0.1199731249944306,0.145466584013775,,,,,,,,,,,
heavy_tail_subspace,128,1,mclust,auto,ok,,0.0,600,3,128.0,,1.0,1.0,XII,-218774.16262576057,,1,5,bic,,14.079559292062186,14.079559292062186,,,,,,,,,,,
heavy_tail_subspace,128,1,pca,auto,ok,,0.960293088868437,600,3,2.0,2.0,3.0,3.0,tied,4119.984965626207,,1,5,bic,,0.1115882080048322,0.1358443329809233,,,,,,,,,,,
heavy_tail_subspace,128,1,umap,auto,ok,,0.8101735945914401,600,3,2.0,2.0,3.0,3.0,tied,3652.8670447769855,,1,5,bic,,0.1161547920200973,0.1446307080332189,,,,,,,,,,,
heavy_tail_subspace,128,2,ae_relu,auto,ok,,0.7590125554756161,600,3,2.0,2.0,4.0,4.0,diag,-915.9696758614126,,1,5,bic,0.4369034169940278,0.2593119579833001,0.6962153749773279,,,,,,relu,72.0,1.0,,,
heavy_tail_subspace,128,2,ae_tanh,auto,ok,,0.6953503612881584,600,3,2.0,2.0,5.0,5.0,full,1042.548007119747,,1,5,bic,,0.1137610000441782,0.1340897920308634,,,,,,,,,,,
heavy_tail_subspace,128,2,autog2m2,auto,ok,,0.7547107104493201,600,3,2.0,2.0,5.0,5.0,diag,-628.84804388402,,1,5,bic,,0.0778606659732759,0.099037165986374,,,,,,,,,,,
heavy_tail_subspace,128,2,autogmm_spectral,auto,ok,,0.8597825464168557,600,3,2.0,2.0,4.0,4.0,diag,-10019.638654363109,lse,1,5,bic,,0.0733790000085718,0.0928877079859376,,,,,,,,,,,
heavy_tail_subspace,128,2,mclust,auto,ok,,0.0,600,3,128.0,,1.0,1.0,XII,-218774.16262576057,,1,5,bic,,14.350682916934602,14.350682916934602,,,,,,,,,,,
heavy_tail_subspace,128,2,pca,auto,ok,,0.9900166666666668,600,3,2.0,2.0,3.0,3.0,tied,4024.258118327292,,1,5,bic,,0.0795925830025225,0.0981964590027928,,,,,,,,,,,
heavy_tail_subspace,128,2,umap,auto,ok,,0.9085083340388378,600,3,2.0,2.0,3.0,3.0,tied,3584.3240898414683,,1,5,bic,,0.0741562920156866,0.0960823750356212,,,,,,,,,,,
heavy_tail_subspace,128,3,ae_relu,auto,ok,,0.6518225532550744,600,3,2.0,2.0,5.0,5.0,diag,-2170.1169134927945,,1,5,bic,0.4963392498902976,0.2280450420221313,0.724384291912429,,,,,,relu,82.0,1.0,,,
heavy_tail_subspace,128,3,ae_tanh,auto,ok,,0.8107602670987343,600,3,2.0,2.0,5.0,5.0,diag,348.28955527300866,,1,5,bic,,0.140922957973089,0.162979583023116,,,,,,,,,,,
heavy_tail_subspace,128,3,autog2m2,auto,ok,,0.8033485137376866,600,3,2.0,2.0,5.0,5.0,diag,-556.842836663895,,1,5,bic,,0.0855095830047503,0.1047579579753801,,,,,,,,,,,
heavy_tail_subspace,128,3,autogmm_spectral,auto,ok,,0.7502707719014874,600,3,2.0,2.0,5.0,5.0,full,-10638.444548100348,lse,1,5,bic,,0.1195454580010846,0.1383914580219425,,,,,,,,,,,
heavy_tail_subspace,128,3,mclust,auto,ok,,0.0,600,3,128.0,,1.0,1.0,XII,-218774.16262576057,,1,5,bic,,14.092371500097215,14.092371500097215,,,,,,,,,,,
heavy_tail_subspace,128,3,pca,auto,ok,,1.0,600,3,2.0,2.0,3.0,3.0,tied,3716.921374806136,,1,5,bic,,0.073938374989666,0.0921227919752709,,,,,,,,,,,
heavy_tail_subspace,128,3,umap,auto,ok,,0.9603195081521428,600,3,2.0,2.0,3.0,3.0,spherical,3482.1179193345083,,1,5,bic,,0.0726374580408446,0.0911176250083372,,,,,,,,,,,
heavy_tail_subspace,128,4,ae_relu,auto,ok,,0.4071584709207695,600,3,2.0,2.0,5.0,5.0,full,-1406.493245480351,,1,5,bic,0.3257923750206828,0.2373356251046061,0.563128000125289,,,,,,relu,53.0,1.0,,,
heavy_tail_subspace,128,4,ae_tanh,auto,ok,,0.6900943361164278,600,3,2.0,2.0,5.0,5.0,diag,1318.128891365834,,1,5,bic,,0.1053776660119183,0.125403375015594,,,,,,,,,,,
heavy_tail_subspace,128,4,autog2m2,auto,ok,,0.8176275650617347,600,3,2.0,2.0,5.0,5.0,spherical,-288.77841191540665,,1,5,bic,,0.0870839579729363,0.1081228329567238,,,,,,,,,,,
heavy_tail_subspace,128,4,autogmm_spectral,auto,ok,,0.9262997690777474,600,3,2.0,2.0,3.0,3.0,full,-9427.733526827751,lse,1,5,bic,,0.0761099999654106,0.0975328750209882,,,,,,,,,,,
heavy_tail_subspace,128,4,mclust,auto,ok,,0.0,600,3,128.0,,1.0,1.0,XII,-218774.16262576057,,1,5,bic,,15.04098491591867,15.04098491591867,,,,,,,,,,,
heavy_tail_subspace,128,4,pca,auto,ok,,0.9750680095469216,600,3,2.0,2.0,3.0,3.0,spherical,4255.8179150302,,1,5,bic,,0.0755598329706117,0.0942829160485416,,,,,,,,,,,
heavy_tail_subspace,128,4,umap,auto,ok,,0.7080553756964688,600,3,2.0,2.0,4.0,4.0,spherical,3654.483205036525,,1,5,bic,,0.0803962919744663,0.1011952919652685,,,,,,,,,,,
heavy_tail_subspace,128,5,ae_relu,auto,ok,,0.4711270392481114,600,3,2.0,2.0,5.0,5.0,full,-104.96449070367532,,1,5,bic,0.3532280829967931,0.2291939579881727,0.5824220409849659,,,,,,relu,57.0,1.0,,,
heavy_tail_subspace,128,5,ae_tanh,auto,ok,,0.7166900390666013,600,3,2.0,2.0,5.0,5.0,spherical,1023.6933197557656,,1,5,bic,,0.1127517920103855,0.1342712079640478,,,,,,,,,,,
heavy_tail_subspace,128,5,autog2m2,auto,ok,,0.7238601976392001,600,3,2.0,2.0,5.0,5.0,full,-752.6665168053551,,1,5,bic,,0.1115971659892238,0.1349942500237375,,,,,,,,,,,
heavy_tail_subspace,128,5,autogmm_spectral,auto,ok,,0.9900042509932298,600,3,2.0,2.0,3.0,3.0,full,-10321.29474106394,lse,1,5,bic,,0.1573656249674968,0.1828389159636572,,,,,,,,,,,
heavy_tail_subspace,128,5,mclust,auto,ok,,0.0,600,3,128.0,,1.0,1.0,XII,-218774.16262576057,,1,5,bic,,14.44945520895999,14.44945520895999,,,,,,,,,,,
heavy_tail_subspace,128,5,pca,auto,ok,,1.0,600,3,2.0,2.0,3.0,3.0,tied,3916.008981840716,,1,5,bic,,0.0788636250072158,0.0963794999988749,,,,,,,,,,,
heavy_tail_subspace,128,5,umap,auto,ok,,0.960232890925242,600,3,2.0,2.0,3.0,3.0,spherical,3562.448284333789,,1,5,bic,,0.0732557919691316,0.0939260839950293,,,,,,,,,,,
heavy_tail_subspace,128,6,ae_relu,auto,ok,,0.3201431305228935,600,3,2.0,2.0,5.0,5.0,diag,170.62484468996672,,1,5,bic,0.3974109160481021,0.4743124999804422,0.8717234160285443,,,,,,relu,62.0,1.0,,,
heavy_tail_subspace,128,6,ae_tanh,auto,ok,,0.7035055029859051,600,3,2.0,2.0,5.0,5.0,diag,1129.6637827310406,,1,5,bic,,0.1802780829602852,0.204500374966301,,,,,,,,,,,
heavy_tail_subspace,128,6,autog2m2,auto,ok,,0.8693957033307129,600,3,2.0,2.0,5.0,5.0,diag,-687.1046876219358,,1,5,bic,,0.3030155419837683,0.330405792046804,,,,,,,,,,,
heavy_tail_subspace,128,6,autogmm_spectral,auto,ok,,0.9800962940103582,600,3,2.0,2.0,3.0,3.0,full,-9714.135750270048,lse,1,5,bic,,0.1103196250041946,0.1365937499795109,,,,,,,,,,,
heavy_tail_subspace,128,6,mclust,auto,ok,,0.0,600,3,128.0,,1.0,1.0,XII,-218774.16262576057,,1,5,bic,,14.671274750027806,14.671274750027806,,,,,,,,,,,
heavy_tail_subspace,128,6,pca,auto,ok,,0.9900166666666668,600,3,2.0,2.0,3.0,3.0,tied,4023.780323727493,,1,5,bic,,0.2441245419904589,0.290434708003886,,,,,,,,,,,
heavy_tail_subspace,128,6,umap,auto,ok,,0.8879723792605445,600,3,2.0,2.0,3.0,3.0,tied,3623.657110197521,,1,5,bic,,0.1035065830219537,0.1354109999956563,,,,,,,,,,,
heavy_tail_subspace,128,7,ae_relu,auto,ok,,0.486225098619106,600,3,2.0,2.0,5.0,5.0,full,-3242.3374294774103,,1,5,bic,0.6908022079151124,0.6093730829888955,1.300175290904008,,,,,,relu,84.0,1.0,,,
heavy_tail_subspace,128,7,ae_tanh,auto,ok,,0.7513422936243054,600,3,2.0,2.0,5.0,5.0,diag,811.7406479565984,,1,5,bic,,0.1464623340289108,0.1726914580212906,,,,,,,,,,,
heavy_tail_subspace,128,7,autog2m2,auto,ok,,0.8138740834324497,600,3,2.0,2.0,5.0,5.0,diag,-318.1931228241661,,1,5,bic,,0.1344952079816721,0.1611871659988537,,,,,,,,,,,
heavy_tail_subspace,128,7,autogmm_spectral,auto,ok,,0.9701381701566876,600,3,2.0,2.0,3.0,3.0,full,-9879.040917521286,lse,1,5,bic,,0.094224915956147,0.1205445829546079,,,,,,,,,,,
heavy_tail_subspace,128,7,mclust,auto,ok,,0.0,600,3,128.0,,1.0,1.0,XII,-218774.16262576057,,1,5,bic,,14.04225550009869,14.04225550009869,,,,,,,,,,,
heavy_tail_subspace,128,7,pca,auto,ok,,0.9949958125176231,600,3,2.0,2.0,3.0,3.0,tied,3810.7089679639503,,1,5,bic,,0.1127015000092797,0.1376850419910624,,,,,,,,,,,
heavy_tail_subspace,128,7,umap,auto,ok,,0.8931905482467055,600,3,2.0,2.0,3.0,3.0,spherical,3558.4131664022825,,1,5,bic,,0.1183352080406621,0.1459022080525756,,,,,,,,,,,
heavy_tail_subspace,128,8,ae_relu,auto,ok,,0.3837040027744,600,3,2.0,2.0,5.0,5.0,diag,-1205.2326579917926,,1,5,bic,0.7171273339772597,0.3774365000426769,1.0945638340199366,,,,,,relu,60.0,1.0,,,
heavy_tail_subspace,128,8,ae_tanh,auto,ok,,0.648631574433757,600,3,2.0,2.0,5.0,5.0,diag,1345.2914359806923,,1,5,bic,,0.1637504580430686,0.1916582499979995,,,,,,,,,,,
heavy_tail_subspace,128,8,autog2m2,auto,ok,,0.6962174859244658,600,3,2.0,2.0,5.0,5.0,diag,-423.49888265182415,,1,5,bic,,0.1761861669947393,0.2561266659758985,,,,,,,,,,,
heavy_tail_subspace,128,8,autogmm_spectral,auto,ok,,0.9555036709620108,600,3,2.0,2.0,3.0,3.0,full,-9415.898652432736,lse,1,5,bic,,0.112081166007556,0.1463638329878449,,,,,,,,,,,
heavy_tail_subspace,128,8,mclust,auto,ok,,0.0,600,3,128.0,,1.0,1.0,XII,-218774.16262576057,,1,5,bic,,13.940768166910855,13.940768166910855,,,,,,,,,,,
heavy_tail_subspace,128,8,pca,auto,ok,,0.9800961264798698,600,3,2.0,2.0,3.0,3.0,tied,4138.621153379805,,1,5,bic,,0.1138381249620579,0.1409861670108512,,,,,,,,,,,
heavy_tail_subspace,128,8,umap,auto,ok,,0.7581116733151919,600,3,2.0,2.0,3.0,3.0,tied,3623.015116586306,,1,5,bic,,0.1147373329731635,0.1566809169598855,,,,,,,,,,,
heavy_tail_subspace,128,9,ae_relu,auto,ok,,0.3036912267898581,600,3,2.0,2.0,4.0,4.0,diag,-1005.7277423161988,,1,5,bic,0.4293259589467197,0.5055417079711333,0.9348676669178532,,,,,,relu,54.0,1.0,,,
heavy_tail_subspace,128,9,ae_tanh,auto,ok,,0.6982353685862773,600,3,2.0,2.0,5.0,5.0,diag,1104.2400738634472,,1,5,bic,,0.1360545830102637,0.1858949169982224,,,,,,,,,,,
heavy_tail_subspace,128,9,autog2m2,auto,ok,,0.7713857880876099,600,3,2.0,2.0,5.0,5.0,diag,-672.3662622481662,,1,5,bic,,0.1296682499814778,0.1594059169874526,,,,,,,,,,,
heavy_tail_subspace,128,9,autogmm_spectral,auto,ok,,0.9702521723567896,600,3,2.0,2.0,3.0,3.0,full,-10206.543422448796,lse,1,5,bic,,0.1387444169959053,0.1682283750269562,,,,,,,,,,,
heavy_tail_subspace,128,9,mclust,auto,ok,,0.0,600,3,128.0,,1.0,1.0,XII,-218774.16262576057,,1,5,bic,,14.13292124995496,14.13292124995496,,,,,,,,,,,
heavy_tail_subspace,128,9,pca,auto,ok,,0.9900166666666668,600,3,2.0,2.0,3.0,3.0,tied,3911.292400804471,,1,5,bic,,0.1106448749778792,0.1402815000037662,,,,,,,,,,,
heavy_tail_subspace,128,9,umap,auto,ok,,0.9315043445047976,600,3,2.0,2.0,3.0,3.0,spherical,3551.801690843916,,1,5,bic,,0.1489987079985439,0.1793495840393006,,,,,,,,,,,
heavy_tail_subspace,128,10,ae_relu,auto,ok,,0.4316830344984656,600,3,2.0,2.0,3.0,3.0,diag,-650.5377720872651,,1,5,bic,0.630124167073518,0.3510347499977797,0.9811589170712978,,,,,,relu,63.0,1.0,,,
heavy_tail_subspace,128,10,ae_tanh,auto,ok,,0.7462452806340062,600,3,2.0,2.0,5.0,5.0,diag,580.68732395812,,1,5,bic,,0.1971289590001106,0.2265374999842606,,,,,,,,,,,
heavy_tail_subspace,128,10,autog2m2,auto,ok,,0.8448422697092142,600,3,2.0,2.0,5.0,5.0,full,-468.4770293423752,,1,5,bic,,0.1545769170043058,0.1887272500316612,,,,,,,,,,,
heavy_tail_subspace,128,10,autogmm_spectral,auto,ok,,0.9900042509932298,600,3,2.0,2.0,3.0,3.0,full,-10138.321670888075,lse,1,5,bic,,0.1101219999836757,0.1492194579914212,,,,,,,,,,,
heavy_tail_subspace,128,10,mclust,auto,ok,,0.0,600,3,128.0,,1.0,1.0,XII,-218774.16262576057,,1,5,bic,,14.282704250072127,14.282704250072127,,,,,,,,,,,
heavy_tail_subspace,128,10,pca,auto,ok,,0.9949958125176231,600,3,2.0,2.0,3.0,3.0,spherical,3878.3500494479135,,1,5,bic,,0.1321017920272424,0.160995082987938,,,,,,,,,,,
heavy_tail_subspace,128,10,umap,auto,ok,,0.9506627512865138,600,3,2.0,2.0,3.0,3.0,tied,3548.4041031628976,,1,5,bic,,0.1244457499706186,0.1570531670004129,,,,,,,,,,,
heavy_tail_subspace,128,11,ae_relu,auto,ok,,0.4654745259242678,600,3,2.0,2.0,5.0,5.0,diag,767.7510783615089,,1,5,bic,0.5741789169842377,0.238869542023167,0.8130484590074047,,,,,,relu,64.0,1.0,,,
heavy_tail_subspace,128,11,ae_tanh,auto,ok,,0.6658622901755026,600,3,2.0,2.0,5.0,5.0,full,819.1948774979668,,1,5,bic,,0.2521875840029679,0.3206678329734131,,,,,,,,,,,
heavy_tail_subspace,128,11,autog2m2,auto,ok,,0.8324650886755273,600,3,2.0,2.0,5.0,5.0,full,-1595.7792637035373,,1,5,bic,,0.2994042499922216,0.338121416978538,,,,,,,,,,,
heavy_tail_subspace,128,11,autogmm_spectral,auto,ok,,0.7174124064020816,600,3,2.0,2.0,5.0,5.0,diag,-9981.624514677678,lse,1,5,bic,,0.1740464169997722,0.2108030000235885,,,,,,,,,,,
heavy_tail_subspace,128,11,mclust,auto,ok,,0.0,600,3,128.0,,1.0,1.0,XII,-218774.16262576057,,1,5,bic,,14.118471167050302,14.118471167050302,,,,,,,,,,,
heavy_tail_subspace,128,11,pca,auto,ok,,0.9850125211993978,600,3,2.0,2.0,3.0,3.0,tied,3907.5623599836954,,1,5,bic,,0.2438768750289455,0.2970052909804508,,,,,,,,,,,
heavy_tail_subspace,128,11,umap,auto,ok,,0.9212704345160746,600,3,2.0,2.0,3.0,3.0,tied,3571.716532310925,,1,5,bic,,0.1721062079886905,0.2434807919780723,,,,,,,,,,,
heavy_tail_subspace,128,12,ae_relu,auto,ok,,0.3738919055604535,600,3,2.0,2.0,5.0,5.0,diag,-1977.8453534343948,,1,5,bic,0.5121555419173092,0.3392601660452783,0.8514157079625875,,,,,,relu,79.0,1.0,,,
heavy_tail_subspace,128,12,ae_tanh,auto,ok,,0.6915008608772906,600,3,2.0,2.0,5.0,5.0,diag,1184.0142136717648,,1,5,bic,,0.1865149999503046,0.2218217079644091,,,,,,,,,,,
heavy_tail_subspace,128,12,autog2m2,auto,ok,,0.8487513608250856,600,3,2.0,2.0,5.0,5.0,full,-750.655808554709,,1,5,bic,,0.1133376670186407,0.1437737090163864,,,,,,,,,,,
heavy_tail_subspace,128,12,autogmm_spectral,auto,ok,,0.955539610754077,600,3,2.0,2.0,3.0,3.0,full,-9633.70342303477,lse,1,5,bic,,0.120568833022844,0.1572397499694489,,,,,,,,,,,
heavy_tail_subspace,128,12,mclust,auto,ok,,0.0,600,3,128.0,,1.0,1.0,XII,-218774.16262576057,,1,5,bic,,14.393145375070162,14.393145375070162,,,,,,,,,,,
heavy_tail_subspace,128,12,pca,auto,ok,,0.9751295644672852,600,3,2.0,2.0,3.0,3.0,tied,4027.6928435590594,,1,5,bic,,0.1183312500361353,0.1493982499814592,,,,,,,,,,,
heavy_tail_subspace,128,12,umap,auto,ok,,0.8704053499328666,600,3,2.0,2.0,3.0,3.0,tied,3636.484780428324,,1,5,bic,,0.1429464999819174,0.1843414580216631,,,,,,,,,,,
heavy_tail_subspace,128,13,ae_relu,auto,ok,,0.3859747249719437,600,3,2.0,2.0,5.0,5.0,diag,-62.75283788366187,,1,5,bic,0.4151432079961523,0.2791832500370219,0.6943264580331743,,,,,,relu,67.0,1.0,,,
heavy_tail_subspace,128,13,ae_tanh,auto,ok,,0.7755616888883986,600,3,2.0,2.0,4.0,4.0,tied,1185.3535999027504,,1,5,bic,,0.143053375009913,0.1813090829527937,,,,,,,,,,,
heavy_tail_subspace,128,13,autog2m2,auto,ok,,0.8399535571473293,600,3,2.0,2.0,5.0,5.0,full,-537.4300525601424,,1,5,bic,,0.178664667007979,0.213779041019734,,,,,,,,,,,
heavy_tail_subspace,128,13,autogmm_spectral,auto,ok,,0.9508683734600007,600,3,2.0,2.0,3.0,3.0,full,-9551.741949867152,lse,1,5,bic,,0.1330389580107294,0.1676496249856427,,,,,,,,,,,
heavy_tail_subspace,128,13,mclust,auto,ok,,0.0,600,3,128.0,,1.0,1.0,XII,-218774.16262576057,,1,5,bic,,14.058848791988568,14.058848791988568,,,,,,,,,,,
heavy_tail_subspace,128,13,pca,auto,ok,,0.9555905252121236,600,3,2.0,2.0,3.0,3.0,tied,3933.960407792105,,1,5,bic,,0.135692875017412,0.1722974590375088,,,,,,,,,,,
heavy_tail_subspace,128,13,umap,auto,ok,,0.832558630564406,600,3,2.0,2.0,3.0,3.0,spherical,3614.0957003779145,,1,5,bic,,0.1330568750272505,0.1732895000022836,,,,,,,,,,,
heavy_tail_subspace,128,14,ae_relu,auto,ok,,0.6155081734273248,600,3,2.0,2.0,5.0,5.0,diag,181.5504008135264,,1,5,bic,0.4099078750004992,0.1734443749301135,0.5833522499306127,,,,,,relu,67.0,1.0,,,
heavy_tail_subspace,128,14,ae_tanh,auto,ok,,0.6769197489120894,600,3,2.0,2.0,5.0,5.0,diag,138.43916189845675,,1,5,bic,,0.273275708022993,0.3170665000216104,,,,,,,,,,,
heavy_tail_subspace,128,14,autog2m2,auto,ok,,0.7240564318138859,600,3,2.0,2.0,5.0,5.0,diag,-1099.5243977815792,,1,5,bic,,0.2165950829512439,0.2790521669667214,,,,,,,,,,,
heavy_tail_subspace,128,14,autogmm_spectral,auto,ok,,0.8719854279174396,600,3,2.0,2.0,4.0,4.0,full,-10629.548996773075,lse,1,5,bic,,0.1652901669731363,0.2075044170487672,,,,,,,,,,,
heavy_tail_subspace,128,14,mclust,auto,ok,,0.0,600,3,128.0,,1.0,1.0,XII,-218774.16262576057,,1,5,bic,,14.334721875027752,14.334721875027752,,,,,,,,,,,
heavy_tail_subspace,128,14,pca,auto,ok,,0.9949958125176231,600,3,2.0,2.0,3.0,3.0,tied,3842.8678554875023,,1,5,bic,,0.1680774590349756,0.2098826670553535,,,,,,,,,,,
heavy_tail_subspace,128,14,umap,auto,ok,,0.985000168757628,600,3,2.0,2.0,3.0,3.0,tied,3511.1097388455923,,1,5,bic,,0.1572244159760885,0.197784208052326,,,,,,,,,,,
heavy_tail_subspace,128,15,ae_relu,auto,ok,,0.35379174363344,600,3,2.0,2.0,5.0,5.0,full,-1734.7413027065363,,1,5,bic,0.437884374987334,0.3462130000116303,0.7840973749989644,,,,,,relu,72.0,1.0,,,
heavy_tail_subspace,128,15,ae_tanh,auto,ok,,0.7223923896963736,600,3,2.0,2.0,5.0,5.0,diag,1117.566514503064,,1,5,bic,,0.3109902910073288,0.3801374579779804,,,,,,,,,,,
heavy_tail_subspace,128,15,autog2m2,auto,ok,,0.72358049496295,600,3,2.0,2.0,5.0,5.0,full,-630.4142309841153,,1,5,bic,,0.374916166998446,0.4282725420198403,,,,,,,,,,,
heavy_tail_subspace,128,15,autogmm_spectral,auto,ok,,0.9702521723567896,600,3,2.0,2.0,3.0,3.0,full,-9854.501268066844,lse,1,5,bic,,0.2378729170304723,0.2862521249917336,,,,,,,,,,,
heavy_tail_subspace,128,15,mclust,auto,ok,,0.0,600,3,128.0,,1.0,1.0,XII,-218774.16262576057,,1,5,bic,,15.154098667087965,15.154098667087965,,,,,,,,,,,
heavy_tail_subspace,128,15,pca,auto,ok,,0.9949958125176231,600,3,2.0,2.0,3.0,3.0,tied,3798.9945891278494,,1,5,bic,,0.2026955839828588,0.3141972079756669,,,,,,,,,,,
heavy_tail_subspace,128,15,umap,auto,ok,,0.9125639278561142,600,3,2.0,2.0,3.0,3.0,tied,3579.8241313334124,,1,5,bic,,0.2436740410048514,0.2927624169969931,,,,,,,,,,,
heavy_tail_subspace,128,16,ae_relu,auto,ok,,0.4261958694615981,600,3,2.0,2.0,5.0,5.0,diag,-858.5868211296283,,1,5,bic,0.3494671669322997,0.2203196249902248,0.5697867919225246,,,,,,relu,57.0,1.0,,,
heavy_tail_subspace,128,16,ae_tanh,auto,ok,,0.7167820762946384,600,3,2.0,2.0,5.0,5.0,diag,911.72237492584,,1,5,bic,,0.337424875004217,0.3855278749833815,,,,,,,,,,,
heavy_tail_subspace,128,16,autog2m2,auto,ok,,0.7333939917627466,600,3,2.0,2.0,5.0,5.0,diag,-1652.420225752639,,1,5,bic,,0.2071230830042623,0.276191166951321,,,,,,,,,,,
heavy_tail_subspace,128,16,autogmm_spectral,auto,ok,,0.8734930772594199,600,3,2.0,2.0,4.0,4.0,full,-10513.057870235602,lse,1,5,bic,,0.2357547089923173,0.2825918750022538,,,,,,,,,,,
heavy_tail_subspace,128,16,mclust,auto,ok,,0.0,600,3,128.0,,1.0,1.0,XII,-218774.16262576057,,1,5,bic,,14.509723874973131,14.509723874973131,,,,,,,,,,,
heavy_tail_subspace,128,16,pca,auto,ok,,0.9900041668585104,600,3,2.0,2.0,3.0,3.0,tied,3872.847153673217,,1,5,bic,,0.1882215840159915,0.2331041669822298,,,,,,,,,,,
heavy_tail_subspace,128,16,umap,auto,ok,,0.9750671701422782,600,3,2.0,2.0,3.0,3.0,spherical,3570.839965375162,,1,5,bic,,0.1982262909878045,0.2457740830141119,,,,,,,,,,,
heavy_tail_subspace,128,17,ae_relu,auto,ok,,0.2324601400228821,600,3,2.0,2.0,5.0,5.0,full,-1123.0097944436477,,1,5,bic,0.3049907080130651,0.4006822500377893,0.7056729580508545,,,,,,relu,50.0,1.0,,,
heavy_tail_subspace,128,17,ae_tanh,auto,ok,,0.701340887671287,600,3,2.0,2.0,5.0,5.0,diag,1286.0517512092138,,1,5,bic,,0.2826617920072749,0.3320555000100285,,,,,,,,,,,
heavy_tail_subspace,128,17,autog2m2,auto,ok,,0.7397683189834633,600,3,2.0,2.0,5.0,5.0,full,-644.7823055129492,,1,5,bic,,0.3297896669828333,0.3967054589884355,,,,,,,,,,,
heavy_tail_subspace,128,17,autogmm_spectral,auto,ok,,0.9507379987426096,600,3,2.0,2.0,3.0,3.0,full,-9643.255854297797,lse,1,5,bic,,0.2002093339688144,0.2481292910524644,,,,,,,,,,,
heavy_tail_subspace,128,17,mclust,auto,ok,,0.0,600,3,128.0,,1.0,1.0,XII,-218774.16262576057,,1,5,bic,,14.002018916071393,14.002018916071393,,,,,,,,,,,
heavy_tail_subspace,128,17,pca,auto,ok,,0.9751173368019516,600,3,2.0,2.0,3.0,3.0,tied,4074.8392861170687,,1,5,bic,,0.1947877909988165,0.2447622920153662,,,,,,,,,,,
heavy_tail_subspace,128,17,umap,auto,ok,,0.8563515509523872,600,3,2.0,2.0,3.0,3.0,tied,3611.882230603092,,1,5,bic,,0.2335197909851558,0.302954375045374,,,,,,,,,,,
heavy_tail_subspace,128,18,ae_relu,auto,ok,,0.3103583185858064,600,3,2.0,2.0,5.0,5.0,diag,119.99041000250418,,1,5,bic,0.5682254580315202,0.3487491250270977,0.916974583058618,,,,,,relu,92.0,1.0,,,
heavy_tail_subspace,128,18,ae_tanh,auto,ok,,0.9262728266833872,600,3,2.0,2.0,3.0,3.0,diag,1399.2467625833112,,1,5,bic,,0.2367513750214129,0.2920797919505276,,,,,,,,,,,
heavy_tail_subspace,128,18,autog2m2,auto,ok,,0.8140509781129629,600,3,2.0,2.0,5.0,5.0,full,-823.6158125418293,,1,5,bic,,0.5910510829999112,0.6657107910141349,,,,,,,,,,,
heavy_tail_subspace,128,18,autogmm_spectral,auto,ok,,0.945657652003426,600,3,2.0,2.0,3.0,3.0,full,-9398.25527858256,lse,1,5,bic,,0.1809608329785987,0.234855625021737,,,,,,,,,,,
heavy_tail_subspace,128,18,mclust,auto,ok,,0.0,600,3,128.0,,1.0,1.0,XII,-218774.16262576057,,1,5,bic,,14.461734209093263,14.461734209093263,,,,,,,,,,,
heavy_tail_subspace,128,18,pca,auto,ok,,0.9850626884924544,600,3,2.0,2.0,3.0,3.0,tied,4122.059309588643,,1,5,bic,,0.5277118749800138,0.5973367500118911,,,,,,,,,,,
heavy_tail_subspace,128,18,umap,auto,ok,,0.8554272233613874,600,3,2.0,2.0,3.0,3.0,tied,3637.9743683214406,,1,5,bic,,0.2632319580297917,0.3414563330006785,,,,,,,,,,,
heavy_tail_subspace,128,19,ae_relu,auto,ok,,0.3209927583349911,600,3,2.0,2.0,5.0,5.0,full,-40.27592636799466,,1,5,bic,0.4357478329911828,0.2425502919359132,0.6782981249270961,,,,,,relu,72.0,1.0,,,
heavy_tail_subspace,128,19,ae_tanh,auto,ok,,0.7380241622890475,600,3,2.0,2.0,5.0,5.0,diag,1416.7164784571778,,1,5,bic,,0.2117154590087011,0.2524903750163503,,,,,,,,,,,
heavy_tail_subspace,128,19,autog2m2,auto,ok,,0.6942561569490298,600,3,2.0,2.0,5.0,5.0,full,-407.925757692926,,1,5,bic,,0.2227324160048738,0.2760541249881498,,,,,,,,,,,
heavy_tail_subspace,128,19,autogmm_spectral,auto,ok,,0.92133176420903,600,3,2.0,2.0,3.0,3.0,full,-9374.01416750551,lse,1,5,bic,,0.158954625017941,0.2010263749980367,,,,,,,,,,,
heavy_tail_subspace,128,19,mclust,auto,ok,,0.0,600,3,128.0,,1.0,1.0,XII,-218774.16262576057,,1,5,bic,,13.824294041958638,13.824294041958638,,,,,,,,,,,
heavy_tail_subspace,128,19,pca,auto,ok,,0.9800962940103582,600,3,2.0,2.0,3.0,3.0,tied,4208.814080097134,,1,5,bic,,0.1576993750059045,0.1942297920468263,,,,,,,,,,,
heavy_tail_subspace,128,19,umap,auto,ok,,0.8287638826798984,600,3,2.0,2.0,3.0,3.0,tied,3609.885113651764,,1,5,bic,,0.1830970000009983,0.2285267920233309,,,,,,,,,,,
heavy_tail_subspace,256,0,ae_relu,auto,ok,,0.2754952812108949,600,3,2.0,2.0,5.0,5.0,diag,-5127.639513332548,,1,5,bic,0.470811584033072,0.2617400409653783,0.7325516249984503,,,,,,relu,49.0,1.0,,,
heavy_tail_subspace,256,0,ae_tanh,auto,ok,,0.6128882552919928,600,3,2.0,2.0,5.0,5.0,diag,1499.2266553966251,,1,5,bic,,0.1231864159926772,0.1592635829583741,,,,,,,,,,,
heavy_tail_subspace,256,0,autog2m2,auto,ok,,0.7098315878232728,600,3,2.0,2.0,5.0,5.0,full,-2027.5094736653564,,1,5,bic,,0.1160544590093195,0.156609124969691,,,,,,,,,,,
heavy_tail_subspace,256,0,autogmm_spectral,auto,ok,,0.7726691560602804,600,3,2.0,2.0,3.0,3.0,full,-9096.662648665131,lse,1,5,bic,,0.113707999989856,0.1402345420210622,,,,,,,,,,,
heavy_tail_subspace,256,0,mclust,auto,ok,,0.0,600,3,256.0,,1.0,1.0,XII,-437541.9283218659,,1,5,bic,,78.21888779196888,78.21888779196888,,,,,,,,,,,
heavy_tail_subspace,256,0,pca,auto,ok,,0.900273641636453,600,3,2.0,2.0,3.0,3.0,tied,4418.50471297147,,1,5,bic,,0.087169625039678,0.1171495409798808,,,,,,,,,,,
heavy_tail_subspace,256,0,umap,auto,ok,,0.5730248492981885,600,3,2.0,2.0,3.0,3.0,tied,3615.952029412458,,1,5,bic,,0.1117545000161044,0.1427012080093845,,,,,,,,,,,
heavy_tail_subspace,256,1,ae_relu,auto,ok,,0.438967390623259,600,3,2.0,2.0,5.0,5.0,diag,-226.87513028007652,,1,5,bic,0.9455409590154886,0.3190250840270892,1.2645660430425778,,,,,,relu,99.0,1.0,,,
heavy_tail_subspace,256,1,ae_tanh,auto,ok,,0.5198310902588332,600,3,2.0,2.0,5.0,5.0,diag,1210.875758870467,,1,5,bic,,0.152216957998462,0.1798553330008871,,,,,,,,,,,
heavy_tail_subspace,256,1,autog2m2,auto,ok,,0.6955041403546088,600,3,2.0,2.0,5.0,5.0,full,-1989.503794965759,,1,5,bic,,0.1381932499934919,0.1730877090012654,,,,,,,,,,,
heavy_tail_subspace,256,1,autogmm_spectral,auto,ok,,0.8945709787296967,600,3,2.0,2.0,3.0,3.0,diag,-9299.761643543094,lse,1,5,bic,,0.1087782910326495,0.1455679580103606,,,,,,,,,,,
heavy_tail_subspace,256,1,mclust,auto,ok,,0.0,600,3,256.0,,1.0,1.0,XII,-437541.9283218659,,1,5,bic,,78.72663191601168,78.72663191601168,,,,,,,,,,,
heavy_tail_subspace,256,1,pca,auto,ok,,0.9654251034472016,600,3,2.0,2.0,3.0,3.0,tied,4187.089187459236,,1,5,bic,,0.1067251249914988,0.1412321249954402,,,,,,,,,,,
heavy_tail_subspace,256,1,umap,auto,ok,,0.6632030399583038,600,3,2.0,2.0,3.0,3.0,tied,3573.6846177988264,,1,5,bic,,0.0961996659752912,0.1279139170073904,,,,,,,,,,,
heavy_tail_subspace,256,2,ae_relu,auto,ok,,0.3330906334687987,600,3,2.0,2.0,5.0,5.0,full,-1344.5676273875683,,1,5,bic,0.5569482080172747,0.2722822920186445,0.8292305000359192,,,,,,relu,58.0,1.0,,,
heavy_tail_subspace,256,2,ae_tanh,auto,ok,,0.703696228983202,600,3,2.0,2.0,5.0,5.0,diag,1274.0398882831364,,1,5,bic,,0.2554277500021271,0.2773669590242207,,,,,,,,,,,
heavy_tail_subspace,256,2,autog2m2,auto,ok,,0.7107053380895967,600,3,2.0,2.0,5.0,5.0,full,-1576.2330759668648,,1,5,bic,,0.1082311249920167,0.1328299579909071,,,,,,,,,,,
heavy_tail_subspace,256,2,autogmm_spectral,auto,ok,,0.9407192921487288,600,3,2.0,2.0,3.0,3.0,full,-9374.945501813494,lse,1,5,bic,,0.2104062090511433,0.2431495829951018,,,,,,,,,,,
heavy_tail_subspace,256,2,mclust,auto,ok,,0.0,600,3,256.0,,1.0,1.0,XII,-437541.9283218659,,1,5,bic,,79.59385383303743,79.59385383303743,,,,,,,,,,,
heavy_tail_subspace,256,2,pca,auto,ok,,1.0,600,3,2.0,2.0,3.0,3.0,tied,4165.1285640778215,,1,5,bic,,0.0753025829908438,0.0935105000389739,,,,,,,,,,,
heavy_tail_subspace,256,2,umap,auto,ok,,0.7647028954682192,600,3,2.0,2.0,3.0,3.0,tied,3598.152569407879,,1,5,bic,,0.0972097909543663,0.1230503330007195,,,,,,,,,,,
heavy_tail_subspace,256,3,ae_relu,auto,ok,,0.1804707596213962,600,3,2.0,2.0,5.0,5.0,diag,-1302.8984056784257,,1,5,bic,0.910167875001207,0.3164514999371022,1.2266193749383092,,,,,,relu,83.0,1.0,,,
heavy_tail_subspace,256,3,ae_tanh,auto,ok,,0.6760978351796962,600,3,2.0,2.0,5.0,5.0,diag,1261.893973759371,,1,5,bic,,0.1265641669742763,0.1482251660199836,,,,,,,,,,,
heavy_tail_subspace,256,3,autog2m2,auto,ok,,0.7486603436652919,600,3,2.0,2.0,5.0,5.0,full,-2287.2851823330298,,1,5,bic,,0.0709550000028684,0.0890068750013597,,,,,,,,,,,
heavy_tail_subspace,256,3,autogmm_spectral,auto,ok,,0.931183015749871,600,3,2.0,2.0,3.0,3.0,tied,-9340.400329370106,lse,1,5,bic,,0.0742459169705398,0.0946636670269072,,,,,,,,,,,
heavy_tail_subspace,256,3,mclust,auto,ok,,0.0,600,3,256.0,,1.0,1.0,XII,-437541.9283218659,,1,5,bic,,79.76850599993486,79.76850599993486,,,,,,,,,,,
heavy_tail_subspace,256,3,pca,auto,ok,,0.9949958125176231,600,3,2.0,2.0,3.0,3.0,tied,4107.673407972382,,1,5,bic,,0.0706078340299427,0.0887159170233644,,,,,,,,,,,
heavy_tail_subspace,256,3,umap,auto,ok,,0.8737578224358782,600,3,2.0,2.0,3.0,3.0,tied,3558.5315357247064,,1,5,bic,,0.0829440410016104,0.1042527920217253,,,,,,,,,,,
heavy_tail_subspace,256,4,ae_relu,auto,ok,,0.405383433581184,600,3,2.0,2.0,5.0,5.0,full,-426.8951306122955,,1,5,bic,0.680701290955767,0.3200508330482989,1.000752124004066,,,,,,relu,59.0,1.0,,,
heavy_tail_subspace,256,4,ae_tanh,auto,ok,,0.7875070017603697,600,3,2.0,2.0,5.0,5.0,diag,1134.027352988253,,1,5,bic,,0.1406223330413922,0.1595432499889284,,,,,,,,,,,
heavy_tail_subspace,256,4,autog2m2,auto,ok,,0.8360924399968852,600,3,2.0,2.0,5.0,5.0,full,-493.0150816406469,,1,5,bic,,0.0757957499590702,0.0933330410043709,,,,,,,,,,,
heavy_tail_subspace,256,4,autogmm_spectral,auto,ok,,0.9801350059845216,600,3,2.0,2.0,3.0,3.0,full,-9530.024866193668,lse,1,5,bic,,0.0698383749695494,0.1308526250068098,,,,,,,,,,,
heavy_tail_subspace,256,4,mclust,auto,ok,,0.0,600,3,256.0,,1.0,1.0,XII,-437541.9283218659,,1,5,bic,,81.52957329095807,81.52957329095807,,,,,,,,,,,
heavy_tail_subspace,256,4,pca,auto,ok,,1.0,600,3,2.0,2.0,3.0,3.0,tied,3972.92981086592,,1,5,bic,,0.0730195000069215,0.0912758329650387,,,,,,,,,,,
heavy_tail_subspace,256,4,umap,auto,ok,,0.8460568939140746,600,3,2.0,2.0,3.0,3.0,spherical,3605.750601619923,,1,5,bic,,0.0816299589932896,0.1026937499991618,,,,,,,,,,,
heavy_tail_subspace,256,5,ae_relu,auto,ok,,0.449885367188929,600,3,2.0,2.0,5.0,5.0,full,-509.654987895466,,1,5,bic,0.7411557500017807,0.3246268749935552,1.065782624995336,,,,,,relu,68.0,1.0,,,
heavy_tail_subspace,256,5,ae_tanh,auto,ok,,0.7248489047255915,600,3,2.0,2.0,5.0,5.0,diag,1185.7056059498996,,1,5,bic,,0.0952787920250557,0.1180879169842228,,,,,,,,,,,
heavy_tail_subspace,256,5,autog2m2,auto,ok,,0.7399264517332215,600,3,2.0,2.0,5.0,5.0,full,-2124.7830782192204,,1,5,bic,,0.1093817909713834,0.1380502500105649,,,,,,,,,,,
heavy_tail_subspace,256,5,autogmm_spectral,auto,ok,,0.9850125211993978,600,3,2.0,2.0,3.0,3.0,diag,-9446.411562263782,lse,1,5,bic,,0.077866833016742,0.0998850420000962,,,,,,,,,,,
heavy_tail_subspace,256,5,mclust,auto,ok,,0.0,600,3,256.0,,1.0,1.0,XII,-437541.9283218659,,1,5,bic,,79.45575624995399,79.45575624995399,,,,,,,,,,,
heavy_tail_subspace,256,5,pca,auto,ok,,0.9900168347249766,600,3,2.0,2.0,3.0,3.0,tied,4048.078143065228,,1,5,bic,,0.0829197080456651,0.107501582999248,,,,,,,,,,,
heavy_tail_subspace,256,5,umap,auto,ok,,0.7910674253273361,600,3,2.0,2.0,3.0,3.0,spherical,3555.1125960825625,,1,5,bic,,0.0862565830466337,0.114548250043299,,,,,,,,,,,
heavy_tail_subspace,256,6,ae_relu,auto,ok,,0.5884761092280381,600,3,2.0,2.0,5.0,5.0,diag,-1146.326375977657,,1,5,bic,0.6722907499643043,0.2880704590352252,0.9603612089995296,,,,,,relu,61.0,1.0,,,
heavy_tail_subspace,256,6,ae_tanh,auto,ok,,0.7407305269172902,600,3,2.0,2.0,5.0,5.0,diag,819.455242392802,,1,5,bic,,0.1438582080299966,0.1700468340422958,,,,,,,,,,,
heavy_tail_subspace,256,6,autog2m2,auto,ok,,0.8378294561731869,600,3,2.0,2.0,5.0,5.0,full,-810.6485950152174,,1,5,bic,,0.0841565419686958,0.1074410839937627,,,,,,,,,,,
heavy_tail_subspace,256,6,autogmm_spectral,auto,ok,,0.9800464630365684,600,3,2.0,2.0,3.0,3.0,full,-9787.88293550113,lse,1,5,bic,,0.1027074580197222,0.1276225830079056,,,,,,,,,,,
heavy_tail_subspace,256,6,mclust,auto,ok,,0.0,600,3,256.0,,1.0,1.0,XII,-437541.9283218659,,1,5,bic,,78.42643554194365,78.42643554194365,,,,,,,,,,,
heavy_tail_subspace,256,6,pca,auto,ok,,1.0,600,3,2.0,2.0,3.0,3.0,tied,3905.009782317416,,1,5,bic,,0.1064302499871701,0.1310591669753193,,,,,,,,,,,
heavy_tail_subspace,256,6,umap,auto,ok,,0.8507198889466577,600,3,2.0,2.0,3.0,3.0,tied,3589.193296263603,,1,5,bic,,0.1062607079511508,0.1443004580214619,,,,,,,,,,,
heavy_tail_subspace,256,7,ae_relu,auto,ok,,0.4264142286255565,600,3,2.0,2.0,5.0,5.0,diag,-3517.2747982738542,,1,5,bic,0.8538689169799909,0.3507426669821143,1.2046115839621052,,,,,,relu,88.0,1.0,,,
heavy_tail_subspace,256,7,ae_tanh,auto,ok,,0.55381559410252,600,3,2.0,2.0,5.0,5.0,diag,918.7077784085708,,1,5,bic,,0.2069084590184502,0.2364720829646103,,,,,,,,,,,
heavy_tail_subspace,256,7,autog2m2,auto,ok,,0.7960719268892716,600,3,2.0,2.0,5.0,5.0,full,-1471.839305460548,,1,5,bic,,0.1242339590098708,0.1523895839927718,,,,,,,,,,,
heavy_tail_subspace,256,7,autogmm_spectral,auto,ok,,0.9949958125176231,600,3,2.0,2.0,3.0,3.0,full,-9557.7478122285,lse,1,5,bic,,0.0927622910239733,0.1182182090124115,,,,,,,,,,,
heavy_tail_subspace,256,7,mclust,auto,ok,,0.0,600,3,256.0,,1.0,1.0,XII,-437541.9283218659,,1,5,bic,,82.15058633394074,82.15058633394074,,,,,,,,,,,
heavy_tail_subspace,256,7,pca,auto,ok,,0.9949958125176231,600,3,2.0,2.0,3.0,3.0,tied,4017.759667192879,,1,5,bic,,0.0982284999918192,0.1329848340246826,,,,,,,,,,,
heavy_tail_subspace,256,7,umap,auto,ok,,0.782310499005437,600,3,2.0,2.0,3.0,3.0,spherical,3536.2994084226107,,1,5,bic,,0.1217395419953391,0.1512994999648071,,,,,,,,,,,
heavy_tail_subspace,256,8,ae_relu,auto,ok,,0.5097304744505242,600,3,2.0,2.0,5.0,5.0,full,614.2883890201693,,1,5,bic,0.8572095839772373,0.2762802499346435,1.1334898339118809,,,,,,relu,88.0,1.0,,,
heavy_tail_subspace,256,8,ae_tanh,auto,ok,,0.625150746881102,600,3,2.0,2.0,5.0,5.0,diag,1119.4226424480785,,1,5,bic,,0.20869895798387,0.2400942499516531,,,,,,,,,,,
heavy_tail_subspace,256,8,autog2m2,auto,ok,,0.7880827711179103,600,3,2.0,2.0,5.0,5.0,full,-1706.801966237328,,1,5,bic,,0.1103614160092547,0.1374000419746153,,,,,,,,,,,
heavy_tail_subspace,256,8,autogmm_spectral,auto,ok,,0.9508498357261544,600,3,2.0,2.0,3.0,3.0,diag,-9376.85460181094,lse,1,5,bic,,0.1114108330220915,0.1386671660002321,,,,,,,,,,,
heavy_tail_subspace,256,8,mclust,auto,ok,,0.0,600,3,256.0,,1.0,1.0,XII,-437541.9283218659,,1,5,bic,,79.11987508297898,79.11987508297898,,,,,,,,,,,
heavy_tail_subspace,256,8,pca,auto,ok,,0.9949958125176231,600,3,2.0,2.0,3.0,3.0,tied,4129.832293940994,,1,5,bic,,0.1173144169733859,0.142274541023653,,,,,,,,,,,
heavy_tail_subspace,256,8,umap,auto,ok,,0.7477673771845362,600,3,2.0,2.0,3.0,3.0,spherical,3599.6197573957625,,1,5,bic,,0.113427291973494,0.1588400000473484,,,,,,,,,,,
heavy_tail_subspace,256,9,ae_relu,auto,ok,,0.5941279482355151,600,3,2.0,2.0,5.0,5.0,diag,-763.6002128667194,,1,5,bic,0.6991630420088768,0.3801409159786999,1.0793039579875767,,,,,,relu,71.0,1.0,,,
heavy_tail_subspace,256,9,ae_tanh,auto,ok,,0.7088670918382335,600,3,2.0,2.0,5.0,5.0,full,1227.851965501508,,1,5,bic,,0.1838645419920794,0.2344080000184476,,,,,,,,,,,
heavy_tail_subspace,256,9,autog2m2,auto,ok,,0.7466880032059332,600,3,2.0,2.0,5.0,5.0,diag,-2556.58465525994,,1,5,bic,,0.1689471669960767,0.1984693750273436,,,,,,,,,,,
heavy_tail_subspace,256,9,autogmm_spectral,auto,ok,,0.9654224843015488,600,3,2.0,2.0,3.0,3.0,full,-9691.225920693962,lse,1,5,bic,,0.1306457909522578,0.1782633749535307,,,,,,,,,,,
heavy_tail_subspace,256,9,mclust,auto,ok,,0.0,600,3,256.0,,1.0,1.0,XII,-437541.9283218659,,1,5,bic,,78.77206533309072,78.77206533309072,,,,,,,,,,,
heavy_tail_subspace,256,9,pca,auto,ok,,0.985063191387914,600,3,2.0,2.0,3.0,3.0,tied,4105.429955371073,,1,5,bic,,0.1138354170252569,0.1419915829901583,,,,,,,,,,,
heavy_tail_subspace,256,9,umap,auto,ok,,0.8402799484784351,600,3,2.0,2.0,3.0,3.0,tied,3519.884283168586,,1,5,bic,,0.1705065830028616,0.2315777500043623,,,,,,,,,,,
heavy_tail_subspace,256,10,ae_relu,auto,ok,,0.6077150079249429,600,3,2.0,2.0,4.0,4.0,diag,-979.8227103277604,,1,5,bic,0.6382165000541136,0.2512575419386849,0.8894740419927984,,,,,,relu,64.0,1.0,,,
heavy_tail_subspace,256,10,ae_tanh,auto,ok,,0.7503917655516176,600,3,2.0,2.0,5.0,5.0,diag,539.8031858982323,,1,5,bic,,0.2260186670464463,0.2600342499790713,,,,,,,,,,,
heavy_tail_subspace,256,10,autog2m2,auto,ok,,0.8302815987669973,600,3,2.0,2.0,5.0,5.0,full,-1729.6050315274942,,1,5,bic,,0.2009797079954296,0.2314063330413773,,,,,,,,,,,
heavy_tail_subspace,256,10,autogmm_spectral,auto,ok,,0.9949958125176231,600,3,2.0,2.0,3.0,3.0,full,-9901.130904083231,lse,1,5,bic,,0.1395747499773278,0.1755484580062329,,,,,,,,,,,
heavy_tail_subspace,256,10,mclust,auto,ok,,0.0,600,3,256.0,,1.0,1.0,XII,-437541.9283218659,,1,5,bic,,79.72889191599097,79.72889191599097,,,,,,,,,,,
heavy_tail_subspace,256,10,pca,auto,ok,,1.0,600,3,2.0,2.0,3.0,3.0,tied,3790.499493812142,,1,5,bic,,0.1828647920046933,0.2148897920269519,,,,,,,,,,,
heavy_tail_subspace,256,10,umap,auto,ok,,0.8840067610214949,600,3,2.0,2.0,3.0,3.0,tied,3516.608973858458,,1,5,bic,,0.1750391249661333,0.2095722919912077,,,,,,,,,,,
heavy_tail_subspace,256,11,ae_relu,auto,ok,,0.3404053610791155,600,3,2.0,2.0,4.0,4.0,diag,-1044.5170207310591,,1,5,bic,0.6508635000791401,0.3417493749875575,0.9926128750666976,,,,,,relu,67.0,1.0,,,
heavy_tail_subspace,256,11,ae_tanh,auto,ok,,0.6907630875572668,600,3,2.0,2.0,5.0,5.0,diag,1072.043759801168,,1,5,bic,,0.2334933750098571,0.2763031249633059,,,,,,,,,,,
heavy_tail_subspace,256,11,autog2m2,auto,ok,,0.8347868660211513,600,3,2.0,2.0,5.0,5.0,full,-1000.6974126588854,,1,5,bic,,0.1958809169591404,0.2516688330215402,,,,,,,,,,,
heavy_tail_subspace,256,11,autogmm_spectral,auto,ok,,0.9850125211993978,600,3,2.0,2.0,3.0,3.0,full,-9654.05425233309,lse,1,5,bic,,0.152423000021372,0.216403792030178,,,,,,,,,,,
heavy_tail_subspace,256,11,mclust,auto,ok,,0.0,600,3,256.0,,1.0,1.0,XII,-437541.9283218659,,1,5,bic,,80.01747758407146,80.01747758407146,,,,,,,,,,,
heavy_tail_subspace,256,11,pca,auto,ok,,0.9900041668585104,600,3,2.0,2.0,3.0,3.0,tied,4101.413168148702,,1,5,bic,,0.1850330419838428,0.2217899580136872,,,,,,,,,,,
heavy_tail_subspace,256,11,umap,auto,ok,,0.8292120357255892,600,3,2.0,2.0,3.0,3.0,tied,3544.048794743323,,1,5,bic,,0.1782871250179596,0.244928375002928,,,,,,,,,,,
heavy_tail_subspace,256,12,ae_relu,auto,ok,,0.2788716518766981,600,3,2.0,2.0,5.0,5.0,diag,-6272.11376496915,,1,5,bic,0.4949933330062777,0.2948344169417396,0.7898277499480173,,,,,,relu,51.0,1.0,,,
heavy_tail_subspace,256,12,ae_tanh,auto,ok,,0.7044520815516564,600,3,2.0,2.0,5.0,5.0,diag,1384.2873791328807,,1,5,bic,,0.1288492089952342,0.1604987080208957,,,,,,,,,,,
heavy_tail_subspace,256,12,autog2m2,auto,ok,,0.7270698542706183,600,3,2.0,2.0,5.0,5.0,diag,-859.488764679736,,1,5,bic,,0.1782254590070806,0.2550427500391379,,,,,,,,,,,
heavy_tail_subspace,256,12,autogmm_spectral,auto,ok,,0.8180972102213935,600,3,2.0,2.0,3.0,3.0,full,-9211.35756164616,lse,1,5,bic,,0.1262545000063255,0.1576821660273708,,,,,,,,,,,
heavy_tail_subspace,256,12,mclust,auto,ok,,0.0,600,3,256.0,,1.0,1.0,XII,-437541.9283218659,,1,5,bic,,79.37427470798139,79.37427470798139,,,,,,,,,,,
heavy_tail_subspace,256,12,pca,auto,ok,,0.9510940930306288,600,3,2.0,2.0,3.0,3.0,tied,4202.441188825627,,1,5,bic,,0.1245969160227105,0.1891703750006854,,,,,,,,,,,
heavy_tail_subspace,256,12,umap,auto,ok,,0.6482156902927163,600,3,2.0,2.0,3.0,3.0,spherical,3595.534424897041,,1,5,bic,,0.1417593749938532,0.1817511250264942,,,,,,,,,,,
heavy_tail_subspace,256,13,ae_relu,auto,ok,,0.1988963331160543,600,3,2.0,2.0,5.0,5.0,full,-1370.503885606303,,1,5,bic,1.0817498340038585,0.6593381249113008,1.741087958915159,,,,,,relu,71.0,1.0,,,
heavy_tail_subspace,256,13,ae_tanh,auto,ok,,0.4901346314478656,600,3,2.0,2.0,4.0,4.0,tied,1781.1988638467874,,1,5,bic,,0.2055197089794092,0.2466659590136259,,,,,,,,,,,
heavy_tail_subspace,256,13,autog2m2,auto,ok,,0.6519189415061506,600,3,2.0,2.0,5.0,5.0,diag,-724.4989383060991,,1,5,bic,,0.2099356250255368,0.2553089159773662,,,,,,,,,,,
heavy_tail_subspace,256,13,autogmm_spectral,auto,ok,,0.6117897605131883,600,3,2.0,2.0,3.0,3.0,diag,-8673.651844766011,lse,1,5,bic,,0.1776138330460526,0.2285111669916659,,,,,,,,,,,
heavy_tail_subspace,256,13,mclust,auto,ok,,0.0,600,3,256.0,,1.0,1.0,XII,-437541.9283218659,,1,5,bic,,80.40877274994273,80.40877274994273,,,,,,,,,,,
heavy_tail_subspace,256,13,pca,auto,ok,,0.8404236329465474,600,3,2.0,2.0,3.0,3.0,tied,4520.546428828377,,1,5,bic,,0.1476644589565694,0.184078458987642,,,,,,,,,,,
heavy_tail_subspace,256,13,umap,auto,ok,,0.3411362785235787,600,3,2.0,2.0,3.0,3.0,diag,3592.8740196425683,,1,5,bic,,0.1891917919856496,0.2333985000150278,,,,,,,,,,,
heavy_tail_subspace,256,14,ae_relu,auto,ok,,0.4791133431373329,600,3,2.0,2.0,4.0,4.0,diag,440.60667385279226,,1,5,bic,1.030040542013012,0.6398082920350134,1.6698488340480253,,,,,,relu,65.0,1.0,,,
heavy_tail_subspace,256,14,ae_tanh,auto,ok,,0.6757891796613223,600,3,2.0,2.0,5.0,5.0,diag,1359.3597897065338,,1,5,bic,,0.2407150829676538,0.286095125018619,,,,,,,,,,,
heavy_tail_subspace,256,14,autog2m2,auto,ok,,0.6836505530213438,600,3,2.0,2.0,5.0,5.0,full,-1358.5595790496072,,1,5,bic,,0.1979023750172928,0.251981999957934,,,,,,,,,,,
heavy_tail_subspace,256,14,autogmm_spectral,auto,ok,,0.9314746499820822,600,3,2.0,2.0,3.0,3.0,full,-9178.179069372956,lse,1,5,bic,,0.2399617920164019,0.2953254580497741,,,,,,,,,,,
heavy_tail_subspace,256,14,mclust,auto,ok,,0.0,600,3,256.0,,1.0,1.0,XII,-437541.9283218659,,1,5,bic,,79.11249545798637,79.11249545798637,,,,,,,,,,,
heavy_tail_subspace,256,14,pca,auto,ok,,0.9850377307840942,600,3,2.0,2.0,3.0,3.0,tied,4234.0618789952205,,1,5,bic,,0.1715235000010579,0.218559916014783,,,,,,,,,,,
heavy_tail_subspace,256,14,umap,auto,ok,,0.4768877569217632,600,3,2.0,2.0,5.0,5.0,tied,3597.8240960203866,,1,5,bic,,0.1995057919993996,0.2562727499753237,,,,,,,,,,,
heavy_tail_subspace,256,15,ae_relu,auto,ok,,0.0465473213458765,600,3,2.0,2.0,5.0,5.0,diag,-1183.6281567350825,,1,5,bic,0.6088468339294195,0.4840914999367669,1.0929383338661864,,,,,,relu,51.0,1.0,,,
heavy_tail_subspace,256,15,ae_tanh,auto,ok,,0.635054882606467,600,3,2.0,2.0,4.0,4.0,tied,1671.8150723084836,,1,5,bic,,0.4845801669871434,0.5610034999554045,,,,,,,,,,,
heavy_tail_subspace,256,15,autog2m2,auto,ok,,0.7150630452334943,600,3,2.0,2.0,5.0,5.0,full,-754.1157111190705,,1,5,bic,,0.2139161250088364,0.3013549579773098,,,,,,,,,,,
heavy_tail_subspace,256,15,autogmm_spectral,auto,ok,,0.5891786366258409,600,3,2.0,2.0,3.0,3.0,tied,-8560.958922946673,lse,1,5,bic,,0.3284565419889986,0.629095708951354,,,,,,,,,,,
heavy_tail_subspace,256,15,mclust,auto,ok,,0.0,600,3,256.0,,1.0,1.0,XII,-437541.9283218659,,1,5,bic,,79.11879104189575,79.11879104189575,,,,,,,,,,,
heavy_tail_subspace,256,15,pca,auto,ok,,0.8454549289525444,600,3,2.0,2.0,3.0,3.0,tied,4628.350661151615,,1,5,bic,,0.2228163330000825,0.2807052079588175,,,,,,,,,,,
heavy_tail_subspace,256,15,umap,auto,ok,,0.2489304765800031,600,3,2.0,2.0,5.0,5.0,tied,3615.7279741129687,,1,5,bic,,0.2359097499866038,0.3044130420312285,,,,,,,,,,,
heavy_tail_subspace,256,16,ae_relu,auto,ok,,0.2609960319338679,600,3,2.0,2.0,4.0,4.0,diag,-2064.1532784576784,,1,5,bic,0.656298583955504,0.3483030000934377,1.0046015840489415,,,,,,relu,55.0,1.0,,,
heavy_tail_subspace,256,16,ae_tanh,auto,ok,,0.1930463665021054,600,3,2.0,2.0,5.0,5.0,diag,1646.2954453112511,,1,5,bic,,0.7353648749995045,1.1471532079740427,,,,,,,,,,,
heavy_tail_subspace,256,16,autog2m2,auto,ok,,0.7260239552759433,600,3,2.0,2.0,5.0,5.0,full,-413.6802676839684,,1,5,bic,,0.2025709170266054,0.2592145000235177,,,,,,,,,,,
heavy_tail_subspace,256,16,autogmm_spectral,auto,ok,,0.6806480153066221,600,3,2.0,2.0,5.0,5.0,tied,-9017.729477545983,lse,1,5,bic,,0.3142948339809663,0.3927779580117203,,,,,,,,,,,
heavy_tail_subspace,256,16,mclust,auto,ok,,0.0,600,3,256.0,,1.0,1.0,XII,-437541.9283218659,,1,5,bic,,79.6486786250025,79.6486786250025,,,,,,,,,,,
heavy_tail_subspace,256,16,pca,auto,ok,,0.9751548572366224,600,3,2.0,2.0,3.0,3.0,tied,4210.009930508886,,1,5,bic,,0.1803767909877933,0.2256636249949224,,,,,,,,,,,
heavy_tail_subspace,256,16,umap,auto,ok,,0.7134039774622638,600,3,2.0,2.0,3.0,3.0,spherical,3590.264651038232,,1,5,bic,,0.3052103749942034,0.5967812499729916,,,,,,,,,,,
heavy_tail_subspace,256,17,ae_relu,auto,ok,,0.1470963956144197,600,3,2.0,2.0,5.0,5.0,diag,-5018.249138957162,,1,5,bic,0.6281943749636412,0.3644952089525759,0.9926895839162172,,,,,,relu,54.0,1.0,,,
heavy_tail_subspace,256,17,ae_tanh,auto,ok,,0.6294304125221108,600,3,2.0,2.0,5.0,5.0,tied,1670.4859993669677,,1,5,bic,,0.2690080419997684,0.3224782920442521,,,,,,,,,,,
heavy_tail_subspace,256,17,autog2m2,auto,ok,,0.7258001708579719,600,3,2.0,2.0,5.0,5.0,full,-1074.8307046345676,,1,5,bic,,0.1730849999585189,0.2257981250295415,,,,,,,,,,,
heavy_tail_subspace,256,17,autogmm_spectral,auto,ok,,0.84215506966172,600,3,2.0,2.0,3.0,3.0,full,-8810.19034200715,lse,1,5,bic,,0.2090361249865964,0.326068333000876,,,,,,,,,,,
heavy_tail_subspace,256,17,mclust,auto,ok,,0.0,600,3,256.0,,1.0,1.0,XII,-437541.928321866,,1,5,bic,,80.18734433304053,80.18734433304053,,,,,,,,,,,
heavy_tail_subspace,256,17,pca,auto,ok,,0.9075542207203022,600,3,2.0,2.0,3.0,3.0,tied,4528.25220230273,,1,5,bic,,0.1885056250030174,0.2351307090139016,,,,,,,,,,,
heavy_tail_subspace,256,17,umap,auto,ok,,0.4424597726536119,600,3,2.0,2.0,4.0,4.0,tied,3596.396276039773,,1,5,bic,,0.2156761250225827,0.2868087089736946,,,,,,,,,,,
heavy_tail_subspace,256,18,ae_relu,auto,ok,,0.333220949733476,600,3,2.0,2.0,5.0,5.0,diag,-1419.789924962873,,1,5,bic,0.5996786250034347,0.2792560419766232,0.878934666980058,,,,,,relu,52.0,1.0,,,
heavy_tail_subspace,256,18,ae_tanh,auto,ok,,0.6778744369624624,600,3,2.0,2.0,5.0,5.0,diag,991.8560121931164,,1,5,bic,,0.7143586659803987,0.763684583012946,,,,,,,,,,,
heavy_tail_subspace,256,18,autog2m2,auto,ok,,0.7797483450019997,600,3,2.0,2.0,5.0,5.0,full,-598.5832047516691,,1,5,bic,,0.2727689160383306,0.325696749961935,,,,,,,,,,,
heavy_tail_subspace,256,18,autogmm_spectral,auto,ok,,0.9603813807243996,600,3,2.0,2.0,3.0,3.0,full,-9472.835131925844,lse,1,5,bic,,0.1757141670095734,0.2262260419665835,,,,,,,,,,,
heavy_tail_subspace,256,18,mclust,auto,ok,,0.0,600,3,256.0,,1.0,1.0,XII,-437541.9283218659,,1,5,bic,,82.27165312506258,82.27165312506258,,,,,,,,,,,
heavy_tail_subspace,256,18,pca,auto,ok,,0.9949958125176231,600,3,2.0,2.0,3.0,3.0,tied,3948.002180244091,,1,5,bic,,0.1807881249696947,0.2338550830027088,,,,,,,,,,,
heavy_tail_subspace,256,18,umap,auto,ok,,0.8081341721920495,600,3,2.0,2.0,3.0,3.0,tied,3618.314169723403,,1,5,bic,,0.7373647919739597,0.8161505840253085,,,,,,,,,,,
heavy_tail_subspace,256,19,ae_relu,auto,ok,,0.2617781786876217,600,3,2.0,2.0,5.0,5.0,diag,-862.8905785424213,,1,5,bic,0.577050791005604,0.315530791063793,0.892581582069397,,,,,,relu,60.0,1.0,,,
heavy_tail_subspace,256,19,ae_tanh,auto,ok,,0.9267487593485771,600,3,2.0,2.0,3.0,3.0,diag,1381.803565297919,,1,5,bic,,0.1620999159640632,0.2023971659946255,,,,,,,,,,,
heavy_tail_subspace,256,19,autog2m2,auto,ok,,0.5906852819893808,600,3,2.0,2.0,5.0,5.0,full,-630.4181019620715,,1,5,bic,,0.1636082080076448,0.2167307499912567,,,,,,,,,,,
heavy_tail_subspace,256,19,autogmm_spectral,auto,ok,,0.8530223731679856,600,3,2.0,2.0,3.0,3.0,full,-9179.319355368089,lse,1,5,bic,,0.1919385419460013,0.2370365829556249,,,,,,,,,,,
heavy_tail_subspace,256,19,mclust,auto,ok,,0.0,600,3,256.0,,1.0,1.0,XII,-437541.9283218659,,1,5,bic,,78.59059208398685,78.59059208398685,,,,,,,,,,,
heavy_tail_subspace,256,19,pca,auto,ok,,0.9703510050251256,600,3,2.0,2.0,3.0,3.0,tied,4314.804559810996,,1,5,bic,,0.1951408750028349,0.2446313750115223,,,,,,,,,,,
heavy_tail_subspace,256,19,umap,auto,ok,,0.5792776524855119,600,3,2.0,2.0,4.0,4.0,spherical,3593.568020408034,,1,5,bic,,0.1708425830001942,0.2157991669955663,,,,,,,,,,,
heavy_tail_subspace,512,0,ae_relu,auto,ok,,0.0911153532886705,600,3,2.0,2.0,5.0,5.0,diag,-5503.987430915431,,1,5,bic,0.4683327079983428,0.3122867919737473,0.7806194999720901,,,,,,relu,32.0,1.0,,,
heavy_tail_subspace,512,0,ae_tanh,auto,ok,,0.0098786856955619,600,3,2.0,,5.0,5.0,diag,1930.0541197598693,,1,5,BIC,,0.2506252080202102,0.3120141249964945,,,,,,,,,,,
heavy_tail_subspace,512,0,autog2m2,auto,ok,,0.6790534296857883,600,3,2.0,,5.0,5.0,full,-1793.8620616777755,,1,5,BIC,,0.1549413750180974,0.2491004589828662,,,,,,,,,,,
heavy_tail_subspace,512,0,autogmm_spectral,auto,ok,,0.2333050514226602,600,3,2.0,,2.0,2.0,full,-8521.224477922558,lse,1,5,BIC,,0.1538888749782927,0.1917449999600649,,,,,,,,,,,
heavy_tail_subspace,512,0,mclust,auto,ok,,0.0,600,3,512.0,,1.0,1.0,XII,-875077.4597140766,,1,5,BIC,,407.194,732.9229247500189,,,,,,,,,-435897.91740047536,513.0,-875077.4597140766
heavy_tail_subspace,512,0,pca,auto,ok,,0.802645938682848,600,3,2.0,,3.0,3.0,tied,4924.416394956031,,1,5,BIC,,0.1589352079899981,0.1997809170279652,,,,,,,,,,,
heavy_tail_subspace,512,0,umap,auto,ok,,0.0,600,3,2.0,,1.0,1.0,spherical,3551.980381759431,,1,5,BIC,,0.1481304159970022,0.183375583961606,,,,,,,,,,,
heavy_tail_subspace,512,1,ae_relu,auto,ok,,-0.0017235656290134,600,3,2.0,2.0,5.0,5.0,diag,-12527.830024108664,,1,5,bic,0.354388540959917,0.2236389169702306,0.5780274579301476,,,,,,relu,24.0,1.0,,,
heavy_tail_subspace,512,1,ae_tanh,auto,ok,,0.7693101624031954,600,3,2.0,,4.0,4.0,diag,1602.0969552857948,,1,5,BIC,,0.1817480830359272,0.2140138339600525,,,,,,,,,,,
heavy_tail_subspace,512,1,autog2m2,auto,ok,,0.7631256472165822,600,3,2.0,,5.0,5.0,full,-1872.5221711738727,,1,5,BIC,,0.13593787496211,0.1669309579883702,,,,,,,,,,,
heavy_tail_subspace,512,1,autogmm_spectral,auto,ok,,0.7789658274977256,600,3,2.0,,3.0,3.0,tied,-8708.711784229085,lse,1,5,BIC,,0.1379186250269413,0.169754417031072,,,,,,,,,,,
heavy_tail_subspace,512,1,mclust,auto,ok,,0.0,600,3,512.0,,1.0,1.0,XII,-875077.4597140766,,1,5,BIC,,407.32200000000006,732.9442409579642,,,,,,,,,-435897.91740047536,513.0,-875077.4597140766
heavy_tail_subspace,512,1,pca,auto,ok,,0.9751554845839278,600,3,2.0,,3.0,3.0,tied,4582.621348403425,,1,5,BIC,,0.1480915829888545,0.1772301250020973,,,,,,,,,,,
heavy_tail_subspace,512,1,umap,auto,ok,,0.0928923834461615,600,3,2.0,,4.0,4.0,tied,3575.6123301558573,,1,5,BIC,,0.1515303339692764,0.1900680830003693,,,,,,,,,,,
heavy_tail_subspace,512,2,ae_relu,auto,ok,,0.0013011065745997,600,3,2.0,2.0,5.0,5.0,full,-13734.406018414686,,1,5,bic,0.3722462080186233,0.1942184169311076,0.5664646249497309,,,,,,relu,25.0,1.0,,,
heavy_tail_subspace,512,2,ae_tanh,auto,ok,,0.0021060710092367,600,3,2.0,,5.0,5.0,diag,2014.1800495229156,,1,5,BIC,,0.1641388749703765,0.2000484999734908,,,,,,,,,,,
heavy_tail_subspace,512,2,autog2m2,auto,ok,,0.8524287780695129,600,3,2.0,,5.0,5.0,diag,-1012.7488273819748,,1,5,BIC,,0.1535585829988122,0.1866380409919656,,,,,,,,,,,
heavy_tail_subspace,512,2,autogmm_spectral,auto,ok,,0.5117511970295562,600,3,2.0,,3.0,3.0,tied,-8531.226294239566,lse,1,5,BIC,,0.1604363750084303,0.1991357919760048,,,,,,,,,,,
heavy_tail_subspace,512,2,mclust,auto,ok,,0.0,600,3,512.0,,1.0,1.0,XII,-875077.4597140766,,1,5,BIC,,394.388,720.6767635840224,,,,,,,,,-435897.91740047536,513.0,-875077.4597140766
heavy_tail_subspace,512,2,pca,auto,ok,,0.8188881035267659,600,3,2.0,,3.0,3.0,tied,4811.758828271841,,1,5,BIC,,0.1324414580012671,0.1635535829700529,,,,,,,,,,,
heavy_tail_subspace,512,2,umap,auto,ok,,0.1285427832508599,600,3,2.0,,5.0,5.0,tied,3580.090215036284,,1,5,BIC,,0.1410467909881845,0.1788450409658253,,,,,,,,,,,
heavy_tail_subspace,512,3,ae_relu,auto,ok,,0.0054367748124064,600,3,2.0,2.0,4.0,4.0,diag,-8622.530192926266,,1,5,bic,0.3553496670210734,0.2512416669633239,0.6065913339843974,,,,,,relu,24.0,1.0,,,
heavy_tail_subspace,512,3,ae_tanh,auto,ok,,0.0152576888103587,600,3,2.0,,5.0,5.0,diag,1947.1330983129485,,1,5,BIC,,0.2610262910020537,0.3277357500046491,,,,,,,,,,,
heavy_tail_subspace,512,3,autog2m2,auto,ok,,0.9050867503394308,600,3,2.0,,4.0,4.0,full,-1766.6541455751296,,1,5,BIC,,0.1673052920377813,0.1984324580407701,,,,,,,,,,,
heavy_tail_subspace,512,3,autogmm_spectral,auto,ok,,0.6805376210491638,600,3,2.0,,3.0,3.0,tied,-8605.4012142779,lse,1,5,BIC,,0.1428899159654975,0.1770109580247663,,,,,,,,,,,
heavy_tail_subspace,512,3,mclust,auto,ok,,0.0,600,3,512.0,,1.0,1.0,XII,-875077.4597140766,,1,5,BIC,,395.11300000000006,721.588341041992,,,,,,,,,-435897.91740047536,513.0,-875077.4597140766
heavy_tail_subspace,512,3,pca,auto,ok,,0.950603163246086,600,3,2.0,,3.0,3.0,tied,4743.148483561154,,1,5,BIC,,0.1307981249992735,0.1578852079692296,,,,,,,,,,,
heavy_tail_subspace,512,3,umap,auto,ok,,0.3522916501334212,600,3,2.0,,3.0,3.0,diag,3602.6887205268267,,1,5,BIC,,0.1440843339660205,0.1789916669949889,,,,,,,,,,,
heavy_tail_subspace,512,4,ae_relu,auto,ok,,0.0125032260115574,600,3,2.0,2.0,5.0,5.0,diag,-5492.958432377134,,1,5,bic,0.4637339579639956,0.3623082920676097,0.8260422500316054,,,,,,relu,31.0,1.0,,,
heavy_tail_subspace,512,4,ae_tanh,auto,ok,,0.66698216126123,600,3,2.0,,4.0,4.0,diag,1665.1635663928726,,1,5,BIC,,0.1872384159942157,0.2248031669878401,,,,,,,,,,,
heavy_tail_subspace,512,4,autog2m2,auto,ok,,0.7793728681925659,600,3,2.0,,5.0,5.0,full,-564.6190112852403,,1,5,BIC,,0.1607500410173088,0.1925139169907197,,,,,,,,,,,
heavy_tail_subspace,512,4,autogmm_spectral,auto,ok,,0.7869754332782588,600,3,2.0,,3.0,3.0,diag,-8682.367719252217,lse,1,5,BIC,,0.1888407079968601,0.223702042014338,,,,,,,,,,,
heavy_tail_subspace,512,4,mclust,auto,ok,,0.0,600,3,512.0,,1.0,1.0,XII,-875077.4597140766,,1,5,BIC,,395.471,720.2923398339772,,,,,,,,,-435897.91740047536,513.0,-875077.4597140766
heavy_tail_subspace,512,4,pca,auto,ok,,0.9751295644672852,600,3,2.0,,3.0,3.0,tied,4711.455799967434,,1,5,BIC,,0.1220287089818157,0.147695624968037,,,,,,,,,,,
heavy_tail_subspace,512,4,umap,auto,ok,,0.2691979846343846,600,3,2.0,,5.0,5.0,tied,3579.7223439576846,,1,5,BIC,,0.1429541670368053,0.1779366660048253,,,,,,,,,,,
heavy_tail_subspace,512,5,ae_relu,auto,ok,,0.2106870523223866,600,3,2.0,2.0,5.0,5.0,diag,-4775.888461726789,,1,5,bic,0.8407374589005485,0.3484595830086618,1.1891970419092104,,,,,,relu,56.0,1.0,,,
heavy_tail_subspace,512,5,ae_tanh,auto,ok,,0.0214644891149545,600,3,2.0,,5.0,5.0,diag,1952.106428079673,,1,5,BIC,,0.2439702499541454,0.3074440839700401,,,,,,,,,,,
heavy_tail_subspace,512,5,autog2m2,auto,ok,,0.7393133820159585,600,3,2.0,,5.0,5.0,diag,-775.5784136100201,,1,5,BIC,,0.1697226249962113,0.2169099999591708,,,,,,,,,,,
heavy_tail_subspace,512,5,autogmm_spectral,auto,ok,,0.4138441387051279,600,3,2.0,,2.0,2.0,full,-8605.21230555056,lse,1,5,BIC,,0.1412754579796455,0.1779355420148931,,,,,,,,,,,
heavy_tail_subspace,512,5,mclust,auto,ok,,0.0,600,3,512.0,,1.0,1.0,XII,-875077.4597140766,,1,5,BIC,,395.643,721.5346600839985,,,,,,,,,-435897.91740047536,513.0,-875077.4597140766
heavy_tail_subspace,512,5,pca,auto,ok,,0.9316852636889864,600,3,2.0,,3.0,3.0,tied,4774.369527202844,,1,5,BIC,,0.1252451670006849,0.1552599159767851,,,,,,,,,,,
heavy_tail_subspace,512,5,umap,auto,ok,,0.0584918060165386,600,3,2.0,,2.0,2.0,tied,3576.177955850651,,1,5,BIC,,0.1402008750010281,0.1751178750419058,,,,,,,,,,,
heavy_tail_subspace,512,6,ae_relu,auto,ok,,-0.0020922865017168,600,3,2.0,2.0,5.0,5.0,diag,-11262.55377415645,,1,5,bic,0.4903961669187993,0.2077538330340758,0.6981499999528751,,,,,,relu,33.0,1.0,,,
heavy_tail_subspace,512,6,ae_tanh,auto,ok,,0.0039828656170393,600,3,2.0,,5.0,5.0,diag,2039.237545504496,,1,5,BIC,,0.2247574169887229,0.2837760000256821,,,,,,,,,,,
heavy_tail_subspace,512,6,autog2m2,auto,ok,,0.7276131240840517,600,3,2.0,,5.0,5.0,full,-1283.398895592563,,1,5,BIC,,0.1529907090007327,0.1871920420089736,,,,,,,,,,,
heavy_tail_subspace,512,6,autogmm_spectral,auto,ok,,0.407626405580261,600,3,2.0,,2.0,2.0,diag,-8545.56621599487,lse,1,5,BIC,,0.145745916001033,0.1821765420027077,,,,,,,,,,,
heavy_tail_subspace,512,6,mclust,auto,ok,,0.0,600,3,512.0,,1.0,1.0,XII,-875077.4597140766,,1,5,BIC,,395.446,720.6142071669456,,,,,,,,,-435897.91740047536,513.0,-875077.4597140766
heavy_tail_subspace,512,6,pca,auto,ok,,0.8131756194375828,600,3,2.0,,3.0,3.0,tied,4906.554370023236,,1,5,BIC,,0.1283246669918298,0.1595930409966968,,,,,,,,,,,
heavy_tail_subspace,512,6,umap,auto,ok,,0.0773240735352193,600,3,2.0,,4.0,4.0,tied,3543.102483371051,,1,5,BIC,,0.1410830420209095,0.1779346250114031,,,,,,,,,,,
heavy_tail_subspace,512,7,ae_relu,auto,ok,,0.0415007861214889,600,3,2.0,2.0,5.0,5.0,diag,-3226.992781535809,,1,5,bic,0.6428798330016434,0.3978267499478534,1.0407065829494968,,,,,,relu,43.0,1.0,,,
heavy_tail_subspace,512,7,ae_tanh,auto,ok,,0.5804006203187092,600,3,2.0,,5.0,5.0,diag,1535.2944925194538,,1,5,BIC,,0.1840652499813586,0.2180919169913977,,,,,,,,,,,
heavy_tail_subspace,512,7,autog2m2,auto,ok,,0.8102818363338207,600,3,2.0,,5.0,5.0,full,-939.7293014169744,,1,5,BIC,,0.1192394170211628,0.1513835840160027,,,,,,,,,,,
heavy_tail_subspace,512,7,autogmm_spectral,auto,ok,,0.6928093006270638,600,3,2.0,,4.0,4.0,tied,-8727.62840895416,lse,1,5,BIC,,0.1457975420053117,0.1798204160295426,,,,,,,,,,,
heavy_tail_subspace,512,7,mclust,auto,ok,,0.0,600,3,512.0,,1.0,1.0,XII,-875077.4597140766,,1,5,BIC,,399.958,725.5018378749955,,,,,,,,,-435897.91740047536,513.0,-875077.4597140766
heavy_tail_subspace,512,7,pca,auto,ok,,0.9751565300923696,600,3,2.0,,3.0,3.0,tied,4666.164472201884,,1,5,BIC,,0.1242744589690119,0.1528158750152215,,,,,,,,,,,
heavy_tail_subspace,512,7,umap,auto,ok,,0.1949535062352319,600,3,2.0,,4.0,4.0,tied,3553.854669161993,,1,5,BIC,,0.1513828329625539,0.1917001249967143,,,,,,,,,,,
heavy_tail_subspace,512,8,ae_relu,auto,ok,,-0.0004005479426899,600,3,2.0,2.0,4.0,4.0,diag,-5337.063582142352,,1,5,bic,0.5124920419184491,0.2987437079427764,0.8112357498612255,,,,,,relu,34.0,1.0,,,
heavy_tail_subspace,512,8,ae_tanh,auto,ok,,0.0330076329408652,600,3,2.0,,4.0,4.0,diag,2001.0808912038851,,1,5,BIC,,0.2859140829532407,0.3571056249784305,,,,,,,,,,,
heavy_tail_subspace,512,8,autog2m2,auto,ok,,0.7493050616606227,600,3,2.0,,5.0,5.0,full,-1109.0139385389716,,1,5,BIC,,0.2296285839984193,0.2665848330361768,,,,,,,,,,,
heavy_tail_subspace,512,8,autogmm_spectral,auto,ok,,0.592905402166409,600,3,2.0,,3.0,3.0,tied,-8560.544611210293,lse,1,5,BIC,,0.1533292079693637,0.1908057500259019,,,,,,,,,,,
heavy_tail_subspace,512,8,mclust,auto,ok,,0.0,600,3,512.0,,1.0,1.0,XII,-875077.4597140765,,1,5,BIC,,396.782,722.7196265829843,,,,,,,,,-435897.9174004753,513.0,-875077.4597140765
heavy_tail_subspace,512,8,pca,auto,ok,,0.8972534864298363,600,3,2.0,,3.0,3.0,tied,4853.716989785818,,1,5,BIC,,0.1285806660307571,0.1590637500048615,,,,,,,,,,,
heavy_tail_subspace,512,8,umap,auto,ok,,0.1118236626070579,600,3,2.0,,3.0,3.0,diag,3570.663935408348,,1,5,BIC,,0.1855759159661829,0.2219187910086475,,,,,,,,,,,
heavy_tail_subspace,512,9,ae_relu,auto,ok,,0.0025411812805258,600,3,2.0,2.0,5.0,5.0,diag,-8221.271663482816,,1,5,bic,0.3628847500076517,0.3086957919877022,0.671580541995354,,,,,,relu,24.0,1.0,,,
heavy_tail_subspace,512,9,ae_tanh,auto,ok,,0.0103470203274567,600,3,2.0,,5.0,5.0,full,2038.0483788932152,,1,5,BIC,,0.1954164580092765,0.2405536249862052,,,,,,,,,,,
heavy_tail_subspace,512,9,autog2m2,auto,ok,,0.8004655129461534,600,3,2.0,,5.0,5.0,full,-1017.2505843340832,,1,5,BIC,,0.1370759580167941,0.1701055830344557,,,,,,,,,,,
heavy_tail_subspace,512,9,autogmm_spectral,auto,ok,,0.8054646331076167,600,3,2.0,,3.0,3.0,tied,-8707.50514034438,lse,1,5,BIC,,0.1411455830093473,0.1755839999532327,,,,,,,,,,,
heavy_tail_subspace,512,9,mclust,auto,ok,,0.0,600,3,512.0,,1.0,1.0,XII,-875077.4597140766,,1,5,BIC,,394.189,720.1669560840237,,,,,,,,,-435897.91740047536,513.0,-875077.4597140766
heavy_tail_subspace,512,9,pca,auto,ok,,0.9652967750282292,600,3,2.0,,3.0,3.0,tied,4460.574523316017,,1,5,BIC,,0.1233602500287815,0.1514948750264011,,,,,,,,,,,
heavy_tail_subspace,512,9,umap,auto,ok,,0.2634157406540152,600,3,2.0,,4.0,4.0,tied,3613.589502457527,,1,5,BIC,,0.1449069580412469,0.1814547089743428,,,,,,,,,,,
heavy_tail_subspace,512,10,ae_relu,auto,ok,,0.0142279575280592,600,3,2.0,2.0,4.0,4.0,diag,-3015.107196721161,,1,5,bic,0.3539987090043723,0.3479236250277608,0.7019223340321332,,,,,,relu,24.0,1.0,,,
heavy_tail_subspace,512,10,ae_tanh,auto,ok,,0.0013203953730242,600,3,2.0,,5.0,5.0,diag,1866.426323627101,,1,5,BIC,,0.2492292909882962,0.2936190420296043,,,,,,,,,,,
heavy_tail_subspace,512,10,autog2m2,auto,ok,,0.7911207242131971,600,3,2.0,,5.0,5.0,full,-937.899192817034,,1,5,BIC,,0.1358062499784864,0.1675640000030398,,,,,,,,,,,
heavy_tail_subspace,512,10,autogmm_spectral,auto,ok,,0.4071867146798482,600,3,2.0,,2.0,2.0,full,-8484.380805094663,lse,1,5,BIC,,0.1564646670012734,0.1963728339760564,,,,,,,,,,,
heavy_tail_subspace,512,10,mclust,auto,ok,,0.0,600,3,512.0,,1.0,1.0,XII,-875077.4597140766,,1,5,BIC,,394.781,720.3182525829761,,,,,,,,,-435897.91740047536,513.0,-875077.4597140766
heavy_tail_subspace,512,10,pca,auto,ok,,0.6730521653668677,600,3,2.0,,3.0,3.0,tied,4980.711463789326,,1,5,BIC,,0.1600890419795178,0.2342909579747356,,,,,,,,,,,
heavy_tail_subspace,512,10,umap,auto,ok,,0.0002824020651468,600,3,2.0,,2.0,2.0,tied,3588.787542024689,,1,5,BIC,,0.1548489169799722,0.1927428329945542,,,,,,,,,,,
heavy_tail_subspace,512,11,ae_relu,auto,ok,,0.0095555460217925,600,3,2.0,2.0,5.0,5.0,diag,-14953.345288891607,,1,5,bic,0.5067058749264106,0.2100707499776035,0.7167766249040142,,,,,,relu,31.0,1.0,,,
heavy_tail_subspace,512,11,ae_tanh,auto,ok,,0.0073530647148593,600,3,2.0,,5.0,5.0,diag,1993.6382969756464,,1,5,BIC,,0.2375218750094063,0.2955624160240404,,,,,,,,,,,
heavy_tail_subspace,512,11,autog2m2,auto,ok,,0.7275661698385044,600,3,2.0,,5.0,5.0,full,-847.2160901835244,,1,5,BIC,,0.1427671249839477,0.1729138329974375,,,,,,,,,,,
heavy_tail_subspace,512,11,autogmm_spectral,auto,ok,,0.75313454053672,600,3,2.0,,3.0,3.0,diag,-8769.228740949055,lse,1,5,BIC,,0.1366162920021452,0.1675278749899007,,,,,,,,,,,
heavy_tail_subspace,512,11,mclust,auto,ok,,0.0,600,3,512.0,,1.0,1.0,XII,-875077.4597140766,,1,5,BIC,,393.595,719.0831545830006,,,,,,,,,-435897.91740047536,513.0,-875077.4597140766
heavy_tail_subspace,512,11,pca,auto,ok,,0.9800971316205,600,3,2.0,,3.0,3.0,tied,4623.639133533419,,1,5,BIC,,0.1235698749660514,0.1516097079729661,,,,,,,,,,,
heavy_tail_subspace,512,11,umap,auto,ok,,0.3039821003640087,600,3,2.0,,5.0,5.0,tied,3579.8783940822555,,1,5,BIC,,0.1598621669691056,0.2007788750343024,,,,,,,,,,,
heavy_tail_subspace,512,12,ae_relu,auto,ok,,0.0295030215000083,600,3,2.0,2.0,4.0,4.0,diag,-2743.2741340187285,,1,5,bic,0.513105666032061,0.3787809580098837,0.8918866240419447,,,,,,relu,31.0,1.0,,,
heavy_tail_subspace,512,12,ae_tanh,auto,ok,,0.154186902885699,600,3,2.0,,5.0,5.0,diag,1924.761962729016,,1,5,BIC,,0.290366958011873,0.3851614170125685,,,,,,,,,,,
heavy_tail_subspace,512,12,autog2m2,auto,ok,,0.7599217951150115,600,3,2.0,,5.0,5.0,full,-1648.7764387207194,,1,5,BIC,,0.1179928330238908,0.1862395830103196,,,,,,,,,,,
heavy_tail_subspace,512,12,autogmm_spectral,auto,ok,,0.3784895496641778,600,3,2.0,,2.0,2.0,diag,-8530.785830491523,lse,1,5,BIC,,0.1434170830179937,0.178828792006243,,,,,,,,,,,
heavy_tail_subspace,512,12,mclust,auto,ok,,0.0,600,3,512.0,,1.0,1.0,XII,-875077.4597140766,,1,5,BIC,,395.242,721.3140498329885,,,,,,,,,-435897.91740047536,513.0,-875077.4597140766
heavy_tail_subspace,512,12,pca,auto,ok,,0.8213981228897322,600,3,2.0,,3.0,3.0,tied,4864.905265762212,,1,5,BIC,,0.142250332981348,0.1743817090173252,,,,,,,,,,,
heavy_tail_subspace,512,12,umap,auto,ok,,0.0932026058136317,600,3,2.0,,2.0,2.0,tied,3615.54576936289,,1,5,BIC,,0.1557812499813735,0.2011076249764301,,,,,,,,,,,
heavy_tail_subspace,512,13,ae_relu,auto,ok,,0.3170650023088188,600,3,2.0,2.0,5.0,5.0,diag,-1488.6513526885212,,1,5,bic,0.9452312500216068,0.2957176660420373,1.240948916063644,,,,,,relu,63.0,1.0,,,
heavy_tail_subspace,512,13,ae_tanh,auto,ok,,0.6236465248918864,600,3,2.0,,5.0,5.0,diag,1460.7132620965083,,1,5,BIC,,0.2594206249923445,0.2907303749816492,,,,,,,,,,,
heavy_tail_subspace,512,13,autog2m2,auto,ok,,0.7670440384748826,600,3,2.0,,5.0,5.0,full,-833.0447550050488,,1,5,BIC,,0.1398236249806359,0.1702073749620467,,,,,,,,,,,
heavy_tail_subspace,512,13,autogmm_spectral,auto,ok,,0.7875082939694259,600,3,2.0,,3.0,3.0,diag,-8753.002035038231,lse,1,5,BIC,,0.1290360419661738,0.1598717090091668,,,,,,,,,,,
heavy_tail_subspace,512,13,mclust,auto,ok,,0.0,600,3,512.0,,1.0,1.0,XII,-875077.4597140766,,1,5,BIC,,394.835,720.9522787089809,,,,,,,,,-435897.91740047536,513.0,-875077.4597140766
heavy_tail_subspace,512,13,pca,auto,ok,,0.9703515041329708,600,3,2.0,,3.0,3.0,tied,4591.4705215520025,,1,5,BIC,,0.1235105420346371,0.1496168749872595,,,,,,,,,,,
heavy_tail_subspace,512,13,umap,auto,ok,,0.0375812383015023,600,3,2.0,,2.0,2.0,tied,3565.241603696906,,1,5,BIC,,0.1519652080023661,0.1925706660258583,,,,,,,,,,,
heavy_tail_subspace,512,14,ae_relu,auto,ok,,0.2808083998978103,600,3,2.0,2.0,5.0,5.0,diag,140.92155689758238,,1,5,bic,0.7996676670154557,0.3145396660547703,1.114207333070226,,,,,,relu,53.0,1.0,,,
heavy_tail_subspace,512,14,ae_tanh,auto,ok,,0.2504283265565656,600,3,2.0,,5.0,5.0,diag,1732.4775258534598,,1,5,BIC,,0.3137847079779021,0.3706074589863419,,,,,,,,,,,
heavy_tail_subspace,512,14,autog2m2,auto,ok,,0.7368565143436958,600,3,2.0,,5.0,5.0,spherical,-1115.489405367489,,1,5,BIC,,0.1183442079927772,0.1472747079678811,,,,,,,,,,,
heavy_tail_subspace,512,14,autogmm_spectral,auto,ok,,0.7730483843422057,600,3,2.0,,3.0,3.0,tied,-8754.981540311015,lse,1,5,BIC,,0.1426307919900864,0.1749050419894047,,,,,,,,,,,
heavy_tail_subspace,512,14,mclust,auto,ok,,0.0,600,3,512.0,,1.0,1.0,XII,-875077.4597140766,,1,5,BIC,,394.906,721.3201225000084,,,,,,,,,-435897.91740047536,513.0,-875077.4597140766
heavy_tail_subspace,512,14,pca,auto,ok,,0.9750793971742288,600,3,2.0,,3.0,3.0,tied,4532.2268585138,,1,5,BIC,,0.1255253750132396,0.1527624590089544,,,,,,,,,,,
heavy_tail_subspace,512,14,umap,auto,ok,,0.2345408679822634,600,3,2.0,,5.0,5.0,tied,3598.6717150984605,,1,5,BIC,,0.1383765420177951,0.1740032500238157,,,,,,,,,,,
heavy_tail_subspace,512,15,ae_relu,auto,ok,,0.4358479671980672,600,3,2.0,2.0,5.0,5.0,full,-304.0426517789172,,1,5,bic,0.9910450839670376,0.3108444580575451,1.3018895420245826,,,,,,relu,66.0,1.0,,,
heavy_tail_subspace,512,15,ae_tanh,auto,ok,,0.6017176403995574,600,3,2.0,,5.0,5.0,diag,1226.4339790508443,,1,5,BIC,,0.2288242089562118,0.260888958000578,,,,,,,,,,,
heavy_tail_subspace,512,15,autog2m2,auto,ok,,0.7526297510303837,600,3,2.0,,5.0,5.0,full,-1325.1362112298575,,1,5,BIC,,0.1357872909866273,0.1717804580111988,,,,,,,,,,,
heavy_tail_subspace,512,15,autogmm_spectral,auto,ok,,0.8738549398339157,600,3,2.0,,3.0,3.0,full,-9022.47771483631,lse,1,5,BIC,,0.1550027499906718,0.1870395419537089,,,,,,,,,,,
heavy_tail_subspace,512,15,mclust,auto,ok,,0.0,600,3,512.0,,1.0,1.0,XII,-875077.4597140766,,1,5,BIC,,393.836,719.5737730420078,,,,,,,,,-435897.91740047536,513.0,-875077.4597140766
heavy_tail_subspace,512,15,pca,auto,ok,,0.9949958125176231,600,3,2.0,,3.0,3.0,tied,4447.564481439415,,1,5,BIC,,0.1205426250235177,0.14617995795561,,,,,,,,,,,
heavy_tail_subspace,512,15,umap,auto,ok,,0.595633234864956,600,3,2.0,,3.0,3.0,diag,3548.2568568293727,,1,5,BIC,,0.1514877500012517,0.186745416955091,,,,,,,,,,,
heavy_tail_subspace,512,16,ae_relu,auto,ok,,0.0073809688840021,600,3,2.0,2.0,4.0,4.0,diag,-13353.32779906118,,1,5,bic,0.3818020829930901,0.1891809579683467,0.5709830409614369,,,,,,relu,25.0,1.0,,,
heavy_tail_subspace,512,16,ae_tanh,auto,ok,,0.007742547457607,600,3,2.0,,5.0,5.0,diag,1907.9465143026855,,1,5,BIC,,0.2650738750235177,0.3345665000379085,,,,,,,,,,,
heavy_tail_subspace,512,16,autog2m2,auto,ok,,0.7862822315451586,600,3,2.0,,5.0,5.0,full,-1575.291712718882,,1,5,BIC,,0.1454820829676464,0.1775664580054581,,,,,,,,,,,
heavy_tail_subspace,512,16,autogmm_spectral,auto,ok,,0.3107727900744528,600,3,2.0,,3.0,3.0,tied,-8473.665591470412,lse,1,5,BIC,,0.1580350000294856,0.2027694159769453,,,,,,,,,,,
heavy_tail_subspace,512,16,mclust,auto,ok,,0.0,600,3,512.0,,1.0,1.0,XII,-875077.4597140766,,1,5,BIC,,395.18,721.4306888750289,,,,,,,,,-435897.91740047536,513.0,-875077.4597140766
heavy_tail_subspace,512,16,pca,auto,ok,,0.5596555136360202,600,3,2.0,,2.0,2.0,diag,4825.420825416547,,1,5,BIC,,0.1383244579774327,0.1746687080012634,,,,,,,,,,,
heavy_tail_subspace,512,16,umap,auto,ok,,0.0624388955596157,600,3,2.0,,2.0,2.0,tied,3556.5193438762444,,1,5,BIC,,0.1510048329946585,0.1879427500534802,,,,,,,,,,,
heavy_tail_subspace,512,17,ae_relu,auto,ok,,0.2768685107128851,600,3,2.0,2.0,5.0,5.0,diag,-3999.801473538882,,1,5,bic,0.9423730840208008,0.4430876669939607,1.3854607510147616,,,,,,relu,61.0,1.0,,,
heavy_tail_subspace,512,17,ae_tanh,auto,ok,,0.3179989681167209,600,3,2.0,,5.0,5.0,full,1916.9808732124657,,1,5,BIC,,0.2527186659863218,0.3051941670128144,,,,,,,,,,,
heavy_tail_subspace,512,17,autog2m2,auto,ok,,0.7073946068862542,600,3,2.0,,5.0,5.0,full,-1321.1664708093035,,1,5,BIC,,0.1825832079630345,0.2129510839586146,,,,,,,,,,,
heavy_tail_subspace,512,17,autogmm_spectral,auto,ok,,0.517092294109014,600,3,2.0,,3.0,3.0,tied,-8490.163318808482,lse,1,5,BIC,,0.1739303750218823,0.2200710420147515,,,,,,,,,,,
heavy_tail_subspace,512,17,mclust,auto,ok,,0.0,600,3,512.0,,1.0,1.0,XII,-875077.4597140766,,1,5,BIC,,394.759,720.9804619170027,,,,,,,,,-435897.91740047536,513.0,-875077.4597140766
heavy_tail_subspace,512,17,pca,auto,ok,,0.8698415629427599,600,3,2.0,,3.0,3.0,tied,4891.275810570862,,1,5,BIC,,0.1706461670110002,0.2125867080176249,,,,,,,,,,,
heavy_tail_subspace,512,17,umap,auto,ok,,0.020055547041089,600,3,2.0,,2.0,2.0,tied,3606.8063355113622,,1,5,BIC,,0.1409742080140859,0.1756864580092951,,,,,,,,,,,
heavy_tail_subspace,512,18,ae_relu,auto,ok,,0.2353237662551977,600,3,2.0,2.0,5.0,5.0,diag,-1878.7154980395237,,1,5,bic,0.9643517910735682,0.4318974999478087,1.3962492910213768,,,,,,relu,51.0,1.0,,,
heavy_tail_subspace,512,18,ae_tanh,auto,ok,,0.590564562142396,600,3,2.0,,5.0,5.0,full,1433.9543223174546,,1,5,BIC,,0.2024696670123376,0.2337963749887421,,,,,,,,,,,
heavy_tail_subspace,512,18,autog2m2,auto,ok,,0.7420037652132118,600,3,2.0,,5.0,5.0,full,-962.705493455198,,1,5,BIC,,0.1621923750499263,0.1909701249678619,,,,,,,,,,,
heavy_tail_subspace,512,18,autogmm_spectral,auto,ok,,0.8469541714320896,600,3,2.0,,3.0,3.0,diag,-8994.643292149109,lse,1,5,BIC,,0.1244459580047987,0.1556237500044517,,,,,,,,,,,
heavy_tail_subspace,512,18,mclust,auto,ok,,0.0,600,3,512.0,,1.0,1.0,XII,-875077.4597140766,,1,5,BIC,,394.539,720.2919916660176,,,,,,,,,-435897.91740047536,513.0,-875077.4597140766
heavy_tail_subspace,512,18,pca,auto,ok,,0.985000168757628,600,3,2.0,,3.0,3.0,tied,4410.472937891285,,1,5,BIC,,0.1229131249710917,0.1490550829912535,,,,,,,,,,,
heavy_tail_subspace,512,18,umap,auto,ok,,0.5342848184750589,600,3,2.0,,3.0,3.0,diag,3582.143099646799,,1,5,BIC,,0.1379907919908873,0.1695987079874612,,,,,,,,,,,
heavy_tail_subspace,512,19,ae_relu,auto,ok,,0.2373248326728526,600,3,2.0,2.0,5.0,5.0,diag,-7864.153736884698,,1,5,bic,1.183519458048977,0.2988825829233974,1.4824020409723744,,,,,,relu,61.0,1.0,,,
heavy_tail_subspace,512,19,ae_tanh,auto,ok,,0.8558426619948459,600,3,2.0,,3.0,3.0,spherical,1620.6498919610451,,1,5,BIC,,0.1323102500173263,0.1609624999691732,,,,,,,,,,,
heavy_tail_subspace,512,19,autog2m2,auto,ok,,0.6974084815958076,600,3,2.0,,5.0,5.0,full,-1067.6621141713704,,1,5,BIC,,0.1677336249849759,0.2093315410311333,,,,,,,,,,,
heavy_tail_subspace,512,19,autogmm_spectral,auto,ok,,0.6392970110292021,600,3,2.0,,3.0,3.0,diag,-8661.806053851235,lse,1,5,BIC,,0.1371277080033905,0.1697384999715723,,,,,,,,,,,
heavy_tail_subspace,512,19,mclust,auto,ok,,0.0,600,3,512.0,,1.0,1.0,XII,-875077.4597140766,,1,5,BIC,,394.198,720.5119966249913,,,,,,,,,-435897.91740047536,513.0,-875077.4597140766
heavy_tail_subspace,512,19,pca,auto,ok,,0.9458820326153988,600,3,2.0,,3.0,3.0,tied,4600.199117148535,,1,5,BIC,,0.1453536660410463,0.1842212089686654,,,,,,,,,,,
heavy_tail_subspace,512,19,umap,auto,ok,,0.1273404284438052,600,3,2.0,,4.0,4.0,tied,3521.925714039951,,1,5,BIC,,0.1466609589988365,0.1881666670087725,,,,,,,,,,,
heavy_tail_subspace,1024,0,ae_relu,auto,ok,,0.0026951102837331,600,3,2.0,2.0,4.0,4.0,diag,-13095.8067206139,,1,5,bic,0.6978068329626694,0.2031520829768851,0.9009589159395546,,,,,,relu,23.0,1.0,,,
heavy_tail_subspace,1024,0,ae_tanh,auto,ok,,0.015614307529602,600,3,2.0,,5.0,5.0,diag,1976.6089880821248,,1,5,BIC,,0.2798178329830989,0.3475232499768026,,,,,,,,,,,
heavy_tail_subspace,1024,0,autog2m2,auto,ok,,0.7353472435794699,600,3,2.0,,5.0,5.0,full,-1090.64955949539,,1,5,BIC,,0.1483979999902658,0.2328644169610925,,,,,,,,,,,
heavy_tail_subspace,1024,0,autogmm_spectral,auto,ok,,0.3479338645062125,600,3,2.0,,3.0,3.0,tied,-8436.928511167207,lse,1,5,BIC,,0.1483632089802995,0.189296375028789,,,,,,,,,,,
heavy_tail_subspace,1024,0,mclust,auto,ok,,0.0,600,3,1024.0,,1.0,1.0,XII,-1750148.522498498,,1,5,BIC,,5.018000000000001,8.247943874972407,,,,,,,,,-871795.8348009507,1025.0,-1750148.522498498
heavy_tail_subspace,1024,0,pca,auto,ok,,0.8211877183162647,600,3,2.0,,3.0,3.0,tied,5296.164110776603,,1,5,BIC,,0.1283250410342589,0.1577500000130385,,,,,,,,,,,
heavy_tail_subspace,1024,0,umap,auto,ok,,0.051865579454648,600,3,2.0,,4.0,4.0,tied,3510.71130030346,,1,5,BIC,,0.1509735829895362,0.1879987919819541,,,,,,,,,,,
heavy_tail_subspace,1024,1,ae_relu,auto,ok,,0.0227517446502845,600,3,2.0,2.0,4.0,4.0,diag,-7413.654186118433,,1,5,bic,0.699092666967772,0.3241579589666798,1.0232506259344518,,,,,,relu,23.0,1.0,,,
heavy_tail_subspace,1024,1,ae_tanh,auto,ok,,0.0106046121844056,600,3,2.0,,5.0,5.0,diag,1911.2161777421388,,1,5,BIC,,0.3003314579837024,0.3532039590063505,,,,,,,,,,,
heavy_tail_subspace,1024,1,autog2m2,auto,ok,,0.5802947295043359,600,3,2.0,,5.0,5.0,full,-1298.838539078628,,1,5,BIC,,0.1744947080151178,0.2150250840350054,,,,,,,,,,,
heavy_tail_subspace,1024,1,autogmm_spectral,auto,ok,,0.0,600,3,2.0,,1.0,1.0,spherical,-8406.985092878314,lse,1,5,BIC,,0.1643540419754572,0.2073042500414885,,,,,,,,,,,
heavy_tail_subspace,1024,1,mclust,auto,ok,,0.0,600,3,1024.0,,1.0,1.0,XII,-1750148.522498498,,1,5,BIC,,4.439,7.979046749998815,,,,,,,,,-871795.8348009507,1025.0,-1750148.522498498
heavy_tail_subspace,1024,1,pca,auto,ok,,0.3385358017112994,600,3,2.0,,2.0,2.0,full,5490.473986076284,,1,5,BIC,,0.1596343329874798,0.1984476660145446,,,,,,,,,,,
heavy_tail_subspace,1024,1,umap,auto,ok,,0.0,600,3,2.0,,1.0,1.0,spherical,3495.553685305613,,1,5,BIC,,0.1438522080425173,0.1808805830078199,,,,,,,,,,,
heavy_tail_subspace,1024,2,ae_relu,auto,ok,,0.0037137993966454,600,3,2.0,2.0,5.0,5.0,diag,-11170.390890656756,,1,5,bic,0.891291584004648,0.2179533750750124,1.1092449590796605,,,,,,relu,23.0,1.0,,,
heavy_tail_subspace,1024,2,ae_tanh,auto,ok,,0.0011205087112305,600,3,2.0,,5.0,5.0,diag,1936.5350839591035,,1,5,BIC,,0.2803502919850871,0.3477550419629551,,,,,,,,,,,
heavy_tail_subspace,1024,2,autog2m2,auto,ok,,0.7758458662225053,600,3,2.0,,5.0,5.0,full,-1360.4884587810157,,1,5,BIC,,0.1783666249830275,0.2182300830027088,,,,,,,,,,,
heavy_tail_subspace,1024,2,autogmm_spectral,auto,ok,,0.0,600,3,2.0,,1.0,1.0,spherical,-8438.881616233284,lse,1,5,BIC,,0.1595866670249961,0.2006407909793779,,,,,,,,,,,
heavy_tail_subspace,1024,2,mclust,auto,ok,,0.0,600,3,1024.0,,1.0,1.0,XII,-1750148.522498498,,1,5,BIC,,4.142,7.311246790981386,,,,,,,,,-871795.8348009507,1025.0,-1750148.522498498
heavy_tail_subspace,1024,2,pca,auto,ok,,0.481161788893241,600,3,2.0,,3.0,3.0,tied,5482.798672164132,,1,5,BIC,,0.1569877079455182,0.1940981250372715,,,,,,,,,,,
heavy_tail_subspace,1024,2,umap,auto,ok,,0.0105216602101139,600,3,2.0,,2.0,2.0,tied,3496.2681226964096,,1,5,BIC,,0.1440615419996902,0.1788675420102663,,,,,,,,,,,
heavy_tail_subspace,1024,3,ae_relu,auto,ok,,0.0003795930776882,600,3,2.0,2.0,4.0,4.0,diag,-13063.44167204617,,1,5,bic,0.8932629170594737,0.2018195419805124,1.095082459039986,,,,,,relu,23.0,1.0,,,
heavy_tail_subspace,1024,3,ae_tanh,auto,ok,,0.0046285017704226,600,3,2.0,,5.0,5.0,diag,2006.343588090522,,1,5,BIC,,0.1738155829953029,0.2211321670329198,,,,,,,,,,,
heavy_tail_subspace,1024,3,autog2m2,auto,ok,,0.6461000254921235,600,3,2.0,,5.0,5.0,diag,-1503.76230894069,,1,5,BIC,,0.1798878749832511,0.2108172089792788,,,,,,,,,,,
heavy_tail_subspace,1024,3,autogmm_spectral,auto,ok,,0.0,600,3,2.0,,1.0,1.0,spherical,-8406.720083071521,lse,1,5,BIC,,0.1798162920167669,0.2258327080053277,,,,,,,,,,,
heavy_tail_subspace,1024,3,mclust,auto,ok,,0.0,600,3,1024.0,,1.0,1.0,XII,-1750148.522498498,,1,5,BIC,,4.274,7.730432250013109,,,,,,,,,-871795.8348009507,1025.0,-1750148.522498498
heavy_tail_subspace,1024,3,pca,auto,ok,,0.5607870760731928,600,3,2.0,,3.0,3.0,tied,5461.093992455573,,1,5,BIC,,0.1487710830406285,0.1858840840286575,,,,,,,,,,,
heavy_tail_subspace,1024,3,umap,auto,ok,,0.0155718107292275,600,3,2.0,,2.0,2.0,tied,3464.183793027444,,1,5,BIC,,0.1452045409823767,0.1812967080040834,,,,,,,,,,,
heavy_tail_subspace,1024,4,ae_relu,auto,ok,,-0.0015216744472685,600,3,2.0,2.0,4.0,4.0,diag,-9896.21487482412,,1,5,bic,0.6712348340079188,0.2886176659958437,0.9598525000037624,,,,,,relu,23.0,1.0,,,
heavy_tail_subspace,1024,4,ae_tanh,auto,ok,,0.0085546291811186,600,3,2.0,,5.0,5.0,full,2015.2735020565076,,1,5,BIC,,0.2576526250340976,0.3115830830065533,,,,,,,,,,,
heavy_tail_subspace,1024,4,autog2m2,auto,ok,,0.7277898746834784,600,3,2.0,,5.0,5.0,diag,-1932.2378133355944,,1,5,BIC,,0.1595091249910183,0.1859679580084048,,,,,,,,,,,
heavy_tail_subspace,1024,4,autogmm_spectral,auto,ok,,0.4669752556961148,600,3,2.0,,3.0,3.0,tied,-8483.963086618802,lse,1,5,BIC,,0.1592227909713983,0.1966498749679885,,,,,,,,,,,
heavy_tail_subspace,1024,4,mclust,auto,ok,,0.0,600,3,1024.0,,1.0,1.0,XII,-1750148.522498498,,1,5,BIC,,4.806,7.870331291982438,,,,,,,,,-871795.8348009507,1025.0,-1750148.522498498
heavy_tail_subspace,1024,4,pca,auto,ok,,0.8740456494508212,600,3,2.0,,3.0,3.0,tied,5218.603133950302,,1,5,BIC,,0.1341699580079876,0.1643267080071382,,,,,,,,,,,
heavy_tail_subspace,1024,4,umap,auto,ok,,0.0660364539968856,600,3,2.0,,2.0,2.0,tied,3554.363426434073,,1,5,BIC,,0.1917081670253537,0.2307698749937117,,,,,,,,,,,
heavy_tail_subspace,1024,5,ae_relu,auto,ok,,0.0013534566628555,600,3,2.0,2.0,4.0,4.0,diag,-13133.820302770497,,1,5,bic,0.6626883749850094,0.2213471250142902,0.8840354999992996,,,,,,relu,23.0,1.0,,,
heavy_tail_subspace,1024,5,ae_tanh,auto,ok,,0.0103884417167925,600,3,2.0,,5.0,5.0,diag,2028.2997634504768,,1,5,BIC,,0.1810640000039711,0.2385229580104351,,,,,,,,,,,
heavy_tail_subspace,1024,5,autog2m2,auto,ok,,0.6703523290603386,600,3,2.0,,5.0,5.0,full,-1629.9039715389426,,1,5,BIC,,0.1587444170145318,0.2034319159574806,,,,,,,,,,,
heavy_tail_subspace,1024,5,autogmm_spectral,auto,ok,,0.0,600,3,2.0,,1.0,1.0,spherical,-8429.942554870897,lse,1,5,BIC,,0.1699708749656565,0.2110435829963535,,,,,,,,,,,
heavy_tail_subspace,1024,5,mclust,auto,ok,,0.0,600,3,1024.0,,1.0,1.0,XII,-1750148.522498498,,1,5,BIC,,4.607,7.675940499990247,,,,,,,,,-871795.8348009507,1025.0,-1750148.522498498
heavy_tail_subspace,1024,5,pca,auto,ok,,0.7824895374307427,600,3,2.0,,3.0,3.0,tied,5460.398507951511,,1,5,BIC,,0.1435679999995045,0.1757512909825891,,,,,,,,,,,
heavy_tail_subspace,1024,5,umap,auto,ok,,-0.0011440974835579,600,3,2.0,,2.0,2.0,tied,3523.9221867258907,,1,5,BIC,,0.146331584022846,0.1826349170296453,,,,,,,,,,,
heavy_tail_subspace,1024,6,ae_relu,auto,ok,,-0.0005243906837185,600,3,2.0,2.0,4.0,4.0,diag,-12344.84492091176,,1,5,bic,0.6496070409193635,0.2297172920079901,0.8793243329273537,,,,,,relu,23.0,1.0,,,
heavy_tail_subspace,1024,6,ae_tanh,auto,ok,,0.0024982954452909,600,3,2.0,,5.0,5.0,diag,2001.9406377898424,,1,5,BIC,,0.2035982079687528,0.2613159590400755,,,,,,,,,,,
heavy_tail_subspace,1024,6,autog2m2,auto,ok,,0.74938728211388,600,3,2.0,,5.0,5.0,diag,-1192.3186435245868,,1,5,BIC,,0.206125000026077,0.2343524160096421,,,,,,,,,,,
heavy_tail_subspace,1024,6,autogmm_spectral,auto,ok,,0.3517543111719782,600,3,2.0,,2.0,2.0,full,-8549.95983981701,lse,1,5,BIC,,0.1575309169711545,0.1960012080380693,,,,,,,,,,,
heavy_tail_subspace,1024,6,mclust,auto,ok,,0.0,600,3,1024.0,,1.0,1.0,XII,-1750148.522498498,,1,5,BIC,,4.656,7.791163999994751,,,,,,,,,-871795.8348009507,1025.0,-1750148.522498498
heavy_tail_subspace,1024,6,pca,auto,ok,,0.9652967750282292,600,3,2.0,,3.0,3.0,tied,5024.313598045756,,1,5,BIC,,0.1253957499866373,0.153440791007597,,,,,,,,,,,
heavy_tail_subspace,1024,6,umap,auto,ok,,0.0603239784711797,600,3,2.0,,5.0,5.0,tied,3506.67679181845,,1,5,BIC,,0.1443130419938825,0.1802904999931343,,,,,,,,,,,
heavy_tail_subspace,1024,7,ae_relu,auto,ok,,0.0161263693642672,600,3,2.0,2.0,5.0,5.0,diag,-6674.164477541044,,1,5,bic,0.6582335829734802,0.3001700829481706,0.9584036659216508,,,,,,relu,23.0,1.0,,,
heavy_tail_subspace,1024,7,ae_tanh,auto,ok,,0.009483643012461,600,3,2.0,,5.0,5.0,full,1987.6131131972395,,1,5,BIC,,0.1618313340004533,0.196250915993005,,,,,,,,,,,
heavy_tail_subspace,1024,7,autog2m2,auto,ok,,0.7843810965374108,600,3,2.0,,5.0,5.0,full,-1318.320961691204,,1,5,BIC,,0.1458198750042356,0.1731475000269711,,,,,,,,,,,
heavy_tail_subspace,1024,7,autogmm_spectral,auto,ok,,0.1743657653210035,600,3,2.0,,2.0,2.0,diag,-8447.65726553468,lse,1,5,BIC,,0.1698741249856539,0.2099570419522933,,,,,,,,,,,
heavy_tail_subspace,1024,7,mclust,auto,ok,,0.0,600,3,1024.0,,1.0,1.0,XII,-1750148.522498498,,1,5,BIC,,3.5600000000000005,6.49738775001606,,,,,,,,,-871795.8348009507,1025.0,-1750148.522498498
heavy_tail_subspace,1024,7,pca,auto,ok,,0.7462258477902401,600,3,2.0,,3.0,3.0,tied,5384.275244248593,,1,5,BIC,,0.1522783330292441,0.1854649159940891,,,,,,,,,,,
heavy_tail_subspace,1024,7,umap,auto,ok,,0.0,600,3,2.0,,1.0,1.0,spherical,3518.9995272400693,,1,5,BIC,,0.1556441669818014,0.1916892920271493,,,,,,,,,,,
heavy_tail_subspace,1024,8,ae_relu,auto,ok,,0.000654825200007,600,3,2.0,2.0,5.0,5.0,diag,-6039.557016353363,,1,5,bic,0.65582758304663,0.2885232500266284,0.9443508330732584,,,,,,relu,23.0,1.0,,,
heavy_tail_subspace,1024,8,ae_tanh,auto,ok,,0.007091524148621,600,3,2.0,,5.0,5.0,diag,1994.077189763312,,1,5,BIC,,0.2514279579627327,0.3057012500357814,,,,,,,,,,,
heavy_tail_subspace,1024,8,autog2m2,auto,ok,,0.8196675809365558,600,3,2.0,,5.0,5.0,diag,-1027.8718918789586,,1,5,BIC,,0.1594773330143652,0.2284262500470504,,,,,,,,,,,
heavy_tail_subspace,1024,8,autogmm_spectral,auto,ok,,0.4999517226922992,600,3,2.0,,3.0,3.0,tied,-8507.556431017185,lse,1,5,BIC,,0.1492190830176696,0.1862180000171065,,,,,,,,,,,
heavy_tail_subspace,1024,8,mclust,auto,ok,,0.0,600,3,1024.0,,1.0,1.0,XII,-1750148.522498498,,1,5,BIC,,4.816000000000001,7.986620542011224,,,,,,,,,-871795.8348009507,1025.0,-1750148.522498498
heavy_tail_subspace,1024,8,pca,auto,ok,,0.9363022242310796,600,3,2.0,,3.0,3.0,tied,5243.778273584651,,1,5,BIC,,0.124988708004821,0.1545975829940289,,,,,,,,,,,
heavy_tail_subspace,1024,8,umap,auto,ok,,0.0711237283640371,600,3,2.0,,2.0,2.0,tied,3506.094915446037,,1,5,BIC,,0.1422379169962369,0.1784346660133451,,,,,,,,,,,
heavy_tail_subspace,1024,9,ae_relu,auto,ok,,0.0249141935146431,600,3,2.0,2.0,5.0,5.0,diag,-9597.794014842932,,1,5,bic,0.6620365830603987,0.2653418750269338,0.9273784580873324,,,,,,relu,23.0,1.0,,,
heavy_tail_subspace,1024,9,ae_tanh,auto,ok,,0.0228271330154983,600,3,2.0,,5.0,5.0,diag,1981.0045168607487,,1,5,BIC,,0.2109380000038072,0.2542015420040115,,,,,,,,,,,
heavy_tail_subspace,1024,9,autog2m2,auto,ok,,0.7753119847834148,600,3,2.0,,5.0,5.0,full,-1827.2371539181004,,1,5,BIC,,0.1468901669722981,0.1762127919937484,,,,,,,,,,,
heavy_tail_subspace,1024,9,autogmm_spectral,auto,ok,,0.3039878608639222,600,3,2.0,,2.0,2.0,full,-8454.085055034235,lse,1,5,BIC,,0.1504171249689534,0.1886809999705292,,,,,,,,,,,
heavy_tail_subspace,1024,9,mclust,auto,ok,,0.0,600,3,1024.0,,1.0,1.0,XII,-1750148.522498498,,1,5,BIC,,5.652,9.015325792017393,,,,,,,,,-871795.8348009507,1025.0,-1750148.522498498
heavy_tail_subspace,1024,9,pca,auto,ok,,0.9082237985517276,600,3,2.0,,3.0,3.0,tied,5195.219968904874,,1,5,BIC,,0.1291705410112626,0.158667667012196,,,,,,,,,,,
heavy_tail_subspace,1024,9,umap,auto,ok,,0.0,600,3,2.0,,1.0,1.0,spherical,3519.4293958272283,,1,5,BIC,,0.1508584590046666,0.186496292008087,,,,,,,,,,,
heavy_tail_subspace,1024,10,ae_relu,auto,ok,,0.0052597319278793,600,3,2.0,2.0,5.0,5.0,diag,-7933.142217957924,,1,5,bic,0.6629132080124691,0.325738999992609,0.988652208005078,,,,,,relu,23.0,1.0,,,
heavy_tail_subspace,1024,10,ae_tanh,auto,ok,,0.0121531361767573,600,3,2.0,,5.0,5.0,diag,2029.8561033366957,,1,5,BIC,,0.2341618329519406,0.2929158750339411,,,,,,,,,,,
heavy_tail_subspace,1024,10,autog2m2,auto,ok,,0.7337926410989382,600,3,2.0,,4.0,4.0,spherical,-1577.3026553784348,,1,5,BIC,,0.1983659170218743,0.2424154169857502,,,,,,,,,,,
heavy_tail_subspace,1024,10,autogmm_spectral,auto,ok,,0.0,600,3,2.0,,1.0,1.0,spherical,-8447.829559756205,lse,1,5,BIC,,0.1569572499720379,0.1977721659932285,,,,,,,,,,,
heavy_tail_subspace,1024,10,mclust,auto,ok,,0.0,600,3,1024.0,,1.0,1.0,XII,-1750148.522498498,,1,5,BIC,,3.822000000000001,6.826165624952409,,,,,,,,,-871795.8348009507,1025.0,-1750148.522498498
heavy_tail_subspace,1024,10,pca,auto,ok,,0.0,600,3,2.0,,1.0,1.0,spherical,5462.629030645361,,1,5,BIC,,0.1617280000355094,0.2018115000100806,,,,,,,,,,,
heavy_tail_subspace,1024,10,umap,auto,ok,,0.0170112140032439,600,3,2.0,,4.0,4.0,tied,3492.575266011385,,1,5,BIC,,0.1443330000038258,0.1801932910457253,,,,,,,,,,,
heavy_tail_subspace,1024,11,ae_relu,auto,ok,,0.0012108176946319,600,3,2.0,2.0,4.0,4.0,diag,-13256.227757215192,,1,5,bic,0.6667013330152258,0.2058999580331146,0.8726012910483405,,,,,,relu,23.0,1.0,,,
heavy_tail_subspace,1024,11,ae_tanh,auto,ok,,0.036171892434262,600,3,2.0,,5.0,5.0,diag,1931.4357970099272,,1,5,BIC,,0.2560323750367388,0.2992925829603337,,,,,,,,,,,
heavy_tail_subspace,1024,11,autog2m2,auto,ok,,0.740909412628215,600,3,2.0,,5.0,5.0,diag,-2413.446946053735,,1,5,BIC,,0.1264536250382661,0.1545867079985328,,,,,,,,,,,
heavy_tail_subspace,1024,11,autogmm_spectral,auto,ok,,0.5125343142034353,600,3,2.0,,3.0,3.0,tied,-8475.799518174,lse,1,5,BIC,,0.1553132919943891,0.1893507920322008,,,,,,,,,,,
heavy_tail_subspace,1024,11,mclust,auto,ok,,0.0,600,3,1024.0,,1.0,1.0,XII,-1750148.522498498,,1,5,BIC,,5.018,8.278515040990897,,,,,,,,,-871795.8348009507,1025.0,-1750148.522498498
heavy_tail_subspace,1024,11,pca,auto,ok,,0.90284625471344,600,3,2.0,,3.0,3.0,tied,5020.471212374589,,1,5,BIC,,0.1323380409739911,0.1611559999873861,,,,,,,,,,,
heavy_tail_subspace,1024,11,umap,auto,ok,,0.0102926830305364,600,3,2.0,,2.0,2.0,tied,3492.381583755304,,1,5,BIC,,0.1491304999799467,0.1870462499791756,,,,,,,,,,,
heavy_tail_subspace,1024,12,ae_relu,auto,ok,,-0.0012795277805975,600,3,2.0,2.0,4.0,4.0,diag,-14237.857037511603,,1,5,bic,0.6644237500149757,0.1994464580202475,0.8638702080352232,,,,,,relu,23.0,1.0,,,
heavy_tail_subspace,1024,12,ae_tanh,auto,ok,,0.0086495729203884,600,3,2.0,,5.0,5.0,diag,1992.169509653555,,1,5,BIC,,0.2197163329692557,0.28355954203289,,,,,,,,,,,
heavy_tail_subspace,1024,12,autog2m2,auto,ok,,0.6594991538475993,600,3,2.0,,5.0,5.0,spherical,-918.7736724748032,,1,5,BIC,,0.1785497079836204,0.2240513750002719,,,,,,,,,,,
heavy_tail_subspace,1024,12,autogmm_spectral,auto,ok,,0.0,600,3,2.0,,1.0,1.0,spherical,-8412.93756869992,lse,1,5,BIC,,0.174236791965086,0.2159424169803969,,,,,,,,,,,
heavy_tail_subspace,1024,12,mclust,auto,ok,,0.0,600,3,1024.0,,1.0,1.0,XII,-1750148.522498498,,1,5,BIC,,3.85,6.754217666981276,,,,,,,,,-871795.8348009507,1025.0,-1750148.522498498
heavy_tail_subspace,1024,12,pca,auto,ok,,0.6476735560765549,600,3,2.0,,3.0,3.0,tied,5463.156517391444,,1,5,BIC,,0.15785804198822,0.1980780419544316,,,,,,,,,,,
heavy_tail_subspace,1024,12,umap,auto,ok,,-0.0018210006342967,600,3,2.0,,2.0,2.0,tied,3502.777881173006,,1,5,BIC,,0.1443050410016439,0.1812100000097416,,,,,,,,,,,
heavy_tail_subspace,1024,13,ae_relu,auto,ok,,0.0066411745890326,600,3,2.0,2.0,5.0,5.0,diag,-13000.00637085732,,1,5,bic,0.6559854160295799,0.2090152910677716,0.8650007070973516,,,,,,relu,23.0,1.0,,,
heavy_tail_subspace,1024,13,ae_tanh,auto,ok,,0.004991390804177,600,3,2.0,,5.0,5.0,diag,1971.3488102335975,,1,5,BIC,,0.2837403750163503,0.3480252919835038,,,,,,,,,,,
heavy_tail_subspace,1024,13,autog2m2,auto,ok,,0.7260483279632856,600,3,2.0,,5.0,5.0,full,-1492.5462205829076,,1,5,BIC,,0.1639200000208802,0.1959550830069929,,,,,,,,,,,
heavy_tail_subspace,1024,13,autogmm_spectral,auto,ok,,0.0,600,3,2.0,,1.0,1.0,spherical,-8412.656475172531,lse,1,5,BIC,,0.1616762499907054,0.2004830839578062,,,,,,,,,,,
heavy_tail_subspace,1024,13,mclust,auto,ok,,0.0,600,3,1024.0,,1.0,1.0,XII,-1750148.522498498,,1,5,BIC,,4.9430000000000005,8.3455954589881,,,,,,,,,-871795.8348009507,1025.0,-1750148.522498498
heavy_tail_subspace,1024,13,pca,auto,ok,,0.7732079849899555,600,3,2.0,,3.0,3.0,tied,5359.159758788324,,1,5,BIC,,0.1332500830176286,0.1646266249590553,,,,,,,,,,,
heavy_tail_subspace,1024,13,umap,auto,ok,,0.0,600,3,2.0,,1.0,1.0,spherical,3529.5698827946944,,1,5,BIC,,0.1479902500286698,0.1832489160005934,,,,,,,,,,,
heavy_tail_subspace,1024,14,ae_relu,auto,ok,,-0.0018268794306996,600,3,2.0,2.0,4.0,4.0,diag,-7212.616215954758,,1,5,bic,0.6652933749137446,0.2999228750122711,0.9652162499260156,,,,,,relu,23.0,1.0,,,
heavy_tail_subspace,1024,14,ae_tanh,auto,ok,,0.0036064347903153,600,3,2.0,,5.0,5.0,diag,1956.4950930763448,,1,5,BIC,,0.3047969579929486,0.3911702500190586,,,,,,,,,,,
heavy_tail_subspace,1024,14,autog2m2,auto,ok,,0.7193954112748456,600,3,2.0,,5.0,5.0,full,-1234.134063194893,,1,5,BIC,,0.1568425419973209,0.1951269159908406,,,,,,,,,,,
heavy_tail_subspace,1024,14,autogmm_spectral,auto,ok,,0.0,600,3,2.0,,1.0,1.0,spherical,-8426.318871218054,lse,1,5,BIC,,0.1680947919958271,0.2074444169993512,,,,,,,,,,,
heavy_tail_subspace,1024,14,mclust,auto,ok,,0.0,600,3,1024.0,,1.0,1.0,XII,-1750148.522498498,,1,5,BIC,,5.628,8.99340304202633,,,,,,,,,-871795.8348009507,1025.0,-1750148.522498498
heavy_tail_subspace,1024,14,pca,auto,ok,,0.7714753602014277,600,3,2.0,,3.0,3.0,tied,5354.052493242405,,1,5,BIC,,0.1319402909721247,0.1631514999899082,,,,,,,,,,,
heavy_tail_subspace,1024,14,umap,auto,ok,,0.0478292641072176,600,3,2.0,,5.0,5.0,tied,3574.3395729257195,,1,5,BIC,,0.1422335829702206,0.1766123750130646,,,,,,,,,,,
heavy_tail_subspace,1024,15,ae_relu,auto,ok,,0.0009970544514844,600,3,2.0,2.0,4.0,4.0,diag,-14726.861954882954,,1,5,bic,0.652912582969293,0.1721313340822234,0.8250439170515165,,,,,,relu,23.0,1.0,,,
heavy_tail_subspace,1024,15,ae_tanh,auto,ok,,0.0097097795072613,600,3,2.0,,5.0,5.0,diag,2072.65082641266,,1,5,BIC,,0.1618150420254096,0.2049673339934088,,,,,,,,,,,
heavy_tail_subspace,1024,15,autog2m2,auto,ok,,0.7550164780037034,600,3,2.0,,5.0,5.0,full,-1315.8434625037555,,1,5,BIC,,0.1232112089637667,0.1520566249964758,,,,,,,,,,,
heavy_tail_subspace,1024,15,autogmm_spectral,auto,ok,,0.4552580361030484,600,3,2.0,,3.0,3.0,tied,-8478.35901137618,lse,1,5,BIC,,0.15267658297671,0.1899789159651845,,,,,,,,,,,
heavy_tail_subspace,1024,15,mclust,auto,ok,,0.0,600,3,1024.0,,1.0,1.0,XII,-1750148.522498498,,1,5,BIC,,5.27,8.517530750017613,,,,,,,,,-871795.8348009507,1025.0,-1750148.522498498
heavy_tail_subspace,1024,15,pca,auto,ok,,0.9082203007877522,600,3,2.0,,3.0,3.0,tied,5301.051424040368,,1,5,BIC,,0.1312112500309012,0.1609422910260036,,,,,,,,,,,
heavy_tail_subspace,1024,15,umap,auto,ok,,0.0,600,3,2.0,,1.0,1.0,spherical,3553.096425712966,,1,5,BIC,,0.1787331669474952,0.2142585410038009,,,,,,,,,,,
heavy_tail_subspace,1024,16,ae_relu,auto,ok,,-0.0002833057710276,600,3,2.0,2.0,5.0,5.0,diag,-4844.403104012881,,1,5,bic,0.660263083060272,0.3466609159950167,1.0069239990552887,,,,,,relu,23.0,1.0,,,
heavy_tail_subspace,1024,16,ae_tanh,auto,ok,,0.0055076001262808,600,3,2.0,,5.0,5.0,diag,1888.4580733329904,,1,5,BIC,,0.2586292920168489,0.3207820829702541,,,,,,,,,,,
heavy_tail_subspace,1024,16,autog2m2,auto,ok,,0.7728298131674463,600,3,2.0,,5.0,5.0,full,-1933.1469442879647,,1,5,BIC,,0.1536367080407217,0.1827424590010196,,,,,,,,,,,
heavy_tail_subspace,1024,16,autogmm_spectral,auto,ok,,0.6378919188592245,600,3,2.0,,3.0,3.0,full,-8603.632912030655,lse,1,5,BIC,,0.1454726249794475,0.1806004590471275,,,,,,,,,,,
heavy_tail_subspace,1024,16,mclust,auto,ok,,0.0,600,3,1024.0,,1.0,1.0,XII,-1750148.522498498,,1,5,BIC,,4.856,7.991427875007503,,,,,,,,,-871795.8348009507,1025.0,-1750148.522498498
heavy_tail_subspace,1024,16,pca,auto,ok,,0.9750793971742288,600,3,2.0,,3.0,3.0,tied,4936.353591537218,,1,5,BIC,,0.1203115419484674,0.1476520829601213,,,,,,,,,,,
heavy_tail_subspace,1024,16,umap,auto,ok,,0.1519374389298202,600,3,2.0,,2.0,2.0,tied,3553.1648212903683,,1,5,BIC,,0.1451314580044709,0.1798817079979926,,,,,,,,,,,
heavy_tail_subspace,1024,17,ae_relu,auto,ok,,-0.0003483268482873,600,3,2.0,2.0,4.0,4.0,diag,-15407.32960381603,,1,5,bic,0.6696465000277385,0.1670708750607445,0.8367173750884831,,,,,,relu,23.0,1.0,,,
heavy_tail_subspace,1024,17,ae_tanh,auto,ok,,0.002585537603428,600,3,2.0,,5.0,5.0,diag,1990.015369868886,,1,5,BIC,,0.1952990409918129,0.2509107919759117,,,,,,,,,,,
heavy_tail_subspace,1024,17,autog2m2,auto,ok,,0.7777468708789942,600,3,2.0,,5.0,5.0,full,-2540.071889505969,,1,5,BIC,,0.1607160829589702,0.1873472500010393,,,,,,,,,,,
heavy_tail_subspace,1024,17,autogmm_spectral,auto,ok,,0.4141727896845222,600,3,2.0,,2.0,2.0,full,-8551.757690742117,lse,1,5,BIC,,0.1488255419535562,0.1853251249995082,,,,,,,,,,,
heavy_tail_subspace,1024,17,mclust,auto,ok,,0.0,600,3,1024.0,,1.0,1.0,XII,-1750148.522498498,,1,5,BIC,,4.124,7.125818957982119,,,,,,,,,-871795.8348009507,1025.0,-1750148.522498498
heavy_tail_subspace,1024,17,pca,auto,ok,,0.9750549434190664,600,3,2.0,,3.0,3.0,tied,4985.488670506959,,1,5,BIC,,0.1203634589910507,0.1474039999884553,,,,,,,,,,,
heavy_tail_subspace,1024,17,umap,auto,ok,,0.0290721252810997,600,3,2.0,,2.0,2.0,tied,3531.2966205517014,,1,5,BIC,,0.1446525420178659,0.1814735420048236,,,,,,,,,,,
heavy_tail_subspace,1024,18,ae_relu,auto,ok,,0.0005965870813453,600,3,2.0,2.0,5.0,5.0,diag,-13334.160456706835,,1,5,bic,0.6742189159849659,0.2260878749657422,0.9003067909507081,,,,,,relu,23.0,1.0,,,
heavy_tail_subspace,1024,18,ae_tanh,auto,ok,,0.0058499443031877,600,3,2.0,,5.0,5.0,diag,1957.9993239996568,,1,5,BIC,,0.2366295409738086,0.2866343749919906,,,,,,,,,,,
heavy_tail_subspace,1024,18,autog2m2,auto,ok,,0.7225283268271362,600,3,2.0,,5.0,5.0,full,-1098.328109780792,,1,5,BIC,,0.15173970797332,0.1916599589749239,,,,,,,,,,,
heavy_tail_subspace,1024,18,autogmm_spectral,auto,ok,,0.2019864740385595,600,3,2.0,,2.0,2.0,full,-8468.251997318479,lse,1,5,BIC,,0.157150459010154,0.1966670830151997,,,,,,,,,,,
heavy_tail_subspace,1024,18,mclust,auto,ok,,0.0,600,3,1024.0,,1.0,1.0,XII,-1750148.522498498,,1,5,BIC,,4.915,7.938561459013727,,,,,,,,,-871795.8348009507,1025.0,-1750148.522498498
heavy_tail_subspace,1024,18,pca,auto,ok,,0.8784689326915959,600,3,2.0,,3.0,3.0,tied,5238.449028453524,,1,5,BIC,,0.138012624986004,0.171417916950304,,,,,,,,,,,
heavy_tail_subspace,1024,18,umap,auto,ok,,0.0,600,3,2.0,,1.0,1.0,spherical,3529.242464986679,,1,5,BIC,,0.1459287089528516,0.181467916991096,,,,,,,,,,,
heavy_tail_subspace,1024,19,ae_relu,auto,ok,,0.0100018837531739,600,3,2.0,2.0,5.0,5.0,diag,-10932.83989901846,,1,5,bic,0.6635623750044033,0.3043610421009362,0.9679234171053396,,,,,,relu,23.0,1.0,,,
heavy_tail_subspace,1024,19,ae_tanh,auto,ok,,0.0113565414435338,600,3,2.0,,5.0,5.0,full,1904.5927637503687,,1,5,BIC,,0.2772313749883324,0.3452455420047045,,,,,,,,,,,
heavy_tail_subspace,1024,19,autog2m2,auto,ok,,0.8032226091873518,600,3,2.0,,5.0,5.0,full,-1355.4612280596912,,1,5,BIC,,0.1120411669835448,0.1393659170134924,,,,,,,,,,,
heavy_tail_subspace,1024,19,autogmm_spectral,auto,ok,,0.5617282219214043,600,3,2.0,,3.0,3.0,full,-8536.754835768203,lse,1,5,BIC,,0.1535756249795667,0.1908795410417951,,,,,,,,,,,
heavy_tail_subspace,1024,19,mclust,auto,ok,,0.0,600,3,1024.0,,1.0,1.0,XII,-1750148.522498498,,1,5,BIC,,4.306,7.327237084042281,,,,,,,,,-871795.8348009507,1025.0,-1750148.522498498
heavy_tail_subspace,1024,19,pca,auto,ok,,0.9750549434190664,600,3,2.0,,3.0,3.0,spherical,5016.620462486791,,1,5,BIC,,0.1267571250209584,0.1550805409788154,,,,,,,,,,,
heavy_tail_subspace,1024,19,umap,auto,ok,,0.0494842163970998,600,3,2.0,,2.0,2.0,tied,3536.033834018547,,1,5,BIC,,0.1455192500143312,0.1813093749806285,,,,,,,,,,,
heavy_tail_subspace,2048,0,ae_relu,auto,ok,,0.0035642402161963,600,3,2.0,2.0,4.0,4.0,diag,-13231.459248357938,,1,5,bic,1.3359568750020117,0.3668198329396546,1.7027767079416662,,,,,,relu,22.0,1.0,,,
heavy_tail_subspace,2048,0,ae_tanh,auto,ok,,0.0072827066538624,600,3,2.0,,5.0,5.0,diag,1967.398422089174,,1,5,BIC,,0.2925817919895053,0.3561612920020707,,,,,,,,,,,
heavy_tail_subspace,2048,0,autog2m2,auto,ok,,0.8431304276220396,600,3,2.0,,5.0,5.0,diag,-1908.784225929548,,1,5,BIC,,0.1327262080158107,0.1614337080391124,,,,,,,,,,,
heavy_tail_subspace,2048,0,autogmm_spectral,auto,ok,,0.0,600,3,2.0,,1.0,1.0,spherical,-8415.920671052643,lse,1,5,BIC,,0.1679681669920683,0.2098625409998931,,,,,,,,,,,
heavy_tail_subspace,2048,0,mclust,auto,ok,,0.0,600,3,2048.0,,1.0,1.0,XII,-3500290.6480673407,,1,5,BIC,,7.401,11.539313332992606,,,,,,,,,-1743591.6696019014,2049.0,-3500290.6480673407
heavy_tail_subspace,2048,0,pca,auto,ok,,0.6187786789401807,600,3,2.0,,3.0,3.0,tied,5938.093567332422,,1,5,BIC,,0.1825437499792315,0.2257633749977685,,,,,,,,,,,
heavy_tail_subspace,2048,0,umap,auto,ok,,0.0153492047179189,600,3,2.0,,4.0,4.0,tied,3509.3802988555403,,1,5,BIC,,0.155048375017941,0.1930408750195056,,,,,,,,,,,
heavy_tail_subspace,2048,1,ae_relu,auto,ok,,-0.0008889357348242,600,3,2.0,2.0,4.0,4.0,diag,-13875.978134719478,,1,5,bic,1.31894166697748,0.3386596250347793,1.6576012920122594,,,,,,relu,22.0,1.0,,,
heavy_tail_subspace,2048,1,ae_tanh,auto,ok,,0.0094184731997665,600,3,2.0,,5.0,5.0,diag,1872.267258760135,,1,5,BIC,,0.2316058330470696,0.3114362910273485,,,,,,,,,,,
heavy_tail_subspace,2048,1,autog2m2,auto,ok,,0.6264884437058101,600,3,2.0,,5.0,5.0,full,-1986.9350187296543,,1,5,BIC,,0.1691629589768126,0.2070566660258919,,,,,,,,,,,
heavy_tail_subspace,2048,1,autogmm_spectral,auto,ok,,0.0,600,3,2.0,,1.0,1.0,spherical,-8410.934013802658,lse,1,5,BIC,,0.1797344590304419,0.2264404579764232,,,,,,,,,,,
heavy_tail_subspace,2048,1,mclust,auto,ok,,0.0,600,3,2048.0,,1.0,1.0,XII,-3500290.6480673407,,1,5,BIC,,6.75,10.983532333979385,,,,,,,,,-1743591.6696019014,2049.0,-3500290.6480673407
heavy_tail_subspace,2048,1,pca,auto,ok,,0.3379777261221113,600,3,2.0,,2.0,2.0,tied,5931.474726022438,,1,5,BIC,,0.1752332090400159,0.2162415830534882,,,,,,,,,,,
heavy_tail_subspace,2048,1,umap,auto,ok,,0.0107669352538399,600,3,2.0,,2.0,2.0,tied,3452.725999701041,,1,5,BIC,,0.1447108749998733,0.1830382500193081,,,,,,,,,,,
heavy_tail_subspace,2048,2,ae_relu,auto,ok,,-0.0025105517464068,600,3,2.0,2.0,5.0,5.0,diag,-10621.070442042768,,1,5,bic,1.4865917500574142,0.2479437079746276,1.7345354580320418,,,,,,relu,22.0,1.0,,,
heavy_tail_subspace,2048,2,ae_tanh,auto,ok,,-0.0006384651676923,600,3,2.0,,5.0,5.0,full,2052.1384096217776,,1,5,BIC,,0.2271802499890327,0.3018113339785486,,,,,,,,,,,
heavy_tail_subspace,2048,2,autog2m2,auto,ok,,0.7950642397932179,600,3,2.0,,5.0,5.0,full,-2049.742133761372,,1,5,BIC,,0.1917524589807726,0.2223297079908661,,,,,,,,,,,
heavy_tail_subspace,2048,2,autogmm_spectral,auto,ok,,0.0,600,3,2.0,,1.0,1.0,spherical,-8406.773119617177,lse,1,5,BIC,,0.1740692919702269,0.2157653330359608,,,,,,,,,,,
heavy_tail_subspace,2048,2,mclust,auto,ok,,0.0,600,3,2048.0,,1.0,1.0,XII,-3500290.6480673407,,1,5,BIC,,6.755000000000001,10.959026583004745,,,,,,,,,-1743591.6696019014,2049.0,-3500290.6480673407
heavy_tail_subspace,2048,2,pca,auto,ok,,0.0,600,3,2.0,,1.0,1.0,spherical,5932.517736055444,,1,5,BIC,,0.1586444579879753,0.1985698749776929,,,,,,,,,,,
heavy_tail_subspace,2048,2,umap,auto,ok,,0.0,600,3,2.0,,1.0,1.0,spherical,3482.7103068934007,,1,5,BIC,,0.1490950000006705,0.187095417000819,,,,,,,,,,,
heavy_tail_subspace,2048,3,ae_relu,auto,ok,,0.0110891613372359,600,3,2.0,2.0,4.0,4.0,diag,-13487.643001408647,,1,5,bic,1.3796260830713436,0.2050053330603987,1.5846314161317423,,,,,,relu,22.0,1.0,,,
heavy_tail_subspace,2048,3,ae_tanh,auto,ok,,0.0064024163139476,600,3,2.0,,5.0,5.0,diag,2018.4166060923803,,1,5,BIC,,0.2207054590107873,0.2673369589610956,,,,,,,,,,,
heavy_tail_subspace,2048,3,autog2m2,auto,ok,,0.8600281732048003,600,3,2.0,,5.0,5.0,diag,-2762.1945852196623,,1,5,BIC,,0.1473065419704653,0.1778476670151576,,,,,,,,,,,
heavy_tail_subspace,2048,3,autogmm_spectral,auto,ok,,0.0,600,3,2.0,,1.0,1.0,spherical,-8437.320471968242,lse,1,5,BIC,,0.1724054589867591,0.2187545000342652,,,,,,,,,,,
heavy_tail_subspace,2048,3,mclust,auto,ok,,0.0,600,3,2048.0,,1.0,1.0,XII,-3500290.6480673407,,1,5,BIC,,7.510000000000001,11.805894332996104,,,,,,,,,-1743591.6696019014,2049.0,-3500290.6480673407
heavy_tail_subspace,2048,3,pca,auto,ok,,0.2887323313623456,600,3,2.0,,2.0,2.0,tied,5953.867138663284,,1,5,BIC,,0.1485294170561246,0.186116500000935,,,,,,,,,,,
heavy_tail_subspace,2048,3,umap,auto,ok,,0.0,600,3,2.0,,1.0,1.0,spherical,3454.738819773944,,1,5,BIC,,0.1452976249856874,0.1812026670086197,,,,,,,,,,,
heavy_tail_subspace,2048,4,ae_relu,auto,ok,,-0.0005212689005587,600,3,2.0,2.0,4.0,4.0,diag,-13165.39508740212,,1,5,bic,1.3019272499950605,0.2094748340314254,1.5114020840264857,,,,,,relu,22.0,1.0,,,
heavy_tail_subspace,2048,4,ae_tanh,auto,ok,,0.0014265211782177,600,3,2.0,,5.0,5.0,diag,2045.9042476852533,,1,5,BIC,,0.1998052910203114,0.2643712910357862,,,,,,,,,,,
heavy_tail_subspace,2048,4,autog2m2,auto,ok,,0.7013387840908093,600,3,2.0,,5.0,5.0,full,-1663.6133402429018,,1,5,BIC,,0.1851616250351071,0.2205830410239286,,,,,,,,,,,
heavy_tail_subspace,2048,4,autogmm_spectral,auto,ok,,0.0,600,3,2.0,,1.0,1.0,spherical,-8421.309228243977,lse,1,5,BIC,,0.1730976669932715,0.2153634160058573,,,,,,,,,,,
heavy_tail_subspace,2048,4,mclust,auto,ok,,0.0,600,3,2048.0,,1.0,1.0,XII,-3500290.6480673407,,1,5,BIC,,6.691000000000001,11.011859583028128,,,,,,,,,-1743591.6696019014,2049.0,-3500290.6480673407
heavy_tail_subspace,2048,4,pca,auto,ok,,0.2816530154512193,600,3,2.0,,2.0,2.0,tied,5917.213814505587,,1,5,BIC,,0.1848832500400021,0.2387700830004178,,,,,,,,,,,
heavy_tail_subspace,2048,4,umap,auto,ok,,0.0063120494361506,600,3,2.0,,4.0,4.0,tied,3507.7865379756213,,1,5,BIC,,0.1454420840018429,0.1799267079913988,,,,,,,,,,,
heavy_tail_subspace,2048,5,ae_relu,auto,ok,,-0.001163758143991,600,3,2.0,2.0,5.0,5.0,diag,-13781.967220914305,,1,5,bic,1.309062417014502,0.1972510840278118,1.506313501042314,,,,,,relu,22.0,1.0,,,
heavy_tail_subspace,2048,5,ae_tanh,auto,ok,,-0.0015707733955197,600,3,2.0,,5.0,5.0,diag,2109.1279931206195,,1,5,BIC,,0.1990804169909097,0.2713984579895623,,,,,,,,,,,
heavy_tail_subspace,2048,5,autog2m2,auto,ok,,0.6719762607787089,600,3,2.0,,5.0,5.0,diag,-1449.265412459453,,1,5,BIC,,0.1475079589872621,0.1803611670038662,,,,,,,,,,,
heavy_tail_subspace,2048,5,autogmm_spectral,auto,ok,,0.0,600,3,2.0,,1.0,1.0,spherical,-8431.770218186126,lse,1,5,BIC,,0.1690923330024816,0.2111591250286437,,,,,,,,,,,
heavy_tail_subspace,2048,5,mclust,auto,ok,,0.0,600,3,2048.0,,1.0,1.0,XII,-3500290.6480673407,,1,5,BIC,,6.912000000000001,11.08899354201276,,,,,,,,,-1743591.6696019014,2049.0,-3500290.6480673407
heavy_tail_subspace,2048,5,pca,auto,ok,,0.4231783230997306,600,3,2.0,,2.0,2.0,tied,5943.688882721974,,1,5,BIC,,0.1684005829738453,0.215935083979275,,,,,,,,,,,
heavy_tail_subspace,2048,5,umap,auto,ok,,0.0054823876492776,600,3,2.0,,4.0,4.0,tied,3501.421680855926,,1,5,BIC,,0.147822167025879,0.1851879170280881,,,,,,,,,,,
heavy_tail_subspace,2048,6,ae_relu,auto,ok,,0.0007240200621343,600,3,2.0,2.0,5.0,5.0,full,-15672.361024889457,,1,5,bic,1.2742823750013486,0.1673907079966738,1.4416730829980224,,,,,,relu,22.0,1.0,,,
heavy_tail_subspace,2048,6,ae_tanh,auto,ok,,0.002835757667029,600,3,2.0,,5.0,5.0,diag,2012.5579842913708,,1,5,BIC,,0.1846271669492125,0.2254605829948559,,,,,,,,,,,
heavy_tail_subspace,2048,6,autog2m2,auto,ok,,0.849429281696405,600,3,2.0,,5.0,5.0,diag,-1277.1771814005358,,1,5,BIC,,0.1522199170431122,0.1819018339738249,,,,,,,,,,,
heavy_tail_subspace,2048,6,autogmm_spectral,auto,ok,,0.0,600,3,2.0,,1.0,1.0,spherical,-8377.060265917553,lse,1,5,BIC,,0.1741171670146286,0.2173101250082254,,,,,,,,,,,
heavy_tail_subspace,2048,6,mclust,auto,ok,,0.0,600,3,2048.0,,1.0,1.0,XII,-3500290.6480673407,,1,5,BIC,,6.999,11.066687707963863,,,,,,,,,-1743591.6696019014,2049.0,-3500290.6480673407
heavy_tail_subspace,2048,6,pca,auto,ok,,0.5605476225150646,600,3,2.0,,3.0,3.0,tied,5923.510266075033,,1,5,BIC,,0.1469408749835565,0.1807317080092616,,,,,,,,,,,
heavy_tail_subspace,2048,6,umap,auto,ok,,0.0022829180987887,600,3,2.0,,2.0,2.0,tied,3529.781023185688,,1,5,BIC,,0.1459948329720646,0.1826550829573534,,,,,,,,,,,
heavy_tail_subspace,2048,7,ae_relu,auto,ok,,0.0007822575503123,600,3,2.0,2.0,5.0,5.0,diag,-9731.439892067378,,1,5,bic,1.30477249994874,0.2794724169652909,1.584244916914031,,,,,,relu,22.0,1.0,,,
heavy_tail_subspace,2048,7,ae_tanh,auto,ok,,-0.0002663385073107,600,3,2.0,,5.0,5.0,diag,2005.926148746438,,1,5,BIC,,0.2436529590049758,0.2873756249900907,,,,,,,,,,,
heavy_tail_subspace,2048,7,autog2m2,auto,ok,,0.741758977809663,600,3,2.0,,5.0,5.0,full,-1408.3172102877888,,1,5,BIC,,0.152214333997108,0.181215584045276,,,,,,,,,,,
heavy_tail_subspace,2048,7,autogmm_spectral,auto,ok,,0.0,600,3,2.0,,1.0,1.0,spherical,-8426.286567060406,lse,1,5,BIC,,0.1634636669768951,0.2039267079671844,,,,,,,,,,,
heavy_tail_subspace,2048,7,mclust,auto,ok,,0.0,600,3,2048.0,,1.0,1.0,XII,-3500290.6480673407,,1,5,BIC,,6.7620000000000005,10.862486292026006,,,,,,,,,-1743591.6696019014,2049.0,-3500290.6480673407
heavy_tail_subspace,2048,7,pca,auto,ok,,0.0,600,3,2.0,,1.0,1.0,spherical,5939.051622160966,,1,5,BIC,,0.1545834160060621,0.1925236250390298,,,,,,,,,,,
heavy_tail_subspace,2048,7,umap,auto,ok,,0.0031599284849291,600,3,2.0,,2.0,2.0,tied,3493.618990038032,,1,5,BIC,,0.1471168330172076,0.1833818749873899,,,,,,,,,,,
heavy_tail_subspace,2048,8,ae_relu,auto,ok,,-0.000338256638163,600,3,2.0,2.0,5.0,5.0,diag,-13383.415588885826,,1,5,bic,1.381836334010586,0.2239264580421149,1.6057627920527011,,,,,,relu,22.0,1.0,,,
heavy_tail_subspace,2048,8,ae_tanh,auto,ok,,-0.0003711363029466,600,3,2.0,,5.0,5.0,diag,2039.534702276324,,1,5,BIC,,0.266838374955114,0.3406748750130646,,,,,,,,,,,
heavy_tail_subspace,2048,8,autog2m2,auto,ok,,0.8272130824495224,600,3,2.0,,5.0,5.0,full,-2846.8767762700018,,1,5,BIC,,0.1116543340031057,0.140568875009194,,,,,,,,,,,
heavy_tail_subspace,2048,8,autogmm_spectral,auto,ok,,0.0,600,3,2.0,,1.0,1.0,spherical,-8416.688930823058,lse,1,5,BIC,,0.1741975410259328,0.220170542015694,,,,,,,,,,,
heavy_tail_subspace,2048,8,mclust,auto,ok,,0.0,600,3,2048.0,,1.0,1.0,XII,-3500290.6480673407,,1,5,BIC,,7.097,11.499834583024494,,,,,,,,,-1743591.6696019014,2049.0,-3500290.6480673407
heavy_tail_subspace,2048,8,pca,auto,ok,,0.5915970055164808,600,3,2.0,,3.0,3.0,tied,5981.639847403916,,1,5,BIC,,0.1498983330093324,0.1860249159508384,,,,,,,,,,,
heavy_tail_subspace,2048,8,umap,auto,ok,,0.0,600,3,2.0,,1.0,1.0,spherical,3482.289878929747,,1,5,BIC,,0.1425118750194087,0.178629792004358,,,,,,,,,,,
heavy_tail_subspace,2048,9,ae_relu,auto,ok,,0.0006426463479764,600,3,2.0,2.0,5.0,5.0,diag,-12070.59814726385,,1,5,bic,1.3640029169619083,0.240712207974866,1.6047151249367744,,,,,,relu,22.0,1.0,,,
heavy_tail_subspace,2048,9,ae_tanh,auto,ok,,0.002394518761415,600,3,2.0,,5.0,5.0,full,1947.7944557732712,,1,5,BIC,,0.2510057500330731,0.3093542919959873,,,,,,,,,,,
heavy_tail_subspace,2048,9,autog2m2,auto,ok,,0.6272456261287075,600,3,2.0,,5.0,5.0,full,-1232.584835024957,,1,5,BIC,,0.1643953750026412,0.2006282500224188,,,,,,,,,,,
heavy_tail_subspace,2048,9,autogmm_spectral,auto,ok,,0.0,600,3,2.0,,1.0,1.0,spherical,-8416.40485826551,lse,1,5,BIC,,0.2113030839827843,0.2552597089670598,,,,,,,,,,,
heavy_tail_subspace,2048,9,mclust,auto,ok,,0.0,600,3,2048.0,,1.0,1.0,XII,-3500290.6480673407,,1,5,BIC,,6.98,11.313242207979783,,,,,,,,,-1743591.6696019014,2049.0,-3500290.6480673407
heavy_tail_subspace,2048,9,pca,auto,ok,,0.3513275629951153,600,3,2.0,,2.0,2.0,tied,5958.133178949694,,1,5,BIC,,0.1579898329800926,0.1970577919855713,,,,,,,,,,,
heavy_tail_subspace,2048,9,umap,auto,ok,,0.01275538180391,600,3,2.0,,2.0,2.0,tied,3462.7591740763155,,1,5,BIC,,0.1519815839710645,0.1883027919684536,,,,,,,,,,,
heavy_tail_subspace,2048,10,ae_relu,auto,ok,,-0.0022678007233035,600,3,2.0,2.0,4.0,4.0,diag,-10980.23126172938,,1,5,bic,1.331725874915719,0.2649945419980213,1.5967204169137403,,,,,,relu,22.0,1.0,,,
heavy_tail_subspace,2048,10,ae_tanh,auto,ok,,0.0048023888931229,600,3,2.0,,5.0,5.0,diag,1980.490018569677,,1,5,BIC,,0.1859909169725142,0.2240026660147123,,,,,,,,,,,
heavy_tail_subspace,2048,10,autog2m2,auto,ok,,0.7645572706523611,600,3,2.0,,5.0,5.0,full,-2665.7044511450936,,1,5,BIC,,0.1126824159873649,0.1398835410363972,,,,,,,,,,,
heavy_tail_subspace,2048,10,autogmm_spectral,auto,ok,,0.0,600,3,2.0,,1.0,1.0,spherical,-8430.837068868257,lse,1,5,BIC,,0.1816868329769931,0.2230002090218477,,,,,,,,,,,
heavy_tail_subspace,2048,10,mclust,auto,ok,,0.0,600,3,2048.0,,1.0,1.0,XII,-3500290.6480673407,,1,5,BIC,,7.882000000000001,12.240036291012077,,,,,,,,,-1743591.6696019014,2049.0,-3500290.6480673407
heavy_tail_subspace,2048,10,pca,auto,ok,,0.7297129160067088,600,3,2.0,,3.0,3.0,tied,5903.977067525254,,1,5,BIC,,0.153915875009261,0.1907693750108592,,,,,,,,,,,
heavy_tail_subspace,2048,10,umap,auto,ok,,0.0004870882214097,600,3,2.0,,2.0,2.0,tied,3478.807343923311,,1,5,BIC,,0.1444229580229148,0.1807595000136643,,,,,,,,,,,
heavy_tail_subspace,2048,11,ae_relu,auto,ok,,-0.0022478956749299,600,3,2.0,2.0,5.0,5.0,diag,-6412.6745245058355,,1,5,bic,1.3356860000640154,0.3032770419958979,1.6389630420599133,,,,,,relu,22.0,1.0,,,
heavy_tail_subspace,2048,11,ae_tanh,auto,ok,,0.0018004442771087,600,3,2.0,,5.0,5.0,diag,2010.83104266818,,1,5,BIC,,0.265613250026945,0.3360651669790968,,,,,,,,,,,
heavy_tail_subspace,2048,11,autog2m2,auto,ok,,0.5920118012969497,600,3,2.0,,5.0,5.0,full,-1154.0594068623286,,1,5,BIC,,0.1862615409772843,0.2262243749573826,,,,,,,,,,,
heavy_tail_subspace,2048,11,autogmm_spectral,auto,ok,,0.0,600,3,2.0,,1.0,1.0,spherical,-8402.736171011713,lse,1,5,BIC,,0.1757882090169005,0.2200327920145355,,,,,,,,,,,
heavy_tail_subspace,2048,11,mclust,auto,ok,,0.0,600,3,2048.0,,1.0,1.0,XII,-3500290.6480673407,,1,5,BIC,,6.827,11.108571999997366,,,,,,,,,-1743591.6696019014,2049.0,-3500290.6480673407
heavy_tail_subspace,2048,11,pca,auto,ok,,0.0,600,3,2.0,,1.0,1.0,spherical,5927.149190104906,,1,5,BIC,,0.164888208033517,0.2066670000203885,,,,,,,,,,,
heavy_tail_subspace,2048,11,umap,auto,ok,,-0.001382143471317,600,3,2.0,,2.0,2.0,tied,3522.786078133878,,1,5,BIC,,0.1813632500125095,0.2185950829880312,,,,,,,,,,,
heavy_tail_subspace,2048,12,ae_relu,auto,ok,,-0.0006039586141679,600,3,2.0,2.0,5.0,5.0,diag,-8458.031801946805,,1,5,bic,1.3546060419175774,0.2785202499944716,1.633126291912049,,,,,,relu,22.0,1.0,,,
heavy_tail_subspace,2048,12,ae_tanh,auto,ok,,0.001552630975806,600,3,2.0,,5.0,5.0,diag,1920.6716844546384,,1,5,BIC,,0.2567977080470882,0.3013677910203114,,,,,,,,,,,
heavy_tail_subspace,2048,12,autog2m2,auto,ok,,0.4636492161895328,600,3,2.0,,5.0,5.0,full,-1355.3145551065672,,1,5,BIC,,0.1551143749966286,0.1949244589777663,,,,,,,,,,,
heavy_tail_subspace,2048,12,autogmm_spectral,auto,ok,,0.0,600,3,2.0,,1.0,1.0,spherical,-8417.99665316516,lse,1,5,BIC,,0.167143374972511,0.2084272499778308,,,,,,,,,,,
heavy_tail_subspace,2048,12,mclust,auto,ok,,0.0,600,3,2048.0,,1.0,1.0,XII,-3500290.6480673407,,1,5,BIC,,6.707,11.097212166991085,,,,,,,,,-1743591.6696019014,2049.0,-3500290.6480673407
heavy_tail_subspace,2048,12,pca,auto,ok,,0.0,600,3,2.0,,1.0,1.0,spherical,5908.004585297402,,1,5,BIC,,0.1732832090347074,0.2184512920212,,,,,,,,,,,
heavy_tail_subspace,2048,12,umap,auto,ok,,-0.0009826527147231,600,3,2.0,,2.0,2.0,tied,3472.107496565175,,1,5,BIC,,0.1538477500434965,0.1921530420077033,,,,,,,,,,,
heavy_tail_subspace,2048,13,ae_relu,auto,ok,,0.0013123489589225,600,3,2.0,2.0,5.0,5.0,full,-3395.5452968176837,,1,5,bic,1.319089624914341,0.4053485830081627,1.7244382079225034,,,,,,relu,22.0,1.0,,,
heavy_tail_subspace,2048,13,ae_tanh,auto,ok,,0.0023290473895108,600,3,2.0,,5.0,5.0,diag,2024.495741253616,,1,5,BIC,,0.211515791947022,0.2661609170027077,,,,,,,,,,,
heavy_tail_subspace,2048,13,autog2m2,auto,ok,,0.6842608759632519,600,3,2.0,,5.0,5.0,spherical,-1224.4346880921114,,1,5,BIC,,0.2052125420304946,0.2398531669750809,,,,,,,,,,,
heavy_tail_subspace,2048,13,autogmm_spectral,auto,ok,,0.0,600,3,2.0,,1.0,1.0,spherical,-8401.784603392218,lse,1,5,BIC,,0.1595351669820957,0.1979492499958723,,,,,,,,,,,
heavy_tail_subspace,2048,13,mclust,auto,ok,,0.0,600,3,2048.0,,1.0,1.0,XII,-3500290.6480673407,,1,5,BIC,,7.352,11.756451249995736,,,,,,,,,-1743591.6696019014,2049.0,-3500290.6480673407
heavy_tail_subspace,2048,13,pca,auto,ok,,0.4229353497699891,600,3,2.0,,2.0,2.0,tied,5950.022082628911,,1,5,BIC,,0.1449025410111062,0.1829840000136755,,,,,,,,,,,
heavy_tail_subspace,2048,13,umap,auto,ok,,0.0022469804947197,600,3,2.0,,2.0,2.0,tied,3528.1771199372115,,1,5,BIC,,0.1442299580085091,0.181074250023812,,,,,,,,,,,
heavy_tail_subspace,2048,14,ae_relu,auto,ok,,0.001046082846699,600,3,2.0,2.0,5.0,5.0,diag,-12550.850836602209,,1,5,bic,1.3032407499849796,0.2680432919878512,1.571284041972831,,,,,,relu,22.0,1.0,,,
heavy_tail_subspace,2048,14,ae_tanh,auto,ok,,-0.0033979111883775,600,3,2.0,,5.0,5.0,full,2077.508939890856,,1,5,BIC,,0.1808617089991457,0.2413652500254102,,,,,,,,,,,
heavy_tail_subspace,2048,14,autog2m2,auto,ok,,0.648548767375035,600,3,2.0,,5.0,5.0,full,-1325.7410704140025,,1,5,BIC,,0.1599984579952433,0.1934016669983975,,,,,,,,,,,
heavy_tail_subspace,2048,14,autogmm_spectral,auto,ok,,0.0,600,3,2.0,,1.0,1.0,spherical,-8418.152763527278,lse,1,5,BIC,,0.1686701249564066,0.2101552080130204,,,,,,,,,,,
heavy_tail_subspace,2048,14,mclust,auto,ok,,0.0,600,3,2048.0,,1.0,1.0,XII,-3500290.6480673407,,1,5,BIC,,6.182,10.057461499993224,,,,,,,,,-1743591.6696019014,2049.0,-3500290.6480673407
heavy_tail_subspace,2048,14,pca,auto,ok,,0.3981670751352982,600,3,2.0,,2.0,2.0,tied,5941.560703437872,,1,5,BIC,,0.1612877920269966,0.2063615839579142,,,,,,,,,,,
heavy_tail_subspace,2048,14,umap,auto,ok,,0.0,600,3,2.0,,1.0,1.0,spherical,3500.380934486928,,1,5,BIC,,0.1438547080033458,0.1786956660216674,,,,,,,,,,,
heavy_tail_subspace,2048,15,ae_relu,auto,ok,,0.0012321557397795,600,3,2.0,2.0,4.0,4.0,diag,-6709.626162055747,,1,5,bic,1.315914792008698,0.2990224590757862,1.6149372510844842,,,,,,relu,22.0,1.0,,,
heavy_tail_subspace,2048,15,ae_tanh,auto,ok,,0.0131721977373958,600,3,2.0,,5.0,5.0,diag,2061.5485104538543,,1,5,BIC,,0.1984685829957015,0.2617195000057108,,,,,,,,,,,
heavy_tail_subspace,2048,15,autog2m2,auto,ok,,0.7463076407510171,600,3,2.0,,5.0,5.0,diag,-1566.232673849855,,1,5,BIC,,0.1813396250363439,0.215618458983954,,,,,,,,,,,
heavy_tail_subspace,2048,15,autogmm_spectral,auto,ok,,0.0,600,3,2.0,,1.0,1.0,spherical,-8378.987610812708,lse,1,5,BIC,,0.1688129169633612,0.2104157500434667,,,,,,,,,,,
heavy_tail_subspace,2048,15,mclust,auto,ok,,0.0,600,3,2048.0,,1.0,1.0,XII,-3500290.6480673407,,1,5,BIC,,7.113,11.316992666979786,,,,,,,,,-1743591.6696019014,2049.0,-3500290.6480673407
heavy_tail_subspace,2048,15,pca,auto,ok,,0.4585252110772473,600,3,2.0,,2.0,2.0,diag,5949.451051270128,,1,5,BIC,,0.1542900839704089,0.1916735419654287,,,,,,,,,,,
heavy_tail_subspace,2048,15,umap,auto,ok,,0.0,600,3,2.0,,1.0,1.0,spherical,3507.647750611948,,1,5,BIC,,0.1491761250072159,0.1889528749743476,,,,,,,,,,,
heavy_tail_subspace,2048,16,ae_relu,auto,ok,,0.0038188078469881,600,3,2.0,2.0,5.0,5.0,diag,-9226.129956187571,,1,5,bic,1.3970194170251489,0.2784871669718995,1.6755065839970484,,,,,,relu,22.0,1.0,,,
heavy_tail_subspace,2048,16,ae_tanh,auto,ok,,0.000641954640949,600,3,2.0,,5.0,5.0,diag,2012.373284257088,,1,5,BIC,,0.2755115419859066,0.381230958038941,,,,,,,,,,,
heavy_tail_subspace,2048,16,autog2m2,auto,ok,,0.6144908071828579,600,3,2.0,,5.0,5.0,full,-2336.836729883476,,1,5,BIC,,0.1635804580291733,0.1968391249538399,,,,,,,,,,,
heavy_tail_subspace,2048,16,autogmm_spectral,auto,ok,,0.0,600,3,2.0,,1.0,1.0,spherical,-8409.783171335834,lse,1,5,BIC,,0.1623005419969558,0.2033695830032229,,,,,,,,,,,
heavy_tail_subspace,2048,16,mclust,auto,ok,,0.0,600,3,2048.0,,1.0,1.0,XII,-3500290.6480673407,,1,5,BIC,,6.667000000000001,10.555047292029483,,,,,,,,,-1743591.6696019014,2049.0,-3500290.6480673407
heavy_tail_subspace,2048,16,pca,auto,ok,,0.4035855061390588,600,3,2.0,,2.0,2.0,tied,5928.901717557004,,1,5,BIC,,0.1598175410181284,0.2009064590092748,,,,,,,,,,,
heavy_tail_subspace,2048,16,umap,auto,ok,,0.0,600,3,2.0,,1.0,1.0,spherical,3488.723768358044,,1,5,BIC,,0.1474603749811649,0.1829141249763779,,,,,,,,,,,
heavy_tail_subspace,2048,17,ae_relu,auto,ok,,0.0019102342702464,600,3,2.0,2.0,5.0,5.0,diag,-13854.646453678684,,1,5,bic,1.4062905840110034,0.1993452089373022,1.6056357929483056,,,,,,relu,22.0,1.0,,,
heavy_tail_subspace,2048,17,ae_tanh,auto,ok,,0.003898312913275,600,3,2.0,,5.0,5.0,diag,2081.3971896020903,,1,5,BIC,,0.1995477079763077,0.2436963340151123,,,,,,,,,,,
heavy_tail_subspace,2048,17,autog2m2,auto,ok,,0.8399605326528393,600,3,2.0,,5.0,5.0,full,-3123.973993569361,,1,5,BIC,,0.1504666249966249,0.179806541011203,,,,,,,,,,,
heavy_tail_subspace,2048,17,autogmm_spectral,auto,ok,,0.0,600,3,2.0,,1.0,1.0,spherical,-8397.934493130793,lse,1,5,BIC,,0.1639054169645533,0.2027690419927239,,,,,,,,,,,
heavy_tail_subspace,2048,17,mclust,auto,ok,,0.0,600,3,2048.0,,1.0,1.0,XII,-3500290.6480673407,,1,5,BIC,,6.698,10.758906708972065,,,,,,,,,-1743591.6696019014,2049.0,-3500290.6480673407
heavy_tail_subspace,2048,17,pca,auto,ok,,0.5054161808878826,600,3,2.0,,2.0,2.0,tied,5909.043279405028,,1,5,BIC,,0.1423500000382773,0.1769224170129746,,,,,,,,,,,
heavy_tail_subspace,2048,17,umap,auto,ok,,0.0087202222280439,600,3,2.0,,4.0,4.0,tied,3542.071528727911,,1,5,BIC,,0.1662120420369319,0.2044542079675011,,,,,,,,,,,
heavy_tail_subspace,2048,18,ae_relu,auto,ok,,0.0108678887944877,600,3,2.0,2.0,5.0,5.0,diag,-12589.689971644775,,1,5,bic,1.32081429194659,0.2156206249492243,1.5364349168958142,,,,,,relu,22.0,1.0,,,
heavy_tail_subspace,2048,18,ae_tanh,auto,ok,,0.001407698507268,600,3,2.0,,5.0,5.0,spherical,1943.4898753407729,,1,5,BIC,,0.2086530000087805,0.2544647079776041,,,,,,,,,,,
heavy_tail_subspace,2048,18,autog2m2,auto,ok,,0.4804186483171673,600,3,2.0,,5.0,5.0,spherical,-1585.7843318461153,,1,5,BIC,,0.195495749998372,0.2325649999547749,,,,,,,,,,,
heavy_tail_subspace,2048,18,autogmm_spectral,auto,ok,,0.0,600,3,2.0,,1.0,1.0,spherical,-8420.053858310564,lse,1,5,BIC,,0.2001748330076225,0.2394815419684164,,,,,,,,,,,
heavy_tail_subspace,2048,18,mclust,auto,ok,,0.0,600,3,2048.0,,1.0,1.0,XII,-3500290.6480673407,,1,5,BIC,,6.475,10.582920040993486,,,,,,,,,-1743591.6696019014,2049.0,-3500290.6480673407
heavy_tail_subspace,2048,18,pca,auto,ok,,0.0,600,3,2.0,,1.0,1.0,spherical,5880.661253373481,,1,5,BIC,,0.1747923340299166,0.2179112079902552,,,,,,,,,,,
heavy_tail_subspace,2048,18,umap,auto,ok,,-0.002106550744798,600,3,2.0,,2.0,2.0,tied,3496.885666615482,,1,5,BIC,,0.1592027090373449,0.1949798749992624,,,,,,,,,,,
heavy_tail_subspace,2048,19,ae_relu,auto,ok,,-0.0007796546435724,600,3,2.0,2.0,4.0,4.0,diag,-11516.843768489947,,1,5,bic,1.359878416988067,0.2440995000069961,1.6039779169950634,,,,,,relu,22.0,1.0,,,
heavy_tail_subspace,2048,19,ae_tanh,auto,ok,,-0.0004665878856282,600,3,2.0,,5.0,5.0,spherical,1963.3463789173252,,1,5,BIC,,0.2035993330064229,0.2583265419816598,,,,,,,,,,,
heavy_tail_subspace,2048,19,autog2m2,auto,ok,,0.8248338400075625,600,3,2.0,,5.0,5.0,spherical,-981.877010877808,,1,5,BIC,,0.162016499962192,0.1921385000459849,,,,,,,,,,,
heavy_tail_subspace,2048,19,autogmm_spectral,auto,ok,,0.0,600,3,2.0,,1.0,1.0,spherical,-8403.893770735143,lse,1,5,BIC,,0.1619681250303983,0.2019691659952514,,,,,,,,,,,
heavy_tail_subspace,2048,19,mclust,auto,ok,,0.0,600,3,2048.0,,1.0,1.0,XII,-3500290.6480673407,,1,5,BIC,,6.601,10.840346624958327,,,,,,,,,-1743591.6696019014,2049.0,-3500290.6480673407
heavy_tail_subspace,2048,19,pca,auto,ok,,0.3208166283549709,600,3,2.0,,2.0,2.0,full,5971.890374010961,,1,5,BIC,,0.1588317499845288,0.1981365830288268,,,,,,,,,,,
heavy_tail_subspace,2048,19,umap,auto,ok,,0.0095318421848082,600,3,2.0,,4.0,4.0,tied,3500.9928401047137,,1,5,BIC,,0.1452667500125244,0.1818567090085707,,,,,,,,,,,
swiss_roll,8,0,ae_relu,auto,ok,,0.0304725458782158,600,3,2.0,2.0,5.0,5.0,diag,4230.428563189522,,1,5,bic,0.5196573750581592,0.2714900829596445,0.7911474580178037,,,,,,relu,207.0,1.0,,,
swiss_roll,8,0,ae_tanh,auto,ok,,0.0618597359028114,600,3,2.0,2.0,5.0,5.0,full,1445.138477096802,,1,5,bic,,0.104055082949344,0.2119299589539878,,,,,,,,,,,
swiss_roll,8,0,autog2m2,auto,ok,,0.216476223791272,600,3,2.0,2.0,5.0,5.0,full,-1337.507772842614,,1,5,bic,,0.0987244590069167,0.1433786249835975,,,,,,,,,,,
swiss_roll,8,0,autogmm_spectral,auto,ok,,0.1228746229202554,600,3,2.0,2.0,5.0,5.0,diag,-8797.602656779867,lse,1,5,bic,,0.1778022079961374,0.229705624980852,,,,,,,,,,,
swiss_roll,8,0,mclust,auto,ok,,0.0877277485530751,600,3,8.0,,5.0,5.0,VVE,15397.149450901514,,1,5,bic,,1.5601423750631511,1.5601423750631511,,,,,,,,,,,
swiss_roll,8,0,pca,auto,ok,,0.0295320652886451,600,3,2.0,2.0,4.0,4.0,tied,4894.052782019184,,1,5,bic,,0.1456341249868273,0.179277750023175,,,,,,,,,,,
swiss_roll,8,0,umap,auto,ok,,0.1994969330136886,600,3,2.0,2.0,5.0,5.0,full,5616.8900840508095,,1,5,bic,,0.2008607920142822,0.2398939580307342,,,,,,,,,,,
swiss_roll,8,1,ae_relu,auto,ok,,0.2220322805671387,600,3,2.0,2.0,4.0,4.0,full,4342.651359766265,,1,5,bic,2.193748624995351,0.2095909579657018,2.4033395829610527,,,,,,relu,883.0,1.0,,,
swiss_roll,8,1,ae_tanh,auto,ok,,0.3554876269037476,600,3,2.0,2.0,5.0,5.0,full,899.8990403223559,,1,5,bic,,0.1989714999799616,0.2411341670085676,,,,,,,,,,,
swiss_roll,8,1,autog2m2,auto,ok,,0.2664732578524272,600,3,2.0,2.0,5.0,5.0,full,1090.5037927299163,,1,5,bic,,0.1743801670381799,0.2269299579784274,,,,,,,,,,,
swiss_roll,8,1,autogmm_spectral,auto,ok,,0.4602978780420562,600,3,2.0,2.0,5.0,5.0,full,-10272.919543108052,lse,1,5,bic,,0.1815343750058673,0.2347103750216774,,,,,,,,,,,
swiss_roll,8,1,mclust,auto,ok,,0.2313739426121731,600,3,8.0,,3.0,3.0,VVE,13373.040078395286,,1,5,bic,,1.7082629160722718,1.7082629160722718,,,,,,,,,,,
swiss_roll,8,1,pca,auto,ok,,0.3237737891220702,600,3,2.0,2.0,5.0,5.0,full,4118.51993047691,,1,5,bic,,0.2121666670427657,0.2628574590198695,,,,,,,,,,,
swiss_roll,8,1,umap,auto,ok,,0.6349104109335809,600,3,2.0,2.0,5.0,5.0,full,5570.468901525834,,1,5,bic,,0.1243443340063095,0.1509408749989234,,,,,,,,,,,
swiss_roll,8,2,ae_relu,auto,ok,,0.3180743392238935,600,3,2.0,2.0,5.0,5.0,diag,4224.44329626894,,1,5,bic,0.612935125012882,0.2576615420402959,0.870596667053178,,,,,,relu,245.0,1.0,,,
swiss_roll,8,2,ae_tanh,auto,ok,,0.1619952984873581,600,3,2.0,2.0,3.0,3.0,full,1126.281481247427,,1,5,bic,,0.1346638750401325,0.1713180409860797,,,,,,,,,,,
swiss_roll,8,2,autog2m2,auto,ok,,0.3686961074202955,600,3,2.0,2.0,4.0,4.0,full,259.4201441430529,,1,5,bic,,0.1306394590064883,0.1630284579587169,,,,,,,,,,,
swiss_roll,8,2,autogmm_spectral,auto,ok,,0.068031923168981,600,3,2.0,2.0,5.0,5.0,full,-8767.787351740792,lse,1,5,bic,,0.1407410839456133,0.169978792022448,,,,,,,,,,,
swiss_roll,8,2,mclust,auto,ok,,0.335411910235366,600,3,8.0,,5.0,5.0,VVE,15986.52603337175,,1,5,bic,,2.468494792003185,2.468494792003185,,,,,,,,,,,
swiss_roll,8,2,pca,auto,ok,,0.1421154039384016,600,3,2.0,2.0,4.0,4.0,diag,4960.467667206841,,1,5,bic,,0.1210656249895691,0.1500276249716989,,,,,,,,,,,
swiss_roll,8,2,umap,auto,ok,,0.412588656908465,600,3,2.0,2.0,5.0,5.0,full,5558.20653622882,,1,5,bic,,0.1394688750151544,0.174821000022348,,,,,,,,,,,
swiss_roll,8,3,ae_relu,auto,ok,,0.2696799480825124,600,3,2.0,2.0,3.0,3.0,diag,-7333.102651398804,,1,5,bic,1.078337167040445,0.1900360829895362,1.2683732500299811,,,,,,relu,427.0,1.0,,,
swiss_roll,8,3,ae_tanh,auto,ok,,0.2842628441156548,600,3,2.0,2.0,5.0,5.0,full,1210.0442634437895,,1,5,bic,,0.1383479160140268,0.1716964169754646,,,,,,,,,,,
swiss_roll,8,3,autog2m2,auto,ok,,0.2951798222830617,600,3,2.0,2.0,4.0,4.0,full,96.29075437398762,,1,5,bic,,0.115181416971609,0.1496513749589212,,,,,,,,,,,
swiss_roll,8,3,autogmm_spectral,auto,ok,,0.3628500472944671,600,3,2.0,2.0,5.0,5.0,full,-9672.662670514244,lse,1,5,bic,,0.1270313329878263,0.1506854579783976,,,,,,,,,,,
swiss_roll,8,3,mclust,auto,ok,,0.2365645196504236,600,3,8.0,,4.0,4.0,VVE,14800.295517517452,,1,5,bic,,1.358422207995318,1.358422207995318,,,,,,,,,,,
swiss_roll,8,3,pca,auto,ok,,0.2619421075611821,600,3,2.0,2.0,4.0,4.0,diag,4531.688062502951,,1,5,bic,,0.1421662910142913,0.1778244170127436,,,,,,,,,,,
swiss_roll,8,3,umap,auto,ok,,0.6302192917286802,600,3,2.0,2.0,5.0,5.0,full,5718.00460823171,,1,5,bic,,0.1132024170365184,0.1442503749858588,,,,,,,,,,,
swiss_roll,8,4,ae_relu,auto,ok,,0.1586968266321093,600,3,2.0,2.0,3.0,3.0,diag,-7838.263285243899,,1,5,bic,1.632595582981594,0.1872630839934572,1.8198586669750512,,,,,,relu,655.0,1.0,,,
swiss_roll,8,4,ae_tanh,auto,ok,,0.1452005947993976,600,3,2.0,2.0,5.0,5.0,full,1264.6832143809688,,1,5,bic,,0.1582057080231607,0.1882639999967068,,,,,,,,,,,
swiss_roll,8,4,autog2m2,auto,ok,,0.3103264532726626,600,3,2.0,2.0,5.0,5.0,full,684.9998798079791,,1,5,bic,,0.1202289590146392,0.1443171249702572,,,,,,,,,,,
swiss_roll,8,4,autogmm_spectral,auto,ok,,0.2105856615506004,600,3,2.0,2.0,5.0,5.0,full,-8704.5895316546,lse,1,5,bic,,0.1354650830035098,0.1721514580422081,,,,,,,,,,,
swiss_roll,8,4,mclust,auto,ok,,0.3115033860132787,600,3,8.0,,4.0,4.0,VVE,16939.301813913164,,1,5,bic,,1.9343601249856872,1.9343601249856872,,,,,,,,,,,
swiss_roll,8,4,pca,auto,ok,,0.0835733246690307,600,3,2.0,2.0,4.0,4.0,full,4758.5562186998895,,1,5,bic,,0.1293967500096187,0.160488500026986,,,,,,,,,,,
swiss_roll,8,4,umap,auto,ok,,0.4184657689602795,600,3,2.0,2.0,5.0,5.0,full,5667.86797787386,,1,5,bic,,0.1547517500002868,0.1830998330260627,,,,,,,,,,,
swiss_roll,8,5,ae_relu,auto,ok,,0.1690471556886074,600,3,2.0,2.0,3.0,3.0,tied,-7975.428144443389,,1,5,bic,1.1162686670431867,0.1321477909805253,1.248416458023712,,,,,,relu,450.0,1.0,,,
swiss_roll,8,5,ae_tanh,auto,ok,,0.0911171063410817,600,3,2.0,2.0,3.0,3.0,full,1407.403173916135,,1,5,bic,,0.2307038329890929,0.2817915409686975,,,,,,,,,,,
swiss_roll,8,5,autog2m2,auto,ok,,0.3188746902746777,600,3,2.0,2.0,5.0,5.0,full,-274.0749031114223,,1,5,bic,,0.2156242080382071,0.2451622909866273,,,,,,,,,,,
swiss_roll,8,5,autogmm_spectral,auto,ok,,0.1489841180190299,600,3,2.0,2.0,5.0,5.0,full,-8747.617450487316,lse,1,5,bic,,0.1613368749967776,0.1986865840153768,,,,,,,,,,,
swiss_roll,8,5,mclust,auto,ok,,0.2918639078905863,600,3,8.0,,4.0,4.0,VVE,15238.89429269558,,1,5,bic,,1.5849958329927176,1.5849958329927176,,,,,,,,,,,
swiss_roll,8,5,pca,auto,ok,,0.1709942839912434,600,3,2.0,2.0,3.0,3.0,full,4804.936755458803,,1,5,bic,,0.2179239579709246,0.2558827920001931,,,,,,,,,,,
swiss_roll,8,5,umap,auto,ok,,0.5100152267182482,600,3,2.0,2.0,5.0,5.0,full,5778.634936833821,,1,5,bic,,0.1036348750349134,0.1462809999939054,,,,,,,,,,,
swiss_roll,8,6,ae_relu,auto,ok,,0.2203023567892193,600,3,2.0,2.0,4.0,4.0,full,4353.544394115695,,1,5,bic,1.4245884999400005,0.1730448339367285,1.597633333876729,,,,,,relu,558.0,1.0,,,
swiss_roll,8,6,ae_tanh,auto,ok,,0.2153559728208338,600,3,2.0,2.0,5.0,5.0,full,983.6898998400812,,1,5,bic,,0.2067035830114036,0.2586481659673154,,,,,,,,,,,
swiss_roll,8,6,autog2m2,auto,ok,,0.4229519809903884,600,3,2.0,2.0,5.0,5.0,full,501.2418719246076,,1,5,bic,,0.1276545410510152,0.1589292499702423,,,,,,,,,,,
swiss_roll,8,6,autogmm_spectral,auto,ok,,0.6367867190588657,600,3,2.0,2.0,5.0,5.0,full,-10556.822155013995,lse,1,5,bic,,0.1450867499806918,0.1988185839727521,,,,,,,,,,,
swiss_roll,8,6,mclust,auto,ok,,0.1259795929835111,600,3,8.0,,4.0,4.0,VVE,17363.000016716174,,1,5,bic,,1.450106125092134,1.450106125092134,,,,,,,,,,,
swiss_roll,8,6,pca,auto,ok,,0.255898318627295,600,3,2.0,2.0,5.0,5.0,full,4095.486868791733,,1,5,bic,,0.1861596250091679,0.2323249999899417,,,,,,,,,,,
swiss_roll,8,6,umap,auto,ok,,0.5729530236507412,600,3,2.0,2.0,5.0,5.0,full,5688.930848529486,,1,5,bic,,0.1009502499946393,0.1260923339868895,,,,,,,,,,,
swiss_roll,8,7,ae_relu,auto,ok,,0.2179316269101864,600,3,2.0,2.0,5.0,5.0,full,4323.417335826241,,1,5,bic,1.933559791999869,0.2464722079457715,2.180031999945641,,,,,,relu,759.0,1.0,,,
swiss_roll,8,7,ae_tanh,auto,ok,,0.0433878018092122,600,3,2.0,2.0,2.0,2.0,tied,1308.208043403801,,1,5,bic,,0.1555487919831648,0.1997766669956036,,,,,,,,,,,
swiss_roll,8,7,autog2m2,auto,ok,,0.1757426958832236,600,3,2.0,2.0,5.0,5.0,full,-543.9687107033639,,1,5,bic,,0.1987381670041941,0.2492916249902919,,,,,,,,,,,
swiss_roll,8,7,autogmm_spectral,auto,ok,,0.3302209978184843,600,3,2.0,2.0,5.0,5.0,full,-10327.853147946636,lse,1,5,bic,,0.2089179590111598,0.2592947920202277,,,,,,,,,,,
swiss_roll,8,7,mclust,auto,ok,,0.2326452857715498,600,3,8.0,,5.0,5.0,VVE,16954.991963638386,,1,5,bic,,1.777139583020471,1.777139583020471,,,,,,,,,,,
swiss_roll,8,7,pca,auto,ok,,0.1551767456467165,600,3,2.0,2.0,3.0,3.0,full,4644.419411887904,,1,5,bic,,0.1813312500016763,0.2354977499926462,,,,,,,,,,,
swiss_roll,8,7,umap,auto,ok,,0.4060253113892069,600,3,2.0,2.0,5.0,5.0,full,5697.409370300895,,1,5,bic,,0.1634488750132732,0.2148490829858929,,,,,,,,,,,
swiss_roll,8,8,ae_relu,auto,ok,,0.1258419035750249,600,3,2.0,2.0,4.0,4.0,full,4879.408132078909,,1,5,bic,0.8629526670556515,0.2900845410767942,1.1530372081324458,,,,,,relu,329.0,1.0,,,
swiss_roll,8,8,ae_tanh,auto,ok,,0.2566987234914463,600,3,2.0,2.0,5.0,5.0,diag,1184.343867378563,,1,5,bic,,0.2134036250063218,0.2805258750449866,,,,,,,,,,,
swiss_roll,8,8,autog2m2,auto,ok,,0.326341660060283,600,3,2.0,2.0,5.0,5.0,full,895.7402445030029,,1,5,bic,,0.1770654590218328,0.2158964590053074,,,,,,,,,,,
swiss_roll,8,8,autogmm_spectral,auto,ok,,0.2143013512858563,600,3,2.0,2.0,5.0,5.0,full,-9004.218956780958,lse,1,5,bic,,0.191655125003308,0.2366548329591751,,,,,,,,,,,
swiss_roll,8,8,mclust,auto,ok,,0.2397327568071693,600,3,8.0,,4.0,4.0,VVE,16783.1212015654,,1,5,bic,,1.5538653749972582,1.5538653749972582,,,,,,,,,,,
swiss_roll,8,8,pca,auto,ok,,0.2312244594480272,600,3,2.0,2.0,5.0,5.0,full,4861.414466448056,,1,5,bic,,0.2082027079886756,0.2655579999554902,,,,,,,,,,,
swiss_roll,8,8,umap,auto,ok,,0.5329010114303846,600,3,2.0,2.0,5.0,5.0,full,5804.317052535836,,1,5,bic,,0.1612813749816268,0.1991565829957835,,,,,,,,,,,
swiss_roll,8,9,ae_relu,auto,ok,,0.1623251770055635,600,3,2.0,2.0,3.0,3.0,full,5520.629351074124,,1,5,bic,1.319401332992129,0.1698351249797269,1.489236457971856,,,,,,relu,528.0,1.0,,,
swiss_roll,8,9,ae_tanh,auto,ok,,0.0697989391632641,600,3,2.0,2.0,5.0,5.0,full,1277.3351988737504,,1,5,bic,,0.1596173330326564,0.2012059999979101,,,,,,,,,,,
swiss_roll,8,9,autog2m2,auto,ok,,0.3237121052543603,600,3,2.0,2.0,5.0,5.0,full,936.5357805008368,,1,5,bic,,0.1836862079799175,0.250389292021282,,,,,,,,,,,
swiss_roll,8,9,autogmm_spectral,auto,ok,,0.3471505213215728,600,3,2.0,2.0,5.0,5.0,full,-9743.294303846387,lse,1,5,bic,,0.1773705409723334,0.2173363749752752,,,,,,,,,,,
swiss_roll,8,9,mclust,auto,ok,,0.20884878309159,600,3,8.0,,4.0,4.0,VVE,17589.736025624436,,1,5,bic,,1.2993229170097038,1.2993229170097038,,,,,,,,,,,
swiss_roll,8,9,pca,auto,ok,,0.0140851237956403,600,3,2.0,2.0,2.0,2.0,tied,4785.561745538907,,1,5,bic,,0.1599216660251841,0.2084683749708347,,,,,,,,,,,
swiss_roll,8,9,umap,auto,ok,,0.4095016785015066,600,3,2.0,2.0,5.0,5.0,full,5734.747766993333,,1,5,bic,,0.1559615840087644,0.188258875044994,,,,,,,,,,,
swiss_roll,8,10,ae_relu,auto,ok,,0.162603445312978,600,3,2.0,2.0,5.0,5.0,full,4855.780112732779,,1,5,bic,1.0895514590665698,0.2230111670214682,1.312562626088038,,,,,,relu,434.0,1.0,,,
swiss_roll,8,10,ae_tanh,auto,ok,,0.0873173379146298,600,3,2.0,2.0,5.0,5.0,diag,1342.1597974677022,,1,5,bic,,0.1972048330353573,0.246810499986168,,,,,,,,,,,
swiss_roll,8,10,autog2m2,auto,ok,,0.2858398210897229,600,3,2.0,2.0,5.0,5.0,full,339.8155080765413,,1,5,bic,,0.2454008340137079,0.3166553330374881,,,,,,,,,,,
swiss_roll,8,10,autogmm_spectral,auto,ok,,0.2368125273690448,600,3,2.0,2.0,5.0,5.0,full,-9533.105624320682,lse,1,5,bic,,0.2341714589856565,0.3014354999759234,,,,,,,,,,,
swiss_roll,8,10,mclust,auto,ok,,0.2891820766242391,600,3,8.0,,5.0,5.0,VVE,15529.736300483297,,1,5,bic,,1.4345863750204444,1.4345863750204444,,,,,,,,,,,
swiss_roll,8,10,pca,auto,ok,,0.0927615897973076,600,3,2.0,2.0,5.0,5.0,diag,4795.6823818269,,1,5,bic,,0.2782050420064479,0.3265846249996684,,,,,,,,,,,
swiss_roll,8,10,umap,auto,ok,,0.516624480760581,600,3,2.0,2.0,5.0,5.0,full,5590.83281812825,,1,5,bic,,0.1272022500052116,0.2307714159833267,,,,,,,,,,,
swiss_roll,8,11,ae_relu,auto,ok,,0.0303708235420792,600,3,2.0,2.0,5.0,5.0,diag,5155.699856740808,,1,5,bic,0.3544487080071121,0.1856084590544924,0.5400571670616046,,,,,,relu,140.0,1.0,,,
swiss_roll,8,11,ae_tanh,auto,ok,,0.0236784566193103,600,3,2.0,2.0,5.0,5.0,full,1373.3920214358122,,1,5,bic,,0.1991676250472664,0.2560083330026828,,,,,,,,,,,
swiss_roll,8,11,autog2m2,auto,ok,,0.5413860016203947,600,3,2.0,2.0,5.0,5.0,full,677.1084088067373,,1,5,bic,,0.3125156669993885,0.3828510419698432,,,,,,,,,,,
swiss_roll,8,11,autogmm_spectral,auto,ok,,0.3331110565592425,600,3,2.0,2.0,5.0,5.0,full,-9316.514627324434,lse,1,5,bic,,0.2861501660081558,0.445541291963309,,,,,,,,,,,
swiss_roll,8,11,mclust,auto,ok,,0.0646823130682906,600,3,8.0,,3.0,3.0,VVE,14716.033910652932,,1,5,bic,,1.1126387499971315,1.1126387499971315,,,,,,,,,,,
swiss_roll,8,11,pca,auto,ok,,-0.000431666174194,600,3,2.0,2.0,2.0,2.0,tied,4701.519580069869,,1,5,bic,,0.2110349999857135,0.2779996249591931,,,,,,,,,,,
swiss_roll,8,11,umap,auto,ok,,0.3602031237933311,600,3,2.0,2.0,5.0,5.0,full,5620.455465456851,,1,5,bic,,0.2403335419949144,0.3367562919738702,,,,,,,,,,,
swiss_roll,8,12,ae_relu,auto,ok,,0.2272252704224119,600,3,2.0,2.0,5.0,5.0,diag,4610.186995393227,,1,5,bic,1.8286725420039147,0.1859618329908698,2.0146343749947846,,,,,,relu,729.0,1.0,,,
swiss_roll,8,12,ae_tanh,auto,ok,,0.1859667382374403,600,3,2.0,2.0,5.0,5.0,full,986.4744683794568,,1,5,bic,,0.2800659170025028,0.3931248749722726,,,,,,,,,,,
swiss_roll,8,12,autog2m2,auto,ok,,0.6544659223277185,600,3,2.0,2.0,5.0,5.0,full,816.8824640798724,,1,5,bic,,0.15829762496287,0.1923890000325627,,,,,,,,,,,
swiss_roll,8,12,autogmm_spectral,auto,ok,,0.4122503354015417,600,3,2.0,2.0,5.0,5.0,full,-9105.690119901292,lse,1,5,bic,,0.2009842920233495,0.2446170839830301,,,,,,,,,,,
swiss_roll,8,12,mclust,auto,ok,,0.3165057005628655,600,3,8.0,,4.0,4.0,VVE,16229.316593321057,,1,5,bic,,1.856059999903664,1.856059999903664,,,,,,,,,,,
swiss_roll,8,12,pca,auto,ok,,0.2408993876175112,600,3,2.0,2.0,5.0,5.0,diag,4686.188367435565,,1,5,bic,,0.3835245419759303,0.4477556250058114,,,,,,,,,,,
swiss_roll,8,12,umap,auto,ok,,0.5957933758289551,600,3,2.0,2.0,5.0,5.0,full,5708.9780779441535,,1,5,bic,,0.1434526669909246,0.1801970000378787,,,,,,,,,,,
swiss_roll,8,13,ae_relu,auto,ok,,0.2139617929279335,600,3,2.0,2.0,5.0,5.0,full,4466.429945768868,,1,5,bic,0.3642303749220446,0.1887547079240903,0.5529850828461349,,,,,,relu,145.0,1.0,,,
swiss_roll,8,13,ae_tanh,auto,ok,,0.2525070877011094,600,3,2.0,2.0,5.0,5.0,tied,1162.8551179069725,,1,5,bic,,0.2198122910340316,0.2809950829832814,,,,,,,,,,,
swiss_roll,8,13,autog2m2,auto,ok,,0.3176612988856705,600,3,2.0,2.0,5.0,5.0,full,-216.88614665481725,,1,5,bic,,0.2454587499960325,0.3168840830330737,,,,,,,,,,,
swiss_roll,8,13,autogmm_spectral,auto,ok,,0.3498518182509648,600,3,2.0,2.0,5.0,5.0,full,-9783.8409583607,lse,1,5,bic,,0.2061850419850088,0.2585922500002198,,,,,,,,,,,
swiss_roll,8,13,mclust,auto,ok,,0.3206362511934747,600,3,8.0,,5.0,5.0,VVE,17175.973038446224,,1,5,bic,,1.3489635420264676,1.3489635420264676,,,,,,,,,,,
swiss_roll,8,13,pca,auto,ok,,0.1781320581428088,600,3,2.0,2.0,5.0,5.0,full,4650.393323532854,,1,5,bic,,0.2394865000387653,0.2849189999978989,,,,,,,,,,,
swiss_roll,8,13,umap,auto,ok,,0.4459023438524752,600,3,2.0,2.0,5.0,5.0,full,5752.123235142062,,1,5,bic,,0.2226982919964939,0.2853325420292094,,,,,,,,,,,
swiss_roll,8,14,ae_relu,auto,ok,,0.1913716526879242,600,3,2.0,2.0,5.0,5.0,diag,5151.22893799618,,1,5,bic,1.1767597500002012,0.2909165000310167,1.467676250031218,,,,,,relu,468.0,1.0,,,
swiss_roll,8,14,ae_tanh,auto,ok,,0.1814816750713953,600,3,2.0,2.0,5.0,5.0,diag,1281.4418594239776,,1,5,bic,,0.2418200829997658,0.3022905419929884,,,,,,,,,,,
swiss_roll,8,14,autog2m2,auto,ok,,0.2899473011372911,600,3,2.0,2.0,5.0,5.0,diag,317.3276088659387,,1,5,bic,,0.2356094580027274,0.3097945000045001,,,,,,,,,,,
swiss_roll,8,14,autogmm_spectral,auto,ok,,0.2327043491208649,600,3,2.0,2.0,5.0,5.0,full,-9102.245102810351,lse,1,5,bic,,0.262513666995801,0.3297461249749176,,,,,,,,,,,
swiss_roll,8,14,mclust,auto,ok,,0.2845539642413657,600,3,8.0,,5.0,5.0,VVE,15022.844027235047,,1,5,bic,,1.2555250829318538,1.2555250829318538,,,,,,,,,,,
swiss_roll,8,14,pca,auto,ok,,0.0029826672184426,600,3,2.0,2.0,2.0,2.0,tied,4862.954064972554,,1,5,bic,,0.21880495804362,0.2858900839928537,,,,,,,,,,,
swiss_roll,8,14,umap,auto,ok,,0.4811793790867416,600,3,2.0,2.0,5.0,5.0,full,5763.360011179778,,1,5,bic,,0.2081810419913381,0.2571477079764008,,,,,,,,,,,
swiss_roll,8,15,ae_relu,auto,ok,,0.2241623041027614,600,3,2.0,2.0,2.0,2.0,diag,-8438.879759850555,,1,5,bic,1.1617414170177651,0.1449834579834714,1.3067248750012368,,,,,,relu,457.0,1.0,,,
swiss_roll,8,15,ae_tanh,auto,ok,,0.289713064750604,600,3,2.0,2.0,5.0,5.0,full,1046.177900641435,,1,5,bic,,0.3983350420021452,0.4754435829818249,,,,,,,,,,,
swiss_roll,8,15,autog2m2,auto,ok,,0.2869337171960077,600,3,2.0,2.0,5.0,5.0,full,571.3227686752932,,1,5,bic,,0.2848382910015061,0.3942462090053595,,,,,,,,,,,
swiss_roll,8,15,autogmm_spectral,auto,ok,,0.2072046955929436,600,3,2.0,2.0,5.0,5.0,full,-8711.504029898997,lse,1,5,bic,,0.4202836250187829,0.5115307500236668,,,,,,,,,,,
swiss_roll,8,15,mclust,auto,ok,,0.2823290431535111,600,3,8.0,,4.0,4.0,VVE,16425.70229188706,,1,5,bic,,1.3948631250532344,1.3948631250532344,,,,,,,,,,,
swiss_roll,8,15,pca,auto,ok,,0.2546410264290297,600,3,2.0,2.0,2.0,2.0,full,4833.370822760238,,1,5,bic,,0.3739095000200905,0.4642041249899193,,,,,,,,,,,
swiss_roll,8,15,umap,auto,ok,,0.5547495110939089,600,3,2.0,2.0,5.0,5.0,full,5522.750544213486,,1,5,bic,,0.2236050409846939,0.2715235840296373,,,,,,,,,,,
swiss_roll,8,16,ae_relu,auto,ok,,0.1470299041132093,600,3,2.0,2.0,5.0,5.0,diag,5314.412677909662,,1,5,bic,1.673405749956146,0.2422060830285772,1.9156118329847232,,,,,,relu,660.0,1.0,,,
swiss_roll,8,16,ae_tanh,auto,ok,,0.214018152396636,600,3,2.0,2.0,3.0,3.0,diag,1243.9908782020605,,1,5,bic,,0.3951823340030387,0.4647424999857321,,,,,,,,,,,
swiss_roll,8,16,autog2m2,auto,ok,,0.2842830747680059,600,3,2.0,2.0,5.0,5.0,full,-192.89124077194535,,1,5,bic,,0.3315977919846773,0.411064375017304,,,,,,,,,,,
swiss_roll,8,16,autogmm_spectral,auto,ok,,0.1620841634235797,600,3,2.0,2.0,5.0,5.0,full,-8914.815990672578,lse,1,5,bic,,0.3192803330020979,0.4721968749654479,,,,,,,,,,,
swiss_roll,8,16,mclust,auto,ok,,0.2424692823728207,600,3,8.0,,5.0,5.0,VVE,14910.787842217294,,1,5,bic,,1.814943749923259,1.814943749923259,,,,,,,,,,,
swiss_roll,8,16,pca,auto,ok,,0.1460228431682732,600,3,2.0,2.0,4.0,4.0,tied,4763.44567130947,,1,5,bic,,0.2842309169936925,0.3644807920209132,,,,,,,,,,,
swiss_roll,8,16,umap,auto,ok,,0.2249932664841691,600,3,2.0,2.0,5.0,5.0,full,5732.83552126261,,1,5,bic,,0.3170680000330321,0.3882916659931652,,,,,,,,,,,
swiss_roll,8,17,ae_relu,auto,ok,,0.2674846875739908,600,3,2.0,2.0,5.0,5.0,full,4735.083402903396,,1,5,bic,0.7654751669615507,0.2143177079269662,0.979792874888517,,,,,,relu,303.0,1.0,,,
swiss_roll,8,17,ae_tanh,auto,ok,,0.0896183985937812,600,3,2.0,2.0,5.0,5.0,diag,1353.2205170491238,,1,5,bic,,0.3746219159802422,0.4870653750258498,,,,,,,,,,,
swiss_roll,8,17,autog2m2,auto,ok,,0.3142077256208348,600,3,2.0,2.0,5.0,5.0,full,45.923652549378176,,1,5,bic,,0.2877452499815263,0.3531323329661973,,,,,,,,,,,
swiss_roll,8,17,autogmm_spectral,auto,ok,,0.2901142609730975,600,3,2.0,2.0,4.0,4.0,full,-8757.983082995688,lse,1,5,bic,,0.1952729579643346,0.2690340830013156,,,,,,,,,,,
swiss_roll,8,17,mclust,auto,ok,,0.2539876254574832,600,3,8.0,,5.0,5.0,EVE,15733.195097801829,,1,5,bic,,1.8337160830851644,1.8337160830851644,,,,,,,,,,,
swiss_roll,8,17,pca,auto,ok,,0.2517284938878725,600,3,2.0,2.0,5.0,5.0,diag,4633.081386645257,,1,5,bic,,0.3325257079559378,0.41204879200086,,,,,,,,,,,
swiss_roll,8,17,umap,auto,ok,,0.6996812639072119,600,3,2.0,2.0,5.0,5.0,full,5654.014101853439,,1,5,bic,,0.2326619579689577,0.2928024590364657,,,,,,,,,,,
swiss_roll,8,18,ae_relu,auto,ok,,0.1922101077587161,600,3,2.0,2.0,5.0,5.0,full,4250.430479873054,,1,5,bic,0.2834972080308944,0.2051612079376354,0.4886584159685299,,,,,,relu,111.0,1.0,,,
swiss_roll,8,18,ae_tanh,auto,ok,,0.1682458745490801,600,3,2.0,2.0,5.0,5.0,diag,1257.0760445753958,,1,5,bic,,0.3509527920396067,0.4345194159541279,,,,,,,,,,,
swiss_roll,8,18,autog2m2,auto,ok,,0.3365062656902774,600,3,2.0,2.0,5.0,5.0,diag,-324.89128966918054,,1,5,bic,,0.2154316249652765,0.2714913750533014,,,,,,,,,,,
swiss_roll,8,18,autogmm_spectral,auto,ok,,0.1773739684292062,600,3,2.0,2.0,5.0,5.0,full,-9077.974877282288,lse,1,5,bic,,0.3423727090121247,0.4468695829855278,,,,,,,,,,,
swiss_roll,8,18,mclust,auto,ok,,0.1728178690313303,600,3,8.0,,5.0,5.0,VVE,15682.245653882384,,1,5,bic,,1.6883911669719964,1.6883911669719964,,,,,,,,,,,
swiss_roll,8,18,pca,auto,ok,,0.15473981438543,600,3,2.0,2.0,5.0,5.0,full,4697.6334300184,,1,5,bic,,0.2637907500029541,0.3447777499677613,,,,,,,,,,,
swiss_roll,8,18,umap,auto,ok,,0.4145605644978081,600,3,2.0,2.0,5.0,5.0,full,5556.099997245137,,1,5,bic,,0.3089335410040803,0.3963962499983609,,,,,,,,,,,
swiss_roll,8,19,ae_relu,auto,ok,,0.2793939855755702,600,3,2.0,2.0,5.0,5.0,full,5468.214754906982,,1,5,bic,0.4946508749853819,0.2377572919940576,0.7324081669794396,,,,,,relu,195.0,1.0,,,
swiss_roll,8,19,ae_tanh,auto,ok,,0.3443869298514168,600,3,2.0,2.0,5.0,5.0,diag,1209.378825479254,,1,5,bic,,0.2863233750103973,0.3578368329908699,,,,,,,,,,,
swiss_roll,8,19,autog2m2,auto,ok,,0.4450815638815928,600,3,2.0,2.0,5.0,5.0,diag,536.7720696216953,,1,5,bic,,0.2562455419683829,0.3214181660441682,,,,,,,,,,,
swiss_roll,8,19,autogmm_spectral,auto,ok,,0.2634027680709946,600,3,2.0,2.0,5.0,5.0,full,-8739.393774926522,lse,1,5,bic,,0.2973569589667022,0.3883164579747244,,,,,,,,,,,
swiss_roll,8,19,mclust,auto,ok,,0.4000218370041076,600,3,8.0,,5.0,5.0,VVE,15545.081259845843,,1,5,bic,,1.498520166031085,1.498520166031085,,,,,,,,,,,
swiss_roll,8,19,pca,auto,ok,,0.4444120538799949,600,3,2.0,2.0,3.0,3.0,tied,4758.918792050528,,1,5,bic,,0.236096832959447,0.3039081250317395,,,,,,,,,,,
swiss_roll,8,19,umap,auto,ok,,0.343253928951624,600,3,2.0,2.0,5.0,5.0,full,5716.513936144968,,1,5,bic,,0.2402095830184407,0.285780583973974,,,,,,,,,,,
swiss_roll,16,0,ae_relu,auto,ok,,0.0233298535059083,600,3,2.0,2.0,5.0,5.0,full,6213.137732918932,,1,5,bic,1.0437589170178398,0.2597218750743195,1.3034807920921594,,,,,,relu,387.0,1.0,,,
swiss_roll,16,0,ae_tanh,auto,ok,,0.0970754744571098,600,3,2.0,2.0,5.0,5.0,full,1216.9477019268957,,1,5,bic,,0.1466193749802187,0.1755711250007152,,,,,,,,,,,
swiss_roll,16,0,autog2m2,auto,ok,,0.5458976682480174,600,3,2.0,2.0,5.0,5.0,full,1135.0201245019416,,1,5,bic,,0.1805982500081882,0.2442256670328788,,,,,,,,,,,
swiss_roll,16,0,autogmm_spectral,auto,ok,,0.3490473374441178,600,3,2.0,2.0,5.0,5.0,full,-9211.714796768363,lse,1,5,bic,,0.1339635840267874,0.1627662910032086,,,,,,,,,,,
swiss_roll,16,0,mclust,auto,ok,,0.0376833985546571,600,3,16.0,,2.0,2.0,EEE,48357.131747132415,,1,5,bic,,4.514036042033695,4.514036042033695,,,,,,,,,,,
swiss_roll,16,0,pca,auto,ok,,0.0758888421669017,600,3,2.0,2.0,3.0,3.0,full,5568.743484205486,,1,5,bic,,0.154888333985582,0.1937744580209255,,,,,,,,,,,
swiss_roll,16,0,umap,auto,ok,,0.3892465013046228,600,3,2.0,2.0,5.0,5.0,full,5842.867718575104,,1,5,bic,,0.1386806669761426,0.1752855000086128,,,,,,,,,,,
swiss_roll,16,1,ae_relu,auto,ok,,0.1018487450020544,600,3,2.0,2.0,5.0,5.0,full,4768.039102136855,,1,5,bic,0.2520103330025449,0.2148190829902887,0.4668294159928337,,,,,,relu,93.0,1.0,,,
swiss_roll,16,1,ae_tanh,auto,ok,,0.0411693381549784,600,3,2.0,2.0,5.0,5.0,diag,1549.588451960239,,1,5,bic,,0.2566375829628669,0.3337182920076884,,,,,,,,,,,
swiss_roll,16,1,autog2m2,auto,ok,,0.5146205138021924,600,3,2.0,2.0,5.0,5.0,full,596.328668666687,,1,5,bic,,0.1896461250144057,0.2138813749770634,,,,,,,,,,,
swiss_roll,16,1,autogmm_spectral,auto,ok,,0.0357032596720051,600,3,2.0,2.0,5.0,5.0,diag,-8773.51753097952,lse,1,5,bic,,0.1837878749938681,0.2295833749813027,,,,,,,,,,,
swiss_roll,16,1,mclust,auto,ok,,0.1970122707750088,600,3,16.0,,5.0,5.0,VVE,44833.71593788347,,1,5,bic,,8.204368083039299,8.204368083039299,,,,,,,,,,,
swiss_roll,16,1,pca,auto,ok,,0.0684043270614835,600,3,2.0,2.0,3.0,3.0,full,5496.969456139516,,1,5,bic,,0.1310593330417759,0.2390949170221574,,,,,,,,,,,
swiss_roll,16,1,umap,auto,ok,,0.4026827137129525,600,3,2.0,2.0,5.0,5.0,full,5552.710819474568,,1,5,bic,,0.1428556250175461,0.1726006250246428,,,,,,,,,,,
swiss_roll,16,2,ae_relu,auto,ok,,0.0902099890084561,600,3,2.0,2.0,4.0,4.0,full,5524.670809871374,,1,5,bic,0.7376257081050426,0.2176097909687087,0.9552354990737512,,,,,,relu,274.0,1.0,,,
swiss_roll,16,2,ae_tanh,auto,ok,,0.0453876711515043,600,3,2.0,2.0,2.0,2.0,tied,1199.4250626632386,,1,5,bic,,0.2039867920102551,0.2447221250040456,,,,,,,,,,,
swiss_roll,16,2,autog2m2,auto,ok,,0.2807544053279763,600,3,2.0,2.0,5.0,5.0,full,312.3552711044028,,1,5,bic,,0.0963183749699965,0.1252519579720683,,,,,,,,,,,
swiss_roll,16,2,autogmm_spectral,auto,ok,,0.3305727444434199,600,3,2.0,2.0,5.0,5.0,full,-9218.890625427275,lse,1,5,bic,,0.2857279580202885,0.3181453750003129,,,,,,,,,,,
swiss_roll,16,2,mclust,auto,ok,,0.3090910583589719,600,3,16.0,,4.0,4.0,VVE,49930.97757106368,,1,5,bic,,5.968725332990289,5.968725332990289,,,,,,,,,,,
swiss_roll,16,2,pca,auto,ok,,0.0396233712550418,600,3,2.0,2.0,2.0,2.0,tied,5594.412041831899,,1,5,bic,,0.1007125000469386,0.1321643340052105,,,,,,,,,,,
swiss_roll,16,2,umap,auto,ok,,0.4243712916141339,600,3,2.0,2.0,5.0,5.0,full,5749.305905527023,,1,5,bic,,0.1102624170016497,0.1386467919801361,,,,,,,,,,,
swiss_roll,16,3,ae_relu,auto,ok,,0.3451147651500533,600,3,2.0,2.0,5.0,5.0,full,5057.195779510687,,1,5,bic,1.1998172079911456,0.2109369999961927,1.4107542079873383,,,,,,relu,446.0,1.0,,,
swiss_roll,16,3,ae_tanh,auto,ok,,0.3246970903601157,600,3,2.0,2.0,5.0,5.0,full,1162.7268326978915,,1,5,bic,,0.1431687909644097,0.1748984999721869,,,,,,,,,,,
swiss_roll,16,3,autog2m2,auto,ok,,0.322946359594631,600,3,2.0,2.0,5.0,5.0,full,1037.0006801370191,,1,5,bic,,0.1032097919960506,0.134695874992758,,,,,,,,,,,
swiss_roll,16,3,autogmm_spectral,auto,ok,,0.337914397899124,600,3,2.0,2.0,5.0,5.0,full,-9855.528882256966,lse,1,5,bic,,0.1201757499948144,0.1570215829997323,,,,,,,,,,,
swiss_roll,16,3,mclust,auto,ok,,0.2772312603579751,600,3,16.0,,2.0,2.0,EEE,50845.03213889658,,1,5,bic,,7.735746249905787,7.735746249905787,,,,,,,,,,,
swiss_roll,16,3,pca,auto,ok,,0.3181587164182425,600,3,2.0,2.0,5.0,5.0,full,5297.360559788102,,1,5,bic,,0.1457308329991065,0.1800471249734982,,,,,,,,,,,
swiss_roll,16,3,umap,auto,ok,,0.654161265308961,600,3,2.0,2.0,5.0,5.0,full,5769.46036326991,,1,5,bic,,0.1152487500221468,0.1452263750252314,,,,,,,,,,,
swiss_roll,16,4,ae_relu,auto,ok,,0.2421670184150241,600,3,2.0,2.0,5.0,5.0,tied,4259.476751351902,,1,5,bic,1.4713122909888623,0.1652332079829648,1.636545498971827,,,,,,relu,552.0,1.0,,,
swiss_roll,16,4,ae_tanh,auto,ok,,0.2262271904124183,600,3,2.0,2.0,4.0,4.0,full,1491.098263658071,,1,5,bic,,0.1326482080039568,0.1644582919543609,,,,,,,,,,,
swiss_roll,16,4,autog2m2,auto,ok,,0.2499301579155171,600,3,2.0,2.0,5.0,5.0,full,1267.5103647032524,,1,5,bic,,0.0863469169707968,0.1117838750360533,,,,,,,,,,,
swiss_roll,16,4,autogmm_spectral,auto,ok,,0.3630107653176397,600,3,2.0,2.0,5.0,5.0,full,-9319.598765558574,lse,1,5,bic,,0.1261647919891402,0.1541048749932088,,,,,,,,,,,
swiss_roll,16,4,mclust,auto,ok,,0.0935635345099648,600,3,16.0,,3.0,3.0,VVE,50655.024053208326,,1,5,bic,,3.9559506670339033,3.9559506670339033,,,,,,,,,,,
swiss_roll,16,4,pca,auto,ok,,0.2739708187487908,600,3,2.0,2.0,4.0,4.0,diag,5386.619552173768,,1,5,bic,,0.1242627080064266,0.1630940840113908,,,,,,,,,,,
swiss_roll,16,4,umap,auto,ok,,0.5434171905377382,600,3,2.0,2.0,5.0,5.0,full,5757.371540825056,,1,5,bic,,0.112242084054742,0.1446396660176105,,,,,,,,,,,
swiss_roll,16,5,ae_relu,auto,ok,,0.3626794411108626,600,3,2.0,2.0,5.0,5.0,full,5467.263028559813,,1,5,bic,0.6600132919847965,0.235835374915041,0.8958486668998376,,,,,,relu,244.0,1.0,,,
swiss_roll,16,5,ae_tanh,auto,ok,,0.2684890535088806,600,3,2.0,2.0,5.0,5.0,diag,1385.688232394811,,1,5,bic,,0.2132989169913344,0.2716107500018552,,,,,,,,,,,
swiss_roll,16,5,autog2m2,auto,ok,,0.2459123392800217,600,3,2.0,2.0,5.0,5.0,full,1564.3338560612165,,1,5,bic,,0.17080766701838,0.1995447090012021,,,,,,,,,,,
swiss_roll,16,5,autogmm_spectral,auto,ok,,0.2692295569800477,600,3,2.0,2.0,5.0,5.0,full,-9336.209667372335,lse,1,5,bic,,0.1655494160368107,0.2010472919791937,,,,,,,,,,,
swiss_roll,16,5,mclust,auto,ok,,0.2637281515564911,600,3,16.0,,4.0,4.0,VVE,50469.628474477286,,1,5,bic,,5.638245292007923,5.638245292007923,,,,,,,,,,,
swiss_roll,16,5,pca,auto,ok,,0.3380463420056844,600,3,2.0,2.0,5.0,5.0,full,5574.126840096823,,1,5,bic,,0.2021650000242516,0.3076780419796705,,,,,,,,,,,
swiss_roll,16,5,umap,auto,ok,,0.5756486989598936,600,3,2.0,2.0,5.0,5.0,full,5611.377157989919,,1,5,bic,,0.159438292030245,0.198883790988475,,,,,,,,,,,
swiss_roll,16,6,ae_relu,auto,ok,,0.2287342497533634,600,3,2.0,2.0,4.0,4.0,tied,4603.846856056502,,1,5,bic,1.802481625112705,0.2022520829923451,2.00473370810505,,,,,,relu,671.0,1.0,,,
swiss_roll,16,6,ae_tanh,auto,ok,,0.2173651231965339,600,3,2.0,2.0,5.0,5.0,full,1300.433529946488,,1,5,bic,,0.1845955000026151,0.2276180000044405,,,,,,,,,,,
swiss_roll,16,6,autog2m2,auto,ok,,0.505939418014906,600,3,2.0,2.0,5.0,5.0,full,386.5698211206176,,1,5,bic,,0.1621257909573614,0.2132931670057587,,,,,,,,,,,
swiss_roll,16,6,autogmm_spectral,auto,ok,,0.2335988838595314,600,3,2.0,2.0,5.0,5.0,full,-9072.954190680788,lse,1,5,bic,,0.179218208999373,0.2223088750033639,,,,,,,,,,,
swiss_roll,16,6,mclust,auto,ok,,0.0,600,3,16.0,,1.0,1.0,XXX,50571.9973481866,,1,5,bic,,4.552811165922321,4.552811165922321,,,,,,,,,,,
swiss_roll,16,6,pca,auto,ok,,0.2529827872294353,600,3,2.0,2.0,4.0,4.0,diag,5375.487852538067,,1,5,bic,,0.1596975830034352,0.2017739579896442,,,,,,,,,,,
swiss_roll,16,6,umap,auto,ok,,0.6070793339648971,600,3,2.0,2.0,5.0,5.0,full,5703.579765174397,,1,5,bic,,0.114274249994196,0.1420532090123742,,,,,,,,,,,
swiss_roll,16,7,ae_relu,auto,ok,,0.1528362835598241,600,3,2.0,2.0,5.0,5.0,diag,4554.685750969946,,1,5,bic,1.035173749900423,0.2348741670139134,1.2700479169143364,,,,,,relu,379.0,1.0,,,
swiss_roll,16,7,ae_tanh,auto,ok,,0.1490690138255943,600,3,2.0,2.0,5.0,5.0,full,1602.6483884899008,,1,5,bic,,0.2038684579893015,0.2706493750447407,,,,,,,,,,,
swiss_roll,16,7,autog2m2,auto,ok,,0.1958901480100906,600,3,2.0,2.0,5.0,5.0,full,883.4793294761099,,1,5,bic,,0.0957902920199558,0.1239600419648923,,,,,,,,,,,
swiss_roll,16,7,autogmm_spectral,auto,ok,,0.2001750062393283,600,3,2.0,2.0,5.0,5.0,diag,-8807.854318272715,lse,1,5,bic,,0.1322065410204231,0.1630625409889035,,,,,,,,,,,
swiss_roll,16,7,mclust,auto,ok,,0.0645869177575983,600,3,16.0,,3.0,3.0,VVE,48641.51842399032,,1,5,bic,,10.13021191698499,10.13021191698499,,,,,,,,,,,
swiss_roll,16,7,pca,auto,ok,,0.1887809268237771,600,3,2.0,2.0,3.0,3.0,diag,5391.011140365255,,1,5,bic,,0.1799493750440888,0.2339108330197632,,,,,,,,,,,
swiss_roll,16,7,umap,auto,ok,,0.4638941264486123,600,3,2.0,2.0,5.0,5.0,full,5666.425689204848,,1,5,bic,,0.1327182920067571,0.1670677079819142,,,,,,,,,,,
swiss_roll,16,8,ae_relu,auto,ok,,0.1132239555960006,600,3,2.0,2.0,4.0,4.0,full,4907.508096873035,,1,5,bic,1.1077298329910263,0.2117351660272106,1.319464999018237,,,,,,relu,411.0,1.0,,,
swiss_roll,16,8,ae_tanh,auto,ok,,0.2426682646248613,600,3,2.0,2.0,5.0,5.0,full,1040.2730207412988,,1,5,bic,,0.1929504580330103,0.2479916669544764,,,,,,,,,,,
swiss_roll,16,8,autog2m2,auto,ok,,0.4402680087387652,600,3,2.0,2.0,5.0,5.0,full,875.0832441814048,,1,5,bic,,0.1649794999975711,0.2173274579690769,,,,,,,,,,,
swiss_roll,16,8,autogmm_spectral,auto,ok,,0.4149476852133953,600,3,2.0,2.0,5.0,5.0,full,-9862.766689670994,lse,1,5,bic,,0.1392000840278342,0.1753518750192597,,,,,,,,,,,
swiss_roll,16,8,mclust,auto,ok,,0.0558347475228796,600,3,16.0,,3.0,3.0,VVE,54364.734199204715,,1,5,bic,,6.981200416921638,6.981200416921638,,,,,,,,,,,
swiss_roll,16,8,pca,auto,ok,,0.2610702668622325,600,3,2.0,2.0,5.0,5.0,full,4927.080534237007,,1,5,bic,,0.2320882089552469,0.300131042022258,,,,,,,,,,,
swiss_roll,16,8,umap,auto,ok,,0.5109668754101272,600,3,2.0,2.0,5.0,5.0,full,5783.78788438503,,1,5,bic,,0.1700404579751193,0.2289022079785354,,,,,,,,,,,
swiss_roll,16,9,ae_relu,auto,ok,,0.1863436588206577,600,3,2.0,2.0,5.0,5.0,full,5240.882756721394,,1,5,bic,1.2161380830220878,0.2711464170133695,1.487284500035457,,,,,,relu,453.0,1.0,,,
swiss_roll,16,9,ae_tanh,auto,ok,,0.4424943282710612,600,3,2.0,2.0,5.0,5.0,tied,1077.2769499325311,,1,5,bic,,0.2205761249642819,0.2673447499983012,,,,,,,,,,,
swiss_roll,16,9,autog2m2,auto,ok,,0.3505560784770831,600,3,2.0,2.0,5.0,5.0,full,1064.953732839774,,1,5,bic,,0.2476430829847231,0.3331832499825395,,,,,,,,,,,
swiss_roll,16,9,autogmm_spectral,auto,ok,,0.2825021490330053,600,3,2.0,2.0,5.0,5.0,full,-9202.18272258382,lse,1,5,bic,,0.3465559160104021,0.4219488329836167,,,,,,,,,,,
swiss_roll,16,9,mclust,auto,ok,,0.2299128903932109,600,3,16.0,,4.0,4.0,VVE,50781.35515689027,,1,5,bic,,5.618042374961078,5.618042374961078,,,,,,,,,,,
swiss_roll,16,9,pca,auto,ok,,0.4442798101532852,600,3,2.0,2.0,5.0,5.0,tied,5426.313111872525,,1,5,bic,,0.1901375409797765,0.2315168749773875,,,,,,,,,,,
swiss_roll,16,9,umap,auto,ok,,0.4756302972066212,600,3,2.0,2.0,5.0,5.0,full,5666.274549126828,,1,5,bic,,0.1689351660315878,0.203708499961067,,,,,,,,,,,
swiss_roll,16,10,ae_relu,auto,ok,,0.1916295899733937,600,3,2.0,2.0,4.0,4.0,diag,4689.542268282317,,1,5,bic,1.3144572919700297,0.2667704580817371,1.5812277500517666,,,,,,relu,486.0,1.0,,,
swiss_roll,16,10,ae_tanh,auto,ok,,0.2141734071315962,600,3,2.0,2.0,4.0,4.0,diag,1420.1830719334057,,1,5,bic,,0.21836150001036,0.2809434169903397,,,,,,,,,,,
swiss_roll,16,10,autog2m2,auto,ok,,0.4961121004351265,600,3,2.0,2.0,5.0,5.0,full,264.25908168352714,,1,5,bic,,0.2055263749789446,0.2510286249453202,,,,,,,,,,,
swiss_roll,16,10,autogmm_spectral,auto,ok,,0.2674423419821359,600,3,2.0,2.0,5.0,5.0,full,-8715.667707104292,lse,1,5,bic,,0.2186828340054489,0.2744280420010909,,,,,,,,,,,
swiss_roll,16,10,mclust,auto,ok,,0.2476772446405976,600,3,16.0,,4.0,4.0,VVE,48715.51028011195,,1,5,bic,,9.987609584000891,9.987609584000891,,,,,,,,,,,
swiss_roll,16,10,pca,auto,ok,,0.2726056170745218,600,3,2.0,2.0,5.0,5.0,full,5420.523418845727,,1,5,bic,,0.5563152080285363,0.6180409169755876,,,,,,,,,,,
swiss_roll,16,10,umap,auto,ok,,0.5534397911744541,600,3,2.0,2.0,5.0,5.0,full,5632.524101120272,,1,5,bic,,0.2973651670035906,0.5856524580158293,,,,,,,,,,,
swiss_roll,16,11,ae_relu,auto,ok,,0.1048114935611229,600,3,2.0,2.0,5.0,5.0,full,5414.731031281335,,1,5,bic,1.280961166950874,0.183105916948989,1.464067083899863,,,,,,relu,477.0,1.0,,,
swiss_roll,16,11,ae_tanh,auto,ok,,0.212142753182113,600,3,2.0,2.0,5.0,5.0,diag,1516.1156556949145,,1,5,bic,,0.3225966250174679,0.396999999997206,,,,,,,,,,,
swiss_roll,16,11,autog2m2,auto,ok,,0.4223544385305317,600,3,2.0,2.0,5.0,5.0,full,388.00691902305664,,1,5,bic,,0.1626554999966174,0.2252904999768361,,,,,,,,,,,
swiss_roll,16,11,autogmm_spectral,auto,ok,,0.2430137509936766,600,3,2.0,2.0,5.0,5.0,full,-8997.013182010216,lse,1,5,bic,,0.352048291999381,0.4729805830284022,,,,,,,,,,,
swiss_roll,16,11,mclust,auto,ok,,0.0498772967266772,600,3,16.0,,2.0,2.0,EEE,48945.518731193035,,1,5,bic,,4.039990541990846,4.039990541990846,,,,,,,,,,,
swiss_roll,16,11,pca,auto,ok,,0.2384670380823342,600,3,2.0,2.0,5.0,5.0,full,5485.675406042178,,1,5,bic,,0.2644270830205641,0.358149665989913,,,,,,,,,,,
swiss_roll,16,11,umap,auto,ok,,0.5362907413723597,600,3,2.0,2.0,5.0,5.0,full,5805.149006859702,,1,5,bic,,0.2742851250222884,0.3468713750480674,,,,,,,,,,,
swiss_roll,16,12,ae_relu,auto,ok,,0.1623183819334278,600,3,2.0,2.0,5.0,5.0,full,5198.445732831887,,1,5,bic,1.0374519580509514,0.2518919170834124,1.2893438751343638,,,,,,relu,384.0,1.0,,,
swiss_roll,16,12,ae_tanh,auto,ok,,0.2231536549539356,600,3,2.0,2.0,5.0,5.0,full,1210.315317963922,,1,5,bic,,0.228724000044167,0.2913201249903068,,,,,,,,,,,
swiss_roll,16,12,autog2m2,auto,ok,,0.2656294190883593,600,3,2.0,2.0,5.0,5.0,full,1053.2858841030463,,1,5,bic,,0.2418770419899374,0.3023117080447264,,,,,,,,,,,
swiss_roll,16,12,autogmm_spectral,auto,ok,,0.1908545477424012,600,3,2.0,2.0,5.0,5.0,full,-8605.265275921112,lse,1,5,bic,,0.2227852090145461,0.3161242920323275,,,,,,,,,,,
swiss_roll,16,12,mclust,auto,ok,,0.0,600,3,16.0,,1.0,1.0,XXX,48305.82616833058,,1,5,bic,,7.992409833008424,7.992409833008424,,,,,,,,,,,
swiss_roll,16,12,pca,auto,ok,,0.2158148118593321,600,3,2.0,2.0,5.0,5.0,full,5557.224940111925,,1,5,bic,,0.2398017499945126,0.3446013749926351,,,,,,,,,,,
swiss_roll,16,12,umap,auto,ok,,0.2876797368239303,600,3,2.0,2.0,5.0,5.0,full,5742.477977204762,,1,5,bic,,0.133909541007597,0.1734663339448161,,,,,,,,,,,
swiss_roll,16,13,ae_relu,auto,ok,,0.022481409166213,600,3,2.0,2.0,5.0,5.0,tied,4584.298106251308,,1,5,bic,1.430959290941246,0.1694763749837875,1.6004356659250334,,,,,,relu,530.0,1.0,,,
swiss_roll,16,13,ae_tanh,auto,ok,,0.0170613513869312,600,3,2.0,2.0,2.0,2.0,tied,1305.3730669647666,,1,5,bic,,0.1692638749955222,0.2174280419712886,,,,,,,,,,,
swiss_roll,16,13,autog2m2,auto,ok,,0.294497532639938,600,3,2.0,2.0,5.0,5.0,full,486.5812281925744,,1,5,bic,,0.2690921249450184,0.3369514169753529,,,,,,,,,,,
swiss_roll,16,13,autogmm_spectral,auto,ok,,0.2631767630593153,600,3,2.0,2.0,5.0,5.0,full,-9248.79683722411,lse,1,5,bic,,0.2331542909960262,0.2931986660114489,,,,,,,,,,,
swiss_roll,16,13,mclust,auto,ok,,0.0028619761846281,600,3,16.0,,2.0,2.0,EEE,50807.57327042764,,1,5,bic,,6.916691874968819,6.916691874968819,,,,,,,,,,,
swiss_roll,16,13,pca,auto,ok,,0.0608954029750924,600,3,2.0,2.0,4.0,4.0,tied,5611.795050844585,,1,5,bic,,0.1455847089528106,0.1937792500248178,,,,,,,,,,,
swiss_roll,16,13,umap,auto,ok,,0.4978747288317585,600,3,2.0,2.0,4.0,4.0,full,5641.858889908406,,1,5,bic,,0.1375368330045603,0.1694296249770559,,,,,,,,,,,
swiss_roll,16,14,ae_relu,auto,ok,,0.2767885706198507,600,3,2.0,2.0,5.0,5.0,full,5303.796582885917,,1,5,bic,0.7502602499444038,0.2144018330145627,0.9646620829589664,,,,,,relu,277.0,1.0,,,
swiss_roll,16,14,ae_tanh,auto,ok,,0.3403411812936429,600,3,2.0,2.0,5.0,5.0,diag,1281.4242912624577,,1,5,bic,,0.33006791601656,0.4097926249960437,,,,,,,,,,,
swiss_roll,16,14,autog2m2,auto,ok,,0.6323766532926184,600,3,2.0,2.0,5.0,5.0,full,1059.0661013078625,,1,5,bic,,0.3402901249937713,0.4245289170066826,,,,,,,,,,,
swiss_roll,16,14,autogmm_spectral,auto,ok,,0.3038634388160504,600,3,2.0,2.0,5.0,5.0,full,-9470.394249005956,lse,1,5,bic,,0.2485999580239877,0.328550708014518,,,,,,,,,,,
swiss_roll,16,14,mclust,auto,ok,,0.2807288479974348,600,3,16.0,,2.0,2.0,VVE,52504.47901955383,,1,5,bic,,5.334972541895695,5.334972541895695,,,,,,,,,,,
swiss_roll,16,14,pca,auto,ok,,0.2995997433448465,600,3,2.0,2.0,3.0,3.0,full,5479.724119634669,,1,5,bic,,0.3267112500034272,0.4025957920239307,,,,,,,,,,,
swiss_roll,16,14,umap,auto,ok,,0.6085752229152284,600,3,2.0,2.0,5.0,5.0,full,5610.832478945854,,1,5,bic,,0.2029612920014187,0.262714332959149,,,,,,,,,,,
swiss_roll,16,15,ae_relu,auto,ok,,0.2815166520200393,600,3,2.0,2.0,5.0,5.0,full,5572.905244518076,,1,5,bic,1.1028521249536425,0.2718903340864926,1.3747424590401351,,,,,,relu,412.0,1.0,,,
swiss_roll,16,15,ae_tanh,auto,ok,,0.3956173388737107,600,3,2.0,2.0,5.0,5.0,full,1221.830687903007,,1,5,bic,,0.3918449580087326,0.4751554580288939,,,,,,,,,,,
swiss_roll,16,15,autog2m2,auto,ok,,0.2424219240491297,600,3,2.0,2.0,5.0,5.0,full,560.2687175853903,,1,5,bic,,0.3600736660300754,0.449810707999859,,,,,,,,,,,
swiss_roll,16,15,autogmm_spectral,auto,ok,,0.312478771768878,600,3,2.0,2.0,5.0,5.0,full,-8899.346477934467,lse,1,5,bic,,0.4339499160414561,0.535331999999471,,,,,,,,,,,
swiss_roll,16,15,mclust,auto,ok,,0.4897091731229581,600,3,16.0,,2.0,2.0,EEE,50803.41197560694,,1,5,bic,,8.285386000061408,8.285386000061408,,,,,,,,,,,
swiss_roll,16,15,pca,auto,ok,,0.5176122671984051,600,3,2.0,2.0,4.0,4.0,tied,5403.2528755312105,,1,5,bic,,0.3838874580105766,0.467695333994925,,,,,,,,,,,
swiss_roll,16,15,umap,auto,ok,,0.6010240380010062,600,3,2.0,2.0,5.0,5.0,full,5689.399510532903,,1,5,bic,,0.1960221249610185,0.278817375015933,,,,,,,,,,,
swiss_roll,16,16,ae_relu,auto,ok,,0.1865957718846486,600,3,2.0,2.0,5.0,5.0,full,5204.287999883291,,1,5,bic,1.6255316250026226,0.2341592500451952,1.8596908750478176,,,,,,relu,604.0,1.0,,,
swiss_roll,16,16,ae_tanh,auto,ok,,0.3028734621770197,600,3,2.0,2.0,5.0,5.0,full,1480.2689924836432,,1,5,bic,,0.3095014590071514,0.3743043339927681,,,,,,,,,,,
swiss_roll,16,16,autog2m2,auto,ok,,0.4032705982626742,600,3,2.0,2.0,5.0,5.0,full,66.84189062270127,,1,5,bic,,0.3068851249990985,0.3723291250062175,,,,,,,,,,,
swiss_roll,16,16,autogmm_spectral,auto,ok,,0.3726257397841204,600,3,2.0,2.0,5.0,5.0,full,-9573.407633328909,lse,1,5,bic,,0.296474875009153,0.3754456249880604,,,,,,,,,,,
swiss_roll,16,16,mclust,auto,ok,,0.1213820683824567,600,3,16.0,,3.0,3.0,VVE,49791.922112334854,,1,5,bic,,9.815390249947086,9.815390249947086,,,,,,,,,,,
swiss_roll,16,16,pca,auto,ok,,0.1655171191003916,600,3,2.0,2.0,3.0,3.0,full,5450.664335068115,,1,5,bic,,0.2849295000196434,0.3627735000336543,,,,,,,,,,,
swiss_roll,16,16,umap,auto,ok,,0.342656901122456,600,3,2.0,2.0,5.0,5.0,full,5788.311992416302,,1,5,bic,,0.2352874160278588,0.2875125829596072,,,,,,,,,,,
swiss_roll,16,17,ae_relu,auto,ok,,0.2553948941292748,600,3,2.0,2.0,5.0,5.0,full,5556.748112584926,,1,5,bic,0.9106636670185252,0.2544033749727532,1.1650670419912783,,,,,,relu,338.0,1.0,,,
swiss_roll,16,17,ae_tanh,auto,ok,,0.275962358188093,600,3,2.0,2.0,5.0,5.0,full,1289.5790911889758,,1,5,bic,,0.3235330829629674,0.4038112080306746,,,,,,,,,,,
swiss_roll,16,17,autog2m2,auto,ok,,0.2973108817432405,600,3,2.0,2.0,5.0,5.0,full,738.878746553119,,1,5,bic,,0.2961958749801852,0.3828226669575088,,,,,,,,,,,
swiss_roll,16,17,autogmm_spectral,auto,ok,,0.2758758820963677,600,3,2.0,2.0,5.0,5.0,full,-8939.822191324236,lse,1,5,bic,,0.3585857920115813,0.4714068330358714,,,,,,,,,,,
swiss_roll,16,17,mclust,auto,ok,,0.2455368981981933,600,3,16.0,,4.0,4.0,VVE,51143.39429974888,,1,5,bic,,4.728899958077818,4.728899958077818,,,,,,,,,,,
swiss_roll,16,17,pca,auto,ok,,0.3689796785177865,600,3,2.0,2.0,5.0,5.0,full,5425.120895587507,,1,5,bic,,0.3389310829807073,0.4137090839794837,,,,,,,,,,,
swiss_roll,16,17,umap,auto,ok,,0.5435683900425394,600,3,2.0,2.0,5.0,5.0,full,5716.203660233001,,1,5,bic,,0.1881753329653293,0.2504438749747351,,,,,,,,,,,
swiss_roll,16,18,ae_relu,auto,ok,,0.295409152106719,600,3,2.0,2.0,5.0,5.0,full,4700.216089308698,,1,5,bic,0.3342743330867961,0.2347016669809818,0.5689760000677779,,,,,,relu,121.0,1.0,,,
swiss_roll,16,18,ae_tanh,auto,ok,,0.3473193147518182,600,3,2.0,2.0,5.0,5.0,full,1126.026279833992,,1,5,bic,,0.3668727499898523,0.469174625002779,,,,,,,,,,,
swiss_roll,16,18,autog2m2,auto,ok,,0.4980167841329806,600,3,2.0,2.0,5.0,5.0,full,891.0653357201761,,1,5,bic,,0.2893267920007929,0.3750804999726824,,,,,,,,,,,
swiss_roll,16,18,autogmm_spectral,auto,ok,,0.3991050464035301,600,3,2.0,2.0,5.0,5.0,full,-10080.872023871008,lse,1,5,bic,,0.2095470419735647,0.2677387499716133,,,,,,,,,,,
swiss_roll,16,18,mclust,auto,ok,,0.1193985194762389,600,3,16.0,,3.0,3.0,VVE,51037.738618684714,,1,5,bic,,8.436471041990444,8.436471041990444,,,,,,,,,,,
swiss_roll,16,18,pca,auto,ok,,0.2717759583220354,600,3,2.0,2.0,5.0,5.0,full,4946.074526213918,,1,5,bic,,0.3720366659690626,0.4661610000184737,,,,,,,,,,,
swiss_roll,16,18,umap,auto,ok,,0.4886081017742721,600,3,2.0,2.0,5.0,5.0,full,5681.378033659265,,1,5,bic,,0.2330145000014454,0.2882282499922439,,,,,,,,,,,
swiss_roll,16,19,ae_relu,auto,ok,,0.2254088766063791,600,3,2.0,2.0,4.0,4.0,full,3937.00738398552,,1,5,bic,1.3041049999883398,0.1904517910443246,1.4945567910326645,,,,,,relu,487.0,1.0,,,
swiss_roll,16,19,ae_tanh,auto,ok,,0.3200103033927108,600,3,2.0,2.0,5.0,5.0,full,1326.2460905529742,,1,5,bic,,0.3097045829636045,0.3868116670055315,,,,,,,,,,,
swiss_roll,16,19,autog2m2,auto,ok,,0.3130803817166172,600,3,2.0,2.0,5.0,5.0,full,414.3686739593551,,1,5,bic,,0.2112465419922955,0.2709752499940805,,,,,,,,,,,
swiss_roll,16,19,autogmm_spectral,auto,ok,,0.2938034103053381,600,3,2.0,2.0,5.0,5.0,full,-9262.191731685414,lse,1,5,bic,,0.2674006249872036,0.3550327079719864,,,,,,,,,,,
swiss_roll,16,19,mclust,auto,ok,,0.2424007036889131,600,3,16.0,,2.0,2.0,EEE,48886.05747973618,,1,5,bic,,3.52679375000298,3.52679375000298,,,,,,,,,,,
swiss_roll,16,19,pca,auto,ok,,0.1052890336387573,600,3,2.0,2.0,3.0,3.0,full,5440.333650950593,,1,5,bic,,0.4248145000310614,0.7229783750372007,,,,,,,,,,,
swiss_roll,16,19,umap,auto,ok,,0.4827385531203723,600,3,2.0,2.0,5.0,5.0,full,5850.9985288181615,,1,5,bic,,0.3633205409860238,0.6146129160188138,,,,,,,,,,,
swiss_roll,32,0,ae_relu,auto,ok,,0.0372289213386069,600,3,2.0,2.0,5.0,5.0,full,5873.1861645305935,,1,5,bic,1.4739717079792172,0.1789555420400574,1.6529272500192749,,,,,,relu,481.0,True,,,
swiss_roll,32,0,ae_tanh,auto,ok,,0.0100654262254436,600,3,2.0,2.0,4.0,4.0,tied,1560.6044161083396,,1,5,bic,,0.1293335409718565,0.1646019159816205,,,,,,,,,,,
swiss_roll,32,0,autog2m2,auto,ok,,0.2903614574322207,600,3,2.0,2.0,5.0,5.0,full,305.5885863321312,,1,5,bic,,0.1838807080057449,0.246119208051823,,,,,,,,,,,
swiss_roll,32,0,autogmm_spectral,auto,ok,,0.2563228295507798,600,3,2.0,2.0,5.0,5.0,full,-9489.23184973033,lse,1,5,bic,,0.1471303339931182,0.1794504160061478,,,,,,,,,,,
swiss_roll,32,0,mclust,auto,ok,,0.0,600,3,32.0,,1.0,1.0,XXX,121373.31969551615,,1,5,bic,,23.77833370899316,23.77833370899316,,,,,,,,,,,
swiss_roll,32,0,pca,auto,ok,,0.0116925173210706,600,3,2.0,2.0,4.0,4.0,tied,6346.544263640165,,1,5,bic,,0.1074814170133322,0.1378348339931108,,,,,,,,,,,
swiss_roll,32,0,umap,auto,ok,,0.243514359079713,600,3,2.0,2.0,5.0,5.0,full,5753.762714499244,,1,5,bic,,0.125034750031773,0.155538749997504,,,,,,,,,,,
swiss_roll,32,1,ae_relu,auto,ok,,0.2486919245519136,600,3,2.0,2.0,5.0,5.0,full,5800.150187449831,,1,5,bic,1.681623583077453,0.2263374589383602,1.9079610420158133,,,,,,relu,546.0,True,,,
swiss_roll,32,1,ae_tanh,auto,ok,,0.3508162380495329,600,3,2.0,2.0,5.0,5.0,diag,1198.5767570213827,,1,5,bic,,0.1814170419820584,0.2227108750375919,,,,,,,,,,,
swiss_roll,32,1,autog2m2,auto,ok,,0.2576210318330043,600,3,2.0,2.0,5.0,5.0,full,725.9212827354061,,1,5,bic,,0.1935923330020159,0.2581969170132652,,,,,,,,,,,
swiss_roll,32,1,autogmm_spectral,auto,ok,,0.3141560045372796,600,3,2.0,2.0,5.0,5.0,full,-9463.688607433389,lse,1,5,bic,,0.2109272499801591,0.2505967500037513,,,,,,,,,,,
swiss_roll,32,1,mclust,auto,ok,,0.0,600,3,32.0,,1.0,1.0,XXX,110676.6770539258,,1,5,bic,,34.83908162498847,34.83908162498847,,,,,,,,,,,
swiss_roll,32,1,pca,auto,ok,,0.2758792735005183,600,3,2.0,2.0,4.0,4.0,full,6144.513809948873,,1,5,bic,,0.1502235420048236,0.2024115420063026,,,,,,,,,,,
swiss_roll,32,1,umap,auto,ok,,0.664127289700231,600,3,2.0,2.0,5.0,5.0,full,5553.315829744032,,1,5,bic,,0.1147512500174343,0.1454234579578042,,,,,,,,,,,
swiss_roll,32,2,ae_relu,auto,ok,,0.2473303722410177,600,3,2.0,2.0,4.0,4.0,full,6487.163509063795,,1,5,bic,0.7046629169490188,0.2280531249707564,0.9327160419197752,,,,,,relu,227.0,True,,,
swiss_roll,32,2,ae_tanh,auto,ok,,0.1625083766700442,600,3,2.0,2.0,3.0,3.0,full,1430.3262573184832,,1,5,bic,,0.1560150420409627,0.204519499966409,,,,,,,,,,,
swiss_roll,32,2,autog2m2,auto,ok,,0.4177471658489495,600,3,2.0,2.0,5.0,5.0,full,473.20891996409466,,1,5,bic,,0.1819405830465257,0.2519739579875022,,,,,,,,,,,
swiss_roll,32,2,autogmm_spectral,auto,ok,,0.2261364254262692,600,3,2.0,2.0,5.0,5.0,full,-9212.838684475511,lse,1,5,bic,,0.1835334999486804,0.2375697080278769,,,,,,,,,,,
swiss_roll,32,2,mclust,auto,ok,,0.0,600,3,32.0,,1.0,1.0,XXX,118579.24163780916,,1,5,bic,,44.25903824996203,44.25903824996203,,,,,,,,,,,
swiss_roll,32,2,pca,auto,ok,,0.1417428425698002,600,3,2.0,2.0,2.0,2.0,tied,6395.569162719747,,1,5,bic,,0.1780170000274665,0.2313424160238355,,,,,,,,,,,
swiss_roll,32,2,umap,auto,ok,,0.2694031024364968,600,3,2.0,2.0,5.0,5.0,spherical,5791.098115713698,,1,5,bic,,0.1911033749929629,0.2403506249538622,,,,,,,,,,,
swiss_roll,32,3,ae_relu,auto,ok,,0.2677294333101218,600,3,2.0,2.0,5.0,5.0,full,6249.070690065558,,1,5,bic,1.4815508329775184,0.2710378339979797,1.7525886669754982,,,,,,relu,480.0,True,,,
swiss_roll,32,3,ae_tanh,auto,ok,,0.355626278782701,600,3,2.0,2.0,5.0,5.0,diag,1523.6171676419706,,1,5,bic,,0.1454876670031808,0.1739197080023586,,,,,,,,,,,
swiss_roll,32,3,autog2m2,auto,ok,,0.7096011817493305,600,3,2.0,2.0,5.0,5.0,full,1348.6634025539952,,1,5,bic,,0.1136979580041952,0.1399378329515457,,,,,,,,,,,
swiss_roll,32,3,autogmm_spectral,auto,ok,,0.3400693125595612,600,3,2.0,2.0,5.0,5.0,full,-9683.843155734015,lse,1,5,bic,,0.1286857499508187,0.1641128339688293,,,,,,,,,,,
swiss_roll,32,3,mclust,auto,ok,,0.0,600,3,32.0,,1.0,1.0,XXX,122270.7036594106,,1,5,bic,,48.79745645890944,48.79745645890944,,,,,,,,,,,
swiss_roll,32,3,pca,auto,ok,,0.2836479314288272,600,3,2.0,2.0,5.0,5.0,full,5911.694019710981,,1,5,bic,,0.1273387080291286,0.164404375012964,,,,,,,,,,,
swiss_roll,32,3,umap,auto,ok,,0.2339319761230145,600,3,2.0,2.0,5.0,5.0,full,5670.634618842204,,1,5,bic,,0.100470709032379,0.1334400409832596,,,,,,,,,,,
swiss_roll,32,4,ae_relu,auto,ok,,0.1196663935869954,600,3,2.0,2.0,5.0,5.0,full,5385.554639833302,,1,5,bic,1.6966746249236166,0.2204102500109002,1.9170848749345168,,,,,,relu,550.0,True,,,
swiss_roll,32,4,ae_tanh,auto,ok,,0.2967606759826121,600,3,2.0,2.0,5.0,5.0,diag,1397.3556019712228,,1,5,bic,,0.1674195409868843,0.2176657090312801,,,,,,,,,,,
swiss_roll,32,4,autog2m2,auto,ok,,0.2457074688411683,600,3,2.0,2.0,5.0,5.0,full,1318.1798424284589,,1,5,bic,,0.1199922079686075,0.1535841249860823,,,,,,,,,,,
swiss_roll,32,4,autogmm_spectral,auto,ok,,0.3766157661607152,600,3,2.0,2.0,5.0,5.0,full,-9299.072680939966,lse,1,5,bic,,0.1309670829796232,0.1723091250169091,,,,,,,,,,,
swiss_roll,32,4,mclust,auto,ok,,0.0,600,3,32.0,,1.0,1.0,XXX,119893.31508787646,,1,5,bic,,39.58907604101114,39.58907604101114,,,,,,,,,,,
swiss_roll,32,4,pca,auto,ok,,0.2410206442247414,600,3,2.0,2.0,5.0,5.0,full,6236.263105741279,,1,5,bic,,0.1269870839896612,0.1604151659994386,,,,,,,,,,,
swiss_roll,32,4,umap,auto,ok,,0.4520585262964737,600,3,2.0,2.0,5.0,5.0,full,5830.751534001818,,1,5,bic,,0.089115333976224,0.1119661250268109,,,,,,,,,,,
swiss_roll,32,5,ae_relu,auto,ok,,0.0663852926763724,600,3,2.0,2.0,5.0,5.0,full,5651.120418164202,,1,5,bic,1.1914414999773726,0.2898087500361725,1.4812502500135452,,,,,,relu,383.0,True,,,
swiss_roll,32,5,ae_tanh,auto,ok,,0.0396525403077619,600,3,2.0,2.0,5.0,5.0,full,1449.0981004523787,,1,5,bic,,0.2956795000354759,0.3430007090209983,,,,,,,,,,,
swiss_roll,32,5,autog2m2,auto,ok,,0.2974715717214387,600,3,2.0,2.0,5.0,5.0,full,811.0688796698828,,1,5,bic,,0.2189754999708384,0.2616721669910475,,,,,,,,,,,
swiss_roll,32,5,autogmm_spectral,auto,ok,,0.2352892669695462,600,3,2.0,2.0,5.0,5.0,full,-9348.663579255091,lse,1,5,bic,,0.2043362080003135,0.3240903750411235,,,,,,,,,,,
swiss_roll,32,5,mclust,auto,ok,,0.0,600,3,32.0,,1.0,1.0,XXX,117745.3705188262,,1,5,bic,,25.888980207964774,25.888980207964774,,,,,,,,,,,
swiss_roll,32,5,pca,auto,ok,,0.0628817543035237,600,3,2.0,2.0,5.0,5.0,full,6299.735078181055,,1,5,bic,,0.1285179580445401,0.190400541992858,,,,,,,,,,,
swiss_roll,32,5,umap,auto,ok,,0.6393765018356805,600,3,2.0,2.0,5.0,5.0,full,5758.273307931233,,1,5,bic,,0.1512264579650946,0.2092907499754801,,,,,,,,,,,
swiss_roll,32,6,ae_relu,auto,ok,,0.2034888280948141,600,3,2.0,2.0,4.0,4.0,full,5262.950742820992,,1,5,bic,1.830367916962132,0.1824664999730885,2.0128344169352204,,,,,,relu,594.0,True,,,
swiss_roll,32,6,ae_tanh,auto,ok,,0.2312816426702794,600,3,2.0,2.0,5.0,5.0,diag,1348.267331954076,,1,5,bic,,0.1587907500215806,0.1911216250155121,,,,,,,,,,,
swiss_roll,32,6,autog2m2,auto,ok,,0.326653766070657,600,3,2.0,2.0,5.0,5.0,full,1329.766609659041,,1,5,bic,,0.1537287090322934,0.1935660830349661,,,,,,,,,,,
swiss_roll,32,6,autogmm_spectral,auto,ok,,0.4430518218625719,600,3,2.0,2.0,5.0,5.0,full,-9863.85394898464,lse,1,5,bic,,0.1185974589898251,0.1463573339860886,,,,,,,,,,,
swiss_roll,32,6,mclust,auto,ok,,0.0,600,3,32.0,,1.0,1.0,XXX,121043.73189465294,,1,5,bic,,33.983049417031,33.983049417031,,,,,,,,,,,
swiss_roll,32,6,pca,auto,ok,,0.2576794269430293,600,3,2.0,2.0,5.0,5.0,full,6102.035732403999,,1,5,bic,,0.1440367919858545,0.183225333050359,,,,,,,,,,,
swiss_roll,32,6,umap,auto,ok,,0.5186500394852169,600,3,2.0,2.0,5.0,5.0,full,5769.907532980136,,1,5,bic,,0.0997844170196913,0.1319167079636827,,,,,,,,,,,
swiss_roll,32,7,ae_relu,auto,ok,,0.2402236494337238,600,3,2.0,2.0,5.0,5.0,full,5022.407692191341,,1,5,bic,2.0236862919991836,0.2025664579123258,2.2262527499115095,,,,,,relu,653.0,True,,,
swiss_roll,32,7,ae_tanh,auto,ok,,0.2388919643340509,600,3,2.0,2.0,5.0,5.0,diag,1514.1555441372643,,1,5,bic,,0.2147823339910246,0.2857216660049744,,,,,,,,,,,
swiss_roll,32,7,autog2m2,auto,ok,,0.2992403923659156,600,3,2.0,2.0,5.0,5.0,full,1072.0727191720443,,1,5,bic,,0.1823302080156281,0.2260717920144088,,,,,,,,,,,
swiss_roll,32,7,autogmm_spectral,auto,ok,,0.2972079827412019,600,3,2.0,2.0,5.0,5.0,full,-9223.141087462312,lse,1,5,bic,,0.1971395000000484,0.2420101250172592,,,,,,,,,,,
swiss_roll,32,7,mclust,auto,ok,,0.0,600,3,32.0,,1.0,1.0,XXX,116064.8082755902,,1,5,bic,,52.75725066696759,52.75725066696759,,,,,,,,,,,
swiss_roll,32,7,pca,auto,ok,,0.1794978133896862,600,3,2.0,2.0,2.0,2.0,tied,6379.8433186247385,,1,5,bic,,0.1398201669799164,0.1831894170027226,,,,,,,,,,,
swiss_roll,32,7,umap,auto,ok,,0.3778056559273221,600,3,2.0,2.0,5.0,5.0,full,5658.617806643258,,1,5,bic,,0.1418621250195428,0.1865359170478768,,,,,,,,,,,
swiss_roll,32,8,ae_relu,auto,ok,,0.0704818746117078,600,3,2.0,2.0,4.0,4.0,full,5522.322214799721,,1,5,bic,0.9018001669319348,0.2109888331033289,1.1127890000352636,,,,,,relu,292.0,True,,,
swiss_roll,32,8,ae_tanh,auto,ok,,0.3961538318131518,600,3,2.0,2.0,4.0,4.0,tied,1178.8680567918498,,1,5,bic,,0.2293149160104803,0.2783969580195844,,,,,,,,,,,
swiss_roll,32,8,autog2m2,auto,ok,,0.5099642037411697,600,3,2.0,2.0,5.0,5.0,full,782.0547061067265,,1,5,bic,,0.1717957090004347,0.2109142920235172,,,,,,,,,,,
swiss_roll,32,8,autogmm_spectral,auto,ok,,0.2253579262566472,600,3,2.0,2.0,5.0,5.0,full,-8873.714496458999,lse,1,5,bic,,0.1756688340101391,0.2156067499890923,,,,,,,,,,,
swiss_roll,32,8,mclust,auto,ok,,0.0,600,3,32.0,,1.0,1.0,XXX,125324.10559489028,,1,5,bic,,30.149214999983087,30.149214999983087,,,,,,,,,,,
swiss_roll,32,8,pca,auto,ok,,0.1983434945272066,600,3,2.0,2.0,5.0,5.0,full,6288.708423704984,,1,5,bic,,0.2157581250066869,0.2837486659991555,,,,,,,,,,,
swiss_roll,32,8,umap,auto,ok,,0.3051867113562796,600,3,2.0,2.0,5.0,5.0,full,5606.428126782979,,1,5,bic,,0.1927777089877054,0.2557673339615576,,,,,,,,,,,
swiss_roll,32,9,ae_relu,auto,ok,,0.2282272065449945,600,3,2.0,2.0,5.0,5.0,full,5372.433129808915,,1,5,bic,0.1843334580771625,0.2590296251000836,0.4433630831772461,,,,,,relu,58.0,True,,,
swiss_roll,32,9,ae_tanh,auto,ok,,0.2141444230673178,600,3,2.0,2.0,5.0,5.0,full,1495.4601443661131,,1,5,bic,,0.2161379579920321,0.2687957909656688,,,,,,,,,,,
swiss_roll,32,9,autog2m2,auto,ok,,0.210800337290623,600,3,2.0,2.0,5.0,5.0,full,1477.8075943258218,,1,5,bic,,0.2610631249845028,0.3086650830227881,,,,,,,,,,,
swiss_roll,32,9,autogmm_spectral,auto,ok,,0.2683428477350048,600,3,2.0,2.0,5.0,5.0,full,-9534.359912063132,lse,1,5,bic,,0.207750792033039,0.2703002079506404,,,,,,,,,,,
swiss_roll,32,9,mclust,auto,ok,,0.0,600,3,32.0,,1.0,1.0,XXX,118327.4065735935,,1,5,bic,,42.42524208303075,42.42524208303075,,,,,,,,,,,
swiss_roll,32,9,pca,auto,ok,,0.2604078098884649,600,3,2.0,2.0,5.0,5.0,full,6133.089672760339,,1,5,bic,,0.3332685410277918,0.4015210830257274,,,,,,,,,,,
swiss_roll,32,9,umap,auto,ok,,0.4439314346158107,600,3,2.0,2.0,5.0,5.0,full,5652.058133631962,,1,5,bic,,0.2119843339896761,0.2513483749935403,,,,,,,,,,,
swiss_roll,32,10,ae_relu,auto,error,Singular matrix,,600,3,,,,,,,,1,5,bic,,,,,,,,,,,,,,
swiss_roll,32,10,ae_tanh,auto,ok,,0.1335172001981738,600,3,2.0,2.0,3.0,3.0,full,1205.4194955963887,,1,5,bic,,0.3221587910084054,0.4008253329666331,,,,,,,,,,,
swiss_roll,32,10,autog2m2,auto,ok,,0.2523923892325528,600,3,2.0,2.0,5.0,5.0,full,1017.2719522105452,,1,5,bic,,0.2315620830049738,0.2971831670147367,,,,,,,,,,,
swiss_roll,32,10,autogmm_spectral,auto,ok,,0.2359675094424044,600,3,2.0,2.0,5.0,5.0,full,-9629.5011093751,lse,1,5,bic,,0.3439031669986434,0.4440632079495117,,,,,,,,,,,
swiss_roll,32,10,mclust,auto,ok,,0.0,600,3,32.0,,1.0,1.0,XXX,114842.93064867024,,1,5,bic,,33.85826087498572,33.85826087498572,,,,,,,,,,,
swiss_roll,32,10,pca,auto,ok,,0.0922650556273092,600,3,2.0,2.0,4.0,4.0,diag,6092.587749440339,,1,5,bic,,0.2390324579901062,0.2927456669858657,,,,,,,,,,,
swiss_roll,32,10,umap,auto,ok,,0.4637654085023053,600,3,2.0,2.0,5.0,5.0,full,5685.036766817738,,1,5,bic,,0.2062124999938532,0.2857914579799399,,,,,,,,,,,
swiss_roll,32,11,ae_relu,auto,ok,,0.1175526986937585,600,3,2.0,2.0,5.0,5.0,full,5738.946937479026,,1,5,bic,1.2676644169259816,0.2586281249532476,1.5262925418792292,,,,,,relu,404.0,True,,,
swiss_roll,32,11,ae_tanh,auto,ok,,0.2416523601113557,600,3,2.0,2.0,4.0,4.0,full,1373.9038919968038,,1,5,bic,,0.2380189999821595,0.2994565420085564,,,,,,,,,,,
swiss_roll,32,11,autog2m2,auto,ok,,0.3508746068222836,600,3,2.0,2.0,5.0,5.0,full,1410.5646423438293,,1,5,bic,,0.3575761659885756,0.45039395801723,,,,,,,,,,,
swiss_roll,32,11,autogmm_spectral,auto,ok,,0.2701245838119513,600,3,2.0,2.0,5.0,5.0,full,-9312.4356233461,lse,1,5,bic,,0.1917221669573336,0.2579769169678911,,,,,,,,,,,
swiss_roll,32,11,mclust,auto,ok,,0.0,600,3,32.0,,1.0,1.0,XXX,119125.33249974708,,1,5,bic,,53.93069412489422,53.93069412489422,,,,,,,,,,,
swiss_roll,32,11,pca,auto,ok,,0.1761397952029977,600,3,2.0,2.0,5.0,5.0,full,6364.027141038605,,1,5,bic,,0.22033904195996,0.2805525840376504,,,,,,,,,,,
swiss_roll,32,11,umap,auto,ok,,0.5056727824630969,600,3,2.0,2.0,5.0,5.0,diag,5707.723200101664,,1,5,bic,,0.2763980830204673,0.3499914590502158,,,,,,,,,,,
swiss_roll,32,12,ae_relu,auto,ok,,0.143942070521317,600,3,2.0,2.0,5.0,5.0,full,6429.489037834061,,1,5,bic,0.899657916976139,0.2335934999864548,1.1332514169625938,,,,,,relu,289.0,True,,,
swiss_roll,32,12,ae_tanh,auto,ok,,0.2030810467374589,600,3,2.0,2.0,4.0,4.0,diag,1427.6646787923708,,1,5,bic,,0.2169560419861227,0.2859614170156419,,,,,,,,,,,
swiss_roll,32,12,autog2m2,auto,ok,,0.4953660976774607,600,3,2.0,2.0,4.0,4.0,full,964.1192159079892,,1,5,bic,,0.2623808339703828,0.329154415987432,,,,,,,,,,,
swiss_roll,32,12,autogmm_spectral,auto,ok,,0.2994450226279753,600,3,2.0,2.0,5.0,5.0,full,-9416.03361982266,lse,1,5,bic,,0.1903111669817008,0.2443453750456683,,,,,,,,,,,
swiss_roll,32,12,mclust,auto,ok,,0.0,600,3,32.0,,1.0,1.0,XXX,119389.36994181732,,1,5,bic,,38.91322291700635,38.91322291700635,,,,,,,,,,,
swiss_roll,32,12,pca,auto,ok,,0.2194830017100021,600,3,2.0,2.0,4.0,4.0,full,6320.970716895371,,1,5,bic,,0.2425507080042734,0.3090567920007743,,,,,,,,,,,
swiss_roll,32,12,umap,auto,ok,,0.3865944774653051,600,3,2.0,2.0,5.0,5.0,full,5623.88850903776,,1,5,bic,,0.1795615419978276,0.2235041249659843,,,,,,,,,,,
swiss_roll,32,13,ae_relu,auto,ok,,0.1733202046493596,600,3,2.0,2.0,4.0,4.0,full,5623.334651516062,,1,5,bic,1.8874316670699045,0.1987982080318033,2.086229875101708,,,,,,relu,612.0,True,,,
swiss_roll,32,13,ae_tanh,auto,ok,,0.2138120953882658,600,3,2.0,2.0,5.0,5.0,full,1622.489551054632,,1,5,bic,,0.2398809589794837,0.2952405840042047,,,,,,,,,,,
swiss_roll,32,13,autog2m2,auto,ok,,0.3136583181057455,600,3,2.0,2.0,5.0,5.0,full,707.5046115150532,,1,5,bic,,0.1464523749891668,0.1816269590053707,,,,,,,,,,,
swiss_roll,32,13,autogmm_spectral,auto,ok,,0.3660401276418425,600,3,2.0,2.0,5.0,5.0,full,-9569.063065368122,lse,1,5,bic,,0.205810040992219,0.283884540956933,,,,,,,,,,,
swiss_roll,32,13,mclust,auto,ok,,0.0,600,3,32.0,,1.0,1.0,XXX,118402.53796788622,,1,5,bic,,49.45693683309946,49.45693683309946,,,,,,,,,,,
swiss_roll,32,13,pca,auto,ok,,0.3559992650462785,600,3,2.0,2.0,5.0,5.0,full,6171.8453390140585,,1,5,bic,,0.1993233750108629,0.2476980839855969,,,,,,,,,,,
swiss_roll,32,13,umap,auto,ok,,0.3731574264025877,600,3,2.0,2.0,5.0,5.0,full,5547.5902734237225,,1,5,bic,,0.1778988749720156,0.2247229589847847,,,,,,,,,,,
swiss_roll,32,14,ae_relu,auto,ok,,0.3347449642077422,600,3,2.0,2.0,4.0,4.0,full,5160.9935401305975,,1,5,bic,1.4065544579643756,0.2185812920797616,1.6251357500441372,,,,,,relu,453.0,True,,,
swiss_roll,32,14,ae_tanh,auto,ok,,0.2475559301847998,600,3,2.0,2.0,4.0,4.0,diag,1350.9251822956842,,1,5,bic,,0.2134642499731853,0.2705980419996194,,,,,,,,,,,
swiss_roll,32,14,autog2m2,auto,ok,,0.3724744990327916,600,3,2.0,2.0,5.0,5.0,full,1057.9830131143383,,1,5,bic,,0.3043967499979771,0.368067457980942,,,,,,,,,,,
swiss_roll,32,14,autogmm_spectral,auto,ok,,0.2892016344524308,600,3,2.0,2.0,5.0,5.0,full,-9501.897163446298,lse,1,5,bic,,0.4223682910087518,0.5074003750341944,,,,,,,,,,,
swiss_roll,32,14,mclust,auto,ok,,0.0,600,3,32.0,,1.0,1.0,XXX,121476.33710300396,,1,5,bic,,40.83136525005102,40.83136525005102,,,,,,,,,,,
swiss_roll,32,14,pca,auto,ok,,0.2953169977918275,600,3,2.0,2.0,4.0,4.0,diag,6220.378833496747,,1,5,bic,,0.2193969159852713,0.2796475830255076,,,,,,,,,,,
swiss_roll,32,14,umap,auto,ok,,0.5142572567969048,600,3,2.0,2.0,5.0,5.0,full,5797.0193867268845,,1,5,bic,,0.1764431250048801,0.2259736669948324,,,,,,,,,,,
swiss_roll,32,15,ae_relu,auto,ok,,0.2791734280687877,600,3,2.0,2.0,4.0,4.0,full,6495.36893420109,,1,5,bic,1.214307582937181,0.268675124971196,1.482982707908377,,,,,,relu,391.0,True,,,
swiss_roll,32,15,ae_tanh,auto,ok,,0.1587051535140732,600,3,2.0,2.0,5.0,5.0,diag,1830.3961829707184,,1,5,bic,,0.3137349589960649,0.3942880419781431,,,,,,,,,,,
swiss_roll,32,15,autog2m2,auto,ok,,0.5335266876964037,600,3,2.0,2.0,5.0,5.0,full,1244.9097717059944,,1,5,bic,,0.39513070799876,0.4669836670509539,,,,,,,,,,,
swiss_roll,32,15,autogmm_spectral,auto,ok,,0.2787546910723137,600,3,2.0,2.0,5.0,5.0,full,-9717.598431603126,lse,1,5,bic,,0.3225138749694451,0.3879517909954302,,,,,,,,,,,
swiss_roll,32,15,mclust,auto,ok,,0.0,600,3,32.0,,1.0,1.0,XXX,122932.31794427056,,1,5,bic,,30.38587587501388,30.38587587501388,,,,,,,,,,,
swiss_roll,32,15,pca,auto,ok,,0.1303741925846391,600,3,2.0,2.0,5.0,5.0,full,6340.62274121434,,1,5,bic,,0.2735877920058556,0.354419874958694,,,,,,,,,,,
swiss_roll,32,15,umap,auto,ok,,0.5390665723880441,600,3,2.0,2.0,5.0,5.0,full,5628.856340128326,,1,5,bic,,0.2945930419955402,0.3813809169805608,,,,,,,,,,,
swiss_roll,32,16,ae_relu,auto,ok,,0.0919167712275103,600,3,2.0,2.0,5.0,5.0,full,6936.01136459154,,1,5,bic,0.7615349169354886,0.2526800408959389,1.0142149578314277,,,,,,relu,247.0,True,,,
swiss_roll,32,16,ae_tanh,auto,ok,,0.0237069539537498,600,3,2.0,2.0,2.0,2.0,tied,1351.0151046961391,,1,5,bic,,0.2565272919600829,0.3266371670179069,,,,,,,,,,,
swiss_roll,32,16,autog2m2,auto,ok,,0.3047734218284965,600,3,2.0,2.0,5.0,5.0,full,1086.2971125831696,,1,5,bic,,0.3065358750172891,0.3897357920068316,,,,,,,,,,,
swiss_roll,32,16,autogmm_spectral,auto,ok,,0.4090698671507958,600,3,2.0,2.0,5.0,5.0,full,-9479.149078036127,lse,1,5,bic,,0.3529442500439472,0.4369259579689242,,,,,,,,,,,
swiss_roll,32,16,mclust,auto,ok,,0.0,600,3,32.0,,1.0,1.0,XXX,122809.79508535846,,1,5,bic,,36.27886725007557,36.27886725007557,,,,,,,,,,,
swiss_roll,32,16,pca,auto,ok,,0.0257840791705428,600,3,2.0,2.0,2.0,2.0,tied,6350.476378613926,,1,5,bic,,0.2387463750201277,0.3034787499927915,,,,,,,,,,,
swiss_roll,32,16,umap,auto,ok,,0.3291944296196359,600,3,2.0,2.0,5.0,5.0,full,5576.547143832247,,1,5,bic,,0.2501305839978158,0.3086101250373758,,,,,,,,,,,
swiss_roll,32,17,ae_relu,auto,ok,,0.2726658406659856,600,3,2.0,2.0,5.0,5.0,full,5525.808575799728,,1,5,bic,1.6191810839809475,0.2237392090028152,1.842920292983763,,,,,,relu,526.0,True,,,
swiss_roll,32,17,ae_tanh,auto,ok,,0.3239835075287973,600,3,2.0,2.0,5.0,5.0,full,1436.8912317004438,,1,5,bic,,0.3341645420296117,0.4020039170281961,,,,,,,,,,,
swiss_roll,32,17,autog2m2,auto,ok,,0.2580404599995308,600,3,2.0,2.0,5.0,5.0,full,1232.073537144261,,1,5,bic,,0.2901362500269897,0.388168083038181,,,,,,,,,,,
swiss_roll,32,17,autogmm_spectral,auto,ok,,0.2760309080662078,600,3,2.0,2.0,5.0,5.0,full,-9244.743106102074,lse,1,5,bic,,0.3678638749988749,0.4398972920025699,,,,,,,,,,,
swiss_roll,32,17,mclust,auto,ok,,0.0,600,3,32.0,,1.0,1.0,XXX,123015.4854763051,,1,5,bic,,33.30492566700559,33.30492566700559,,,,,,,,,,,
swiss_roll,32,17,pca,auto,ok,,0.3047671589092178,600,3,2.0,2.0,5.0,5.0,full,6087.73594394151,,1,5,bic,,0.3712187499622814,0.4920363749843091,,,,,,,,,,,
swiss_roll,32,17,umap,auto,ok,,0.5231889186560565,600,3,2.0,2.0,5.0,5.0,full,5786.544233599986,,1,5,bic,,0.2033840829972177,0.2543428329518065,,,,,,,,,,,
swiss_roll,32,18,ae_relu,auto,ok,,0.1478492158869139,600,3,2.0,2.0,5.0,5.0,full,5885.906257110338,,1,5,bic,0.4542881670640781,0.2220691669499501,0.6763573340140283,,,,,,relu,145.0,True,,,
swiss_roll,32,18,ae_tanh,auto,ok,,0.0031380111470048,600,3,2.0,2.0,2.0,2.0,tied,1352.069398926056,,1,5,bic,,0.2332199590164236,0.2902330000069923,,,,,,,,,,,
swiss_roll,32,18,autog2m2,auto,ok,,0.2926282995035324,600,3,2.0,2.0,5.0,5.0,full,877.8313176040643,,1,5,bic,,0.284962915990036,0.3777715829783119,,,,,,,,,,,
swiss_roll,32,18,autogmm_spectral,auto,ok,,0.1925811091995278,600,3,2.0,2.0,5.0,5.0,full,-8908.269072784926,lse,1,5,bic,,0.2817502089892514,0.3751307920319959,,,,,,,,,,,
swiss_roll,32,18,mclust,auto,ok,,0.0,600,3,32.0,,1.0,1.0,XXX,116092.24789867213,,1,5,bic,,36.35900858300738,36.35900858300738,,,,,,,,,,,
swiss_roll,32,18,pca,auto,ok,,-0.0008297159796841,600,3,2.0,2.0,2.0,2.0,tied,6378.963874144714,,1,5,bic,,0.2272087919991463,0.2890802079928107,,,,,,,,,,,
swiss_roll,32,18,umap,auto,ok,,0.3659193988105194,600,3,2.0,2.0,5.0,5.0,full,5468.073966236361,,1,5,bic,,0.3094151660334319,0.3889832089771516,,,,,,,,,,,
swiss_roll,32,19,ae_relu,auto,ok,,0.1772934624594401,600,3,2.0,2.0,5.0,5.0,full,6393.321809230255,,1,5,bic,1.3053677499992773,0.233993542031385,1.5393612920306623,,,,,,relu,421.0,True,,,
swiss_roll,32,19,ae_tanh,auto,ok,,0.2905250494575725,600,3,2.0,2.0,3.0,3.0,full,1419.9749503238336,,1,5,bic,,0.2509430409991182,0.3242660409887321,,,,,,,,,,,
swiss_roll,32,19,autog2m2,auto,ok,,0.4482706125655112,600,3,2.0,2.0,5.0,5.0,full,1025.136764617253,,1,5,bic,,0.3462815410457551,0.4728838340379298,,,,,,,,,,,
swiss_roll,32,19,autogmm_spectral,auto,ok,,0.4010745135914766,600,3,2.0,2.0,5.0,5.0,full,-9670.158481098177,lse,1,5,bic,,0.3071130829630419,0.4116582080023363,,,,,,,,,,,
swiss_roll,32,19,mclust,auto,ok,,0.0,600,3,32.0,,1.0,1.0,XXX,121656.60885162136,,1,5,bic,,41.85109062504489,41.85109062504489,,,,,,,,,,,
swiss_roll,32,19,pca,auto,ok,,0.2820781324801636,600,3,2.0,2.0,3.0,3.0,full,6337.611464007892,,1,5,bic,,0.220888499985449,0.3023128330241889,,,,,,,,,,,
swiss_roll,32,19,umap,auto,ok,,0.4719847965964742,600,3,2.0,2.0,5.0,5.0,full,5531.947181227394,,1,5,bic,,0.1740566669614054,0.2267839999985881,,,,,,,,,,,
swiss_roll,64,0,ae_relu,auto,ok,,0.1716239668757766,600,3,2.0,2.0,5.0,5.0,full,5025.441236653456,,1,5,bic,2.613892999943346,0.2151758749969303,2.829068874940276,,,,,,relu,578.0,True,,,
swiss_roll,64,0,ae_tanh,auto,ok,,0.015744366236137,600,3,2.0,2.0,4.0,4.0,tied,1410.106610969451,,1,5,bic,,0.1142312500160187,0.159506915952079,,,,,,,,,,,
swiss_roll,64,0,autog2m2,auto,ok,,0.2078043488549666,600,3,2.0,2.0,5.0,5.0,full,1128.0734275304317,,1,5,bic,,0.1093657499877736,0.1394898750004358,,,,,,,,,,,
swiss_roll,64,0,autogmm_spectral,auto,ok,,0.268389585612693,600,3,2.0,2.0,5.0,5.0,full,-9160.01321217678,lse,1,5,bic,,0.1582988339941948,0.2076637080172076,,,,,,,,,,,
swiss_roll,64,0,mclust,auto,ok,,0.0,600,3,64.0,,1.0,1.0,XXX,255467.46900363147,,1,5,bic,,420.9470428329659,420.9470428329659,,,,,,,,,,,
swiss_roll,64,0,pca,auto,ok,,0.0200309611200218,600,3,2.0,2.0,4.0,4.0,tied,7009.035389758363,,1,5,bic,,0.1367247499874793,0.17203487502411,,,,,,,,,,,
swiss_roll,64,0,umap,auto,ok,,0.6599827942934526,600,3,2.0,2.0,5.0,5.0,full,5469.985507675625,,1,5,bic,,0.0804738340084441,0.1069716250058263,,,,,,,,,,,
swiss_roll,64,1,ae_relu,auto,ok,,0.2115181272084144,600,3,2.0,2.0,4.0,4.0,tied,5419.17675123752,,1,5,bic,1.194047375000082,0.2115981249371543,1.4056454999372363,,,,,,relu,265.0,True,,,
swiss_roll,64,1,ae_tanh,auto,ok,,0.0787386697808832,600,3,2.0,2.0,5.0,5.0,full,1533.101646146164,,1,5,bic,,0.1702619579737074,0.2297092080116272,,,,,,,,,,,
swiss_roll,64,1,autog2m2,auto,ok,,0.33914909607326,600,3,2.0,2.0,5.0,5.0,full,1332.2473495428749,,1,5,bic,,0.1713022500043735,0.2590377079905011,,,,,,,,,,,
swiss_roll,64,1,autogmm_spectral,auto,ok,,0.2925375953815413,600,3,2.0,2.0,5.0,5.0,full,-9168.685202915638,lse,1,5,bic,,0.1626269579865038,0.2009276250028051,,,,,,,,,,,
swiss_roll,64,1,mclust,auto,ok,,0.0,600,3,64.0,,1.0,1.0,XXX,243865.06909726933,,1,5,bic,,418.55329049995635,418.55329049995635,,,,,,,,,,,
swiss_roll,64,1,pca,auto,ok,,0.0319881808377306,600,3,2.0,2.0,2.0,2.0,tied,7123.088549014039,,1,5,bic,,0.1289648750098422,0.1685083750053309,,,,,,,,,,,
swiss_roll,64,1,umap,auto,ok,,0.5369111458405991,600,3,2.0,2.0,5.0,5.0,full,5523.207025671332,,1,5,bic,,0.126249958993867,0.1600331249646842,,,,,,,,,,,
swiss_roll,64,2,ae_relu,auto,ok,,0.2741989028376194,600,3,2.0,2.0,5.0,5.0,full,7221.457540556373,,1,5,bic,2.4636578330537304,0.2561835000524297,2.71984133310616,,,,,,relu,547.0,True,,,
swiss_roll,64,2,ae_tanh,auto,ok,,0.3006773343884883,600,3,2.0,2.0,5.0,5.0,full,1540.5904644980749,,1,5,bic,,0.200673374987673,0.24618916696636,,,,,,,,,,,
swiss_roll,64,2,autog2m2,auto,ok,,0.6027662293942322,600,3,2.0,2.0,5.0,5.0,full,1245.8440014794355,,1,5,bic,,0.1664882919867523,0.2112261250149458,,,,,,,,,,,
swiss_roll,64,2,autogmm_spectral,auto,ok,,0.3680090157228246,600,3,2.0,2.0,5.0,5.0,full,-9141.388454751728,lse,1,5,bic,,0.1505546669941395,0.1955086250090971,,,,,,,,,,,
swiss_roll,64,2,mclust,auto,ok,,0.0,600,3,64.0,,1.0,1.0,XXX,253448.52148125865,,1,5,bic,,219.32345787493975,219.32345787493975,,,,,,,,,,,
swiss_roll,64,2,pca,auto,ok,,0.2964417756397153,600,3,2.0,2.0,4.0,4.0,diag,6874.3308664778815,,1,5,bic,,0.1474049999960698,0.2094276249990798,,,,,,,,,,,
swiss_roll,64,2,umap,auto,ok,,0.4114156659653044,600,3,2.0,2.0,5.0,5.0,diag,5604.284278864145,,1,5,bic,,0.1006524999975226,0.1354408749612048,,,,,,,,,,,
swiss_roll,64,3,ae_relu,auto,ok,,0.0564103194741434,600,3,2.0,2.0,5.0,5.0,full,7353.22874555251,,1,5,bic,0.8709981249412522,0.2614896249724552,1.1324877499137074,,,,,,relu,191.0,True,,,
swiss_roll,64,3,ae_tanh,auto,ok,,0.0133872486528094,600,3,2.0,2.0,5.0,5.0,diag,1511.2050065169649,,1,5,bic,,0.1119590409798547,0.1941826249822043,,,,,,,,,,,
swiss_roll,64,3,autog2m2,auto,ok,,0.749073126880674,600,3,2.0,2.0,5.0,5.0,full,987.8004331780857,,1,5,bic,,0.119948208972346,0.1508812079555355,,,,,,,,,,,
swiss_roll,64,3,autogmm_spectral,auto,ok,,0.2730353043509783,600,3,2.0,2.0,5.0,5.0,full,-9047.06494406641,lse,1,5,bic,,0.1300123329856433,0.1616803339566104,,,,,,,,,,,
swiss_roll,64,3,mclust,auto,ok,,0.0,600,3,64.0,,1.0,1.0,XXX,259231.63234310463,,1,5,bic,,225.03191866597624,225.03191866597624,,,,,,,,,,,
swiss_roll,64,3,pca,auto,ok,,0.0171552649369682,600,3,2.0,2.0,4.0,4.0,spherical,7109.588387975761,,1,5,bic,,0.0924268339877016,0.1219392080092802,,,,,,,,,,,
swiss_roll,64,3,umap,auto,ok,,0.4529033080298817,600,3,2.0,2.0,5.0,5.0,full,5438.493994156143,,1,5,bic,,0.1459582499810494,0.1646056660101749,,,,,,,,,,,
swiss_roll,64,4,ae_relu,auto,ok,,0.2081811091116812,600,3,2.0,2.0,5.0,5.0,full,5612.4372770827,,1,5,bic,1.7976942920358852,0.2217082089046016,2.019402500940487,,,,,,relu,398.0,True,,,
swiss_roll,64,4,ae_tanh,auto,ok,,0.1418404070863413,600,3,2.0,2.0,4.0,4.0,full,1495.4473073380382,,1,5,bic,,0.1545884999795816,0.1858075420022942,,,,,,,,,,,
swiss_roll,64,4,autog2m2,auto,ok,,0.5002391104578718,600,3,2.0,2.0,5.0,5.0,full,979.6362575691588,,1,5,bic,,0.1451906250440515,0.1850154169951565,,,,,,,,,,,
swiss_roll,64,4,autogmm_spectral,auto,ok,,0.3310810939771551,600,3,2.0,2.0,5.0,5.0,full,-9140.751720826169,lse,1,5,bic,,0.1184055000194348,0.1536608330206945,,,,,,,,,,,
swiss_roll,64,4,mclust,auto,ok,,0.0,600,3,64.0,,1.0,1.0,XXX,257463.90965908117,,1,5,bic,,403.3538976670243,403.3538976670243,,,,,,,,,,,
swiss_roll,64,4,pca,auto,ok,,0.1078986421557365,600,3,2.0,2.0,5.0,5.0,full,7061.7721145104215,,1,5,bic,,0.0978631249745376,0.1238879580050706,,,,,,,,,,,
swiss_roll,64,4,umap,auto,ok,,0.5503774132834132,600,3,2.0,2.0,5.0,5.0,full,5671.85209987424,,1,5,bic,,0.1030889159883372,0.1347515829838812,,,,,,,,,,,
swiss_roll,64,5,ae_relu,auto,ok,,0.1508436423634784,600,3,2.0,2.0,4.0,4.0,full,6988.820619213184,,1,5,bic,1.644181292038411,0.2668569999514147,1.9110382919898257,,,,,,relu,367.0,True,,,
swiss_roll,64,5,ae_tanh,auto,ok,,0.2911915837525998,600,3,2.0,2.0,5.0,5.0,diag,1306.0332892002243,,1,5,bic,,0.2134234590339474,0.2768066249554977,,,,,,,,,,,
swiss_roll,64,5,autog2m2,auto,ok,,0.5287971092037497,600,3,2.0,2.0,5.0,5.0,full,1562.861368244804,,1,5,bic,,0.2477712919935584,0.2973853339790366,,,,,,,,,,,
swiss_roll,64,5,autogmm_spectral,auto,ok,,0.3585116823066489,600,3,2.0,2.0,5.0,5.0,full,-9634.308273945337,lse,1,5,bic,,0.1245213749934919,0.1675615000422112,,,,,,,,,,,
swiss_roll,64,5,mclust,auto,ok,,0.0,600,3,64.0,,1.0,1.0,XXX,253708.10575575885,,1,5,bic,,261.6998630419839,261.6998630419839,,,,,,,,,,,
swiss_roll,64,5,pca,auto,ok,,0.2566547220921151,600,3,2.0,2.0,5.0,5.0,full,6796.5164411027845,,1,5,bic,,0.3182002080138773,0.3764407919952646,,,,,,,,,,,
swiss_roll,64,5,umap,auto,ok,,0.4422104974560105,600,3,2.0,2.0,5.0,5.0,full,5574.6156347167625,,1,5,bic,,0.1728005000040866,0.2916696250322275,,,,,,,,,,,
swiss_roll,64,6,ae_relu,auto,ok,,0.107646414731831,600,3,2.0,2.0,5.0,5.0,diag,5097.833981517746,,1,5,bic,2.3528494579950348,0.2211284579243511,2.573977915919386,,,,,,relu,519.0,True,,,
swiss_roll,64,6,ae_tanh,auto,ok,,0.0887239445088477,600,3,2.0,2.0,5.0,5.0,full,1661.2514654159168,,1,5,bic,,0.2131187089835293,0.2590045830002054,,,,,,,,,,,
swiss_roll,64,6,autog2m2,auto,ok,,0.3058617047064344,600,3,2.0,2.0,5.0,5.0,full,1002.807873629292,,1,5,bic,,0.1742598330019973,0.2090446670190431,,,,,,,,,,,
swiss_roll,64,6,autogmm_spectral,auto,ok,,0.2674384760107349,600,3,2.0,2.0,5.0,5.0,full,-9167.285980879984,lse,1,5,bic,,0.1514522089855745,0.2000938330311328,,,,,,,,,,,
swiss_roll,64,6,mclust,auto,ok,,0.0,600,3,64.0,,1.0,1.0,XXX,259205.68561570524,,1,5,bic,,264.5840710409684,264.5840710409684,,,,,,,,,,,
swiss_roll,64,6,pca,auto,ok,,0.0300115891674431,600,3,2.0,2.0,2.0,2.0,tied,7156.653099155679,,1,5,bic,,0.143450416973792,0.1840247079962864,,,,,,,,,,,
swiss_roll,64,6,umap,auto,ok,,0.6026434775535906,600,3,2.0,2.0,5.0,5.0,full,5600.809390271911,,1,5,bic,,0.1842767919879406,0.2371174580184742,,,,,,,,,,,
swiss_roll,64,7,ae_relu,auto,ok,,0.0901618410839544,600,3,2.0,2.0,5.0,5.0,full,4609.328351805929,,1,5,bic,1.565857584006153,0.3377493750303983,1.9036069590365512,,,,,,relu,347.0,True,,,
swiss_roll,64,7,ae_tanh,auto,ok,,0.0725495282264916,600,3,2.0,2.0,5.0,5.0,diag,1737.135174586332,,1,5,bic,,0.2207519169896841,0.3198405000148341,,,,,,,,,,,
swiss_roll,64,7,autog2m2,auto,ok,,0.1987541540873933,600,3,2.0,2.0,5.0,5.0,full,1124.9964983956088,,1,5,bic,,0.1882622499833814,0.2321712919510901,,,,,,,,,,,
swiss_roll,64,7,autogmm_spectral,auto,ok,,0.2384587856130795,600,3,2.0,2.0,5.0,5.0,full,-9441.123011085476,lse,1,5,bic,,0.2060576670337468,0.2693652090383693,,,,,,,,,,,
swiss_roll,64,7,mclust,auto,ok,,0.0,600,3,64.0,,1.0,1.0,XXX,245404.24451535667,,1,5,bic,,348.05766841606237,348.05766841606237,,,,,,,,,,,
swiss_roll,64,7,pca,auto,ok,,0.0823241687782185,600,3,2.0,2.0,4.0,4.0,tied,7093.020933538417,,1,5,bic,,0.1251166660222225,0.1695959579665213,,,,,,,,,,,
swiss_roll,64,7,umap,auto,ok,,0.4195156705466761,600,3,2.0,2.0,5.0,5.0,full,5314.990090924222,,1,5,bic,,0.2127179590170271,0.2571453339769505,,,,,,,,,,,
swiss_roll,64,8,ae_relu,auto,ok,,0.198237934627637,600,3,2.0,2.0,4.0,4.0,full,6424.58189661835,,1,5,bic,1.3586357090389356,0.2690162499202415,1.6276519589591771,,,,,,relu,301.0,True,,,
swiss_roll,64,8,ae_tanh,auto,ok,,0.34220242480809,600,3,2.0,2.0,5.0,5.0,diag,1188.66375176659,,1,5,bic,,0.1773533330415375,0.2374004999874159,,,,,,,,,,,
swiss_roll,64,8,autog2m2,auto,ok,,0.3422859117450358,600,3,2.0,2.0,5.0,5.0,full,601.6190250576849,,1,5,bic,,0.2262190830078907,0.2961390829877928,,,,,,,,,,,
swiss_roll,64,8,autogmm_spectral,auto,ok,,0.2135404578034936,600,3,2.0,2.0,5.0,5.0,full,-9521.6871462273,lse,1,5,bic,,0.2170461670029908,0.273573792015668,,,,,,,,,,,
swiss_roll,64,8,mclust,auto,ok,,0.0,600,3,64.0,,1.0,1.0,XXX,257790.64980977433,,1,5,bic,,408.68416333396453,408.68416333396453,,,,,,,,,,,
swiss_roll,64,8,pca,auto,ok,,0.2145427330852017,600,3,2.0,2.0,5.0,5.0,full,6803.859322285633,,1,5,bic,,0.2353858340065926,0.2829184579895809,,,,,,,,,,,
swiss_roll,64,8,umap,auto,ok,,0.5432999870858781,600,3,2.0,2.0,5.0,5.0,full,5297.971825690974,,1,5,bic,,0.147038540977519,0.2348671669606119,,,,,,,,,,,
swiss_roll,64,9,ae_relu,auto,ok,,0.26266013341788,600,3,2.0,2.0,5.0,5.0,full,5181.870847702439,,1,5,bic,1.292414875002578,0.2182166250422597,1.5106315000448376,,,,,,relu,285.0,True,,,
swiss_roll,64,9,ae_tanh,auto,ok,,0.1842214839876152,600,3,2.0,2.0,3.0,3.0,full,1527.0936743033824,,1,5,bic,,0.3184771669912152,0.4191329999594018,,,,,,,,,,,
swiss_roll,64,9,autog2m2,auto,ok,,0.275665558148395,600,3,2.0,2.0,5.0,5.0,full,1301.3915488397156,,1,5,bic,,0.4892301250365563,0.568361375015229,,,,,,,,,,,
swiss_roll,64,9,autogmm_spectral,auto,ok,,0.3183124161141555,600,3,2.0,2.0,5.0,5.0,full,-9418.99915744014,lse,1,5,bic,,0.197422583005391,0.2542308330303058,,,,,,,,,,,
swiss_roll,64,9,mclust,auto,ok,,0.0,600,3,64.0,,1.0,1.0,XXX,257807.3150448353,,1,5,bic,,484.4747499580262,484.4747499580262,,,,,,,,,,,
swiss_roll,64,9,pca,auto,ok,,0.1750437600932586,600,3,2.0,2.0,3.0,3.0,full,7022.107499099475,,1,5,bic,,0.4073445420362986,0.5273713750066236,,,,,,,,,,,
swiss_roll,64,9,umap,auto,ok,,0.3671101121809497,600,3,2.0,2.0,5.0,5.0,diag,5522.698509461401,,1,5,bic,,0.1723464169772341,0.228751833026763,,,,,,,,,,,
swiss_roll,64,10,ae_relu,auto,ok,,0.0822735197248425,600,3,2.0,2.0,5.0,5.0,diag,4464.861608479379,,1,5,bic,1.7277223749551922,0.2951983748935163,2.0229207498487085,,,,,,relu,382.0,True,,,
swiss_roll,64,10,ae_tanh,auto,ok,,0.3718524949242219,600,3,2.0,2.0,5.0,5.0,full,1178.979720215223,,1,5,bic,,0.60447987500811,0.6679783330182545,,,,,,,,,,,
swiss_roll,64,10,autog2m2,auto,ok,,0.2646578873384981,600,3,2.0,2.0,5.0,5.0,full,1318.781395647833,,1,5,bic,,0.3635975419892929,0.5153861250146292,,,,,,,,,,,
swiss_roll,64,10,autogmm_spectral,auto,ok,,0.4111775580806648,600,3,2.0,2.0,5.0,5.0,full,-9550.420916262476,lse,1,5,bic,,0.5735735000343993,0.6439045000006445,,,,,,,,,,,
swiss_roll,64,10,mclust,auto,ok,,0.0,600,3,64.0,,1.0,1.0,XXX,257309.13906213615,,1,5,bic,,363.6634475840256,363.6634475840256,,,,,,,,,,,
swiss_roll,64,10,pca,auto,ok,,0.2178481552609569,600,3,2.0,2.0,5.0,5.0,tied,6963.065032620681,,1,5,bic,,0.3226437920238822,0.3928569999989122,,,,,,,,,,,
swiss_roll,64,10,umap,auto,ok,,0.39738717141181,600,3,2.0,2.0,5.0,5.0,full,5765.741234600752,,1,5,bic,,0.1856568749644793,0.224869082972873,,,,,,,,,,,
swiss_roll,64,11,ae_relu,auto,ok,,0.1287072844795448,600,3,2.0,2.0,5.0,5.0,full,5420.232466341845,,1,5,bic,1.3734358340734616,0.2314280410064384,1.6048638750799,,,,,,relu,302.0,True,,,
swiss_roll,64,11,ae_tanh,auto,ok,,0.1053586765482882,600,3,2.0,2.0,5.0,5.0,full,1634.560536567128,,1,5,bic,,0.2100593330105766,0.2635010830126703,,,,,,,,,,,
swiss_roll,64,11,autog2m2,auto,ok,,0.1773579917274412,600,3,2.0,2.0,5.0,5.0,full,1542.936082869529,,1,5,bic,,0.203148125030566,0.288525124953594,,,,,,,,,,,
swiss_roll,64,11,autogmm_spectral,auto,ok,,0.354862109670202,600,3,2.0,2.0,5.0,5.0,full,-8959.393197522959,lse,1,5,bic,,0.2201181249693036,0.2733555830200203,,,,,,,,,,,
swiss_roll,64,11,mclust,auto,ok,,0.0,600,3,64.0,,1.0,1.0,XXX,251041.88828884045,,1,5,bic,,434.3885595409665,434.3885595409665,,,,,,,,,,,
swiss_roll,64,11,pca,auto,ok,,0.2395532216521975,600,3,2.0,2.0,3.0,3.0,tied,7021.008455169147,,1,5,bic,,0.1966172499815002,0.2618084159912541,,,,,,,,,,,
swiss_roll,64,11,umap,auto,ok,,0.289848328785407,600,3,2.0,2.0,5.0,5.0,diag,5369.900721154801,,1,5,bic,,0.1906334170489572,0.2333432080340571,,,,,,,,,,,
swiss_roll,64,12,ae_relu,auto,ok,,0.2102314102296009,600,3,2.0,2.0,4.0,4.0,full,5242.674920675564,,1,5,bic,1.0508727910928428,0.2803870000643655,1.3312597911572084,,,,,,relu,232.0,True,,,
swiss_roll,64,12,ae_tanh,auto,ok,,0.2172192340353496,600,3,2.0,2.0,4.0,4.0,diag,1418.5843304415337,,1,5,bic,,0.2023591250181198,0.2461799999582581,,,,,,,,,,,
swiss_roll,64,12,autog2m2,auto,ok,,0.3195278518491792,600,3,2.0,2.0,5.0,5.0,full,1214.8378869159628,,1,5,bic,,0.2097663749591447,0.2663998340140097,,,,,,,,,,,
swiss_roll,64,12,autogmm_spectral,auto,ok,,0.3157614929799142,600,3,2.0,2.0,5.0,5.0,full,-9486.618219834678,lse,1,5,bic,,0.2127281669527292,0.2843934589764103,,,,,,,,,,,
swiss_roll,64,12,mclust,auto,ok,,0.0,600,3,64.0,,1.0,1.0,XXX,254667.18555248968,,1,5,bic,,470.2927181249251,470.2927181249251,,,,,,,,,,,
swiss_roll,64,12,pca,auto,ok,,0.1769673305759881,600,3,2.0,2.0,4.0,4.0,full,7029.764959400197,,1,5,bic,,0.1733404999831691,0.2127708329935558,,,,,,,,,,,
swiss_roll,64,12,umap,auto,ok,,0.3208347314701842,600,3,2.0,2.0,5.0,5.0,full,5472.905475542496,,1,5,bic,,0.1670324590522796,0.2336735830176621,,,,,,,,,,,
swiss_roll,64,13,ae_relu,auto,ok,,0.2160842924712125,600,3,2.0,2.0,5.0,5.0,full,6294.899327073294,,1,5,bic,2.472477874951437,0.2555144170764833,2.7279922920279205,,,,,,relu,545.0,True,,,
swiss_roll,64,13,ae_tanh,auto,ok,,0.1817557779326938,600,3,2.0,2.0,5.0,5.0,full,1353.3245469959234,,1,5,bic,,0.226779541990254,0.279197167023085,,,,,,,,,,,
swiss_roll,64,13,autog2m2,auto,ok,,0.3269017458219744,600,3,2.0,2.0,5.0,5.0,full,846.532399156736,,1,5,bic,,0.304655791958794,0.3778573750169016,,,,,,,,,,,
swiss_roll,64,13,autogmm_spectral,auto,ok,,0.274944292648197,600,3,2.0,2.0,5.0,5.0,diag,-9315.1742233299,lse,1,5,bic,,0.2826142080011777,0.3601822080090642,,,,,,,,,,,
swiss_roll,64,13,mclust,auto,ok,,0.0,600,3,64.0,,1.0,1.0,XXX,258316.4625617043,,1,5,bic,,199.36573412502185,199.36573412502185,,,,,,,,,,,
swiss_roll,64,13,pca,auto,ok,,0.1129959094850505,600,3,2.0,2.0,5.0,5.0,full,7194.301318920098,,1,5,bic,,0.2397849169792607,0.2996853750082664,,,,,,,,,,,
swiss_roll,64,13,umap,auto,ok,,0.5588042027153991,600,3,2.0,2.0,5.0,5.0,full,5422.181015981584,,1,5,bic,,0.1929252080153674,0.2524776249774731,,,,,,,,,,,
swiss_roll,64,14,ae_relu,auto,ok,,0.4006699656554651,600,3,2.0,2.0,4.0,4.0,full,5648.854739952962,,1,5,bic,2.28815483301878,0.2115593330236151,2.499714166042395,,,,,,relu,507.0,True,,,
swiss_roll,64,14,ae_tanh,auto,ok,,0.3068168853431456,600,3,2.0,2.0,4.0,4.0,full,1662.4442722419396,,1,5,bic,,0.2845792089938186,0.3511870419606566,,,,,,,,,,,
swiss_roll,64,14,autog2m2,auto,ok,,0.4946491116526974,600,3,2.0,2.0,5.0,5.0,full,1674.709530162659,,1,5,bic,,0.5406674999976531,0.6103842500015162,,,,,,,,,,,
swiss_roll,64,14,autogmm_spectral,auto,ok,,0.324002803526643,600,3,2.0,2.0,5.0,5.0,full,-9704.4611466009,lse,1,5,bic,,0.2860272080288268,0.3589247920317575,,,,,,,,,,,
swiss_roll,64,14,mclust,auto,ok,,0.0,600,3,64.0,,1.0,1.0,XXX,255808.71277400557,,1,5,bic,,434.9507369589992,434.9507369589992,,,,,,,,,,,
swiss_roll,64,14,pca,auto,ok,,0.2988801948476454,600,3,2.0,2.0,4.0,4.0,full,6882.943041255892,,1,5,bic,,0.3294202079996466,0.5044071669690311,,,,,,,,,,,
swiss_roll,64,14,umap,auto,ok,,0.3757018928231979,600,3,2.0,2.0,5.0,5.0,full,5505.799968962267,,1,5,bic,,0.2043217080063186,0.2706608330481685,,,,,,,,,,,
swiss_roll,64,15,ae_relu,auto,ok,,0.2505304300313872,600,3,2.0,2.0,5.0,5.0,full,5612.322026595424,,1,5,bic,1.9577348328894004,0.2141392499906942,2.171874082880094,,,,,,relu,430.0,True,,,
swiss_roll,64,15,ae_tanh,auto,ok,,0.1923672163658805,600,3,2.0,2.0,4.0,4.0,full,1459.583938238609,,1,5,bic,,0.4409938749740831,0.5757513749995269,,,,,,,,,,,
swiss_roll,64,15,autog2m2,auto,ok,,0.6541071642301328,600,3,2.0,2.0,5.0,5.0,full,424.473523704467,,1,5,bic,,0.2970375419827178,0.3647427499527111,,,,,,,,,,,
swiss_roll,64,15,autogmm_spectral,auto,ok,,0.2541341695332335,600,3,2.0,2.0,5.0,5.0,full,-9294.040533582158,lse,1,5,bic,,0.3955341249820776,0.5189135409891605,,,,,,,,,,,
swiss_roll,64,15,mclust,auto,ok,,0.3148370269180252,600,3,64.0,,2.0,2.0,VVE,262381.85833061795,,1,5,bic,,646.0777118330589,646.0777118330589,,,,,,,,,,,
swiss_roll,64,15,pca,auto,ok,,0.2938306026449245,600,3,2.0,2.0,5.0,5.0,full,6994.25640598986,,1,5,bic,,0.4443004589993506,0.5577783330227248,,,,,,,,,,,
swiss_roll,64,15,umap,auto,ok,,0.4409615770008164,600,3,2.0,2.0,5.0,5.0,full,5385.288164239145,,1,5,bic,,0.2952880830271169,0.3716085000196472,,,,,,,,,,,
swiss_roll,64,16,ae_relu,auto,ok,,0.1321214292673574,600,3,2.0,2.0,5.0,5.0,full,7010.864482727498,,1,5,bic,1.4484700419707224,0.2485565840033814,1.6970266259741038,,,,,,relu,321.0,True,,,
swiss_roll,64,16,ae_tanh,auto,ok,,0.0032057466500897,600,3,2.0,2.0,2.0,2.0,tied,1721.752678774106,,1,5,bic,,0.2387190830195322,0.2989392500021495,,,,,,,,,,,
swiss_roll,64,16,autog2m2,auto,ok,,0.3885203517843549,600,3,2.0,2.0,5.0,5.0,full,331.9186894419704,,1,5,bic,,0.279910082987044,0.3573133749887347,,,,,,,,,,,
swiss_roll,64,16,autogmm_spectral,auto,ok,,0.2617800230038927,600,3,2.0,2.0,5.0,5.0,full,-9502.318923999876,lse,1,5,bic,,0.4234333329950459,0.5172635419876315,,,,,,,,,,,
swiss_roll,64,16,mclust,auto,ok,,0.0,600,3,64.0,,1.0,1.0,XXX,255607.36741340233,,1,5,bic,,353.0967177080456,353.0967177080456,,,,,,,,,,,
swiss_roll,64,16,pca,auto,ok,,0.0012139983972049,600,3,2.0,2.0,2.0,2.0,tied,7170.163248812489,,1,5,bic,,0.2673302080365829,0.3317135000252165,,,,,,,,,,,
swiss_roll,64,16,umap,auto,ok,,0.4157360803896313,600,3,2.0,2.0,5.0,5.0,full,5205.594311034136,,1,5,bic,,0.2012709999689832,0.2580504579818807,,,,,,,,,,,
swiss_roll,64,17,ae_relu,auto,ok,,0.2430396861350293,600,3,2.0,2.0,4.0,4.0,full,6064.653194458405,,1,5,bic,1.6366871659411115,0.2128485420253127,1.8495357079664243,,,,,,relu,360.0,True,,,
swiss_roll,64,17,ae_tanh,auto,ok,,0.2272719703117947,600,3,2.0,2.0,5.0,5.0,full,1700.7894839596147,,1,5,bic,,0.3081813330063596,0.3946568749961443,,,,,,,,,,,
swiss_roll,64,17,autog2m2,auto,ok,,0.1735267414360652,600,3,2.0,2.0,5.0,5.0,full,1905.049536419776,,1,5,bic,,0.2660024590441026,0.3502200000220909,,,,,,,,,,,
swiss_roll,64,17,autogmm_spectral,auto,ok,,0.2843203330487586,600,3,2.0,2.0,5.0,5.0,full,-9820.822237935632,lse,1,5,bic,,0.3123225829913281,0.3710798749816604,,,,,,,,,,,
swiss_roll,64,17,mclust,auto,ok,,0.0,600,3,64.0,,1.0,1.0,XXX,260961.69844542103,,1,5,bic,,190.0390990410233,190.0390990410233,,,,,,,,,,,
swiss_roll,64,17,pca,auto,ok,,0.2693174883051953,600,3,2.0,2.0,5.0,5.0,full,7010.638718042048,,1,5,bic,,0.229823000030592,0.293714249972254,,,,,,,,,,,
swiss_roll,64,17,umap,auto,ok,,0.485410404854818,600,3,2.0,2.0,5.0,5.0,full,5443.634522681808,,1,5,bic,,0.1572683330159634,0.2144045829772949,,,,,,,,,,,
swiss_roll,64,18,ae_relu,auto,ok,,0.291832339979681,600,3,2.0,2.0,4.0,4.0,full,6993.904487829596,,1,5,bic,1.9022509169299155,0.2256016250466928,2.1278525419766083,,,,,,relu,422.0,True,,,
swiss_roll,64,18,ae_tanh,auto,ok,,0.099039464131138,600,3,2.0,2.0,3.0,3.0,diag,1575.7995273361505,,1,5,bic,,0.258003041963093,0.3242073750006966,,,,,,,,,,,
swiss_roll,64,18,autog2m2,auto,ok,,0.3464010483674866,600,3,2.0,2.0,5.0,5.0,full,1233.091978783008,,1,5,bic,,0.3174051670357585,0.3961173330317251,,,,,,,,,,,
swiss_roll,64,18,autogmm_spectral,auto,ok,,0.3441757801805967,600,3,2.0,2.0,5.0,5.0,full,-9586.456421479495,lse,1,5,bic,,0.3686475829454139,0.443514667043928,,,,,,,,,,,
swiss_roll,64,18,mclust,auto,ok,,0.0,600,3,64.0,,1.0,1.0,XXX,254512.7439820523,,1,5,bic,,449.0432574590668,449.0432574590668,,,,,,,,,,,
swiss_roll,64,18,pca,auto,ok,,0.0322339728127479,600,3,2.0,2.0,2.0,2.0,tied,7198.563782857735,,1,5,bic,,0.2305449170526117,0.2962180000031367,,,,,,,,,,,
swiss_roll,64,18,umap,auto,ok,,0.527216689831344,600,3,2.0,2.0,5.0,5.0,full,5515.356718348454,,1,5,bic,,0.2341802500304766,0.2893908330006525,,,,,,,,,,,
swiss_roll,64,19,ae_relu,auto,ok,,0.187855559389671,600,3,2.0,2.0,4.0,4.0,full,5606.643697875331,,1,5,bic,1.6349995409836993,0.2105779169360175,1.8455774579197168,,,,,,relu,361.0,True,,,
swiss_roll,64,19,ae_tanh,auto,ok,,0.1396601845536978,600,3,2.0,2.0,5.0,5.0,diag,1539.1311621069926,,1,5,bic,,0.2908021250041201,0.3603496249997988,,,,,,,,,,,
swiss_roll,64,19,autog2m2,auto,ok,,0.3605593078152156,600,3,2.0,2.0,5.0,5.0,full,778.0889669002869,,1,5,bic,,0.3181545829866081,0.3753982079797424,,,,,,,,,,,
swiss_roll,64,19,autogmm_spectral,auto,ok,,0.2186668969361787,600,3,2.0,2.0,5.0,5.0,full,-8918.134995143198,lse,1,5,bic,,0.2692752089933492,0.3323092089849524,,,,,,,,,,,
swiss_roll,64,19,mclust,auto,ok,,0.0,600,3,64.0,,1.0,1.0,XXX,257231.44218297425,,1,5,bic,,342.25769508397207,342.25769508397207,,,,,,,,,,,
swiss_roll,64,19,pca,auto,ok,,0.1995630427197165,600,3,2.0,2.0,3.0,3.0,diag,7033.941301145105,,1,5,bic,,0.3416745419963263,0.4198291249922476,,,,,,,,,,,
swiss_roll,64,19,umap,auto,ok,,0.1918957321358725,600,3,2.0,2.0,5.0,5.0,diag,5547.253597017529,,1,5,bic,,0.2264512500260025,0.3489392499905079,,,,,,,,,,,
swiss_roll,128,0,ae_relu,auto,ok,,0.0756594462996043,600,3,2.0,2.0,5.0,5.0,full,7347.939133227207,,1,5,bic,0.6260521250078455,0.2975020830053836,0.9235542080132292,,,,,,relu,107.0,True,,,
swiss_roll,128,0,ae_tanh,auto,ok,,0.0137115157042749,600,3,2.0,2.0,5.0,5.0,diag,1890.9103980597115,,1,5,bic,,0.1604794170125387,0.1948523750179447,,,,,,,,,,,
swiss_roll,128,0,autog2m2,auto,ok,,0.4050357707622729,600,3,2.0,2.0,5.0,5.0,full,1079.8979930061037,,1,5,bic,,0.1497030419996008,0.1909961669589392,,,,,,,,,,,
swiss_roll,128,0,autogmm_spectral,auto,ok,,0.3634043996949624,600,3,2.0,2.0,5.0,5.0,full,-9620.070133239518,lse,1,5,bic,,0.1472671250230632,0.2053127500112168,,,,,,,,,,,
swiss_roll,128,0,mclust,auto,ok,,0.0,600,3,128.0,,1.0,1.0,XXX,514996.6940086203,,1,5,bic,,8.484117583022453,8.484117583022453,,,,,,,,,,,
swiss_roll,128,0,pca,auto,ok,,0.0156844126175143,600,3,2.0,2.0,4.0,4.0,tied,7935.408574249429,,1,5,bic,,0.1196365839568898,0.1494644580525346,,,,,,,,,,,
swiss_roll,128,0,umap,auto,ok,,0.4820357404817048,600,3,2.0,2.0,5.0,5.0,full,5563.777922328533,,1,5,bic,,0.1338086250470951,0.1643912080326117,,,,,,,,,,,
swiss_roll,128,1,ae_relu,auto,ok,,0.0499711865436808,600,3,2.0,2.0,5.0,5.0,full,5744.034040471867,,1,5,bic,2.0493232919834554,0.2268543329555541,2.2761776249390095,,,,,,relu,352.0,True,,,
swiss_roll,128,1,ae_tanh,auto,ok,,0.1453373627316323,600,3,2.0,2.0,5.0,5.0,tied,1624.3839937999935,,1,5,bic,,0.0969454169971868,0.1262822079588659,,,,,,,,,,,
swiss_roll,128,1,autog2m2,auto,ok,,0.3625625978710663,600,3,2.0,2.0,5.0,5.0,full,1245.3595863975952,,1,5,bic,,0.12454541597981,0.179182167048566,,,,,,,,,,,
swiss_roll,128,1,autogmm_spectral,auto,ok,,0.3520701419409724,600,3,2.0,2.0,5.0,5.0,full,-9534.383240018422,lse,1,5,bic,,0.1373149169958196,0.1766594159998931,,,,,,,,,,,
swiss_roll,128,1,mclust,auto,ok,,0.3532560780632237,600,3,128.0,,2.0,2.0,EVE,499380.63408237894,,1,5,bic,,566.5457000419265,566.5457000419265,,,,,,,,,,,
swiss_roll,128,1,pca,auto,ok,,0.126381550328224,600,3,2.0,2.0,5.0,5.0,full,7861.761157002412,,1,5,bic,,0.1275795410037972,0.1547967920196242,,,,,,,,,,,
swiss_roll,128,1,umap,auto,ok,,0.4632665640046495,600,3,2.0,2.0,5.0,5.0,full,5484.219403479773,,1,5,bic,,0.0924259999883361,0.11296283302363,,,,,,,,,,,
swiss_roll,128,2,ae_relu,auto,ok,,0.0985817172294672,600,3,2.0,2.0,4.0,4.0,full,7628.603074073811,,1,5,bic,1.575795584009029,0.2715324580203742,1.8473280420294032,,,,,,relu,267.0,True,,,
swiss_roll,128,2,ae_tanh,auto,ok,,0.000283042373353,600,3,2.0,2.0,2.0,2.0,tied,1575.1706609836465,,1,5,bic,,0.0991252080420963,0.1301876670331694,,,,,,,,,,,
swiss_roll,128,2,autog2m2,auto,ok,,0.3796091209642948,600,3,2.0,2.0,5.0,5.0,full,1495.3249088161242,,1,5,bic,,0.1296055410057306,0.1566289170295931,,,,,,,,,,,
swiss_roll,128,2,autogmm_spectral,auto,ok,,0.2035695017231331,600,3,2.0,2.0,5.0,5.0,full,-9114.778881532176,lse,1,5,bic,,0.1520519999903626,0.1914609160157852,,,,,,,,,,,
swiss_roll,128,2,mclust,auto,ok,,0.1041704386144024,600,3,128.0,,3.0,3.0,EVE,520102.2460008479,,1,5,bic,,2629.6802388749784,2629.6802388749784,,,,,,,,,,,
swiss_roll,128,2,pca,auto,ok,,0.0790983443110539,600,3,2.0,2.0,5.0,5.0,full,8040.5544398922975,,1,5,bic,,0.1148082080180756,0.1476940839784219,,,,,,,,,,,
swiss_roll,128,2,umap,auto,ok,,0.5804160204197659,600,3,2.0,2.0,5.0,5.0,full,5369.559557546348,,1,5,bic,,0.1176313330070115,0.150875957973767,,,,,,,,,,,
swiss_roll,128,3,ae_relu,auto,ok,,0.1248142350075273,600,3,2.0,2.0,3.0,3.0,diag,-7609.479872114111,,1,5,bic,2.943246667040512,0.1613234579563141,3.104570124996826,,,,,,relu,503.0,True,,,
swiss_roll,128,3,ae_tanh,auto,ok,,0.2833107137621183,600,3,2.0,2.0,5.0,5.0,diag,1489.8980853239127,,1,5,bic,,0.1395432500285096,0.1710135840112343,,,,,,,,,,,
swiss_roll,128,3,autog2m2,auto,ok,,0.5204755065886917,600,3,2.0,2.0,5.0,5.0,full,1240.7544605500443,,1,5,bic,,0.1520674580242484,0.2094574590446427,,,,,,,,,,,
swiss_roll,128,3,autogmm_spectral,auto,ok,,0.289057093560184,600,3,2.0,2.0,5.0,5.0,full,-9742.764651011772,lse,1,5,bic,,0.108057000034023,0.1329063749872148,,,,,,,,,,,
swiss_roll,128,3,mclust,auto,ok,,0.2393838948531473,600,3,128.0,,3.0,3.0,EVE,511553.2064325029,,1,5,bic,,2675.665558833047,2675.665558833047,,,,,,,,,,,
swiss_roll,128,3,pca,auto,ok,,0.2029304911930687,600,3,2.0,2.0,5.0,5.0,full,7601.256076073679,,1,5,bic,,0.1116511659929528,0.1401220830157399,,,,,,,,,,,
swiss_roll,128,3,umap,auto,ok,,0.3747234320677447,600,3,2.0,2.0,4.0,4.0,full,5406.397174043234,,1,5,bic,,0.1367502500070259,0.1803503750124946,,,,,,,,,,,
swiss_roll,128,4,ae_relu,auto,ok,,0.256874176057856,600,3,2.0,2.0,5.0,5.0,full,6361.6531108516665,,1,5,bic,2.0213232079986483,0.2135183749487623,2.23484158294741,,,,,,relu,341.0,True,,,
swiss_roll,128,4,ae_tanh,auto,ok,,0.2673576529353303,600,3,2.0,2.0,5.0,5.0,diag,1643.891575233654,,1,5,bic,,0.1595314579899422,0.1989328329800628,,,,,,,,,,,
swiss_roll,128,4,autog2m2,auto,ok,,0.4521965804882483,600,3,2.0,2.0,5.0,5.0,full,1217.17290524099,,1,5,bic,,0.1357785409782081,0.1781239580013789,,,,,,,,,,,
swiss_roll,128,4,autogmm_spectral,auto,ok,,0.3488907307113731,600,3,2.0,2.0,5.0,5.0,full,-9183.812536435857,lse,1,5,bic,,0.1693105419981293,0.2155005829990841,,,,,,,,,,,
swiss_roll,128,4,mclust,auto,ok,,0.4207225718037664,600,3,128.0,,3.0,3.0,EVE,517161.14782902406,,1,5,bic,,4051.898503625067,4051.898503625067,,,,,,,,,,,
swiss_roll,128,4,pca,auto,ok,,0.1109770623064255,600,3,2.0,2.0,4.0,4.0,full,7739.162976736615,,1,5,bic,,0.1287682909751311,0.1584428329952061,,,,,,,,,,,
swiss_roll,128,4,umap,auto,ok,,0.2506365595339957,600,3,2.0,2.0,5.0,5.0,full,5281.044446585774,,1,5,bic,,0.1382897080038674,0.1683922499651089,,,,,,,,,,,
swiss_roll,128,5,ae_relu,auto,ok,,0.109048208056208,600,3,2.0,2.0,3.0,3.0,full,6230.978304951652,,1,5,bic,1.1765724999131637,0.3673282919917255,1.543900791904889,,,,,,relu,199.0,True,,,
swiss_roll,128,5,ae_tanh,auto,ok,,0.0779701094107387,600,3,2.0,2.0,5.0,5.0,diag,1576.6863087966733,,1,5,bic,,0.1890208330005407,0.2555569169926457,,,,,,,,,,,
swiss_roll,128,5,autog2m2,auto,ok,,0.4821032382855967,600,3,2.0,2.0,5.0,5.0,full,543.7518800017164,,1,5,bic,,0.1687677909503691,0.2074275839840993,,,,,,,,,,,
swiss_roll,128,5,autogmm_spectral,auto,ok,,0.1981441499462509,600,3,2.0,2.0,5.0,5.0,diag,-9286.19087685317,lse,1,5,bic,,0.2249047080404125,0.2744566669571213,,,,,,,,,,,
swiss_roll,128,5,mclust,auto,ok,,0.3015975045099162,600,3,128.0,,3.0,3.0,EVE,511314.72077112825,,1,5,bic,,619.52778016706,619.52778016706,,,,,,,,,,,
swiss_roll,128,5,pca,auto,ok,,0.087015725954255,600,3,2.0,2.0,5.0,5.0,full,7964.214028336338,,1,5,bic,,0.1651281670201569,0.2166056659771129,,,,,,,,,,,
swiss_roll,128,5,umap,auto,ok,,0.485111368229079,600,3,2.0,2.0,5.0,5.0,full,5230.448893356039,,1,5,bic,,0.1564487910363823,0.2371018329868093,,,,,,,,,,,
swiss_roll,128,6,ae_relu,auto,ok,,0.2987403513650252,600,3,2.0,2.0,4.0,4.0,full,6808.676984591115,,1,5,bic,2.698173457989469,0.1801131250103935,2.8782865829998627,,,,,,relu,452.0,True,,,
swiss_roll,128,6,ae_tanh,auto,ok,,0.1640830741776395,600,3,2.0,2.0,4.0,4.0,diag,1669.8387419220485,,1,5,bic,,0.1536067919805646,0.197053916985169,,,,,,,,,,,
swiss_roll,128,6,autog2m2,auto,ok,,0.2241438469813557,600,3,2.0,2.0,5.0,5.0,full,1166.2120559013215,,1,5,bic,,0.1738505410030484,0.2422116250381805,,,,,,,,,,,
swiss_roll,128,6,autogmm_spectral,auto,ok,,0.3840508457162584,600,3,2.0,2.0,5.0,5.0,full,-9500.776200522205,lse,1,5,bic,,0.1512164159794338,0.1903728750185109,,,,,,,,,,,
swiss_roll,128,6,mclust,auto,ok,,0.2692189553353421,600,3,128.0,,3.0,3.0,EVE,522152.615039464,,1,5,bic,,1294.1855167909523,1294.1855167909523,,,,,,,,,,,
swiss_roll,128,6,pca,auto,ok,,0.2601978862171237,600,3,2.0,2.0,3.0,3.0,full,7882.810979698638,,1,5,bic,,0.2021133749512955,0.267089249973651,,,,,,,,,,,
swiss_roll,128,6,umap,auto,ok,,0.5303546594974151,600,3,2.0,2.0,5.0,5.0,full,5226.896153582505,,1,5,bic,,0.1156899590278044,0.1435937500209547,,,,,,,,,,,
swiss_roll,128,7,ae_relu,auto,ok,,0.2547396082537639,600,3,2.0,2.0,5.0,5.0,full,5685.273158999967,,1,5,bic,1.6620063340524212,0.1878567090025171,1.8498630430549383,,,,,,relu,278.0,True,,,
swiss_roll,128,7,ae_tanh,auto,ok,,0.0487878743650329,600,3,2.0,2.0,4.0,4.0,diag,1865.5673402908728,,1,5,bic,,0.1683521249797195,0.2171746249659918,,,,,,,,,,,
swiss_roll,128,7,autog2m2,auto,ok,,0.3914219764469542,600,3,2.0,2.0,5.0,5.0,full,1023.1809016289328,,1,5,bic,,0.2286440420430153,0.279739250021521,,,,,,,,,,,
swiss_roll,128,7,autogmm_spectral,auto,ok,,0.2514773425876363,600,3,2.0,2.0,5.0,5.0,full,-9638.7214500264,lse,1,5,bic,,0.1882144159753807,0.2472405830048956,,,,,,,,,,,
swiss_roll,128,7,mclust,auto,ok,,0.2397167397495693,600,3,128.0,,4.0,4.0,EVE,497439.75686854834,,1,5,bic,,2890.507507667062,2890.507507667062,,,,,,,,,,,
swiss_roll,128,7,pca,auto,ok,,0.0399573588102667,600,3,2.0,2.0,4.0,4.0,tied,7806.438864198481,,1,5,bic,,0.1462819579755887,0.197100292018149,,,,,,,,,,,
swiss_roll,128,7,umap,auto,ok,,0.4585318156563441,600,3,2.0,2.0,5.0,5.0,full,5359.434761597677,,1,5,bic,,0.1126693749683909,0.15585291699972,,,,,,,,,,,
swiss_roll,128,8,ae_relu,auto,ok,,0.1187611900826769,600,3,2.0,2.0,3.0,3.0,full,6885.126144561566,,1,5,bic,1.9593419999582693,0.3096670840168372,2.2690090839751065,,,,,,relu,331.0,True,,,
swiss_roll,128,8,ae_tanh,auto,ok,,0.2607974854389779,600,3,2.0,2.0,5.0,5.0,full,1410.9278428751818,,1,5,bic,,0.2114100420149043,0.270749082963448,,,,,,,,,,,
swiss_roll,128,8,autog2m2,auto,ok,,0.2141086041752224,600,3,2.0,2.0,5.0,5.0,full,1279.3886475108743,,1,5,bic,,0.2320587079739198,0.3055109590059146,,,,,,,,,,,
swiss_roll,128,8,autogmm_spectral,auto,ok,,0.2685159102578112,600,3,2.0,2.0,5.0,5.0,full,-9564.513414376808,lse,1,5,bic,,0.1730679579777643,0.2240154170431196,,,,,,,,,,,
swiss_roll,128,8,mclust,auto,ok,,0.1391036555749052,600,3,128.0,,3.0,3.0,EVE,524824.8024137282,,1,5,bic,,968.3373491669772,968.3373491669772,,,,,,,,,,,
swiss_roll,128,8,pca,auto,ok,,0.2514916437846093,600,3,2.0,2.0,5.0,5.0,full,7653.130074521528,,1,5,bic,,0.2582710839924402,0.3343552080332301,,,,,,,,,,,
swiss_roll,128,8,umap,auto,ok,,0.6909420623698265,600,3,2.0,2.0,5.0,5.0,full,5179.415284814049,,1,5,bic,,0.2118579999660141,0.255132958991453,,,,,,,,,,,
swiss_roll,128,9,ae_relu,auto,ok,,0.2827272011446558,600,3,2.0,2.0,5.0,5.0,full,7138.120028580176,,1,5,bic,2.5865981250535697,0.2789462499786168,2.8655443750321865,,,,,,relu,434.0,True,,,
swiss_roll,128,9,ae_tanh,auto,ok,,0.1928261657090653,600,3,2.0,2.0,4.0,4.0,diag,1612.7732589129494,,1,5,bic,,0.2297483330476097,0.2834428750211373,,,,,,,,,,,
swiss_roll,128,9,autog2m2,auto,ok,,0.3464647814361249,600,3,2.0,2.0,5.0,5.0,full,1054.4128147841457,,1,5,bic,,0.2372017499874346,0.294029957964085,,,,,,,,,,,
swiss_roll,128,9,autogmm_spectral,auto,ok,,0.2884289280302416,600,3,2.0,2.0,5.0,5.0,full,-9703.2851829276,lse,1,5,bic,,0.213303167023696,0.2628401249530725,,,,,,,,,,,
swiss_roll,128,9,mclust,auto,ok,,0.3453886541925848,600,3,128.0,,3.0,3.0,EVE,518605.99283642235,,1,5,bic,,3360.2261380830314,3360.2261380830314,,,,,,,,,,,
swiss_roll,128,9,pca,auto,ok,,0.2442643527248244,600,3,2.0,2.0,5.0,5.0,full,7781.787292470023,,1,5,bic,,0.2341364590101875,0.2840656249900348,,,,,,,,,,,
swiss_roll,128,9,umap,auto,ok,,0.5285191227924536,600,3,2.0,2.0,5.0,5.0,full,4999.998683452839,,1,5,bic,,0.1811807909980416,0.2406446660170331,,,,,,,,,,,
swiss_roll,128,10,ae_relu,auto,ok,,0.0968174664439494,600,3,2.0,2.0,5.0,5.0,full,6970.387910097155,,1,5,bic,2.561603790964,0.2406206249725073,2.8022244159365073,,,,,,relu,430.0,True,,,
swiss_roll,128,10,ae_tanh,auto,ok,,0.0699022271534569,600,3,2.0,2.0,4.0,4.0,diag,1677.3505387725334,,1,5,bic,,0.4172772910096682,0.5083662499673665,,,,,,,,,,,
swiss_roll,128,10,autog2m2,auto,ok,,0.2362203467998314,600,3,2.0,2.0,5.0,5.0,full,1242.7569996054854,,1,5,bic,,0.2916798749938607,0.389197584008798,,,,,,,,,,,
swiss_roll,128,10,autogmm_spectral,auto,ok,,0.295396063139745,600,3,2.0,2.0,5.0,5.0,full,-9560.37697634833,lse,1,5,bic,,0.4495441250037402,0.5324406659929082,,,,,,,,,,,
swiss_roll,128,10,mclust,auto,ok,,0.228117240953951,600,3,128.0,,3.0,3.0,EVE,507789.59408400353,,1,5,bic,,446.9354103750083,446.9354103750083,,,,,,,,,,,
swiss_roll,128,10,pca,auto,ok,,0.0672137148875448,600,3,2.0,2.0,5.0,5.0,diag,7812.219452097792,,1,5,bic,,0.236241208971478,0.293550000002142,,,,,,,,,,,
swiss_roll,128,10,umap,auto,ok,,0.2783399925334007,600,3,2.0,2.0,5.0,5.0,full,5472.292204799404,,1,5,bic,,0.1972020830144174,0.2534223749535158,,,,,,,,,,,
swiss_roll,128,11,ae_relu,auto,ok,,0.0930319923669929,600,3,2.0,2.0,5.0,5.0,full,6144.9410347276935,,1,5,bic,2.957160499994643,0.2527572079561651,3.209917707950808,,,,,,relu,497.0,True,,,
swiss_roll,128,11,ae_tanh,auto,ok,,0.2711043632906713,600,3,2.0,2.0,5.0,5.0,full,1358.3768882342492,,1,5,bic,,0.202238917001523,0.2567696670303121,,,,,,,,,,,
swiss_roll,128,11,autog2m2,auto,ok,,0.6428443434349727,600,3,2.0,2.0,5.0,5.0,full,557.0204428164029,,1,5,bic,,0.2200895000132732,0.2623332090443,,,,,,,,,,,
swiss_roll,128,11,autogmm_spectral,auto,ok,,0.3311875832695425,600,3,2.0,2.0,5.0,5.0,full,-9477.94617812774,lse,1,5,bic,,0.2097612080397084,0.2625032909563742,,,,,,,,,,,
swiss_roll,128,11,mclust,auto,ok,,0.3340976759821614,600,3,128.0,,3.0,3.0,EVE,509933.5679891329,,1,5,bic,,588.3812293331139,588.3812293331139,,,,,,,,,,,
swiss_roll,128,11,pca,auto,ok,,0.2083917732477592,600,3,2.0,2.0,4.0,4.0,full,7838.483292730425,,1,5,bic,,0.172688124992419,0.2235701669706031,,,,,,,,,,,
swiss_roll,128,11,umap,auto,ok,,0.5942839779483997,600,3,2.0,2.0,5.0,5.0,diag,5569.994520451766,,1,5,bic,,0.1498695409973152,0.1863140000496059,,,,,,,,,,,
swiss_roll,128,12,ae_relu,auto,ok,,0.227104407074373,600,3,2.0,2.0,5.0,5.0,full,5613.601073609548,,1,5,bic,2.8775285000447184,0.2339386249659583,3.1114671250106767,,,,,,relu,482.0,True,,,
swiss_roll,128,12,ae_tanh,auto,ok,,0.3104071561743388,600,3,2.0,2.0,5.0,5.0,full,1524.6538896318948,,1,5,bic,,0.2147954999818466,0.2961806659586727,,,,,,,,,,,
swiss_roll,128,12,autog2m2,auto,ok,,0.5830170715565741,600,3,2.0,2.0,5.0,5.0,full,832.4952846473186,,1,5,bic,,0.2384389170329086,0.3036732919863425,,,,,,,,,,,
swiss_roll,128,12,autogmm_spectral,auto,ok,,0.3347156523017812,600,3,2.0,2.0,5.0,5.0,full,-9547.82335208964,lse,1,5,bic,,0.1711594999651424,0.211922709015198,,,,,,,,,,,
swiss_roll,128,12,mclust,auto,ok,,0.0,600,3,128.0,,1.0,1.0,XXX,512591.8173294923,,1,5,bic,,5.149143874994479,5.149143874994479,,,,,,,,,,,
swiss_roll,128,12,pca,auto,ok,,0.3374333601075622,600,3,2.0,2.0,5.0,5.0,full,7613.963409210722,,1,5,bic,,0.190145458036568,0.2433961670030839,,,,,,,,,,,
swiss_roll,128,12,umap,auto,ok,,0.3925945266532676,600,3,2.0,2.0,5.0,5.0,full,5289.098859922971,,1,5,bic,,0.1363535840064287,0.1699268749798648,,,,,,,,,,,
swiss_roll,128,13,ae_relu,auto,ok,,0.108364638136818,600,3,2.0,2.0,5.0,5.0,full,7032.866912619777,,1,5,bic,1.493637999985367,0.2918637910624966,1.7855017910478637,,,,,,relu,252.0,True,,,
swiss_roll,128,13,ae_tanh,auto,ok,,0.2071207032832994,600,3,2.0,2.0,5.0,5.0,diag,1472.7114547706526,,1,5,bic,,0.2926205000258051,0.3532811659970321,,,,,,,,,,,
swiss_roll,128,13,autog2m2,auto,ok,,0.516140847915257,600,3,2.0,2.0,5.0,5.0,full,-340.6141927126531,,1,5,bic,,0.2924269580398686,0.3648255830048583,,,,,,,,,,,
swiss_roll,128,13,autogmm_spectral,auto,ok,,0.2721217240829303,600,3,2.0,2.0,5.0,5.0,full,-9591.213660916035,lse,1,5,bic,,0.318354208022356,0.3915940829901956,,,,,,,,,,,
swiss_roll,128,13,mclust,auto,ok,,0.3493204355025484,600,3,128.0,,3.0,3.0,EVE,520544.3901322524,,1,5,bic,,1152.5839974998962,1152.5839974998962,,,,,,,,,,,
swiss_roll,128,13,pca,auto,ok,,0.1428430211862485,600,3,2.0,2.0,3.0,3.0,tied,7958.904202600098,,1,5,bic,,0.1970894169644452,0.2582714160089381,,,,,,,,,,,
swiss_roll,128,13,umap,auto,ok,,0.3329404014436302,600,3,2.0,2.0,5.0,5.0,diag,5246.108361702849,,1,5,bic,,0.180733458022587,0.2210424580262042,,,,,,,,,,,
swiss_roll,128,14,ae_relu,auto,ok,,0.359515260529027,600,3,2.0,2.0,5.0,5.0,full,6544.746815932019,,1,5,bic,2.8108434170717373,0.2394847909454256,3.050328208017163,,,,,,relu,470.0,True,,,
swiss_roll,128,14,ae_tanh,auto,ok,,0.3589697320571524,600,3,2.0,2.0,5.0,5.0,full,1549.4632317850565,,1,5,bic,,0.4256193329929374,0.5162826669984497,,,,,,,,,,,
swiss_roll,128,14,autog2m2,auto,ok,,0.3847048993529495,600,3,2.0,2.0,5.0,5.0,full,1335.9230157679926,,1,5,bic,,0.2417491249507293,0.3211209590081125,,,,,,,,,,,
swiss_roll,128,14,autogmm_spectral,auto,ok,,0.2936906824463978,600,3,2.0,2.0,5.0,5.0,full,-9683.249967330436,lse,1,5,bic,,0.3379619169863872,0.4344840419944376,,,,,,,,,,,
swiss_roll,128,14,mclust,auto,ok,,0.3564957178970445,600,3,128.0,,3.0,3.0,EVE,511910.1721966558,,1,5,bic,,578.5016661250265,578.5016661250265,,,,,,,,,,,
swiss_roll,128,14,pca,auto,ok,,0.3305062512841814,600,3,2.0,2.0,5.0,5.0,tied,7884.451084092762,,1,5,bic,,0.2655722919735126,0.326644083019346,,,,,,,,,,,
swiss_roll,128,14,umap,auto,ok,,0.5833028073093018,600,3,2.0,2.0,5.0,5.0,full,5331.69092165143,,1,5,bic,,0.2778395829955116,0.3699614999932237,,,,,,,,,,,
swiss_roll,128,15,ae_relu,auto,ok,,0.1736755157228837,600,3,2.0,2.0,4.0,4.0,full,5642.952988251513,,1,5,bic,2.5822978750802577,0.2206335420487448,2.8029314171290025,,,,,,relu,434.0,True,,,
swiss_roll,128,15,ae_tanh,auto,ok,,0.1788997726655757,600,3,2.0,2.0,5.0,5.0,diag,1744.5393494454358,,1,5,bic,,0.4192378330044448,0.5370337499771267,,,,,,,,,,,
swiss_roll,128,15,autog2m2,auto,ok,,0.3657865921002523,600,3,2.0,2.0,5.0,5.0,full,1016.483379627521,,1,5,bic,,0.3496041250182315,0.4246118749724701,,,,,,,,,,,
swiss_roll,128,15,autogmm_spectral,auto,ok,,0.3039596207303127,600,3,2.0,2.0,5.0,5.0,diag,-8861.313381795924,lse,1,5,bic,,0.3484454170102253,0.4530383329838514,,,,,,,,,,,
swiss_roll,128,15,mclust,auto,ok,,0.0,600,3,128.0,,1.0,1.0,XXX,518750.596989763,,1,5,bic,,4.825858958996832,4.825858958996832,,,,,,,,,,,
swiss_roll,128,15,pca,auto,ok,,0.1536041669942265,600,3,2.0,2.0,3.0,3.0,full,7874.892503777417,,1,5,bic,,0.3370726670254953,0.4618091660086065,,,,,,,,,,,
swiss_roll,128,15,umap,auto,ok,,0.584294166260511,600,3,2.0,2.0,5.0,5.0,full,5229.898328436399,,1,5,bic,,0.231750417035073,0.3237292499979958,,,,,,,,,,,
swiss_roll,128,16,ae_relu,auto,ok,,0.1737553454505954,600,3,2.0,2.0,5.0,5.0,full,7042.412383053687,,1,5,bic,1.0293314160080629,0.266380041022785,1.2957114570308477,,,,,,relu,172.0,True,,,
swiss_roll,128,16,ae_tanh,auto,ok,,0.3657144828784195,600,3,2.0,2.0,5.0,5.0,full,1316.294299945158,,1,5,bic,,0.3330236670444719,0.394042125029955,,,,,,,,,,,
swiss_roll,128,16,autog2m2,auto,ok,,0.509479830444605,600,3,2.0,2.0,5.0,5.0,full,718.5893015760607,,1,5,bic,,0.3537981249974109,0.472355832986068,,,,,,,,,,,
swiss_roll,128,16,autogmm_spectral,auto,ok,,0.3489561112108172,600,3,2.0,2.0,5.0,5.0,full,-9436.46698662907,lse,1,5,bic,,0.3093640829902142,0.4052402920206077,,,,,,,,,,,
swiss_roll,128,16,mclust,auto,ok,,0.3468814897428613,600,3,128.0,,3.0,3.0,EVE,513107.6324760304,,1,5,bic,,534.6051128749968,534.6051128749968,,,,,,,,,,,
swiss_roll,128,16,pca,auto,ok,,0.2144657651295856,600,3,2.0,2.0,4.0,4.0,full,7777.400708478199,,1,5,bic,,0.3364603749942034,0.4428615000215359,,,,,,,,,,,
swiss_roll,128,16,umap,auto,ok,,0.4801752607190707,600,3,2.0,2.0,5.0,5.0,full,5089.10040190664,,1,5,bic,,0.2146710000233724,0.2835652910289354,,,,,,,,,,,
swiss_roll,128,17,ae_relu,auto,ok,,0.176623134632347,600,3,2.0,2.0,5.0,5.0,full,7598.151209592434,,1,5,bic,2.9856853340752423,0.2875114170601591,3.2731967511354014,,,,,,relu,495.0,True,,,
swiss_roll,128,17,ae_tanh,auto,ok,,0.2819670511887369,600,3,2.0,2.0,5.0,5.0,full,1488.8472590622964,,1,5,bic,,0.3343905419460498,0.4404464589897543,,,,,,,,,,,
swiss_roll,128,17,autog2m2,auto,ok,,0.5948207347709826,600,3,2.0,2.0,5.0,5.0,full,758.0689198491899,,1,5,bic,,0.3196092500002123,0.4172120419680141,,,,,,,,,,,
swiss_roll,128,17,autogmm_spectral,auto,ok,,0.2973572195053754,600,3,2.0,2.0,5.0,5.0,full,-9654.167054009362,lse,1,5,bic,,0.2363552919705398,0.299292791984044,,,,,,,,,,,
swiss_roll,128,17,mclust,auto,ok,,0.1466026441137008,600,3,128.0,,3.0,3.0,EVE,510521.23179157794,,1,5,bic,,516.700873499969,516.700873499969,,,,,,,,,,,
swiss_roll,128,17,pca,auto,ok,,0.2951864656387376,600,3,2.0,2.0,5.0,5.0,full,7690.661614242967,,1,5,bic,,0.4059270420111716,0.5026821659994312,,,,,,,,,,,
swiss_roll,128,17,umap,auto,ok,,0.4795282059797778,600,3,2.0,2.0,5.0,5.0,full,5284.379575710539,,1,5,bic,,0.2234127079718746,0.3188454160117544,,,,,,,,,,,
swiss_roll,128,18,ae_relu,auto,ok,,0.1506602085797065,600,3,2.0,2.0,4.0,4.0,diag,-8441.477911876833,,1,5,bic,0.6498493750113994,0.172615542076528,0.8224649170879275,,,,,,relu,109.0,True,,,
swiss_roll,128,18,ae_tanh,auto,ok,,0.0594844041026491,600,3,2.0,2.0,3.0,3.0,diag,1872.5247952415848,,1,5,bic,,0.2913379999808967,0.357356249995064,,,,,,,,,,,
swiss_roll,128,18,autog2m2,auto,ok,,0.296634233802009,600,3,2.0,2.0,5.0,5.0,full,1847.5460165338272,,1,5,bic,,0.2935232079471461,0.3769756670226343,,,,,,,,,,,
swiss_roll,128,18,autogmm_spectral,auto,ok,,0.2631160923119958,600,3,2.0,2.0,5.0,5.0,full,-9478.720553831108,lse,1,5,bic,,0.3112823329865932,0.4001444159657694,,,,,,,,,,,
swiss_roll,128,18,mclust,auto,ok,,0.1287275144257025,600,3,128.0,,3.0,3.0,EVE,522854.4570274336,,1,5,bic,,1856.781315832981,1856.781315832981,,,,,,,,,,,
swiss_roll,128,18,pca,auto,ok,,0.0812437976391312,600,3,2.0,2.0,4.0,4.0,diag,7990.088044397437,,1,5,bic,,0.2199011250049807,0.2858654580195434,,,,,,,,,,,
swiss_roll,128,18,umap,auto,ok,,0.5270936593058689,600,3,2.0,2.0,5.0,5.0,full,5072.228906631435,,1,5,bic,,0.2393648750148713,0.3075367090059444,,,,,,,,,,,
swiss_roll,128,19,ae_relu,auto,ok,,0.1944280556292091,600,3,2.0,2.0,5.0,5.0,full,6890.306847480683,,1,5,bic,2.099725167034194,0.2404013329651206,2.3401264999993145,,,,,,relu,354.0,True,,,
swiss_roll,128,19,ae_tanh,auto,ok,,0.2934627490504803,600,3,2.0,2.0,5.0,5.0,full,1418.6608249836831,,1,5,bic,,0.3048957500141114,0.4022237079916522,,,,,,,,,,,
swiss_roll,128,19,autog2m2,auto,ok,,0.3932413326655783,600,3,2.0,2.0,5.0,5.0,full,283.8518890842351,,1,5,bic,,0.308378999994602,0.3757050830172375,,,,,,,,,,,
swiss_roll,128,19,autogmm_spectral,auto,ok,,0.4074022864373496,600,3,2.0,2.0,5.0,5.0,full,-9595.27486618521,lse,1,5,bic,,0.2587421250063926,0.3267388340318575,,,,,,,,,,,
swiss_roll,128,19,mclust,auto,ok,,0.2983578186521701,600,3,128.0,,3.0,3.0,EVE,512098.18111111753,,1,5,bic,,552.1426601660205,552.1426601660205,,,,,,,,,,,
swiss_roll,128,19,pca,auto,ok,,0.2940323691717628,600,3,2.0,2.0,5.0,5.0,full,7549.77332099905,,1,5,bic,,0.292040291999001,0.3782921250094659,,,,,,,,,,,
swiss_roll,128,19,umap,auto,ok,,0.5140003963309452,600,3,2.0,2.0,5.0,5.0,full,5237.004497782772,,1,5,bic,,0.2326317080296576,0.2958523750421591,,,,,,,,,,,
swiss_roll,256,0,ae_relu,auto,ok,,0.2705101051663603,600,3,2.0,2.0,5.0,5.0,full,6465.298431230395,,1,5,bic,2.2283972909208387,0.22111958300229162,2.4495168739231303,,,,,,relu,236.0,True,,,
swiss_roll,256,0,ae_tanh,auto,ok,,0.188142447052366,600,3,2.0,2.0,5.0,5.0,diag,1627.225967706671,,1,5,bic,,0.1289450000040233,0.1622727080248296,,,,,,,,,,,
swiss_roll,256,0,autog2m2,auto,ok,,0.3689101690369966,600,3,2.0,2.0,5.0,5.0,full,1302.6382989327112,,1,5,bic,,0.156002959003672,0.1996858750353567,,,,,,,,,,,
swiss_roll,256,0,autogmm_spectral,auto,ok,,0.3828191356975748,600,3,2.0,2.0,5.0,5.0,full,-9562.589299873222,lse,1,5,bic,,0.1298389169969596,0.1844700839719735,,,,,,,,,,,
swiss_roll,256,0,mclust,auto,ok,,0.0,600,3,256.0,,1.0,1.0,XXX,964628.0916241592,,1,5,bic,,19.566662749974057,19.566662749974057,,,,,,,,,,,
swiss_roll,256,0,pca,auto,ok,,0.1852947103535658,600,3,2.0,2.0,3.0,3.0,full,8744.159377583284,,1,5,bic,,0.1628210410126485,0.2182250829646363,,,,,,,,,,,
swiss_roll,256,0,umap,auto,ok,,0.4506731957468188,600,3,2.0,2.0,5.0,5.0,full,5364.606287665519,,1,5,bic,,0.1329995830310508,0.1796907500247471,,,,,,,,,,,
swiss_roll,256,1,ae_relu,auto,ok,,0.15186607357231258,600,3,2.0,2.0,4.0,4.0,full,7540.436423748027,,1,5,bic,3.055504000047222,0.26685212505981326,3.322356125107035,,,,,,relu,325.0,True,,,
swiss_roll,256,1,ae_tanh,auto,ok,,0.2503746606456274,600,3,2.0,2.0,5.0,5.0,full,1703.521915389833,,1,5,bic,,0.1270592079963535,0.1677049999707378,,,,,,,,,,,
swiss_roll,256,1,autog2m2,auto,ok,,0.4119846649092058,600,3,2.0,2.0,5.0,5.0,full,272.5866513008155,,1,5,bic,,0.1242962499964051,0.1551801669993437,,,,,,,,,,,
swiss_roll,256,1,autogmm_spectral,auto,ok,,0.3465104391754483,600,3,2.0,2.0,5.0,5.0,full,-9334.77531100743,lse,1,5,bic,,0.145923790987581,0.1841967499931343,,,,,,,,,,,
swiss_roll,256,1,mclust,auto,error,"Error in svd(shape.o, nu = 0) : infinite or missing values in 'x'
",,600,3,,,,,,,,1,5,bic,,,,,,,,,,,,,,
swiss_roll,256,1,pca,auto,ok,,0.1439160482757114,600,3,2.0,2.0,5.0,5.0,tied,8857.091837825701,,1,5,bic,,0.0919368749600835,0.1182707079569809,,,,,,,,,,,
swiss_roll,256,1,umap,auto,ok,,0.4917262962931938,600,3,2.0,2.0,5.0,5.0,full,5193.016185223658,,1,5,bic,,0.1009156670188531,0.133253792009782,,,,,,,,,,,
swiss_roll,256,2,ae_relu,auto,ok,,0.1587922600727157,600,3,2.0,2.0,5.0,5.0,full,7585.885723585551,,1,5,bic,1.6433977079577744,0.2774577910313383,1.9208554989891127,,,,,,relu,172.0,True,,,
swiss_roll,256,2,ae_tanh,auto,ok,,0.2888330434738351,600,3,2.0,2.0,4.0,4.0,full,1743.5343479479054,,1,5,bic,,0.1242627080064266,0.1560056669986806,,,,,,,,,,,
swiss_roll,256,2,autog2m2,auto,ok,,0.447848164365156,600,3,2.0,2.0,5.0,5.0,full,1045.8620028755115,,1,5,bic,,0.1502850410179235,0.2015975000103935,,,,,,,,,,,
swiss_roll,256,2,autogmm_spectral,auto,ok,,0.3640962172391633,600,3,2.0,2.0,5.0,5.0,full,-9259.62537506587,lse,1,5,bic,,0.1697183750220574,0.2211243340279907,,,,,,,,,,,
swiss_roll,256,2,mclust,auto,error,"Error in svd(shape.o, nu = 0) : infinite or missing values in 'x'
",,600,3,,,,,,,,1,5,bic,,,,,,,,,,,,,,
swiss_roll,256,2,pca,auto,ok,,0.2817984020804853,600,3,2.0,2.0,4.0,4.0,full,8626.977187455599,,1,5,bic,,0.1289554579998366,0.1609756660182029,,,,,,,,,,,
swiss_roll,256,2,umap,auto,ok,,0.4307344893859753,600,3,2.0,2.0,5.0,5.0,full,5284.492294915169,,1,5,bic,,0.1061882080393843,0.1293886249768547,,,,,,,,,,,
swiss_roll,256,3,ae_relu,auto,ok,,0.1427596807721815,600,3,2.0,2.0,4.0,4.0,full,7634.03589789788,,1,5,bic,4.651545042055659,0.25897408300079405,4.910519125056453,,,,,,relu,489.0,True,,,
swiss_roll,256,3,ae_tanh,auto,ok,,0.2629424809091246,600,3,2.0,2.0,5.0,5.0,full,1699.4972231464917,,1,5,bic,,0.1252159579889848,0.1635459589888341,,,,,,,,,,,
swiss_roll,256,3,autog2m2,auto,ok,,0.4375376415100587,600,3,2.0,2.0,5.0,5.0,full,1624.3566896957086,,1,5,bic,,0.1729925830150023,0.219258458004333,,,,,,,,,,,
swiss_roll,256,3,autogmm_spectral,auto,ok,,0.3015495400359996,600,3,2.0,2.0,5.0,5.0,full,-9797.259566924487,lse,1,5,bic,,0.1180595839978195,0.1426424999954179,,,,,,,,,,,
swiss_roll,256,3,mclust,auto,ok,,0.0,600,3,256.0,,1.0,1.0,XXX,966062.0237279932,,1,5,bic,,20.163087749970146,20.163087749970146,,,,,,,,,,,
swiss_roll,256,3,pca,auto,ok,,0.2866685701434764,600,3,2.0,2.0,4.0,4.0,full,8518.61827412563,,1,5,bic,,0.1189016670105047,0.149067708000075,,,,,,,,,,,
swiss_roll,256,3,umap,auto,ok,,0.4070724048685525,600,3,2.0,2.0,5.0,5.0,full,5052.012259283496,,1,5,bic,,0.1395514170289971,0.1880749579868279,,,,,,,,,,,
swiss_roll,256,4,ae_relu,auto,ok,,0.14481526426694954,600,3,2.0,2.0,3.0,3.0,full,8589.937304945008,,1,5,bic,3.8144525840179995,0.24347124993801117,4.057923833956011,,,,,,relu,400.0,True,,,
swiss_roll,256,4,ae_tanh,auto,ok,,0.1523339465141587,600,3,2.0,2.0,5.0,5.0,full,1646.3948726014503,,1,5,bic,,0.1150596250081434,0.1407568330178037,,,,,,,,,,,
swiss_roll,256,4,autog2m2,auto,ok,,0.3448579203055913,600,3,2.0,2.0,5.0,5.0,full,1859.2732773925509,,1,5,bic,,0.1323628750396892,0.1881040830048732,,,,,,,,,,,
swiss_roll,256,4,autogmm_spectral,auto,ok,,0.3115998337596321,600,3,2.0,2.0,5.0,5.0,full,-9056.75741700256,lse,1,5,bic,,0.1085411250242032,0.1444991250173188,,,,,,,,,,,
swiss_roll,256,4,mclust,auto,ok,,0.0,600,3,256.0,,1.0,1.0,XXX,978832.2504531528,,1,5,bic,,19.16349341708701,19.16349341708701,,,,,,,,,,,
swiss_roll,256,4,pca,auto,ok,,0.201513700571692,600,3,2.0,2.0,5.0,5.0,full,8730.725121295955,,1,5,bic,,0.1128361250157468,0.1404464170336723,,,,,,,,,,,
swiss_roll,256,4,umap,auto,ok,,0.5361619264311559,600,3,2.0,2.0,5.0,5.0,full,5306.652946051185,,1,5,bic,,0.1029050839715637,0.1324284999864176,,,,,,,,,,,
swiss_roll,256,5,ae_relu,auto,ok,,0.24427231375229536,600,3,2.0,2.0,5.0,5.0,full,6261.525552263983,,1,5,bic,3.1728446249617264,0.21315754193346947,3.386002166895196,,,,,,relu,332.0,True,,,
swiss_roll,256,5,ae_tanh,auto,ok,,0.2127156336050615,600,3,2.0,2.0,4.0,4.0,full,1578.083173639019,,1,5,bic,,0.2503290419699624,0.3107279999530874,,,,,,,,,,,
swiss_roll,256,5,autog2m2,auto,ok,,0.3003933089104638,600,3,2.0,2.0,5.0,5.0,full,1755.179949307727,,1,5,bic,,0.2720139580196701,0.335430333041586,,,,,,,,,,,
swiss_roll,256,5,autogmm_spectral,auto,ok,,0.3470065389652744,600,3,2.0,2.0,5.0,5.0,full,-9558.957532291142,lse,1,5,bic,,0.2087606249842792,0.2618560409755446,,,,,,,,,,,
swiss_roll,256,5,mclust,auto,ok,,0.0,600,3,256.0,,1.0,1.0,XXX,968796.570842215,,1,5,bic,,18.575736374943517,18.575736374943517,,,,,,,,,,,
swiss_roll,256,5,pca,auto,ok,,0.3571568674961453,600,3,2.0,2.0,3.0,3.0,full,8594.846700522447,,1,5,bic,,0.240597624971997,0.311590833007358,,,,,,,,,,,
swiss_roll,256,5,umap,auto,ok,,0.4675794926607118,600,3,2.0,2.0,5.0,5.0,full,5071.41025626747,,1,5,bic,,0.1826302499976009,0.2221436250256374,,,,,,,,,,,
swiss_roll,256,6,ae_relu,auto,ok,,0.24526668533991774,600,3,2.0,2.0,4.0,4.0,full,7337.245135485473,,1,5,bic,3.8185828329296783,0.22134137502871454,4.039924207958393,,,,,,relu,398.0,True,,,
swiss_roll,256,6,ae_tanh,auto,ok,,0.3953476734909782,600,3,2.0,2.0,5.0,5.0,tied,1607.7621149305423,,1,5,bic,,0.2289777920232154,0.2915027500130236,,,,,,,,,,,
swiss_roll,256,6,autog2m2,auto,ok,,0.5709682583735098,600,3,2.0,2.0,5.0,5.0,full,1316.0834752273504,,1,5,bic,,0.1649282920407131,0.205197166011203,,,,,,,,,,,
swiss_roll,256,6,autogmm_spectral,auto,ok,,0.3483438907503522,600,3,2.0,2.0,5.0,5.0,full,-9551.004975729573,lse,1,5,bic,,0.1414621250005439,0.1751659160363488,,,,,,,,,,,
swiss_roll,256,6,mclust,auto,error,"Error in svd(shape.o, nu = 0) : infinite or missing values in 'x'
",,600,3,,,,,,,,1,5,bic,,,,,,,,,,,,,,
swiss_roll,256,6,pca,auto,ok,,0.5249794439579363,600,3,2.0,2.0,4.0,4.0,tied,8719.901108547574,,1,5,bic,,0.1624417079729028,0.1959396249731071,,,,,,,,,,,
swiss_roll,256,6,umap,auto,ok,,0.6515396065088533,600,3,2.0,2.0,5.0,5.0,full,5287.413155519068,,1,5,bic,,0.1395357919973321,0.1782575830002315,,,,,,,,,,,
swiss_roll,256,7,ae_relu,auto,ok,,0.1529553819659566,600,3,2.0,2.0,5.0,5.0,full,6563.742351651394,,1,5,bic,4.10091758298222,0.23448512493632734,4.335402707918547,,,,,,relu,429.0,True,,,
swiss_roll,256,7,ae_tanh,auto,ok,,0.1447113082955974,600,3,2.0,2.0,5.0,5.0,full,1532.8384379126092,,1,5,bic,,0.1486347909667529,0.1824188340106047,,,,,,,,,,,
swiss_roll,256,7,autog2m2,auto,ok,,0.4769738712901886,600,3,2.0,2.0,4.0,4.0,full,1572.0917480420565,,1,5,bic,,0.2512487499625422,0.3159475839929655,,,,,,,,,,,
swiss_roll,256,7,autogmm_spectral,auto,ok,,0.3201338550266047,600,3,2.0,2.0,5.0,5.0,full,-9306.485025060389,lse,1,5,bic,,0.1760886660194955,0.2216678750119172,,,,,,,,,,,
swiss_roll,256,7,mclust,auto,ok,,0.0,600,3,256.0,,1.0,1.0,XXX,950345.2318273888,,1,5,bic,,19.50538400001824,19.50538400001824,,,,,,,,,,,
swiss_roll,256,7,pca,auto,ok,,0.1683113240773133,600,3,2.0,2.0,2.0,2.0,tied,8813.135939594385,,1,5,bic,,0.1462596249766647,0.1880518340039998,,,,,,,,,,,
swiss_roll,256,7,umap,auto,ok,,0.4341444502255646,600,3,2.0,2.0,5.0,5.0,full,5196.247249058476,,1,5,bic,,0.1318748330231756,0.1650463750120252,,,,,,,,,,,
swiss_roll,256,8,ae_relu,auto,ok,,0.2454794582533482,600,3,2.0,2.0,5.0,5.0,full,7964.2624019683235,,1,5,bic,2.939094707951881,0.22112395893782377,3.1602186668897048,,,,,,relu,305.0,True,,,
swiss_roll,256,8,ae_tanh,auto,ok,,0.1377638739295848,600,3,2.0,2.0,5.0,5.0,diag,1405.5175475071696,,1,5,bic,,0.2435159169835969,0.3072616250137798,,,,,,,,,,,
swiss_roll,256,8,autog2m2,auto,ok,,0.2411039016256515,600,3,2.0,2.0,5.0,5.0,full,1959.747731390758,,1,5,bic,,0.189607625012286,0.2394151670159772,,,,,,,,,,,
swiss_roll,256,8,autogmm_spectral,auto,ok,,0.2260170306756727,600,3,2.0,2.0,5.0,5.0,full,-9464.121594534972,lse,1,5,bic,,0.1760548329912126,0.2213439170154743,,,,,,,,,,,
swiss_roll,256,8,mclust,auto,error,"Error in svd(shape.o, nu = 0) : infinite or missing values in 'x'
",,600,3,,,,,,,,1,5,bic,,,,,,,,,,,,,,
swiss_roll,256,8,pca,auto,ok,,0.2060023413347803,600,3,2.0,2.0,5.0,5.0,full,8406.852821548195,,1,5,bic,,0.2374204999650828,0.3044042909750715,,,,,,,,,,,
swiss_roll,256,8,umap,auto,ok,,0.4401439487266764,600,3,2.0,2.0,5.0,5.0,full,5141.978747007185,,1,5,bic,,0.2106824579532258,0.2922616670257412,,,,,,,,,,,
swiss_roll,256,9,ae_relu,auto,ok,,0.2490319583654199,600,3,2.0,2.0,5.0,5.0,full,6926.344570663591,,1,5,bic,3.043177374987863,0.2326997920172289,3.275877167005092,,,,,,relu,316.0,True,,,
swiss_roll,256,9,ae_tanh,auto,ok,,0.2932817904022566,600,3,2.0,2.0,5.0,5.0,diag,1477.648291483525,,1,5,bic,,0.2101685830275528,0.2544716669945046,,,,,,,,,,,
swiss_roll,256,9,autog2m2,auto,ok,,0.3978110526980438,600,3,2.0,2.0,5.0,5.0,full,1246.8819445186718,,1,5,bic,,0.2606103749712929,0.3276965409750119,,,,,,,,,,,
swiss_roll,256,9,autogmm_spectral,auto,ok,,0.3365032933445491,600,3,2.0,2.0,5.0,5.0,full,-9461.689630449897,lse,1,5,bic,,0.2471861249650828,0.2948154580080881,,,,,,,,,,,
swiss_roll,256,9,mclust,auto,ok,,0.0,600,3,256.0,,1.0,1.0,XXX,974278.8007588396,,1,5,bic,,19.140779542038217,19.140779542038217,,,,,,,,,,,
swiss_roll,256,9,pca,auto,ok,,0.1052127283973889,600,3,2.0,2.0,5.0,5.0,full,8727.90496520008,,1,5,bic,,0.1915920409956015,0.2394758749869652,,,,,,,,,,,
swiss_roll,256,9,umap,auto,ok,,0.5127360298556692,600,3,2.0,2.0,5.0,5.0,full,5123.876390372215,,1,5,bic,,0.1243376670172438,0.1726186669548042,,,,,,,,,,,
swiss_roll,256,10,ae_relu,auto,ok,,0.09196570333869755,600,3,2.0,2.0,4.0,4.0,full,7310.637306499244,,1,5,bic,3.018982041045092,0.2580091250129044,3.2769911660579965,,,,,,relu,315.0,True,,,
swiss_roll,256,10,ae_tanh,auto,ok,,0.0993375344669391,600,3,2.0,2.0,3.0,3.0,full,1679.3926580242812,,1,5,bic,,0.2945205830037594,0.3630349169834517,,,,,,,,,,,
swiss_roll,256,10,autog2m2,auto,ok,,0.3839380460839934,600,3,2.0,2.0,5.0,5.0,full,666.5453892523283,,1,5,bic,,0.405046375002712,0.5076170830288902,,,,,,,,,,,
swiss_roll,256,10,autogmm_spectral,auto,ok,,0.2769666363664196,600,3,2.0,2.0,5.0,5.0,full,-9857.964597406344,lse,1,5,bic,,0.2390264170244336,0.3251520000048913,,,,,,,,,,,
swiss_roll,256,10,mclust,auto,error,"Error in svd(shape.o, nu = 0) : infinite or missing values in 'x'
",,600,3,,,,,,,,1,5,bic,,,,,,,,,,,,,,
swiss_roll,256,10,pca,auto,ok,,0.0809448057110957,600,3,2.0,2.0,3.0,3.0,full,8663.110569530509,,1,5,bic,,0.2166295410133898,0.320873707998544,,,,,,,,,,,
swiss_roll,256,10,umap,auto,ok,,0.608169847779283,600,3,2.0,2.0,4.0,4.0,full,5215.353207680966,,1,5,bic,,0.2148285830044187,0.2876461669802665,,,,,,,,,,,
swiss_roll,256,11,ae_relu,auto,ok,,0.22455213441514515,600,3,2.0,2.0,5.0,5.0,full,6489.984168925733,,1,5,bic,3.1875928749796003,0.2128596669062972,3.4004525418858975,,,,,,relu,324.0,True,,,
swiss_roll,256,11,ae_tanh,auto,ok,,0.1613522992148232,600,3,2.0,2.0,5.0,5.0,full,1546.4255341918451,,1,5,bic,,0.1644944580039009,0.2062287500011734,,,,,,,,,,,
swiss_roll,256,11,autog2m2,auto,ok,,0.2899824569955985,600,3,2.0,2.0,5.0,5.0,full,1190.8715828974,,1,5,bic,,0.2195608329493552,0.2810045419610105,,,,,,,,,,,
swiss_roll,256,11,autogmm_spectral,auto,ok,,0.3262176586109085,600,3,2.0,2.0,5.0,5.0,full,-9446.9031490686,lse,1,5,bic,,0.2051817080355249,0.2639642920112237,,,,,,,,,,,
swiss_roll,256,11,mclust,auto,ok,,0.0,600,3,256.0,,1.0,1.0,XXX,967923.596126166,,1,5,bic,,19.17976391594857,19.17976391594857,,,,,,,,,,,
swiss_roll,256,11,pca,auto,ok,,0.2324965616204499,600,3,2.0,2.0,5.0,5.0,diag,8618.472897098103,,1,5,bic,,0.1985224580275826,0.2523408330162056,,,,,,,,,,,
swiss_roll,256,11,umap,auto,ok,,0.4426147958125428,600,3,2.0,2.0,5.0,5.0,full,5348.909717805876,,1,5,bic,,0.1115624170051887,0.1410320840077474,,,,,,,,,,,
swiss_roll,256,12,ae_relu,auto,ok,,0.29330598265318103,600,3,2.0,2.0,4.0,4.0,full,7144.307498689234,,1,5,bic,5.642666250001639,0.19242979201953858,5.835096042021178,,,,,,relu,582.0,True,,,
swiss_roll,256,12,ae_tanh,auto,ok,,0.3247632321388549,600,3,2.0,2.0,5.0,5.0,full,1381.74936359406,,1,5,bic,,0.29464104201179,0.3515208750031888,,,,,,,,,,,
swiss_roll,256,12,autog2m2,auto,ok,,0.5056332543211443,600,3,2.0,2.0,5.0,5.0,full,1796.623300255309,,1,5,bic,,0.236957875022199,0.3035833750036545,,,,,,,,,,,
swiss_roll,256,12,autogmm_spectral,auto,ok,,0.3320849627199899,600,3,2.0,2.0,5.0,5.0,full,-9562.24883564711,lse,1,5,bic,,0.1789262079983018,0.2280698749818839,,,,,,,,,,,
swiss_roll,256,12,mclust,auto,error,"Error in svd(shape.o, nu = 0) : infinite or missing values in 'x'
",,600,3,,,,,,,,1,5,bic,,,,,,,,,,,,,,
swiss_roll,256,12,pca,auto,ok,,0.3242011615604522,600,3,2.0,2.0,5.0,5.0,full,8215.90552116586,,1,5,bic,,0.2007657089852728,0.2638298750389367,,,,,,,,,,,
swiss_roll,256,12,umap,auto,ok,,0.6409220371833285,600,3,2.0,2.0,5.0,5.0,full,5118.536668224376,,1,5,bic,,0.2002487499848939,0.2505883330013603,,,,,,,,,,,
swiss_roll,256,13,ae_relu,auto,ok,,0.09470533271388572,600,3,2.0,2.0,5.0,5.0,full,7215.10645046806,,1,5,bic,2.341544875060208,0.26182733301538974,2.603372208075598,,,,,,relu,241.0,True,,,
swiss_roll,256,13,ae_tanh,auto,ok,,0.0753813702228482,600,3,2.0,2.0,5.0,5.0,full,1665.0083005349102,,1,5,bic,,0.6109120839973912,0.7280135409673676,,,,,,,,,,,
swiss_roll,256,13,autog2m2,auto,ok,,0.5070293894758817,600,3,2.0,2.0,5.0,5.0,full,637.8905141290727,,1,5,bic,,0.2881739159929566,0.3756784999859519,,,,,,,,,,,
swiss_roll,256,13,autogmm_spectral,auto,ok,,0.2852813387485904,600,3,2.0,2.0,5.0,5.0,full,-9707.911033883733,lse,1,5,bic,,0.3634022499900311,0.5392783340066671,,,,,,,,,,,
swiss_roll,256,13,mclust,auto,error,"Error in svd(shape.o, nu = 0) : infinite or missing values in 'x'
",,600,3,,,,,,,,1,5,bic,,,,,,,,,,,,,,
swiss_roll,256,13,pca,auto,ok,,0.301414910538874,600,3,2.0,2.0,5.0,5.0,full,8602.84379077491,,1,5,bic,,0.2644052079995163,0.3358493749983609,,,,,,,,,,,
swiss_roll,256,13,umap,auto,ok,,0.3724132571068045,600,3,2.0,2.0,5.0,5.0,full,5072.125310068465,,1,5,bic,,0.3563728330191225,0.4400005000061355,,,,,,,,,,,
swiss_roll,256,14,ae_relu,auto,ok,,0.30005512173508,600,3,2.0,2.0,5.0,5.0,full,7047.094042602827,,1,5,bic,2.4771329580107704,0.1949967909604311,2.6721297489712015,,,,,,relu,256.0,True,,,
swiss_roll,256,14,ae_tanh,auto,ok,,0.2787233010918113,600,3,2.0,2.0,5.0,5.0,full,1218.7371374509275,,1,5,bic,,0.4184167080093175,0.4965607909834943,,,,,,,,,,,
swiss_roll,256,14,autog2m2,auto,ok,,0.3459210394246606,600,3,2.0,2.0,5.0,5.0,full,764.0184513697761,,1,5,bic,,0.4699491670471616,0.5995152500108816,,,,,,,,,,,
swiss_roll,256,14,autogmm_spectral,auto,ok,,0.302887228202174,600,3,2.0,2.0,5.0,5.0,full,-9686.730688732188,lse,1,5,bic,,0.3780819170060567,0.4730372080230154,,,,,,,,,,,
swiss_roll,256,14,mclust,auto,ok,,0.0,600,3,256.0,,1.0,1.0,XXX,965938.143841412,,1,5,bic,,18.732995499973185,18.732995499973185,,,,,,,,,,,
swiss_roll,256,14,pca,auto,ok,,0.2699470281902859,600,3,2.0,2.0,5.0,5.0,full,8146.838535676453,,1,5,bic,,0.4625942499842495,0.5969111250014976,,,,,,,,,,,
swiss_roll,256,14,umap,auto,ok,,0.4292401076499215,600,3,2.0,2.0,5.0,5.0,full,5360.023321427925,,1,5,bic,,0.2879718749900348,0.3932055410114117,,,,,,,,,,,
swiss_roll,256,15,ae_relu,auto,ok,,0.07619171417719005,600,3,2.0,2.0,4.0,4.0,full,7150.430089438195,,1,5,bic,2.9877734169131145,0.2593037079786882,3.2470771248918027,,,,,,relu,311.0,True,,,
swiss_roll,256,15,ae_tanh,auto,ok,,0.2845969248972672,600,3,2.0,2.0,5.0,5.0,full,1682.0497584610098,,1,5,bic,,0.591812165977899,0.7327983749564737,,,,,,,,,,,
swiss_roll,256,15,autog2m2,auto,ok,,0.2547459542419749,600,3,2.0,2.0,5.0,5.0,full,1427.5419378601605,,1,5,bic,,1.0372846249956638,1.212495708023198,,,,,,,,,,,
swiss_roll,256,15,autogmm_spectral,auto,ok,,0.2558959264854529,600,3,2.0,2.0,5.0,5.0,full,-9430.52477459329,lse,1,5,bic,,0.4031670420081354,0.515775959007442,,,,,,,,,,,
swiss_roll,256,15,mclust,auto,ok,,0.0,600,3,256.0,,1.0,1.0,XXX,964183.087413972,,1,5,bic,,19.70649649994448,19.70649649994448,,,,,,,,,,,
swiss_roll,256,15,pca,auto,ok,,0.2636430203280368,600,3,2.0,2.0,4.0,4.0,diag,8667.219354933495,,1,5,bic,,1.036684874969069,1.1989785410114564,,,,,,,,,,,
swiss_roll,256,15,umap,auto,ok,,0.5431861330257924,600,3,2.0,2.0,5.0,5.0,full,5138.368581366768,,1,5,bic,,0.4396433749934658,0.6301821250235662,,,,,,,,,,,
swiss_roll,256,16,ae_relu,auto,ok,,0.17812996196089015,600,3,2.0,2.0,5.0,5.0,full,7012.348444123169,,1,5,bic,3.481492291088216,0.26433762500528246,3.7458299160934985,,,,,,relu,362.0,True,,,
swiss_roll,256,16,ae_tanh,auto,ok,,0.1262178545687594,600,3,2.0,2.0,3.0,3.0,diag,1680.010955971426,,1,5,bic,,0.3207426670123823,0.414183042012155,,,,,,,,,,,
swiss_roll,256,16,autog2m2,auto,ok,,0.2879448591433256,600,3,2.0,2.0,5.0,5.0,full,1765.757426344453,,1,5,bic,,0.3573095829924568,0.4418515000143088,,,,,,,,,,,
swiss_roll,256,16,autogmm_spectral,auto,ok,,0.3109499883438608,600,3,2.0,2.0,5.0,5.0,full,-9451.679308243827,lse,1,5,bic,,0.2763918339624069,0.3395950410049408,,,,,,,,,,,
swiss_roll,256,16,mclust,auto,ok,,0.0,600,3,256.0,,1.0,1.0,XXX,961443.055669914,,1,5,bic,,20.172016999917105,20.172016999917105,,,,,,,,,,,
swiss_roll,256,16,pca,auto,ok,,0.1181709688291822,600,3,2.0,2.0,3.0,3.0,full,8797.471977210249,,1,5,bic,,0.342168707982637,0.4350769590237178,,,,,,,,,,,
swiss_roll,256,16,umap,auto,ok,,0.4215785387412416,600,3,2.0,2.0,5.0,5.0,full,4883.426251363898,,1,5,bic,,0.2273582909838296,0.2778269159607589,,,,,,,,,,,
swiss_roll,256,17,ae_relu,auto,ok,,0.12227533871843241,600,3,2.0,2.0,5.0,5.0,diag,5951.047104718578,,1,5,bic,0.9057506669778377,0.3275215830653906,1.2332722500432283,,,,,,relu,94.0,True,,,
swiss_roll,256,17,ae_tanh,auto,ok,,0.1235825317011218,600,3,2.0,2.0,3.0,3.0,full,1665.1097133392998,,1,5,bic,,0.2730974580044858,0.3637570840073749,,,,,,,,,,,
swiss_roll,256,17,autog2m2,auto,ok,,0.4206826226296534,600,3,2.0,2.0,5.0,5.0,full,1417.913129718058,,1,5,bic,,0.2644737910013646,0.3180459999712184,,,,,,,,,,,
swiss_roll,256,17,autogmm_spectral,auto,ok,,0.2811821753957645,600,3,2.0,2.0,5.0,5.0,full,-9449.701209271616,lse,1,5,bic,,0.4568594999727793,0.5384987499564886,,,,,,,,,,,
swiss_roll,256,17,mclust,auto,ok,,0.0,600,3,256.0,,1.0,1.0,XXX,967149.4323713848,,1,5,bic,,19.028458165936172,19.028458165936172,,,,,,,,,,,
swiss_roll,256,17,pca,auto,ok,,0.2011286395769254,600,3,2.0,2.0,4.0,4.0,full,8754.06972307132,,1,5,bic,,0.3325570000451989,0.3955356249934993,,,,,,,,,,,
swiss_roll,256,17,umap,auto,ok,,0.5555559615975866,600,3,2.0,2.0,5.0,5.0,full,5280.234309696405,,1,5,bic,,0.2934143340098671,0.3794345409842208,,,,,,,,,,,
swiss_roll,256,18,ae_relu,auto,ok,,0.2507977162832203,600,3,2.0,2.0,5.0,5.0,full,6713.697663826789,,1,5,bic,3.9942981250351295,0.203513375017792,4.1978115000529215,,,,,,relu,415.0,True,,,
swiss_roll,256,18,ae_tanh,auto,ok,,0.1796867265787418,600,3,2.0,2.0,5.0,5.0,full,1492.5199722177704,,1,5,bic,,0.3230027079698629,0.3912644170341082,,,,,,,,,,,
swiss_roll,256,18,autog2m2,auto,ok,,0.6302359999597407,600,3,2.0,2.0,5.0,5.0,full,818.154257492446,,1,5,bic,,0.2951034170109778,0.374928249977529,,,,,,,,,,,
swiss_roll,256,18,autogmm_spectral,auto,ok,,0.2435763051464842,600,3,2.0,2.0,5.0,5.0,full,-9669.891774458194,lse,1,5,bic,,0.2479465829674154,0.3302983750472776,,,,,,,,,,,
swiss_roll,256,18,mclust,auto,ok,,0.0,600,3,256.0,,1.0,1.0,XXX,977167.5445131048,,1,5,bic,,21.588971541961655,21.588971541961655,,,,,,,,,,,
swiss_roll,256,18,pca,auto,ok,,0.2106179750875974,600,3,2.0,2.0,4.0,4.0,full,8632.158845490445,,1,5,bic,,0.249605665972922,0.3151186669711023,,,,,,,,,,,
swiss_roll,256,18,umap,auto,ok,,0.5007915910748894,600,3,2.0,2.0,5.0,5.0,full,5163.293261785629,,1,5,bic,,0.2394910000148229,0.3061211250023916,,,,,,,,,,,
swiss_roll,256,19,ae_relu,auto,ok,,0.16526971934573334,600,3,2.0,2.0,5.0,5.0,full,7991.88794004192,,1,5,bic,2.509520167019218,0.3010169999906793,2.8105371670098975,,,,,,relu,259.0,True,,,
swiss_roll,256,19,ae_tanh,auto,ok,,0.1864367150706458,600,3,2.0,2.0,5.0,5.0,full,1724.3300271133362,,1,5,bic,,0.2243812079541385,0.2911032079719007,,,,,,,,,,,
swiss_roll,256,19,autog2m2,auto,ok,,0.2837009621045065,600,3,2.0,2.0,5.0,5.0,full,1877.6824835502837,,1,5,bic,,0.2649148339987732,0.328338542021811,,,,,,,,,,,
swiss_roll,256,19,autogmm_spectral,auto,ok,,0.302237722645969,600,3,2.0,2.0,5.0,5.0,full,-9490.045015012642,lse,1,5,bic,,0.2344733329955488,0.3047089999890886,,,,,,,,,,,
swiss_roll,256,19,mclust,auto,ok,,0.0,600,3,256.0,,1.0,1.0,XXX,959573.1806629814,,1,5,bic,,19.033422625041567,19.033422625041567,,,,,,,,,,,
swiss_roll,256,19,pca,auto,ok,,0.0840917530691068,600,3,2.0,2.0,5.0,5.0,tied,8818.370357007889,,1,5,bic,,0.1912197080091573,0.2557174579706043,,,,,,,,,,,
swiss_roll,256,19,umap,auto,ok,,0.4691429028700977,600,3,2.0,2.0,5.0,5.0,full,5194.24044829712,,1,5,bic,,0.2265015830053016,0.2783367919619195,,,,,,,,,,,
