dataset,dimension,seed,method,stage,status,error,ari,n_samples,true_components,embedding_dim,embedding_rank,selected_components,occupied_components,selected_covariance,bic,selected_spectral_head,k_min,k_max,selection_criterion,embedding_seconds,backend_seconds,total_seconds,forest_seconds,graph_seconds,shortest_path_seconds,mds_seconds,spectral_seconds,ae_activation,ae_iterations,ae_converged,log_likelihood,degrees_of_freedom,icl
gaussian_subspace,8,0,ae_relu,fixed,ok,,0.9751818207189016,600,3,2.0,2.0,3.0,3.0,full,4352.238832640172,,3,3,bic,1.2316967919905435,0.0269314589968416,1.262783333004336,,,,,,relu,511.0,True,,,
gaussian_subspace,8,0,ae_tanh,fixed,ok,,0.9900041668585104,600,3,2.0,2.0,3.0,3.0,tied,203.8537404542249,,3,3,bic,0.3580125830048928,0.0327410000027157,0.5152990829956252,,,,,,tanh,136.0,True,,,
gaussian_subspace,8,0,autog2m2,fixed,ok,,1.0,600,3,2.0,2.0,3.0,3.0,full,-1419.375525677721,,3,3,bic,3.646159166994039,0.0311437500058673,3.686342125001829,2.8595055420009885,0.1166393340099603,0.1448106669995468,0.0263113340042764,,,,,,,
gaussian_subspace,8,0,autogmm_spectral,fixed,ok,,0.9949958125176231,600,3,2.0,2.0,3.0,3.0,full,-15687.696266017903,lse,3,3,bic,,0.0651580409903545,0.2548265420045936,,,,,0.1191000420076306,,,,,,
gaussian_subspace,8,0,mclust,fixed,ok,,1.0,600,3,8.0,,3.0,3.0,EEI,-9123.240120987995,,3,3,bic,,0.267,0.9586255829926812,,,,,,,,,-4452.872256355324,34.0,-9123.27256813508
gaussian_subspace,8,0,pca,fixed,ok,,0.9900041668585104,600,3,2.0,2.0,3.0,3.0,tied,3402.41547039732,,3,3,bic,0.0021494160027941,0.0242865420004818,0.0305313749995548,,,,,,,,,,,
gaussian_subspace,8,0,umap,fixed,ok,,0.9949958125176231,600,3,2.0,2.0,3.0,3.0,tied,4226.562881071437,,3,3,bic,6.886632875000942,0.0247122500004479,12.311928334005644,,,,,,,,,,,
gaussian_subspace,8,1,ae_relu,fixed,ok,,0.9800845066199756,600,3,2.0,2.0,3.0,3.0,full,4474.048917896229,,3,3,bic,0.4934479160001501,0.0221297499956563,0.5184783750009956,,,,,,relu,321.0,True,,,
gaussian_subspace,8,1,ae_tanh,fixed,ok,,1.0,600,3,2.0,2.0,3.0,3.0,tied,404.8640045698544,,3,3,bic,0.3359490410075523,0.0253929590107873,0.3636205410002731,,,,,,tanh,131.0,True,,,
gaussian_subspace,8,1,autog2m2,fixed,ok,,0.9456813634431732,600,3,2.0,2.0,3.0,3.0,diag,190.83571212800624,,3,3,bic,1.869033791997936,0.0171637080056825,1.891115708000143,1.6330245419958374,0.0143474159995093,0.1108541659923503,0.0168145829957211,,,,,,,
gaussian_subspace,8,1,autogmm_spectral,fixed,ok,,1.0,600,3,2.0,2.0,3.0,3.0,full,-14276.623537642989,lse,3,3,bic,,0.0626647080061957,0.1803571669879602,,,,,0.115233917007572,,,,,,
gaussian_subspace,8,1,mclust,fixed,ok,,1.0,600,3,8.0,,3.0,3.0,EEI,-10321.267047578478,,3,3,bic,,0.1959999999999999,0.9051208330056396,,,,,,,,,-5051.885719650564,34.0,-10322.279889927187
gaussian_subspace,8,1,pca,fixed,ok,,0.9949958125176231,600,3,2.0,2.0,3.0,3.0,tied,3518.5774474873515,,3,3,bic,0.0008218330040108,0.0145692080113803,0.0177845839934889,,,,,,,,,,,
gaussian_subspace,8,1,umap,fixed,ok,,1.0,600,3,2.0,2.0,3.0,3.0,diag,4072.14904548984,,3,3,bic,0.6742265000066254,0.0142996669892454,0.6928020409977762,,,,,,,,,,,
gaussian_subspace,8,2,ae_relu,fixed,ok,,0.975118174517652,600,3,2.0,2.0,3.0,3.0,full,4185.766574661563,,3,3,bic,0.6505846670042956,0.0163260840054135,0.6707044169888832,,,,,,relu,450.0,True,,,
gaussian_subspace,8,2,ae_tanh,fixed,ok,,1.0,600,3,2.0,2.0,3.0,3.0,tied,-106.48995951641147,,3,3,bic,0.3417205000005197,0.0264583329990273,0.3707505420024972,,,,,,tanh,130.0,True,,,
gaussian_subspace,8,2,autog2m2,fixed,ok,,1.0,600,3,2.0,2.0,3.0,3.0,full,-1931.9871788791293,,3,3,bic,1.947361166996416,0.016247708001174,1.967158625004231,1.6856709999992745,0.0694717919977847,0.0972839169990038,0.0169920420012203,,,,,,,
gaussian_subspace,8,2,autogmm_spectral,fixed,ok,,1.0,600,3,2.0,2.0,3.0,3.0,full,-17389.820802645645,lse,3,3,bic,,0.0577192499913508,0.1747682080022059,,,,,0.1146911660034675,,,,,,
gaussian_subspace,8,2,mclust,fixed,ok,,1.0,600,3,8.0,,3.0,3.0,EEI,-8223.099485848197,,3,3,bic,,0.16,0.8255748750088969,,,,,,,,,-4002.801938785424,34.0,-8223.099486643896
gaussian_subspace,8,2,pca,fixed,ok,,1.0,600,3,2.0,2.0,3.0,3.0,tied,3194.882376179356,,3,3,bic,0.0008518329996149,0.0175903329945867,0.0221596250048605,,,,,,,,,,,
gaussian_subspace,8,2,umap,fixed,ok,,1.0,600,3,2.0,2.0,3.0,3.0,tied,4287.082452741975,,3,3,bic,0.7406577500078129,0.0141565420053666,0.7586326669988921,,,,,,,,,,,
gaussian_subspace,8,3,ae_relu,fixed,ok,,1.0,600,3,2.0,1.0,3.0,3.0,diag,-7834.970354856745,,3,3,bic,0.0,0.0493978750018868,0.1371143750002375,,,,,,relu,159.0,True,,,
gaussian_subspace,8,3,ae_tanh,fixed,ok,,1.0,600,3,2.0,2.0,3.0,3.0,tied,-361.0505461722429,,3,3,bic,0.2474826249963371,0.026864208994084,0.2771583330031717,,,,,,tanh,96.0,True,,,
gaussian_subspace,8,3,autog2m2,fixed,ok,,1.0,600,3,2.0,2.0,3.0,3.0,full,-1440.7551449601212,,3,3,bic,1.918679458001861,0.0144981250050477,1.936107790999813,1.6867172500060406,0.0616426250053336,0.080425791995367,0.016133000011905,,,,,,,
gaussian_subspace,8,3,autogmm_spectral,fixed,ok,,1.0,600,3,2.0,2.0,3.0,3.0,tied,-17868.475246910417,lse,3,3,bic,,0.0567467920045601,0.1658077089959988,,,,,0.1068559999985154,,,,,,
gaussian_subspace,8,3,mclust,fixed,ok,,1.0,600,3,8.0,,3.0,3.0,EEI,-6665.844747007989,,3,3,bic,,0.162,0.8377182080002967,,,,,,,,,-3224.17456936532,34.0,-6665.844747007996
gaussian_subspace,8,3,pca,fixed,ok,,1.0,600,3,2.0,2.0,3.0,3.0,tied,2719.834900584712,,3,3,bic,0.0008882920083124,0.0147032499953638,0.0181803330051479,,,,,,,,,,,
gaussian_subspace,8,3,umap,fixed,ok,,1.0,600,3,2.0,2.0,3.0,3.0,full,4188.173926091752,,3,3,bic,0.676347333996091,0.0221740839915582,0.7021920000115642,,,,,,,,,,,
gaussian_subspace,8,4,ae_relu,fixed,ok,,0.9900168347249766,600,3,2.0,1.0,3.0,3.0,diag,-7355.54899334063,,3,3,bic,0.0,0.0265348329994594,0.0284957080002641,,,,,,relu,490.0,True,,,
gaussian_subspace,8,4,ae_tanh,fixed,ok,,1.0,600,3,2.0,2.0,3.0,3.0,tied,1.3097511587753985,,3,3,bic,0.35768816700147,0.0274720419984078,0.3877015420002863,,,,,,tanh,140.0,True,,,
gaussian_subspace,8,4,autog2m2,fixed,ok,,1.0,600,3,2.0,2.0,3.0,3.0,full,-249.0414338259322,,3,3,bic,1.8766767079941928,0.0147192499862285,1.894140000003972,1.6460401660006028,0.0135333329963032,0.1096099169953959,0.0168809999886434,,,,,,,
gaussian_subspace,8,4,autogmm_spectral,fixed,ok,,1.0,600,3,2.0,2.0,3.0,3.0,diag,-17283.521646967416,lse,3,3,bic,,0.0585586660163244,0.1747054580046096,,,,,0.1139549579966114,,,,,,
gaussian_subspace,8,4,mclust,fixed,ok,,1.0,600,3,8.0,,3.0,3.0,EEI,-8743.12694930819,,3,3,bic,,0.174,0.8506986669963226,,,,,,,,,-4262.815670515421,34.0,-8743.136688677483
gaussian_subspace,8,4,pca,fixed,ok,,1.0,600,3,2.0,2.0,3.0,3.0,tied,3237.417259102459,,3,3,bic,0.0008110409980872,0.0144840830034809,0.0178782500006491,,,,,,,,,,,
gaussian_subspace,8,4,umap,fixed,ok,,1.0,600,3,2.0,2.0,3.0,3.0,tied,4219.883972665592,,3,3,bic,0.675482666993048,0.0144668330030981,0.694022166004288,,,,,,,,,,,
gaussian_subspace,8,5,ae_relu,fixed,ok,,1.0,600,3,2.0,2.0,3.0,3.0,full,5019.662083121177,,3,3,bic,0.8940651250013616,0.015345708001405,0.9121120830095606,,,,,,relu,619.0,True,,,
gaussian_subspace,8,5,ae_tanh,fixed,ok,,1.0,600,3,2.0,2.0,3.0,3.0,tied,-22.27193543284953,,3,3,bic,0.4626145840011304,0.0265104169957339,0.4915357080026297,,,,,,tanh,179.0,True,,,
gaussian_subspace,8,5,autog2m2,fixed,ok,,1.0,600,3,2.0,2.0,3.0,3.0,full,-1384.1263492192436,,3,3,bic,1.948100124995108,0.0191844590008258,1.9703554589941632,1.706575584001257,0.0669195829977979,0.0824662499944679,0.0163642910047201,,,,,,,
gaussian_subspace,8,5,autogmm_spectral,fixed,ok,,1.0,600,3,2.0,2.0,3.0,3.0,tied,-17836.010887766402,lse,3,3,bic,,0.059080624996568,0.1772623329889029,,,,,0.1158862500014947,,,,,,
gaussian_subspace,8,5,mclust,fixed,ok,,1.0,600,3,8.0,,3.0,3.0,EEI,-7475.309986195829,,3,3,bic,,0.1829999999999999,0.8844917500100564,,,,,,,,,-3628.90718895924,34.0,-7475.309986195829
gaussian_subspace,8,5,pca,fixed,ok,,1.0,600,3,2.0,2.0,3.0,3.0,tied,3136.270372353019,,3,3,bic,0.000841750006657,0.0151758749998407,0.0195215830026427,,,,,,,,,,,
gaussian_subspace,8,5,umap,fixed,ok,,1.0,600,3,2.0,2.0,3.0,3.0,tied,4224.135020744923,,3,3,bic,0.678102542005945,0.0141264999983832,0.6970273329934571,,,,,,,,,,,
gaussian_subspace,8,6,ae_relu,fixed,ok,,0.9949958125176231,600,3,2.0,2.0,3.0,3.0,full,3853.57699808766,,3,3,bic,0.7006518750131363,0.0161988339968957,0.7200284580030711,,,,,,relu,483.0,True,,,
gaussian_subspace,8,6,ae_tanh,fixed,ok,,1.0,600,3,2.0,2.0,3.0,3.0,tied,-238.10005095695163,,3,3,bic,0.3908051250036806,0.0264862500043818,0.4197405409940984,,,,,,tanh,148.0,True,,,
gaussian_subspace,8,6,autog2m2,fixed,ok,,0.8809791567570304,600,3,2.0,2.0,3.0,3.0,full,-598.3575334588655,,3,3,bic,1.9051400419994025,0.0220578750013373,1.930356249999022,1.6905906250030966,0.012115666992031,0.1098604169965256,0.0161456659989198,,,,,,,
gaussian_subspace,8,6,autogmm_spectral,fixed,ok,,1.0,600,3,2.0,2.0,3.0,3.0,diag,-17430.842189779698,lse,3,3,bic,,0.05692041599832,0.1766078329965239,,,,,0.1174843330081785,,,,,,
gaussian_subspace,8,6,mclust,fixed,ok,,1.0,600,3,8.0,,3.0,3.0,EEI,-7374.206260218135,,3,3,bic,,0.1899999999999999,0.9005955839966191,,,,,,,,,-3578.355325970393,34.0,-7374.206287323686
gaussian_subspace,8,6,pca,fixed,ok,,1.0,600,3,2.0,2.0,3.0,3.0,tied,2959.21703876278,,3,3,bic,0.0011771250137826,0.0146608340000966,0.0191775839921319,,,,,,,,,,,
gaussian_subspace,8,6,umap,fixed,ok,,1.0,600,3,2.0,2.0,3.0,3.0,full,4288.863555122443,,3,3,bic,0.6641108339972561,0.0141187499975785,0.6832706249988405,,,,,,,,,,,
gaussian_subspace,8,7,ae_relu,fixed,ok,,0.5549396194957652,600,3,2.0,2.0,3.0,3.0,full,4529.619639449957,,3,3,bic,0.1853817499941215,0.02666066600068,0.2148959160113008,,,,,,relu,125.0,True,,,
gaussian_subspace,8,7,ae_tanh,fixed,ok,,0.6335462269969817,600,3,2.0,2.0,3.0,3.0,tied,637.0521833454553,,3,3,bic,0.39425670800847,0.0329601669945986,0.4295600420009577,,,,,,tanh,154.0,True,,,
gaussian_subspace,8,7,autog2m2,fixed,ok,,0.4263113399782681,600,3,2.0,2.0,3.0,3.0,full,-51.14539242990777,,3,3,bic,1.935458624997409,0.032817540995893,1.9709918340086008,1.701008209012798,0.0150447500054724,0.1112729999877046,0.0163025000074412,,,,,,,
gaussian_subspace,8,7,autogmm_spectral,fixed,ok,,0.4976548159423742,600,3,2.0,2.0,3.0,3.0,full,-11341.876623682,lse,3,3,bic,,0.0574360419996082,0.1611585000064224,,,,,0.1022513329953653,,,,,,
gaussian_subspace,8,7,mclust,fixed,ok,,0.7114034827281241,600,3,8.0,,3.0,3.0,EEI,-12233.564511925526,,3,3,bic,,0.2079999999999999,0.6371570829942357,,,,,,,,,-6008.034451824088,34.0,-12352.675899795524
gaussian_subspace,8,7,pca,fixed,ok,,0.6213987143333914,600,3,2.0,2.0,3.0,3.0,tied,3856.6998679499034,,3,3,bic,0.0011088339961133,0.0203437089949147,0.0248801670095417,,,,,,,,,,,
gaussian_subspace,8,7,umap,fixed,ok,,0.5971192714224836,600,3,2.0,2.0,3.0,3.0,spherical,4212.123697425397,,3,3,bic,0.6741005840012804,0.0193010840011993,0.6971982090035453,,,,,,,,,,,
gaussian_subspace,8,8,ae_relu,fixed,ok,,0.5364399187192087,600,3,2.0,2.0,3.0,3.0,full,3998.784231114476,,3,3,bic,0.193777583001065,0.0206645840080454,0.2171495829970808,,,,,,relu,131.0,True,,,
gaussian_subspace,8,8,ae_tanh,fixed,ok,,0.931885931172184,600,3,2.0,2.0,3.0,3.0,tied,798.6179069212673,,3,3,bic,0.2280725419986993,0.0385588749923044,0.2688806660007685,,,,,,tanh,89.0,True,,,
gaussian_subspace,8,8,autog2m2,fixed,ok,,0.6555324745302433,600,3,2.0,2.0,3.0,3.0,full,-14.268530846307968,,3,3,bic,1.9819034170068337,0.0193854999961331,2.0044967910071136,1.7696709580050085,0.0131939999992027,0.1011168749973876,0.0161183330055791,,,,,,,
gaussian_subspace,8,8,autogmm_spectral,fixed,ok,,0.96542219326087,600,3,2.0,2.0,3.0,3.0,full,-13808.22710029854,lse,3,3,bic,,0.042184248988633,0.117135334003251,,,,,0.07349283300573,,,,,,
gaussian_subspace,8,8,mclust,fixed,ok,,1.0,600,3,8.0,,3.0,3.0,EEI,-9503.51466974381,,3,3,bic,,0.139,0.5836049170029582,,,,,,,,,-4643.00953073323,34.0,-9504.820330056307
gaussian_subspace,8,8,pca,fixed,ok,,0.931885931172184,600,3,2.0,2.0,3.0,3.0,tied,3724.370810720059,,3,3,bic,0.0008514170040143,0.0231155839865095,0.0265158750116825,,,,,,,,,,,
gaussian_subspace,8,8,umap,fixed,ok,,0.9801340027693,600,3,2.0,2.0,3.0,3.0,full,4280.6925137241205,,3,3,bic,0.692992124997545,0.0143684999929973,0.7124473330040928,,,,,,,,,,,
gaussian_subspace,8,9,ae_relu,fixed,ok,,0.9850377307840942,600,3,2.0,2.0,3.0,3.0,full,3998.713895109929,,3,3,bic,0.6666607499937527,0.0176437089976388,0.6869932920089923,,,,,,relu,388.0,True,,,
gaussian_subspace,8,9,ae_tanh,fixed,ok,,0.9900168347249766,600,3,2.0,2.0,3.0,3.0,tied,332.7848250941016,,3,3,bic,0.3658727080037351,0.0279486250074114,0.396400249999715,,,,,,tanh,140.0,True,,,
gaussian_subspace,8,9,autog2m2,fixed,ok,,0.8499897382122527,600,3,2.0,2.0,3.0,3.0,full,-1384.2001905195116,,3,3,bic,1.9281895839958447,0.0242967090016463,1.9558712500002,1.695800708999741,0.012713124990114,0.1249517919932259,0.0186609999946085,,,,,,,
gaussian_subspace,8,9,autogmm_spectral,fixed,ok,,1.0,600,3,2.0,2.0,3.0,3.0,full,-14891.988683314814,lse,3,3,bic,,0.0391105829912703,0.1093641249899519,,,,,0.0688644170004408,,,,,,
gaussian_subspace,8,9,mclust,fixed,ok,,1.0,600,3,8.0,,3.0,3.0,EEI,-10158.589674354898,,3,3,bic,,0.1099999999999999,0.5370577080029761,,,,,,,,,-4970.547033038774,34.0,-10159.255031726903
gaussian_subspace,8,9,pca,fixed,ok,,0.9799841766785145,600,3,2.0,2.0,3.0,3.0,tied,3421.762512939011,,3,3,bic,0.0008731669950066,0.0162899999995715,0.0199732500041136,,,,,,,,,,,
gaussian_subspace,8,9,umap,fixed,ok,,1.0,600,3,2.0,2.0,3.0,3.0,full,4324.294510199599,,3,3,bic,0.693513083999278,0.0145439160114619,0.7116729580011452,,,,,,,,,,,
gaussian_subspace,8,10,ae_relu,fixed,ok,,0.9900168347249766,600,3,2.0,2.0,3.0,3.0,full,3861.654895697464,,3,3,bic,0.2635349159972975,0.0157054580049589,0.2819752920040628,,,,,,relu,169.0,True,,,
gaussian_subspace,8,10,ae_tanh,fixed,ok,,1.0,600,3,2.0,2.0,3.0,3.0,tied,151.7773286684498,,3,3,bic,0.5028697920060949,0.0264635830098995,0.5319786670006579,,,,,,tanh,193.0,True,,,
gaussian_subspace,8,10,autog2m2,fixed,ok,,0.9949958125176231,600,3,2.0,2.0,3.0,3.0,full,-40.2919190194922,,3,3,bic,2.040465291996952,0.0208360839897068,2.064064165999298,1.8030685419944348,0.0134048750041984,0.1172168330085696,0.0205242090014508,,,,,,,
gaussian_subspace,8,10,autogmm_spectral,fixed,ok,,1.0,600,3,2.0,2.0,3.0,3.0,diag,-16782.50792187946,lse,3,3,bic,,0.0337164590018801,0.1020822499995119,,,,,0.0669950830051675,,,,,,
gaussian_subspace,8,10,mclust,fixed,ok,,1.0,600,3,8.0,,3.0,3.0,EEI,-9099.254402647364,,3,3,bic,,0.12,0.526060582997161,,,,,,,,,-4440.879397185007,34.0,-9099.26187838564
gaussian_subspace,8,10,pca,fixed,ok,,1.0,600,3,2.0,2.0,3.0,3.0,tied,3328.63600013836,,3,3,bic,0.000846167007694,0.0154282500006956,0.0190890410012798,,,,,,,,,,,
gaussian_subspace,8,10,umap,fixed,ok,,1.0,600,3,2.0,2.0,3.0,3.0,full,4175.051563347358,,3,3,bic,0.6941774169972632,0.014786500003538,0.7125904999993509,,,,,,,,,,,
gaussian_subspace,8,11,ae_relu,fixed,ok,,0.8978128840494072,600,3,2.0,2.0,3.0,3.0,full,3930.3037194213057,,3,3,bic,0.4932871669880114,0.0204588329943362,0.5166369170037797,,,,,,relu,330.0,True,,,
gaussian_subspace,8,11,ae_tanh,fixed,ok,,0.965322734315595,600,3,2.0,2.0,3.0,3.0,tied,763.5631481477939,,3,3,bic,0.2722495000052731,0.0275684160005766,0.3023586250055814,,,,,,tanh,106.0,True,,,
gaussian_subspace,8,11,autog2m2,fixed,ok,,0.8846889142815145,600,3,2.0,2.0,3.0,3.0,full,7.508425624542795,,3,3,bic,1.8711414999997944,0.0182833750004647,1.8924437079986087,1.6492103330092505,0.013673417008249,0.1057775409863097,0.016277209011605,,,,,,,
gaussian_subspace,8,11,autogmm_spectral,fixed,ok,,0.9751554845839278,600,3,2.0,2.0,3.0,3.0,full,-12085.114501105756,lse,3,3,bic,,0.0443010419985512,0.1159256249957252,,,,,0.0702221249957801,,,,,,
gaussian_subspace,8,11,mclust,fixed,ok,,0.985037604845926,600,3,8.0,,3.0,3.0,EEI,-11635.580747331142,,3,3,bic,,0.13,0.5386286249995464,,,,,,,,,-5709.042569526896,34.0,-11641.679274159538
gaussian_subspace,8,11,pca,fixed,ok,,0.9652970671245504,600,3,2.0,2.0,3.0,3.0,tied,3781.433452542007,,3,3,bic,0.0007840839971322,0.0148009580007055,0.0184365829918533,,,,,,,,,,,
gaussian_subspace,8,11,umap,fixed,ok,,0.9751803584848328,600,3,2.0,2.0,3.0,3.0,tied,4126.086209103988,,3,3,bic,0.6710505420051049,0.0139407090027816,0.6890494999970542,,,,,,,,,,,
gaussian_subspace,8,12,ae_relu,fixed,ok,,1.0,600,3,2.0,2.0,3.0,3.0,full,4150.110892309624,,3,3,bic,0.4743740419944515,0.0167161249992204,0.4947861660039052,,,,,,relu,309.0,True,,,
gaussian_subspace,8,12,ae_tanh,fixed,ok,,1.0,600,3,2.0,2.0,3.0,3.0,tied,-23.001667503945384,,3,3,bic,0.3728048749908339,0.0496026250038994,0.4248560419946443,,,,,,tanh,136.0,True,,,
gaussian_subspace,8,12,autog2m2,fixed,ok,,0.8694115481576775,600,3,2.0,2.0,3.0,3.0,full,-607.5591156657159,,3,3,bic,1.8731287910050016,0.0269376249925699,1.902854458996444,1.6461498749995371,0.0136998329980997,0.1102090420026797,0.0163937089964747,,,,,,,
gaussian_subspace,8,12,autogmm_spectral,fixed,ok,,1.0,600,3,2.0,2.0,3.0,3.0,tied,-17571.04353175225,lse,3,3,bic,,0.0342638340080156,0.1032291669980622,,,,,0.0676087080064462,,,,,,
gaussian_subspace,8,12,mclust,fixed,ok,,1.0,600,3,8.0,,3.0,3.0,EEI,-9515.2465726775,,3,3,bic,,0.1139999999999999,0.5410773750045337,,,,,,,,,-4648.875482200075,34.0,-9515.246950710443
gaussian_subspace,8,12,pca,fixed,ok,,1.0,600,3,2.0,2.0,3.0,3.0,tied,3136.906183617692,,3,3,bic,0.0008215409907279,0.0150367499882122,0.0184682910039555,,,,,,,,,,,
gaussian_subspace,8,12,umap,fixed,ok,,1.0,600,3,2.0,2.0,3.0,3.0,full,4122.709450850759,,3,3,bic,0.6875858749990584,0.016059583009337,0.7079369580023922,,,,,,,,,,,
gaussian_subspace,8,13,ae_relu,fixed,ok,,0.9800971316205,600,3,2.0,2.0,3.0,3.0,full,3852.4585484016498,,3,3,bic,0.5028456659929361,0.0166785420005908,0.5221925419900799,,,,,,relu,344.0,True,,,
gaussian_subspace,8,13,ae_tanh,fixed,ok,,0.9800961264798698,600,3,2.0,2.0,3.0,3.0,tied,307.580917143323,,3,3,bic,0.4001711250020889,0.0262795840098988,0.428946582993376,,,,,,tanh,152.0,True,,,
gaussian_subspace,8,13,autog2m2,fixed,ok,,0.7469563703155176,600,3,2.0,2.0,3.0,3.0,spherical,-267.92100030624067,,3,3,bic,1.87883420799335,0.0269672499998705,1.9086767090047945,1.6578462089964887,0.0127348329988308,0.1099344170070253,0.0163017909944755,,,,,,,
gaussian_subspace,8,13,autogmm_spectral,fixed,ok,,0.9900042509932298,600,3,2.0,2.0,3.0,3.0,full,-14603.70532090096,lse,3,3,bic,,0.0406000830116681,0.1093311250006081,,,,,0.0673408750008093,,,,,,
gaussian_subspace,8,13,mclust,fixed,ok,,1.0,600,3,8.0,,3.0,3.0,EEI,-10257.578802916383,,3,3,bic,,0.2,0.6041700829955516,,,,,,,,,-5020.041597319517,34.0,-10259.35649369912
gaussian_subspace,8,13,pca,fixed,ok,,0.9800838361096268,600,3,2.0,2.0,3.0,3.0,tied,3604.7314829701663,,3,3,bic,0.0008133329974953,0.0143832909961929,0.0175696670048637,,,,,,,,,,,
gaussian_subspace,8,13,umap,fixed,ok,,0.9751797317603416,600,3,2.0,2.0,3.0,3.0,tied,4085.884632538772,,3,3,bic,0.6899731249868637,0.0144738749950192,0.708489999989979,,,,,,,,,,,
gaussian_subspace,8,14,ae_relu,fixed,ok,,0.9900042509932298,600,3,2.0,2.0,3.0,3.0,full,4546.51776631509,,3,3,bic,0.6822695410082815,0.0342622080061119,0.7195553749916144,,,,,,relu,407.0,True,,,
gaussian_subspace,8,14,ae_tanh,fixed,ok,,0.9850379826540704,600,3,2.0,2.0,3.0,3.0,tied,403.9647964887989,,3,3,bic,0.3535331249877345,0.0299661669996567,0.3858314590033842,,,,,,tanh,135.0,True,,,
gaussian_subspace,8,14,autog2m2,fixed,ok,,0.9850377307840942,600,3,2.0,2.0,3.0,3.0,full,193.8837764464108,,3,3,bic,2.534656374991755,0.0208523749897722,2.5588186670065625,2.2502225839998573,0.0175147080008173,0.1326030830095987,0.0204678750014863,,,,,,,
gaussian_subspace,8,14,autogmm_spectral,fixed,ok,,1.0,600,3,2.0,2.0,3.0,3.0,full,-14490.231793370716,lse,3,3,bic,,0.0388647910003783,0.1072584579960675,,,,,0.0670372500026132,,,,,,
gaussian_subspace,8,14,mclust,fixed,ok,,1.0,600,3,8.0,,3.0,3.0,EEI,-9852.125024607069,,3,3,bic,,0.1879999999999999,0.6143623749958351,,,,,,,,,-4817.3147081648585,34.0,-9852.132616885046
gaussian_subspace,8,14,pca,fixed,ok,,0.98997916755783,600,3,2.0,2.0,3.0,3.0,tied,3674.055930228539,,3,3,bic,0.0010688339971238,0.0207547080062795,0.0249700420099543,,,,,,,,,,,
gaussian_subspace,8,14,umap,fixed,ok,,0.9900168347249766,600,3,2.0,2.0,3.0,3.0,full,4143.425069147308,,3,3,bic,0.8460873750009341,0.0202986669901292,0.8706034170027124,,,,,,,,,,,
gaussian_subspace,8,15,ae_relu,fixed,ok,,0.9603061316849396,600,3,2.0,2.0,3.0,3.0,full,4326.708662458813,,3,3,bic,0.241981459010276,0.0190780419943621,0.2636923329991987,,,,,,relu,152.0,True,,,
gaussian_subspace,8,15,ae_tanh,fixed,ok,,0.9751295644672852,600,3,2.0,2.0,3.0,3.0,tied,238.7548187714371,,3,3,bic,0.4112486660014838,0.0286280830041505,0.4424332089984091,,,,,,tanh,154.0,True,,,
gaussian_subspace,8,15,autog2m2,fixed,ok,,0.9125354535332608,600,3,2.0,2.0,3.0,3.0,full,-419.2854676239816,,3,3,bic,2.101469959001406,0.0228975420031929,2.127366375003476,1.8392784579918957,0.0154862500057788,0.1272359169961419,0.0183767499984242,,,,,,,
gaussian_subspace,8,15,autogmm_spectral,fixed,ok,,0.9800838361096268,600,3,2.0,2.0,3.0,3.0,full,-13722.815197793438,lse,3,3,bic,,0.0415446660044835,0.111135250001098,,,,,0.0681956250045914,,,,,,
gaussian_subspace,8,15,mclust,fixed,ok,,0.9949958125176231,600,3,8.0,,3.0,3.0,EEI,-10512.295374670832,,3,3,bic,,0.1089999999999999,0.5146399170043878,,,,,,,,,-5147.399883196741,34.0,-10514.56257378968
gaussian_subspace,8,15,pca,fixed,ok,,0.9751295644672852,600,3,2.0,2.0,3.0,3.0,tied,3686.93332841371,,3,3,bic,0.0009822080028243,0.0174319590005325,0.0213531669869553,,,,,,,,,,,
gaussian_subspace,8,15,umap,fixed,ok,,0.9900166666666668,600,3,2.0,2.0,3.0,3.0,tied,4049.918590608285,,3,3,bic,0.7436563329974888,0.0148083749954821,0.7620467090018792,,,,,,,,,,,
gaussian_subspace,8,16,ae_relu,fixed,ok,,0.9605880158663916,600,3,2.0,2.0,3.0,3.0,full,4584.559461373437,,3,3,bic,0.6498201670037815,0.0211592910054605,0.6739328330004355,,,,,,relu,441.0,True,,,
gaussian_subspace,8,16,ae_tanh,fixed,ok,,0.9900168347249766,600,3,2.0,2.0,3.0,3.0,tied,359.6811414825244,,3,3,bic,0.573093125000014,0.0302429590083193,0.6057099589961581,,,,,,tanh,213.0,True,,,
gaussian_subspace,8,16,autog2m2,fixed,ok,,0.3550185669239008,600,3,2.0,2.0,3.0,3.0,full,-307.59457055965635,,3,3,bic,2.084065458999248,0.0229781660018488,2.110061749990564,1.845407541986788,0.0140389169973786,0.116717167009483,0.0174293750023935,,,,,,,
gaussian_subspace,8,16,autogmm_spectral,fixed,ok,,0.9900041668585104,600,3,2.0,2.0,3.0,3.0,full,-13412.546999569377,lse,3,3,bic,,0.0435977919987635,0.112551500002155,,,,,0.0675993750046473,,,,,,
gaussian_subspace,8,16,mclust,fixed,ok,,1.0,600,3,8.0,,3.0,3.0,EEI,-10739.204513766115,,3,3,bic,,0.1079999999999999,0.513101666001603,,,,,,,,,-5260.854452744384,34.0,-10741.714866670354
gaussian_subspace,8,16,pca,fixed,ok,,0.9900168347249766,600,3,2.0,2.0,3.0,3.0,tied,3651.7650409246735,,3,3,bic,0.0010933330049738,0.0161789580015465,0.0200225000007776,,,,,,,,,,,
gaussian_subspace,8,16,umap,fixed,ok,,0.9949958125176231,600,3,2.0,2.0,3.0,3.0,spherical,4128.322042161346,,3,3,bic,0.6933390839985805,0.0143314169981749,0.7115115830092691,,,,,,,,,,,
gaussian_subspace,8,17,ae_relu,fixed,ok,,0.9703554963908736,600,3,2.0,2.0,3.0,3.0,full,4636.88386900515,,3,3,bic,0.3959567499987315,0.0205306669959099,0.4197202079958515,,,,,,relu,253.0,True,,,
gaussian_subspace,8,17,ae_tanh,fixed,ok,,0.9949958125176231,600,3,2.0,2.0,3.0,3.0,tied,141.67587619474943,,3,3,bic,0.4263903749961173,0.0268005000107223,0.4555547920026583,,,,,,tanh,150.0,True,,,
gaussian_subspace,8,17,autog2m2,fixed,ok,,0.9900041668585104,600,3,2.0,2.0,3.0,3.0,diag,-2.415519876087515,,3,3,bic,2.078221792005934,0.0174918330012587,2.098798542006989,1.8458613749971848,0.0142033750016707,0.1088268330058781,0.0174874999938765,,,,,,,
gaussian_subspace,8,17,autogmm_spectral,fixed,ok,,0.9949958125176231,600,3,2.0,2.0,3.0,3.0,full,-15718.973597196727,lse,3,3,bic,,0.0336192079848842,0.1014823750010691,,,,,0.0665008340001804,,,,,,
gaussian_subspace,8,17,mclust,fixed,ok,,1.0,600,3,8.0,,3.0,3.0,EEI,-9671.033820851786,,3,3,bic,,0.1059999999999999,0.5146303749934305,,,,,,,,,-4726.769106287218,34.0,-9671.271637133274
gaussian_subspace,8,17,pca,fixed,ok,,1.0,600,3,2.0,2.0,3.0,3.0,tied,3479.2972900785926,,3,3,bic,0.001028957995004,0.0154890420089941,0.0191968330036615,,,,,,,,,,,
gaussian_subspace,8,17,umap,fixed,ok,,1.0,600,3,2.0,2.0,3.0,3.0,diag,4141.978514674073,,3,3,bic,0.7175417920079781,0.0151373750122729,0.7362861250003334,,,,,,,,,,,
gaussian_subspace,8,18,ae_relu,fixed,ok,,0.9900168347249766,600,3,2.0,2.0,3.0,3.0,full,3776.711533218792,,3,3,bic,0.7548041669942904,0.0157674170040991,0.7731487919954816,,,,,,relu,496.0,True,,,
gaussian_subspace,8,18,ae_tanh,fixed,ok,,1.0,600,3,2.0,2.0,3.0,3.0,tied,241.7954698949194,,3,3,bic,0.3413989160035271,0.0239619589992798,0.3675850419967901,,,,,,tanh,121.0,True,,,
gaussian_subspace,8,18,autog2m2,fixed,ok,,0.5908474198411053,600,3,2.0,2.0,3.0,3.0,full,397.4204719437269,,3,3,bic,2.129756416994496,0.0327212499978486,2.1656565419980325,1.8962310000060825,0.0142345839994959,0.109033583998098,0.0170800000050803,,,,,,,
gaussian_subspace,8,18,autogmm_spectral,fixed,ok,,1.0,600,3,2.0,2.0,3.0,3.0,full,-15768.59101829954,lse,3,3,bic,,0.0342080840055132,0.103040999994846,,,,,0.0674749169993447,,,,,,
gaussian_subspace,8,18,mclust,fixed,ok,,1.0,600,3,8.0,,3.0,3.0,EEI,-9968.43050348832,,3,3,bic,,0.1089999999999999,0.5170059999945806,,,,,,,,,-4875.467447605485,34.0,-9969.101383301571
gaussian_subspace,8,18,pca,fixed,ok,,1.0,600,3,2.0,2.0,3.0,3.0,tied,3443.4504413491795,,3,3,bic,0.0008076250087469,0.0151493750017834,0.0184341669955756,,,,,,,,,,,
gaussian_subspace,8,18,umap,fixed,ok,,1.0,600,3,2.0,2.0,3.0,3.0,full,4156.15114577843,,3,3,bic,0.6768278329982422,0.0140561249863822,0.6954144160117721,,,,,,,,,,,
gaussian_subspace,8,19,ae_relu,fixed,ok,,0.9949958125176231,600,3,2.0,2.0,3.0,3.0,full,4417.538788860853,,3,3,bic,0.4105007080070209,0.0160226669977419,0.4292278749926481,,,,,,relu,280.0,True,,,
gaussian_subspace,8,19,ae_tanh,fixed,ok,,0.9949958125176231,600,3,2.0,2.0,3.0,3.0,tied,267.5939906539344,,3,3,bic,0.3216765419929288,0.026131541992072,0.3501262920035515,,,,,,tanh,124.0,True,,,
gaussian_subspace,8,19,autog2m2,fixed,ok,,0.9653746489576136,600,3,2.0,2.0,3.0,3.0,full,195.4957432588756,,3,3,bic,2.130791500007035,0.01842508300615,2.151993334002327,1.878587625004002,0.0156308750010794,0.1160625839984277,0.0183876249939203,,,,,,,
gaussian_subspace,8,19,autogmm_spectral,fixed,ok,,1.0,600,3,2.0,2.0,3.0,3.0,full,-16216.476943161697,lse,3,3,bic,,0.0363324159989133,0.1063938330044038,,,,,0.0686644999950658,,,,,,
gaussian_subspace,8,19,mclust,fixed,ok,,1.0,600,3,8.0,,3.0,3.0,EEI,-9921.267150112117,,3,3,bic,,0.1109999999999999,0.519797250002739,,,,,,,,,-4851.885770917383,34.0,-9921.267361868677
gaussian_subspace,8,19,pca,fixed,ok,,1.0,600,3,2.0,2.0,3.0,3.0,tied,3360.168730767746,,3,3,bic,0.0008962090068962,0.017749749997165,0.0214835000078892,,,,,,,,,,,
gaussian_subspace,8,19,umap,fixed,ok,,1.0,600,3,2.0,2.0,3.0,3.0,spherical,4210.199336551189,,3,3,bic,0.711168459005421,0.0140804999973624,0.7294724999956088,,,,,,,,,,,
gaussian_subspace,16,0,ae_relu,fixed,ok,,0.985063191387914,600,3,2.0,2.0,3.0,3.0,full,4137.874570720147,,3,3,bic,0.5798786249943078,0.0279385000030742,0.6126547919993754,,,,,,relu,223.0,True,,,
gaussian_subspace,16,0,ae_tanh,fixed,ok,,1.0,600,3,2.0,2.0,3.0,3.0,spherical,-180.65638147293413,,3,3,bic,0.4261779170046793,0.032402833996457,0.5617166250012815,,,,,,tanh,158.0,True,,,
gaussian_subspace,16,0,autog2m2,fixed,ok,,0.6619848546379922,600,3,2.0,2.0,3.0,3.0,diag,-2827.547158049868,,3,3,bic,4.072442374992534,0.0389603340008761,4.118734333998873,3.2979792919941247,0.1125574580073589,0.1471465000067837,0.0264607090066419,,,,,,,
gaussian_subspace,16,0,autogmm_spectral,fixed,ok,,1.0,600,3,2.0,2.0,3.0,3.0,spherical,-17883.728337789355,lse,3,3,bic,,0.0614366660011,0.2513117089984007,,,,,0.116273291001562,,,,,,
gaussian_subspace,16,0,mclust,fixed,ok,,1.0,600,3,16.0,,3.0,3.0,EEI,-18922.508866835266,,3,3,bic,,0.5890000000000001,1.2871070420078468,,,,,,,,,-9250.155754795498,66.0,-18922.5088686647
gaussian_subspace,16,0,pca,fixed,ok,,1.0,600,3,2.0,2.0,3.0,3.0,tied,3361.677325999257,,3,3,bic,0.0016206660075113,0.0249507920088944,0.0304844159982167,,,,,,,,,,,
gaussian_subspace,16,0,umap,fixed,ok,,1.0,600,3,2.0,2.0,3.0,3.0,tied,3786.123644343573,,3,3,bic,6.904685750007047,0.0282034590054536,12.254744749996462,,,,,,,,,,,
gaussian_subspace,16,1,ae_relu,fixed,ok,,0.9801350059845216,600,3,2.0,2.0,3.0,3.0,full,4345.60695646467,,3,3,bic,0.234037417001673,0.0163052919961046,0.2530101669981377,,,,,,relu,151.0,True,,,
gaussian_subspace,16,1,ae_tanh,fixed,ok,,1.0,600,3,2.0,2.0,3.0,3.0,tied,305.7733163599352,,3,3,bic,0.3564579579979181,0.0301464579970343,0.3896137499978067,,,,,,tanh,126.0,True,,,
gaussian_subspace,16,1,autog2m2,fixed,ok,,0.9949958125176231,600,3,2.0,2.0,3.0,3.0,full,-2918.330915123993,,3,3,bic,2.1412400839908514,0.0157515419996343,2.1599261249939445,1.9197375840012685,0.0134577499993611,0.1034900000086054,0.0162574169953586,,,,,,,
gaussian_subspace,16,1,autogmm_spectral,fixed,ok,,1.0,600,3,2.0,2.0,3.0,3.0,full,-16526.47254702739,lse,3,3,bic,,0.0585327070148196,0.1726032089936779,,,,,0.111875874994439,,,,,,
gaussian_subspace,16,1,mclust,fixed,ok,,1.0,600,3,16.0,,3.0,3.0,EEI,-21042.77857458456,,3,3,bic,,0.425,1.0898620420048246,,,,,,,,,-10310.290608670146,66.0,-21042.77859018233
gaussian_subspace,16,1,pca,fixed,ok,,1.0,600,3,2.0,2.0,3.0,3.0,tied,3643.7929819452143,,3,3,bic,0.0011238750012125,0.0166024170030141,0.020343791009509,,,,,,,,,,,
gaussian_subspace,16,1,umap,fixed,ok,,1.0,600,3,2.0,2.0,3.0,3.0,full,3841.804558994518,,3,3,bic,0.6887632090074476,0.0141080419998615,0.7062885000050301,,,,,,,,,,,
gaussian_subspace,16,2,ae_relu,fixed,ok,,0.9949958125176231,600,3,2.0,2.0,3.0,3.0,full,4157.560846138402,,3,3,bic,0.2767127090046415,0.0141933749982854,0.2937362090015085,,,,,,relu,179.0,True,,,
gaussian_subspace,16,2,ae_tanh,fixed,ok,,1.0,600,3,2.0,2.0,3.0,3.0,tied,94.02961446209436,,3,3,bic,0.5287036250083474,0.0240773749974323,0.5551662080106325,,,,,,tanh,193.0,True,,,
gaussian_subspace,16,2,autog2m2,fixed,ok,,0.9750814945772904,600,3,2.0,2.0,3.0,3.0,full,17.947247559294382,,3,3,bic,2.314596666998113,0.0212264169967966,2.3388062920130324,2.0862285000039265,0.0138999589980812,0.1090419999964069,0.0161551249912008,,,,,,,
gaussian_subspace,16,2,autogmm_spectral,fixed,ok,,1.0,600,3,2.0,2.0,3.0,3.0,full,-16472.062204612062,lse,3,3,bic,,0.0585014169919304,0.169401833001757,,,,,0.1087764999974751,,,,,,
gaussian_subspace,16,2,mclust,fixed,ok,,1.0,600,3,16.0,,3.0,3.0,EEI,-21005.48015401504,,3,3,bic,,0.4119999999999999,1.0790319590014406,,,,,,,,,-10291.641398385387,66.0,-21005.4803582253
gaussian_subspace,16,2,pca,fixed,ok,,1.0,600,3,2.0,2.0,3.0,3.0,tied,3612.5387996156255,,3,3,bic,0.001222000006237,0.0147431660006986,0.018637832996319,,,,,,,,,,,
gaussian_subspace,16,2,umap,fixed,ok,,1.0,600,3,2.0,2.0,3.0,3.0,spherical,3832.184451529195,,3,3,bic,0.6897597920033149,0.014196208998328,0.7071625839889748,,,,,,,,,,,
gaussian_subspace,16,3,ae_relu,fixed,ok,,0.9949958125176231,600,3,2.0,2.0,3.0,3.0,full,4514.053590952775,,3,3,bic,0.3026010419998783,0.0146912920026807,0.3198877079994418,,,,,,relu,195.0,True,,,
gaussian_subspace,16,3,ae_tanh,fixed,ok,,1.0,600,3,2.0,2.0,3.0,3.0,spherical,181.78219362593828,,3,3,bic,0.456555541997659,0.0262295830034418,0.4852866669971263,,,,,,tanh,167.0,True,,,
gaussian_subspace,16,3,autog2m2,fixed,ok,,0.946360627369802,600,3,2.0,2.0,3.0,3.0,full,-1753.083768077097,,3,3,bic,2.2548298750043614,0.0161812910082517,2.2740671250066957,1.9904110000061337,0.0724037080071866,0.0887623750022612,0.0161787089891731,,,,,,,
gaussian_subspace,16,3,autogmm_spectral,fixed,ok,,1.0,600,3,2.0,2.0,3.0,3.0,full,-16235.492075262811,lse,3,3,bic,,0.0648767079837853,0.1778216249949764,,,,,0.1107486250111833,,,,,,
gaussian_subspace,16,3,mclust,fixed,ok,,1.0,600,3,16.0,,3.0,3.0,EEI,-21569.57686571964,,3,3,bic,,0.321,0.978425209003035,,,,,,,,,-10573.689754237688,66.0,-21569.57686585066
gaussian_subspace,16,3,pca,fixed,ok,,1.0,600,3,2.0,2.0,3.0,3.0,spherical,3537.608520165048,,3,3,bic,0.0009279579971916,0.0145391250116517,0.0180607090005651,,,,,,,,,,,
gaussian_subspace,16,3,umap,fixed,ok,,1.0,600,3,2.0,2.0,3.0,3.0,tied,3745.95785375416,,3,3,bic,0.714103916005115,0.0143477079982403,0.7322168749960838,,,,,,,,,,,
gaussian_subspace,16,4,ae_relu,fixed,ok,,0.984987816627764,600,3,2.0,2.0,3.0,3.0,full,5140.44711174059,,3,3,bic,0.4432074579963228,0.0173037080094218,0.4634853330062469,,,,,,relu,284.0,True,,,
gaussian_subspace,16,4,ae_tanh,fixed,ok,,1.0,600,3,2.0,2.0,3.0,3.0,tied,240.37366294507547,,3,3,bic,0.3760964999964926,0.0272060830029658,0.406066458002897,,,,,,tanh,138.0,True,,,
gaussian_subspace,16,4,autog2m2,fixed,ok,,0.960135583577574,600,3,2.0,2.0,3.0,3.0,full,-428.7467257237304,,3,3,bic,2.3596299170021666,0.0182605829904787,2.380969667006866,2.129261583002517,0.0136611250054556,0.1098482079978566,0.0160660420078784,,,,,,,
gaussian_subspace,16,4,autogmm_spectral,fixed,ok,,1.0,600,3,2.0,2.0,3.0,3.0,full,-14950.98336729349,lse,3,3,bic,,0.0682627499918453,0.1827979160007089,,,,,0.1123828339914325,,,,,,
gaussian_subspace,16,4,mclust,fixed,ok,,1.0,600,3,16.0,,3.0,3.0,EEI,-22139.453831688457,,3,3,bic,,0.4399999999999999,1.1007432920014253,,,,,,,,,-10858.628237222094,66.0,-22139.61455740684
gaussian_subspace,16,4,pca,fixed,ok,,1.0,600,3,2.0,2.0,3.0,3.0,tied,3688.4439771545663,,3,3,bic,0.0009546249930281,0.0147420410066843,0.0183784999971976,,,,,,,,,,,
gaussian_subspace,16,4,umap,fixed,ok,,0.9949958125176231,600,3,2.0,2.0,3.0,3.0,tied,3765.031956027261,,3,3,bic,0.698403624992352,0.014099249994615,0.7167435419978574,,,,,,,,,,,
gaussian_subspace,16,5,ae_relu,fixed,ok,,0.9654986058002952,600,3,2.0,2.0,3.0,3.0,full,4540.885469885156,,3,3,bic,0.3824388749926584,0.0203500419884221,0.4062530829978641,,,,,,relu,250.0,True,,,
gaussian_subspace,16,5,ae_tanh,fixed,ok,,0.9800218844810688,600,3,2.0,2.0,3.0,3.0,tied,401.5296343041248,,3,3,bic,0.2884783329936908,0.027427916007582,0.3186112910043448,,,,,,tanh,106.0,True,,,
gaussian_subspace,16,5,autog2m2,fixed,ok,,0.8639862014802283,600,3,2.0,2.0,3.0,3.0,full,-621.3683791289415,,3,3,bic,2.341870541000389,0.021850709003047,2.366763332989649,2.1172085830039578,0.0133626250026281,0.1097383329906733,0.0160519170021871,,,,,,,
gaussian_subspace,16,5,autogmm_spectral,fixed,ok,,0.9801350059845216,600,3,2.0,2.0,3.0,3.0,full,-13279.860418412964,lse,3,3,bic,,0.0875246669893385,0.2060928330029128,,,,,0.1162868749961489,,,,,,
gaussian_subspace,16,5,mclust,fixed,ok,,1.0,600,3,16.0,,3.0,3.0,EEI,-23475.45774250244,,3,3,bic,,0.8089999999999999,1.4752829589997418,,,,,,,,,-11526.630192629083,66.0,-23477.16403336821
gaussian_subspace,16,5,pca,fixed,ok,,0.9900168347249766,600,3,2.0,2.0,3.0,3.0,tied,3761.482654184931,,3,3,bic,0.000931375005166,0.0150112500123213,0.0184844160103239,,,,,,,,,,,
gaussian_subspace,16,5,umap,fixed,ok,,1.0,600,3,2.0,2.0,3.0,3.0,spherical,3796.8967340427616,,3,3,bic,0.6989566249976633,0.0141020410083001,0.7171164580067853,,,,,,,,,,,
gaussian_subspace,16,6,ae_relu,fixed,ok,,0.8539385943321233,600,3,2.0,2.0,3.0,3.0,full,5114.965638363491,,3,3,bic,0.3647773330012569,0.0271962499973597,0.3951637080026557,,,,,,relu,221.0,True,,,
gaussian_subspace,16,6,ae_tanh,fixed,ok,,0.8929860265392097,600,3,2.0,2.0,3.0,3.0,spherical,779.2930299503253,,3,3,bic,0.436234750013682,0.0307165419944794,0.4695102089899592,,,,,,tanh,157.0,True,,,
gaussian_subspace,16,6,autog2m2,fixed,ok,,0.960669338815988,600,3,2.0,2.0,3.0,3.0,full,-646.9340595482631,,3,3,bic,2.5892437909933506,0.0159851670032367,2.6087638339959085,2.269819666005787,0.0431722079956671,0.156643875001464,0.0164589159976458,,,,,,,
gaussian_subspace,16,6,autogmm_spectral,fixed,ok,,0.9604700030643344,600,3,2.0,2.0,3.0,3.0,full,-10584.387541890235,lse,3,3,bic,,0.0765699160110671,0.2216990419983631,,,,,0.1426781670015771,,,,,,
gaussian_subspace,16,6,mclust,fixed,ok,,1.0,600,3,16.0,,3.0,3.0,EEI,-25041.088002641936,,3,3,bic,,1.1310000000000002,1.8228365419927288,,,,,,,,,-12309.445322698835,66.0,-25042.38009873288
gaussian_subspace,16,6,pca,fixed,ok,,0.907159915332566,600,3,2.0,2.0,3.0,3.0,spherical,3902.628131347076,,3,3,bic,0.0011789590062107,0.0183264579973183,0.0222339169995393,,,,,,,,,,,
gaussian_subspace,16,6,umap,fixed,ok,,0.9653481089880828,600,3,2.0,2.0,3.0,3.0,tied,3840.004804003763,,3,3,bic,0.6846467909927014,0.0140077079995535,0.7024298750038724,,,,,,,,,,,
gaussian_subspace,16,7,ae_relu,fixed,ok,,0.9800218844810688,600,3,2.0,2.0,3.0,3.0,full,5294.574690930031,,3,3,bic,0.2885367499984568,0.0184679590020095,0.3097353749908507,,,,,,relu,178.0,True,,,
gaussian_subspace,16,7,ae_tanh,fixed,ok,,0.9949958125176231,600,3,2.0,2.0,3.0,3.0,spherical,568.3054133399254,,3,3,bic,0.3873339999991003,0.0263119160081259,0.4166372920008143,,,,,,tanh,141.0,True,,,
gaussian_subspace,16,7,autog2m2,fixed,ok,,0.8603733897374335,600,3,2.0,2.0,3.0,3.0,full,-843.2272739555095,,3,3,bic,2.227809791991604,0.0185171670018462,2.249773124989588,1.958569499998703,0.0162320420058676,0.1348975000000791,0.0172531669959425,,,,,,,
gaussian_subspace,16,7,autogmm_spectral,fixed,ok,,1.0,600,3,2.0,2.0,3.0,3.0,full,-13265.565345625777,lse,3,3,bic,,0.0436545419943286,0.1179270409920718,,,,,0.0729419169947505,,,,,,
gaussian_subspace,16,7,mclust,fixed,ok,,1.0,600,3,16.0,,3.0,3.0,EEI,-23074.46174378966,,3,3,bic,,0.519,0.9337362090009264,,,,,,,,,-11326.132193272697,66.0,-23074.61899640452
gaussian_subspace,16,7,pca,fixed,ok,,0.9949958125176231,600,3,2.0,2.0,3.0,3.0,tied,3827.325045116984,,3,3,bic,0.0012540409952634,0.0165380830003414,0.0210065419960301,,,,,,,,,,,
gaussian_subspace,16,7,umap,fixed,ok,,0.9949958125176231,600,3,2.0,2.0,3.0,3.0,tied,3778.23412489269,,3,3,bic,0.7229866249981569,0.0140085839957464,0.7408655409963103,,,,,,,,,,,
gaussian_subspace,16,8,ae_relu,fixed,ok,,0.9949958125176231,600,3,2.0,2.0,3.0,3.0,full,4452.4887827039165,,3,3,bic,0.3987016669998411,0.0152073339995695,0.4175082079891581,,,,,,relu,256.0,True,,,
gaussian_subspace,16,8,ae_tanh,fixed,ok,,1.0,600,3,2.0,2.0,3.0,3.0,tied,199.71298310249583,,3,3,bic,0.3185441669920692,0.0264695000078063,0.3478805830091005,,,,,,tanh,119.0,True,,,
gaussian_subspace,16,8,autog2m2,fixed,ok,,0.9900168347249766,600,3,2.0,2.0,3.0,3.0,diag,-465.6677946493807,,3,3,bic,2.3648136669944506,0.0165567090007243,2.386770750003052,2.122355792002054,0.0136966669961111,0.1142739589995471,0.0161594170058378,,,,,,,
gaussian_subspace,16,8,autogmm_spectral,fixed,ok,,1.0,600,3,2.0,2.0,3.0,3.0,diag,-16446.8861793353,lse,3,3,bic,,0.035696334001841,0.1093002080015139,,,,,0.072181665993412,,,,,,
gaussian_subspace,16,8,mclust,fixed,ok,,1.0,600,3,16.0,,3.0,3.0,EEI,-21055.95376023219,,3,3,bic,,0.539,0.9730985000060172,,,,,,,,,-10316.878201493964,66.0,-21056.29952657824
gaussian_subspace,16,8,pca,fixed,ok,,1.0,600,3,2.0,2.0,3.0,3.0,tied,3571.9773647010397,,3,3,bic,0.0009281669917982,0.0150268339930335,0.0186305420065764,,,,,,,,,,,
gaussian_subspace,16,8,umap,fixed,ok,,1.0,600,3,2.0,2.0,3.0,3.0,spherical,3814.5094127602015,,3,3,bic,0.6891001249896362,0.0144670000008773,0.7075037499889731,,,,,,,,,,,
gaussian_subspace,16,9,ae_relu,fixed,ok,,0.9700535288680806,600,3,2.0,2.0,3.0,3.0,full,5038.715071768529,,3,3,bic,0.3981746670033317,0.0182133749913191,0.4192020000045886,,,,,,relu,241.0,True,,,
gaussian_subspace,16,9,ae_tanh,fixed,ok,,0.9801350059845216,600,3,2.0,2.0,3.0,3.0,tied,288.06710192864455,,3,3,bic,0.3084243339981185,0.0266834159992868,0.3380210830073338,,,,,,tanh,112.0,True,,,
gaussian_subspace,16,9,autog2m2,fixed,ok,,0.9179991345041532,600,3,2.0,2.0,3.0,3.0,full,-1667.6568147515782,,3,3,bic,2.38748495800246,0.0186252079874975,2.409528167001554,2.111180665990105,0.0159600829938426,0.1378847910091281,0.0177982909954153,,,,,,,
gaussian_subspace,16,9,autogmm_spectral,fixed,ok,,0.985063191387914,600,3,2.0,2.0,3.0,3.0,full,-14394.08719188886,lse,3,3,bic,,0.0405344989994773,0.1095030410069739,,,,,0.0676090420020045,,,,,,
gaussian_subspace,16,9,mclust,fixed,ok,,0.9949958125176231,600,3,16.0,,3.0,3.0,EEI,-22410.599891276703,,3,3,bic,,0.3409999999999999,0.749201250000624,,,,,,,,,-10994.20126701622,66.0,-22413.96519419212
gaussian_subspace,16,9,pca,fixed,ok,,0.985063191387914,600,3,2.0,2.0,3.0,3.0,tied,3713.642991359337,,3,3,bic,0.0010705000022426,0.017113000008976,0.021547249998548,,,,,,,,,,,
gaussian_subspace,16,9,umap,fixed,ok,,0.985063191387914,600,3,2.0,2.0,3.0,3.0,diag,3753.9136177893215,,3,3,bic,0.7171521669952199,0.0151003329956438,0.736121624999214,,,,,,,,,,,
gaussian_subspace,16,10,ae_relu,fixed,ok,,1.0,600,3,2.0,2.0,3.0,3.0,full,4703.5811507192975,,3,3,bic,0.3744849159993464,0.0158782910002628,0.3932724589976715,,,,,,relu,225.0,True,,,
gaussian_subspace,16,10,ae_tanh,fixed,ok,,1.0,600,3,2.0,2.0,3.0,3.0,tied,-89.50919054646256,,3,3,bic,0.4941917920077685,0.0239979170000879,0.520627499994589,,,,,,tanh,169.0,True,,,
gaussian_subspace,16,10,autog2m2,fixed,ok,,0.9367867018655576,600,3,2.0,2.0,3.0,3.0,full,-571.2692000305457,,3,3,bic,2.399500250001438,0.017475957996794,2.420490250005969,2.1705930000025546,0.0134540840081172,0.1134890420071315,0.0166234579955926,,,,,,,
gaussian_subspace,16,10,autogmm_spectral,fixed,ok,,1.0,600,3,2.0,2.0,3.0,3.0,full,-17214.429048520517,lse,3,3,bic,,0.0328920410102,0.1017440419964259,,,,,0.0674371250061085,,,,,,
gaussian_subspace,16,10,mclust,fixed,ok,,1.0,600,3,16.0,,3.0,3.0,EEI,-20388.36477371938,,3,3,bic,,0.253,0.6597680419945391,,,,,,,,,-9983.083708237556,66.0,-20388.364776891493
gaussian_subspace,16,10,pca,fixed,ok,,1.0,600,3,2.0,2.0,3.0,3.0,tied,3544.9555877123557,,3,3,bic,0.0009885409963317,0.0155169999925419,0.0192942910070996,,,,,,,,,,,
gaussian_subspace,16,10,umap,fixed,ok,,1.0,600,3,2.0,2.0,3.0,3.0,tied,3821.649514856275,,3,3,bic,0.7377442089928081,0.0150670419970992,0.7567257090122439,,,,,,,,,,,
gaussian_subspace,16,11,ae_relu,fixed,ok,,0.9703554963908736,600,3,2.0,2.0,3.0,3.0,diag,3904.3245500000608,,3,3,bic,0.1443346670130267,0.017236416999367,0.1641444999986561,,,,,,relu,93.0,True,,,
gaussian_subspace,16,11,ae_tanh,fixed,ok,,0.9949958125176231,600,3,2.0,2.0,3.0,3.0,tied,376.0779436736349,,3,3,bic,0.451843832997838,0.026584332998027,0.4812952919892268,,,,,,tanh,169.0,True,,,
gaussian_subspace,16,11,autog2m2,fixed,ok,,0.8608999159738336,600,3,2.0,2.0,3.0,3.0,full,-1543.9068800512018,,3,3,bic,2.1785470829927363,0.0172502919886028,2.1989444170030765,1.9348445420037024,0.0161552920035319,0.1100104579963954,0.0169459589960752,,,,,,,
gaussian_subspace,16,11,autogmm_spectral,fixed,ok,,0.9900041668585104,600,3,2.0,2.0,3.0,3.0,full,-13002.936231399231,lse,3,3,bic,,0.0397284999926341,0.1113972500024829,,,,,0.0702757910039508,,,,,,
gaussian_subspace,16,11,mclust,fixed,ok,,1.0,600,3,16.0,,3.0,3.0,EEI,-23280.860725307324,,3,3,bic,,0.299,0.7069482500082813,,,,,,,,,-11429.33168403153,66.0,-23281.84673001729
gaussian_subspace,16,11,pca,fixed,ok,,0.9900042509932298,600,3,2.0,2.0,3.0,3.0,tied,3728.189245256829,,3,3,bic,0.001294040994253,0.0164588330080732,0.0212369999935617,,,,,,,,,,,
gaussian_subspace,16,11,umap,fixed,ok,,0.9900166666666668,600,3,2.0,2.0,3.0,3.0,spherical,3746.889465002933,,3,3,bic,0.7607561670010909,0.0143102919973898,0.7789520410005935,,,,,,,,,,,
gaussian_subspace,16,12,ae_relu,fixed,ok,,1.0,600,3,2.0,2.0,3.0,3.0,full,4892.989232136133,,3,3,bic,0.4231761670089327,0.0154245830053696,0.4411507080076262,,,,,,relu,275.0,True,,,
gaussian_subspace,16,12,ae_tanh,fixed,ok,,1.0,600,3,2.0,2.0,3.0,3.0,tied,27.38254356904492,,3,3,bic,0.4132408749865135,0.0266217500029597,0.4429453750053653,,,,,,tanh,144.0,True,,,
gaussian_subspace,16,12,autog2m2,fixed,ok,,0.9801350059845216,600,3,2.0,2.0,3.0,3.0,full,-1478.7155245305448,,3,3,bic,2.2168972499930533,0.0184422920137876,2.238171874996624,1.992943290999392,0.0139609580073738,0.1058615829970222,0.0164314580033533,,,,,,,
gaussian_subspace,16,12,autogmm_spectral,fixed,ok,,1.0,600,3,2.0,2.0,3.0,3.0,diag,-17446.04135630363,lse,3,3,bic,,0.0327255419979337,0.1013691249972907,,,,,0.0672944169928086,,,,,,
gaussian_subspace,16,12,mclust,fixed,ok,,1.0,600,3,16.0,,3.0,3.0,EEI,-19829.521941162915,,3,3,bic,,0.303,0.7162194580014329,,,,,,,,,-9703.662291959325,66.0,-19829.521941193827
gaussian_subspace,16,12,pca,fixed,ok,,1.0,600,3,2.0,2.0,3.0,3.0,tied,3464.227981587532,,3,3,bic,0.0013334160030353,0.0149115410022204,0.0187900419987272,,,,,,,,,,,
gaussian_subspace,16,12,umap,fixed,ok,,1.0,600,3,2.0,2.0,3.0,3.0,tied,3761.826686110395,,3,3,bic,0.6978542919969186,0.0147057919966755,0.7159191670070868,,,,,,,,,,,
gaussian_subspace,16,13,ae_relu,fixed,ok,,0.9949958125176231,600,3,2.0,2.0,3.0,3.0,full,4755.353681891711,,3,3,bic,0.3198318749928148,0.0177468749898253,0.3401229160081129,,,,,,relu,205.0,True,,,
gaussian_subspace,16,13,ae_tanh,fixed,ok,,0.9949958125176231,600,3,2.0,2.0,3.0,3.0,tied,495.7399790293546,,3,3,bic,0.323651874990901,0.0237531669990858,0.349818624992622,,,,,,tanh,118.0,True,,,
gaussian_subspace,16,13,autog2m2,fixed,ok,,1.0,600,3,2.0,2.0,3.0,3.0,full,-182.16934009437665,,3,3,bic,2.461710667004809,0.0186071249918313,2.483550874996581,2.203141334000975,0.0158206670021172,0.1224680000013904,0.0173609579942422,,,,,,,
gaussian_subspace,16,13,autogmm_spectral,fixed,ok,,1.0,600,3,2.0,2.0,3.0,3.0,full,-14498.06944932575,lse,3,3,bic,,0.0409689160005655,0.1112779169925488,,,,,0.068920708989026,,,,,,
gaussian_subspace,16,13,mclust,fixed,ok,,1.0,600,3,16.0,,3.0,3.0,EEI,-22595.68827832293,,3,3,bic,,0.274,0.6874790410074638,,,,,,,,,-11086.745460539334,66.0,-22595.688318185177
gaussian_subspace,16,13,pca,fixed,ok,,1.0,600,3,2.0,2.0,3.0,3.0,spherical,3816.079075264679,,3,3,bic,0.0016687500028638,0.0167532920022495,0.0216763330099638,,,,,,,,,,,
gaussian_subspace,16,13,umap,fixed,ok,,1.0,600,3,2.0,2.0,3.0,3.0,tied,3742.311772922615,,3,3,bic,0.6919901249930263,0.0141505420033354,0.7097831660066731,,,,,,,,,,,
gaussian_subspace,16,14,ae_relu,fixed,ok,,0.9800971316205,600,3,2.0,2.0,3.0,3.0,full,4665.430123593624,,3,3,bic,0.4122433749871561,0.0191512080054963,0.4343854170001577,,,,,,relu,227.0,True,,,
gaussian_subspace,16,14,ae_tanh,fixed,ok,,1.0,600,3,2.0,2.0,3.0,3.0,tied,172.43910619152402,,3,3,bic,0.3798436659999424,0.0263598750025266,0.4087188749981578,,,,,,tanh,130.0,True,,,
gaussian_subspace,16,14,autog2m2,fixed,ok,,0.9703554963908736,600,3,2.0,2.0,3.0,3.0,full,-2618.2367475513065,,3,3,bic,2.6680433330038795,0.0187188330019125,2.689929583997582,2.3576888749958016,0.084307124998304,0.1016540410055313,0.0190474999981233,,,,,,,
gaussian_subspace,16,14,autogmm_spectral,fixed,ok,,1.0,600,3,2.0,2.0,3.0,3.0,full,-16784.101846226564,lse,3,3,bic,,0.0328800419956678,0.1016809159918921,,,,,0.0674430419894633,,,,,,
gaussian_subspace,16,14,mclust,fixed,ok,,1.0,600,3,16.0,,3.0,3.0,EEI,-20091.60235439132,,3,3,bic,,0.315,0.7253377909946721,,,,,,,,,-9834.702498573528,66.0,-20091.60254639204
gaussian_subspace,16,14,pca,fixed,ok,,1.0,600,3,2.0,2.0,3.0,3.0,tied,3594.554464081009,,3,3,bic,0.0010920830100076,0.0180600410094484,0.0218941250059288,,,,,,,,,,,
gaussian_subspace,16,14,umap,fixed,ok,,1.0,600,3,2.0,2.0,3.0,3.0,tied,3858.933882447018,,3,3,bic,0.816630166998948,0.0160807920037768,0.8365685840108199,,,,,,,,,,,
gaussian_subspace,16,15,ae_relu,fixed,ok,,0.9949958125176231,600,3,2.0,2.0,3.0,3.0,full,4571.734132583006,,3,3,bic,0.2499024169956101,0.0169669579918263,0.2695878749946132,,,,,,relu,146.0,True,,,
gaussian_subspace,16,15,ae_tanh,fixed,ok,,0.9949958125176231,600,3,2.0,2.0,3.0,3.0,tied,433.4368308889512,,3,3,bic,0.4287441250053234,0.0273127919936086,0.4586448339978233,,,,,,tanh,146.0,True,,,
gaussian_subspace,16,15,autog2m2,fixed,ok,,0.9653729003419016,600,3,2.0,2.0,3.0,3.0,full,-96.47322748904747,,3,3,bic,2.61790183300036,0.0221864999912213,2.6429312910040608,2.355335250002099,0.0155731669947272,0.1180667500011622,0.0176292909891344,,,,,,,
gaussian_subspace,16,15,autogmm_spectral,fixed,ok,,0.9949958125176231,600,3,2.0,2.0,3.0,3.0,full,-13962.21132409334,lse,3,3,bic,,0.0364617079903837,0.1339570410054875,,,,,0.0961886660079471,,,,,,
gaussian_subspace,16,15,mclust,fixed,ok,,1.0,600,3,16.0,,3.0,3.0,EEI,-22883.2391735216,,3,3,bic,,0.28,0.6898332080018008,,,,,,,,,-11230.520908138666,66.0,-22883.285593396096
gaussian_subspace,16,15,pca,fixed,ok,,0.9949958125176231,600,3,2.0,2.0,3.0,3.0,spherical,3745.009432597111,,3,3,bic,0.0010590419988147,0.016629167002975,0.0203270410129334,,,,,,,,,,,
gaussian_subspace,16,15,umap,fixed,ok,,0.9949958125176231,600,3,2.0,2.0,3.0,3.0,tied,3812.4317914413286,,3,3,bic,0.7435180839966051,0.0148934579920023,0.76168645900907,,,,,,,,,,,
gaussian_subspace,16,16,ae_relu,fixed,ok,,0.960258976102284,600,3,2.0,2.0,3.0,3.0,full,4781.208563354309,,3,3,bic,0.3148527910088887,0.0176467080018483,0.3355031249957392,,,,,,relu,192.0,True,,,
gaussian_subspace,16,16,ae_tanh,fixed,ok,,0.9750680095469216,600,3,2.0,2.0,3.0,3.0,spherical,423.082927111955,,3,3,bic,0.5293377080088248,0.0290918749960837,0.561324958995101,,,,,,tanh,173.0,True,,,
gaussian_subspace,16,16,autog2m2,fixed,ok,,0.9365562561985468,600,3,2.0,2.0,3.0,3.0,full,-2322.483083956569,,3,3,bic,2.353008417005185,0.0176814170117722,2.373615124990465,2.0970669579983223,0.0152657919970806,0.1234908750047907,0.0176607920002425,,,,,,,
gaussian_subspace,16,16,autogmm_spectral,fixed,ok,,0.980096629062875,600,3,2.0,2.0,3.0,3.0,full,-12272.300144198392,lse,3,3,bic,,0.0427308330108644,0.1154137500125216,,,,,0.0713064580049831,,,,,,
gaussian_subspace,16,16,mclust,fixed,ok,,0.9949958125176231,600,3,16.0,,3.0,3.0,EEI,-23772.86119436273,,3,3,bic,,0.247,0.6536905840039253,,,,,,,,,-11675.331918559232,66.0,-23775.29075106525
gaussian_subspace,16,16,pca,fixed,ok,,0.9750680095469216,600,3,2.0,2.0,3.0,3.0,tied,3889.5313191591913,,3,3,bic,0.0013863339991075,0.0160362079914193,0.0203759589930996,,,,,,,,,,,
gaussian_subspace,16,16,umap,fixed,ok,,0.9850626884924544,600,3,2.0,2.0,3.0,3.0,spherical,3745.58707711783,,3,3,bic,0.7474461670062738,0.0149235409917309,0.7660888339887606,,,,,,,,,,,
gaussian_subspace,16,17,ae_relu,fixed,ok,,0.9949958125176231,600,3,2.0,2.0,3.0,3.0,full,4356.349556911917,,3,3,bic,0.2227622500067809,0.0161178749985992,0.2414397920074407,,,,,,relu,122.0,True,,,
gaussian_subspace,16,17,ae_tanh,fixed,ok,,0.9949958125176231,600,3,2.0,2.0,3.0,3.0,tied,232.2485750069605,,3,3,bic,0.4475760829955106,0.0249891659914283,0.4749836249975487,,,,,,tanh,152.0,True,,,
gaussian_subspace,16,17,autog2m2,fixed,ok,,0.9511072601354956,600,3,2.0,2.0,3.0,3.0,diag,-703.3440540502947,,3,3,bic,2.328879833003157,0.024921959004132,2.356935582996812,2.046820041010505,0.0161295830039307,0.1409074580005835,0.0182869169948389,,,,,,,
gaussian_subspace,16,17,autogmm_spectral,fixed,ok,,1.0,600,3,2.0,2.0,3.0,3.0,full,-14801.881823946997,lse,3,3,bic,,0.0484850010107038,0.1206257499870844,,,,,0.0707899169938173,,,,,,
gaussian_subspace,16,17,mclust,fixed,ok,,1.0,600,3,16.0,,3.0,3.0,EEI,-21989.47522801239,,3,3,bic,,0.272,0.6806427910050843,,,,,,,,,-10783.638935384062,66.0,-21989.475459364927
gaussian_subspace,16,17,pca,fixed,ok,,0.9949958125176231,600,3,2.0,2.0,3.0,3.0,tied,3711.138322866551,,3,3,bic,0.0010697499965317,0.0176698339928407,0.0214786249998724,,,,,,,,,,,
gaussian_subspace,16,17,umap,fixed,ok,,1.0,600,3,2.0,2.0,3.0,3.0,tied,3755.2775909939023,,3,3,bic,0.8002890000061598,0.0146327090042177,0.818399458003114,,,,,,,,,,,
gaussian_subspace,16,18,ae_relu,fixed,ok,,0.975230732990034,600,3,2.0,2.0,3.0,3.0,full,4860.143692909702,,3,3,bic,0.2956336250063032,0.0200715420069172,0.3184962499944959,,,,,,relu,185.0,True,,,
gaussian_subspace,16,18,ae_tanh,fixed,ok,,1.0,600,3,2.0,2.0,3.0,3.0,tied,211.93065595860736,,3,3,bic,0.4524972079962026,0.0237284589966293,0.4788160409952979,,,,,,tanh,155.0,True,,,
gaussian_subspace,16,18,autog2m2,fixed,ok,,0.7698031086881566,600,3,2.0,2.0,3.0,3.0,full,-868.894597876398,,3,3,bic,2.456509708004887,0.0220091249939287,2.481406582999625,2.193158541995217,0.0152232500113314,0.1350012500042794,0.0176264999900013,,,,,,,
gaussian_subspace,16,18,autogmm_spectral,fixed,ok,,1.0,600,3,2.0,2.0,3.0,3.0,full,-13700.186651121212,lse,3,3,bic,,0.045664625999052,0.1174921670026378,,,,,0.0704637500020908,,,,,,
gaussian_subspace,16,18,mclust,fixed,ok,,1.0,600,3,16.0,,3.0,3.0,EEI,-23445.75027911652,,3,3,bic,,0.248,0.6569613750034478,,,,,,,,,-11511.776460936126,66.0,-23446.938141476523
gaussian_subspace,16,18,pca,fixed,ok,,1.0,600,3,2.0,2.0,3.0,3.0,tied,3511.907751403714,,3,3,bic,0.0010604580020299,0.0168322499957866,0.0204999579873401,,,,,,,,,,,
gaussian_subspace,16,18,umap,fixed,ok,,0.9949958125176231,600,3,2.0,2.0,3.0,3.0,tied,3794.7054310460207,,3,3,bic,0.7743136670032982,0.0146009999880334,0.7927233329974115,,,,,,,,,,,
gaussian_subspace,16,19,ae_relu,fixed,ok,,0.9900168347249766,600,3,2.0,2.0,3.0,3.0,full,4577.528123296401,,3,3,bic,0.3681090840109391,0.0178424170007929,0.3891746250010328,,,,,,relu,217.0,True,,,
gaussian_subspace,16,19,ae_tanh,fixed,ok,,0.9900041668585104,600,3,2.0,2.0,3.0,3.0,tied,390.7043414712609,,3,3,bic,0.4038118750031572,0.0241984999884152,0.430685541999992,,,,,,tanh,153.0,True,,,
gaussian_subspace,16,19,autog2m2,fixed,ok,,0.8906190945055051,600,3,2.0,2.0,3.0,3.0,full,-221.5027958424828,,3,3,bic,2.550512375004473,0.0232889160106424,2.576621125001111,2.2903236669953912,0.015543166999123,0.1251850419939728,0.0175513330032117,,,,,,,
gaussian_subspace,16,19,autogmm_spectral,fixed,ok,,1.0,600,3,2.0,2.0,3.0,3.0,full,-13664.049161320578,lse,3,3,bic,,0.0444875420071184,0.1149158749904017,,,,,0.0689229160052491,,,,,,
gaussian_subspace,16,19,mclust,fixed,ok,,1.0,600,3,16.0,,3.0,3.0,EEI,-22706.308081718533,,3,3,bic,,0.3379999999999999,0.7449818749882979,,,,,,,,,-11142.055362237134,66.0,-22706.311581842077
gaussian_subspace,16,19,pca,fixed,ok,,0.9900041668585104,600,3,2.0,2.0,3.0,3.0,tied,3854.2057451710734,,3,3,bic,0.0010114999895449,0.0171553750114981,0.0207111249910667,,,,,,,,,,,
gaussian_subspace,16,19,umap,fixed,ok,,0.9949958125176231,600,3,2.0,2.0,3.0,3.0,tied,3684.973493304437,,3,3,bic,0.7668523750035092,0.0149850830057403,0.7855405000009341,,,,,,,,,,,
gaussian_subspace,32,0,ae_relu,fixed,ok,,0.9949958125176231,600,3,2.0,2.0,3.0,3.0,full,4210.20248537601,,3,3,bic,0.2448076250002486,0.0258885420043952,0.274928833998274,,,,,,relu,90.0,True,,,
gaussian_subspace,32,0,ae_tanh,fixed,ok,,1.0,600,3,2.0,2.0,3.0,3.0,full,596.8918496670317,,3,3,bic,0.2100331249966984,0.026846958004171,0.2397041249932954,,,,,,tanh,72.0,True,,,
gaussian_subspace,32,0,autog2m2,fixed,ok,,0.9606792676277478,600,3,2.0,2.0,3.0,3.0,full,-718.7811290578551,,3,3,bic,4.109625333992881,0.0437415409978712,4.158244624995859,3.577045124999131,0.0968870840006275,0.2566329580004094,0.0266186250082682,,,,,,,
gaussian_subspace,32,0,autogmm_spectral,fixed,ok,,1.0,600,3,2.0,2.0,3.0,3.0,full,-12658.54910081351,lse,3,3,bic,,0.0718895000172779,0.1955353329976787,,,,,0.1213997089944314,,,,,,
gaussian_subspace,32,0,mclust,fixed,ok,,1.0,600,3,32.0,,3.0,3.0,EEI,-49296.022177963154,,3,3,bic,,3.273,3.975832000010996,,,,,,,,,-24232.210661392528,130.0,-49296.14855598138
gaussian_subspace,32,0,pca,fixed,ok,,1.0,600,3,2.0,2.0,3.0,3.0,tied,3445.698803314157,,3,3,bic,0.0021755000052507,0.0248091250105062,0.0318129590013995,,,,,,,,,,,
gaussian_subspace,32,0,umap,fixed,ok,,1.0,600,3,2.0,2.0,3.0,3.0,tied,3552.320488561049,,3,3,bic,1.1827587919979123,0.0234596670052269,1.2121645830047785,,,,,,,,,,,
gaussian_subspace,32,1,ae_relu,fixed,ok,,1.0,600,3,2.0,2.0,3.0,3.0,full,4742.455521043239,,3,3,bic,0.3456587089895038,0.0146808749996125,0.3639423749991692,,,,,,relu,184.0,True,,,
gaussian_subspace,32,1,ae_tanh,fixed,ok,,1.0,600,3,2.0,2.0,3.0,3.0,diag,320.00714881622827,,3,3,bic,0.2195896670018555,0.0259767500101588,0.248499041001196,,,,,,tanh,69.0,True,,,
gaussian_subspace,32,1,autog2m2,fixed,ok,,0.9949958125176231,600,3,2.0,2.0,3.0,3.0,full,-111.58732288397694,,3,3,bic,2.4322208329977,0.0158929590106708,2.451343291992089,2.2068160000053467,0.013642207995872,0.1055381670012138,0.0161819159984588,,,,,,,
gaussian_subspace,32,1,autogmm_spectral,fixed,ok,,1.0,600,3,2.0,2.0,3.0,3.0,full,-14436.384690493138,lse,3,3,bic,,0.0745124579989351,0.1929594169923802,,,,,0.1160454159980872,,,,,,
gaussian_subspace,32,1,mclust,fixed,ok,,1.0,600,3,32.0,,3.0,3.0,EEI,-47686.13395727076,,3,3,bic,,2.068,2.7516257499955827,,,,,,,,,-23427.26655104633,130.0,-47686.133957270766
gaussian_subspace,32,1,pca,fixed,ok,,1.0,600,3,2.0,2.0,3.0,3.0,spherical,3404.8070317479496,,3,3,bic,0.0012809159961761,0.0144914999982574,0.0182408330001635,,,,,,,,,,,
gaussian_subspace,32,1,umap,fixed,ok,,1.0,600,3,2.0,2.0,3.0,3.0,tied,3465.952840965603,,3,3,bic,0.7802545000013197,0.0150996669981395,0.7995803750091,,,,,,,,,,,
gaussian_subspace,32,2,ae_relu,fixed,ok,,0.8613104885390137,600,3,2.0,2.0,3.0,3.0,diag,1359.5186829505571,,3,3,bic,0.1207690000010188,0.0194197079981677,0.1428654159972211,,,,,,relu,70.0,True,,,
gaussian_subspace,32,2,ae_tanh,fixed,ok,,1.0,600,3,2.0,2.0,3.0,3.0,diag,295.24982160305484,,3,3,bic,0.1569190000009257,0.0268092920014169,0.1867412090068683,,,,,,tanh,53.0,True,,,
gaussian_subspace,32,2,autog2m2,fixed,ok,,0.985063191387914,600,3,2.0,2.0,3.0,3.0,full,-1466.682842957087,,3,3,bic,2.4178585420013405,0.0193185829994035,2.440594499988947,2.1289124580071075,0.0752872919983929,0.1061047080002026,0.0168017500109272,,,,,,,
gaussian_subspace,32,2,autogmm_spectral,fixed,ok,,1.0,600,3,2.0,2.0,3.0,3.0,full,-14992.667131404509,lse,3,3,bic,,0.072932082999614,0.1885125419939868,,,,,0.1134242919943062,,,,,,
gaussian_subspace,32,2,mclust,fixed,ok,,1.0,600,3,32.0,,3.0,3.0,EEI,-46962.993519135925,,3,3,bic,,2.64,3.30616191700392,,,,,,,,,-23065.696331978917,130.0,-46962.9935192395
gaussian_subspace,32,2,pca,fixed,ok,,1.0,600,3,2.0,2.0,3.0,3.0,tied,3440.909407174757,,3,3,bic,0.0015062500024214,0.017372250003973,0.0218345419998513,,,,,,,,,,,
gaussian_subspace,32,2,umap,fixed,ok,,1.0,600,3,2.0,2.0,3.0,3.0,tied,3511.168965100159,,3,3,bic,0.761034875002224,0.0145180419931421,0.7790742919896729,,,,,,,,,,,
gaussian_subspace,32,3,ae_relu,fixed,ok,,0.9703554963908736,600,3,2.0,2.0,3.0,3.0,full,4535.305044697761,,3,3,bic,0.2310434169921791,0.017040332997567,0.2508681670005899,,,,,,relu,135.0,True,,,
gaussian_subspace,32,3,ae_tanh,fixed,ok,,1.0,600,3,2.0,2.0,3.0,3.0,tied,233.78388714813724,,3,3,bic,0.2818368750013178,0.0271731249958975,0.3124128329945961,,,,,,tanh,95.0,True,,,
gaussian_subspace,32,3,autog2m2,fixed,ok,,0.9269666243328764,600,3,2.0,2.0,3.0,3.0,full,-1819.6773829586416,,3,3,bic,2.4806581669981824,0.0168087080091936,2.500472833999084,2.221279584002332,0.071102666988736,0.0838437500060536,0.0161441250093048,,,,,,,
gaussian_subspace,32,3,autogmm_spectral,fixed,ok,,1.0,600,3,2.0,2.0,3.0,3.0,full,-14578.110345031717,lse,3,3,bic,,0.0702015000133542,0.185279499986791,,,,,0.1129241660091793,,,,,,
gaussian_subspace,32,3,mclust,fixed,ok,,1.0,600,3,32.0,,3.0,3.0,EEI,-46617.50137259993,,3,3,bic,,2.932,3.5909746670076856,,,,,,,,,-22892.95025871092,130.0,-46617.50137259993
gaussian_subspace,32,3,pca,fixed,ok,,1.0,600,3,2.0,2.0,3.0,3.0,tied,3301.8403340086625,,3,3,bic,0.0011931250046472,0.0146368339919717,0.018391874997178,,,,,,,,,,,
gaussian_subspace,32,3,umap,fixed,ok,,1.0,600,3,2.0,2.0,3.0,3.0,spherical,3510.148271189272,,3,3,bic,0.7101218339957995,0.0140983750025043,0.7279153330018744,,,,,,,,,,,
gaussian_subspace,32,4,ae_relu,fixed,ok,,0.9900168347249766,600,3,2.0,2.0,3.0,3.0,full,4296.941968826749,,3,3,bic,0.1946990830037975,0.0155927079904358,0.2130340829899069,,,,,,relu,114.0,True,,,
gaussian_subspace,32,4,ae_tanh,fixed,ok,,0.9900168347249766,600,3,2.0,2.0,3.0,3.0,diag,806.2140888671486,,3,3,bic,0.2328086250054184,0.0276541659986833,0.2634634579881094,,,,,,tanh,79.0,True,,,
gaussian_subspace,32,4,autog2m2,fixed,ok,,0.98997916755783,600,3,2.0,2.0,3.0,3.0,full,-476.837965842638,,3,3,bic,2.3540431250003166,0.0161096669908147,2.3731987079954706,2.1229634579940466,0.0141667499992763,0.108353999996325,0.0162597919988911,,,,,,,
gaussian_subspace,32,4,autogmm_spectral,fixed,ok,,0.9949958125176231,600,3,2.0,2.0,3.0,3.0,full,-12390.91208216456,lse,3,3,bic,,0.0724918329942738,0.2213889169943286,,,,,0.1465628750011092,,,,,,
gaussian_subspace,32,4,mclust,fixed,ok,,1.0,600,3,32.0,,3.0,3.0,EEI,-49455.40212116894,,3,3,bic,,3.833,4.491292749997228,,,,,,,,,-24311.90063299542,130.0,-49455.40728691933
gaussian_subspace,32,4,pca,fixed,ok,,0.9949958125176231,600,3,2.0,2.0,3.0,3.0,tied,3783.985225067701,,3,3,bic,0.0012217089970363,0.0146120419958606,0.0185017079929821,,,,,,,,,,,
gaussian_subspace,32,4,umap,fixed,ok,,0.9949958125176231,600,3,2.0,2.0,3.0,3.0,tied,3532.2539184623515,,3,3,bic,0.7352384170080768,0.0140559999999823,0.752982666992466,,,,,,,,,,,
gaussian_subspace,32,5,ae_relu,fixed,ok,,0.9800845066199756,600,3,2.0,2.0,3.0,3.0,full,4485.425915569602,,3,3,bic,0.2307473749970086,0.0161117500101681,0.2497190419962862,,,,,,relu,134.0,True,,,
gaussian_subspace,32,5,ae_tanh,fixed,ok,,1.0,600,3,2.0,2.0,3.0,3.0,full,439.5134326582715,,3,3,bic,0.2347819999995408,0.026599791002809,0.2644445000041742,,,,,,tanh,80.0,True,,,
gaussian_subspace,32,5,autog2m2,fixed,ok,,0.9462094782927982,600,3,2.0,2.0,3.0,3.0,full,-1926.650872450491,,3,3,bic,2.4191953749977984,0.0153510420059319,2.437692541992874,2.164877542003524,0.0134838749945629,0.1335709999984828,0.0164530410111183,,,,,,,
gaussian_subspace,32,5,autogmm_spectral,fixed,ok,,1.0,600,3,2.0,2.0,3.0,3.0,full,-13703.05390908743,lse,3,3,bic,,0.0955900000117253,0.2151738749962533,,,,,0.1172488329902989,,,,,,
gaussian_subspace,32,5,mclust,fixed,ok,,1.0,600,3,32.0,,3.0,3.0,EEI,-48265.07496566056,,3,3,bic,,1.4340000000000002,2.1426768750097835,,,,,,,,,-23716.73705524123,130.0,-48265.07497742381
gaussian_subspace,32,5,pca,fixed,ok,,1.0,600,3,2.0,2.0,3.0,3.0,tied,3678.181622162545,,3,3,bic,0.0012055419938405,0.0146554170059971,0.0186088750051567,,,,,,,,,,,
gaussian_subspace,32,5,umap,fixed,ok,,1.0,600,3,2.0,2.0,3.0,3.0,tied,3493.155793164051,,3,3,bic,0.7107854159985436,0.0143882499978644,0.7294359160005115,,,,,,,,,,,
gaussian_subspace,32,6,ae_relu,fixed,ok,,0.9900166666666668,600,3,2.0,2.0,3.0,3.0,full,4423.832935802701,,3,3,bic,0.1843876670027384,0.0157265000016195,0.2030884999985573,,,,,,relu,107.0,True,,,
gaussian_subspace,32,6,ae_tanh,fixed,ok,,0.9654974442004548,600,3,2.0,2.0,3.0,3.0,full,716.1447206591688,,3,3,bic,0.226106082991464,0.0291069589875405,0.2580819160066312,,,,,,tanh,78.0,True,,,
gaussian_subspace,32,6,autog2m2,fixed,ok,,0.9949958125176231,600,3,2.0,2.0,3.0,3.0,full,-4232.367831493984,,3,3,bic,2.4410607910103863,0.014792165995459,2.4589081670128508,2.2233501660084585,0.0142162909905891,0.096148541997536,0.0163513330044224,,,,,,,
gaussian_subspace,32,6,autogmm_spectral,fixed,ok,,1.0,600,3,2.0,2.0,3.0,3.0,full,-12365.503305899068,lse,3,3,bic,,0.0679479160025948,0.2034437080001225,,,,,0.1331587500026216,,,,,,
gaussian_subspace,32,6,mclust,fixed,ok,,1.0,600,3,32.0,,3.0,3.0,EEI,-48580.30680263773,,3,3,bic,,7.381,8.085625208012061,,,,,,,,,-23874.352973729816,130.0,-48580.306806664936
gaussian_subspace,32,6,pca,fixed,ok,,0.9850626884924544,600,3,2.0,2.0,3.0,3.0,tied,3569.8806519955697,,3,3,bic,0.0011934590002056,0.0173074999911477,0.0212692909990437,,,,,,,,,,,
gaussian_subspace,32,6,umap,fixed,ok,,0.9703554963908736,600,3,2.0,2.0,3.0,3.0,spherical,3640.229038568969,,3,3,bic,0.7140480420057429,0.0140772919985465,0.7317217920062831,,,,,,,,,,,
gaussian_subspace,32,7,ae_relu,fixed,ok,,0.9949958125176231,600,3,2.0,2.0,3.0,3.0,full,4566.116674620205,,3,3,bic,0.3036243750102585,0.0154584590054582,0.3223402089934097,,,,,,relu,168.0,True,,,
gaussian_subspace,32,7,ae_tanh,fixed,ok,,1.0,600,3,2.0,2.0,3.0,3.0,diag,331.2139677319787,,3,3,bic,0.2100396250025369,0.0268677919957553,0.2400920840009348,,,,,,tanh,72.0,True,,,
gaussian_subspace,32,7,autog2m2,fixed,ok,,0.8692816677976951,600,3,2.0,2.0,3.0,3.0,full,-566.4334746026349,,3,3,bic,2.454291292000562,0.0275089999922784,2.485330041992711,2.21591566700954,0.0135939159954432,0.1146729589963797,0.0198927500023273,,,,,,,
gaussian_subspace,32,7,autogmm_spectral,fixed,ok,,1.0,600,3,2.0,2.0,3.0,3.0,full,-14493.487841141385,lse,3,3,bic,,0.0421873330051312,0.1153276250115595,,,,,0.0717872920067748,,,,,,
gaussian_subspace,32,7,mclust,fixed,ok,,1.0,600,3,32.0,,3.0,3.0,EEI,-47656.79563689984,,3,3,bic,,1.569,1.9810666660050629,,,,,,,,,-23412.59739086087,130.0,-47656.79590874569
gaussian_subspace,32,7,pca,fixed,ok,,1.0,600,3,2.0,2.0,3.0,3.0,tied,3594.800271881116,,3,3,bic,0.0013363329926505,0.0145315830013714,0.0186620840104296,,,,,,,,,,,
gaussian_subspace,32,7,umap,fixed,ok,,1.0,600,3,2.0,2.0,3.0,3.0,tied,3547.445448863456,,3,3,bic,0.7161147909937426,0.0143642920011188,0.7343807919969549,,,,,,,,,,,
gaussian_subspace,32,8,ae_relu,fixed,ok,,0.985063191387914,600,3,2.0,2.0,3.0,3.0,full,4689.0597059329775,,3,3,bic,0.2171643750043586,0.0157534160098293,0.2356791250058449,,,,,,relu,126.0,True,,,
gaussian_subspace,32,8,ae_tanh,fixed,ok,,0.9900168347249766,600,3,2.0,2.0,3.0,3.0,diag,535.338373118188,,3,3,bic,0.2812802910048049,0.0258759580028709,0.310558665994904,,,,,,tanh,87.0,True,,,
gaussian_subspace,32,8,autog2m2,fixed,ok,,0.8870123159505355,600,3,2.0,2.0,3.0,3.0,full,-2307.7559235227395,,3,3,bic,2.373247665993404,0.0258229999890318,2.4039006249950035,2.131231874998776,0.0144788329926086,0.1014265420089941,0.0163531670114025,,,,,,,
gaussian_subspace,32,8,autogmm_spectral,fixed,ok,,0.9949958125176231,600,3,2.0,2.0,3.0,3.0,full,-13167.402395366556,lse,3,3,bic,,0.0425938749976921,0.1209552500076824,,,,,0.0769227079872507,,,,,,
gaussian_subspace,32,8,mclust,fixed,ok,,1.0,600,3,32.0,,3.0,3.0,EEI,-48653.26772572181,,3,3,bic,,4.78,5.210000291001052,,,,,,,,,-23910.833435271856,130.0,-48653.9275876903
gaussian_subspace,32,8,pca,fixed,ok,,0.9949958125176231,600,3,2.0,2.0,3.0,3.0,tied,3565.7135951785526,,3,3,bic,0.0013951250002719,0.014580749993911,0.0184639170038281,,,,,,,,,,,
gaussian_subspace,32,8,umap,fixed,ok,,0.9949958125176231,600,3,2.0,2.0,3.0,3.0,tied,3545.2087338125816,,3,3,bic,0.7131732080015354,0.0140871670009801,0.7322740410018014,,,,,,,,,,,
gaussian_subspace,32,9,ae_relu,fixed,ok,,0.840599318109266,600,3,2.0,2.0,3.0,3.0,full,1858.8441111794991,,3,3,bic,0.1583471250050934,0.025366625006427,0.187066207989119,,,,,,relu,88.0,True,,,
gaussian_subspace,32,9,ae_tanh,fixed,ok,,1.0,600,3,2.0,2.0,3.0,3.0,tied,548.8187641030214,,3,3,bic,0.2108106669911649,0.0271502090035937,0.240759958003764,,,,,,tanh,72.0,True,,,
gaussian_subspace,32,9,autog2m2,fixed,ok,,0.9900041668585104,600,3,2.0,2.0,3.0,3.0,full,-402.3350999333822,,3,3,bic,2.571306541998638,0.0176419999916106,2.5924831660086056,2.338333542007604,0.01457312500861,0.1077947909943759,0.0165826250013196,,,,,,,
gaussian_subspace,32,9,autogmm_spectral,fixed,ok,,1.0,600,3,2.0,2.0,3.0,3.0,full,-13525.958881768856,lse,3,3,bic,,0.0382885419967351,0.1130072500091046,,,,,0.0733346660126699,,,,,,
gaussian_subspace,32,9,mclust,fixed,ok,,0.5700020357215562,600,3,32.0,,3.0,3.0,EEI,-52209.74921920523,,3,3,bic,,0.533,0.9407825829985086,,,,,,,,,-25689.074182013566,130.0,-52210.02136607879
gaussian_subspace,32,9,pca,fixed,ok,,1.0,600,3,2.0,2.0,3.0,3.0,tied,3643.490424902994,,3,3,bic,0.0015688749990658,0.0156184579973341,0.0197767909994581,,,,,,,,,,,
gaussian_subspace,32,9,umap,fixed,ok,,1.0,600,3,2.0,2.0,3.0,3.0,tied,3544.477272299242,,3,3,bic,0.7412510839931201,0.015143500000704,0.760342124995077,,,,,,,,,,,
gaussian_subspace,32,10,ae_relu,fixed,ok,,0.9949958125176231,600,3,2.0,2.0,3.0,3.0,full,4676.142423990177,,3,3,bic,0.2625489580095745,0.0149631250096717,0.2802770830021472,,,,,,relu,154.0,True,,,
gaussian_subspace,32,10,ae_tanh,fixed,ok,,1.0,600,3,2.0,2.0,3.0,3.0,diag,409.29919458661885,,3,3,bic,0.1614507920021424,0.0386908340005902,0.2125264170026639,,,,,,tanh,53.0,True,,,
gaussian_subspace,32,10,autog2m2,fixed,ok,,0.9554901931595106,600,3,2.0,2.0,3.0,3.0,full,-370.9002731960428,,3,3,bic,2.532679166004528,0.0474456669908249,2.583306291999179,2.303752249994432,0.0135418330028187,0.1093101669976022,0.0162213750008959,,,,,,,
gaussian_subspace,32,10,autogmm_spectral,fixed,ok,,1.0,600,3,2.0,2.0,3.0,3.0,full,-14623.653381372538,lse,3,3,bic,,0.0460076669987756,0.1186747500032652,,,,,0.0712768749945098,,,,,,
gaussian_subspace,32,10,mclust,fixed,ok,,1.0,600,3,32.0,,3.0,3.0,EEI,-47028.925500602425,,3,3,bic,,1.5910000000000002,1.9946857920003824,,,,,,,,,-23098.662322712164,130.0,-47028.92550060261
gaussian_subspace,32,10,pca,fixed,ok,,1.0,600,3,2.0,2.0,3.0,3.0,tied,3542.5598037535315,,3,3,bic,0.0014800830103922,0.0148614589998032,0.0189748330012662,,,,,,,,,,,
gaussian_subspace,32,10,umap,fixed,ok,,1.0,600,3,2.0,2.0,3.0,3.0,spherical,3525.873349936014,,3,3,bic,0.7320872089912882,0.0145604999997885,0.7503313329943921,,,,,,,,,,,
gaussian_subspace,32,11,ae_relu,fixed,ok,,0.9511072601354956,600,3,2.0,2.0,3.0,3.0,full,4791.886492944028,,3,3,bic,0.2637381669919705,0.0190905000054044,0.2858899160055443,,,,,,relu,151.0,True,,,
gaussian_subspace,32,11,ae_tanh,fixed,ok,,0.9850626884924544,600,3,2.0,2.0,3.0,3.0,tied,815.8669964730848,,3,3,bic,0.2046427919995039,0.0271346250083297,0.2350854169926606,,,,,,tanh,69.0,True,,,
gaussian_subspace,32,11,autog2m2,fixed,ok,,0.904721840264043,600,3,2.0,2.0,3.0,3.0,full,-2189.902450571434,,3,3,bic,2.311246375000337,0.0222005830000853,2.336304165990441,2.0903414580097888,0.0576182499935384,0.0543444999930216,0.0160970839933725,,,,,,,
gaussian_subspace,32,11,autogmm_spectral,fixed,ok,,0.9703554963908736,600,3,2.0,2.0,3.0,3.0,full,-11897.71957447429,lse,3,3,bic,,0.0388189590157708,0.1181127909949282,,,,,0.0779394589917501,,,,,,
gaussian_subspace,32,11,mclust,fixed,ok,,-5.555601852237657e-06,600,3,32.0,,3.0,3.0,EEE,-54177.12475240702,,3,3,bic,,0.615,1.024471791999531,,,,,,,,,-25086.323394120856,626.0,-54177.12477252104
gaussian_subspace,32,11,pca,fixed,ok,,0.9949958125176231,600,3,2.0,2.0,3.0,3.0,tied,3837.928627388,,3,3,bic,0.0014930839970475,0.0168157500011147,0.0211290420120349,,,,,,,,,,,
gaussian_subspace,32,11,umap,fixed,ok,,0.975229899053398,600,3,2.0,2.0,3.0,3.0,tied,3634.592557967,,3,3,bic,0.7175812079949537,0.0154975830082548,0.7365732920006849,,,,,,,,,,,
gaussian_subspace,32,12,ae_relu,fixed,ok,,1.0,600,3,2.0,2.0,3.0,3.0,full,4720.113873417462,,3,3,bic,0.189844250009628,0.0148009999975329,0.2073726250091567,,,,,,relu,110.0,True,,,
gaussian_subspace,32,12,ae_tanh,fixed,ok,,1.0,600,3,2.0,2.0,3.0,3.0,tied,488.9885817043514,,3,3,bic,0.2812429159966996,0.0257004580053035,0.3101244999998016,,,,,,tanh,94.0,True,,,
gaussian_subspace,32,12,autog2m2,fixed,ok,,1.0,600,3,2.0,2.0,3.0,3.0,full,-1596.12007328585,,3,3,bic,2.355998291997821,0.0141274999914458,2.372739874990657,2.142277833001572,0.0139150420000078,0.0950355410022893,0.0161471250030444,,,,,,,
gaussian_subspace,32,12,autogmm_spectral,fixed,ok,,1.0,600,3,2.0,2.0,3.0,3.0,full,-13494.638389494512,lse,3,3,bic,,0.0432030840020161,0.1175149579939898,,,,,0.0729223749949596,,,,,,
gaussian_subspace,32,12,mclust,fixed,ok,,1.0,600,3,32.0,,3.0,3.0,EEI,-48128.235917676015,,3,3,bic,,1.16,1.5678367920045275,,,,,,,,,-23648.31753124896,130.0,-48128.23591794029
gaussian_subspace,32,12,pca,fixed,ok,,1.0,600,3,2.0,2.0,3.0,3.0,tied,3554.484760803279,,3,3,bic,0.0012460409925552,0.0148972080060048,0.0186122910090489,,,,,,,,,,,
gaussian_subspace,32,12,umap,fixed,ok,,1.0,600,3,2.0,2.0,3.0,3.0,tied,3519.1278001230007,,3,3,bic,0.7727318749966798,0.0142981249955482,0.7904911669902503,,,,,,,,,,,
gaussian_subspace,32,13,ae_relu,fixed,ok,,0.9800971316205,600,3,2.0,2.0,3.0,3.0,full,4469.6077797233365,,3,3,bic,0.1684971659997245,0.0156678330095019,0.1867649580090074,,,,,,relu,98.0,True,,,
gaussian_subspace,32,13,ae_tanh,fixed,ok,,0.9949958125176231,600,3,2.0,2.0,3.0,3.0,diag,899.6515778457447,,3,3,bic,0.2019538330059731,0.0235702500067418,0.2282672910077963,,,,,,tanh,68.0,True,,,
gaussian_subspace,32,13,autog2m2,fixed,ok,,0.9313765071040732,600,3,2.0,2.0,3.0,3.0,spherical,139.59799405549188,,3,3,bic,2.4373549159936374,0.0191867499961517,2.4592432500066934,2.214689290995011,0.014136291007162,0.104124083998613,0.0161163339944323,,,,,,,
gaussian_subspace,32,13,autogmm_spectral,fixed,ok,,1.0,600,3,2.0,2.0,3.0,3.0,full,-11202.125928031124,lse,3,3,bic,,0.0476865009986795,0.130113249993883,,,,,0.0811216250003781,,,,,,
gaussian_subspace,32,13,mclust,fixed,ok,,-5.555601852237657e-06,600,3,32.0,,3.0,3.0,EII,-55029.17358199135,,3,3,bic,,0.473,0.8833983749937033,,,,,,,,,-27197.938773062477,99.0,-55029.17379748156
gaussian_subspace,32,13,pca,fixed,ok,,1.0,600,3,2.0,2.0,3.0,3.0,tied,3529.239534759713,,3,3,bic,0.0012622920039575,0.0148469160048989,0.0186087500042049,,,,,,,,,,,
gaussian_subspace,32,13,umap,fixed,ok,,1.0,600,3,2.0,2.0,3.0,3.0,tied,3590.4023547624784,,3,3,bic,0.7456347080005798,0.0141935420106165,0.7630572920024861,,,,,,,,,,,
gaussian_subspace,32,14,ae_relu,fixed,ok,,0.9900168347249766,600,3,2.0,2.0,3.0,3.0,full,4154.515783829772,,3,3,bic,0.1824351249961182,0.0179521249956451,0.2033656669955235,,,,,,relu,95.0,True,,,
gaussian_subspace,32,14,ae_tanh,fixed,ok,,1.0,600,3,2.0,2.0,3.0,3.0,spherical,171.772265322954,,3,3,bic,0.3258692910021636,0.0317917079955805,0.3616664580040378,,,,,,tanh,92.0,True,,,
gaussian_subspace,32,14,autog2m2,fixed,ok,,1.0,600,3,2.0,2.0,3.0,3.0,full,-1754.795139580284,,3,3,bic,2.877916707991972,0.0180013339995639,2.899271291011246,2.5522758750012144,0.085321999998996,0.1126567500032251,0.0190342910063918,,,,,,,
gaussian_subspace,32,14,autogmm_spectral,fixed,ok,,1.0,600,3,2.0,2.0,3.0,3.0,full,-14066.100719359363,lse,3,3,bic,,0.0429607920086709,0.1159677919931709,,,,,0.0716669160028686,,,,,,
gaussian_subspace,32,14,mclust,fixed,ok,,1.0,600,3,32.0,,3.0,3.0,EEI,-48081.66209349802,,3,3,bic,,1.395,1.803218417000608,,,,,,,,,-23625.030619159963,130.0,-48081.66209350351
gaussian_subspace,32,14,pca,fixed,ok,,1.0,600,3,2.0,2.0,3.0,3.0,tied,3345.8899724812823,,3,3,bic,0.0017882499960251,0.0177067090116906,0.0223453329963376,,,,,,,,,,,
gaussian_subspace,32,14,umap,fixed,ok,,1.0,600,3,2.0,2.0,3.0,3.0,tied,3499.5683321995657,,3,3,bic,0.83687437500339,0.0162859999982174,0.8568881249957485,,,,,,,,,,,
gaussian_subspace,32,15,ae_relu,fixed,ok,,0.7597416048653408,600,3,2.0,2.0,3.0,3.0,full,-939.4527534988848,,3,3,bic,0.2740761250024661,0.0272530829970492,0.3041851669986499,,,,,,relu,149.0,True,,,
gaussian_subspace,32,15,ae_tanh,fixed,ok,,1.0,600,3,2.0,2.0,3.0,3.0,diag,340.5994638574276,,3,3,bic,0.2870162079925649,0.0264096669998252,0.3171434999967459,,,,,,tanh,88.0,True,,,
gaussian_subspace,32,15,autog2m2,fixed,ok,,1.0,600,3,2.0,2.0,3.0,3.0,full,-1643.2286060772644,,3,3,bic,2.687191000004532,0.0168259999918518,2.707054332990083,2.390816749990336,0.079806333000306,0.0959442089952062,0.0182660840073367,,,,,,,
gaussian_subspace,32,15,autogmm_spectral,fixed,ok,,1.0,600,3,2.0,2.0,3.0,3.0,full,-14960.7517771172,lse,3,3,bic,,0.0385200000018812,0.1091864999907556,,,,,0.0693103330122539,,,,,,
gaussian_subspace,32,15,mclust,fixed,ok,,1.0,600,3,32.0,,3.0,3.0,EEI,-46676.83986579142,,3,3,bic,,1.9130000000000005,2.320249207987217,,,,,,,,,-22922.619505306666,130.0,-46676.83986579142
gaussian_subspace,32,15,pca,fixed,ok,,1.0,600,3,2.0,2.0,3.0,3.0,tied,3392.7314445372867,,3,3,bic,0.0013060839992249,0.0161573330115061,0.0202190830023027,,,,,,,,,,,
gaussian_subspace,32,15,umap,fixed,ok,,1.0,600,3,2.0,2.0,3.0,3.0,tied,3515.36606807112,,3,3,bic,0.7603021670074668,0.0270026670041261,0.7910780420061201,,,,,,,,,,,
gaussian_subspace,32,16,ae_relu,fixed,ok,,0.9850379826540704,600,3,2.0,2.0,3.0,3.0,full,4837.613009072982,,3,3,bic,0.1530087499995716,0.0176808749965857,0.1733097920077853,,,,,,relu,87.0,True,,,
gaussian_subspace,32,16,ae_tanh,fixed,ok,,0.9949958125176231,600,3,2.0,2.0,3.0,3.0,diag,786.8536052932482,,3,3,bic,0.2320539170032134,0.0272206670051673,0.2621767080127029,,,,,,tanh,69.0,True,,,
gaussian_subspace,32,16,autog2m2,fixed,ok,,0.96542219326087,600,3,2.0,2.0,3.0,3.0,full,-449.6215957274271,,3,3,bic,2.566231584001798,0.0187164160015527,2.5880427079973742,2.310774583005696,0.0150697079952806,0.1252682500053197,0.0176302920008311,,,,,,,
gaussian_subspace,32,16,autogmm_spectral,fixed,ok,,0.9850125211993978,600,3,2.0,2.0,3.0,3.0,full,-11680.267259738635,lse,3,3,bic,,0.0376447910093702,0.1166388339916011,,,,,0.0776306670013582,,,,,,
gaussian_subspace,32,16,mclust,fixed,ok,,0.5657234490123179,600,3,32.0,,3.0,3.0,EEI,-53203.754570625504,,3,3,bic,,0.401,0.8070616659970256,,,,,,,,,-26186.076857723703,130.0,-53205.03836990825
gaussian_subspace,32,16,pca,fixed,ok,,0.9949958125176231,600,3,2.0,2.0,3.0,3.0,tied,3688.888669694924,,3,3,bic,0.0015797089872648,0.0180765830009477,0.0226149999944027,,,,,,,,,,,
gaussian_subspace,32,16,umap,fixed,ok,,0.9900166666666668,600,3,2.0,2.0,3.0,3.0,tied,3613.411740465011,,3,3,bic,0.7434152919886401,0.0184404580068076,0.7653216670005349,,,,,,,,,,,
gaussian_subspace,32,17,ae_relu,fixed,ok,,0.9260381960123516,600,3,2.0,2.0,3.0,3.0,full,3813.6253162015073,,3,3,bic,0.1119289170019328,0.0193296670040581,0.1339507919910829,,,,,,relu,64.0,True,,,
gaussian_subspace,32,17,ae_tanh,fixed,ok,,0.970166769071648,600,3,2.0,2.0,3.0,3.0,spherical,1017.8366759099032,,3,3,bic,0.1814676250069169,0.0265598750120261,0.2107214579882566,,,,,,tanh,61.0,True,,,
gaussian_subspace,32,17,autog2m2,fixed,ok,,0.8449011471643252,600,3,2.0,2.0,3.0,3.0,full,301.5105576414492,,3,3,bic,2.66225266600668,0.020338874994195,2.6857079159963178,2.402961790998233,0.0158974999940255,0.1223362919990904,0.0184459589945618,,,,,,,
gaussian_subspace,32,17,autogmm_spectral,fixed,ok,,0.9655044126264666,600,3,2.0,2.0,3.0,3.0,full,-10962.90612705336,lse,3,3,bic,,0.0369898330100113,0.1175859999930253,,,,,0.0792329160030931,,,,,,
gaussian_subspace,32,17,mclust,fixed,ok,,0.9949958125176231,600,3,32.0,,3.0,3.0,EEI,-51513.33086440175,,3,3,bic,,3.168,3.575125875009689,,,,,,,,,-25340.865004611824,130.0,-51515.487227204925
gaussian_subspace,32,17,pca,fixed,ok,,0.9801340027693,600,3,2.0,2.0,3.0,3.0,tied,3906.38030248237,,3,3,bic,0.0013206670118961,0.0183303340018028,0.0222309580130968,,,,,,,,,,,
gaussian_subspace,32,17,umap,fixed,ok,,0.965322734315595,600,3,2.0,2.0,3.0,3.0,tied,3735.968196444429,,3,3,bic,0.7904322499962291,0.0151842079940252,0.8093627500056755,,,,,,,,,,,
gaussian_subspace,32,18,ae_relu,fixed,ok,,0.945679597891224,600,3,2.0,2.0,3.0,3.0,full,4384.686072709081,,3,3,bic,0.167612375007593,0.0191252499935217,0.1893542920006439,,,,,,relu,95.0,True,,,
gaussian_subspace,32,18,ae_tanh,fixed,ok,,0.9702891709199438,600,3,2.0,2.0,3.0,3.0,diag,951.6174812740304,,3,3,bic,0.2304146249953191,0.0266612919949693,0.2602009590045782,,,,,,tanh,66.0,True,,,
gaussian_subspace,32,18,autog2m2,fixed,ok,,0.9360748648839295,600,3,2.0,2.0,3.0,3.0,full,-630.9534929428414,,3,3,bic,2.5233546660019783,0.0244758339977124,2.5506178340001497,2.27207662499859,0.0162450830102898,0.1135749579989351,0.0170614579983521,,,,,,,
gaussian_subspace,32,18,autogmm_spectral,fixed,ok,,0.9801350059845216,600,3,2.0,2.0,3.0,3.0,full,-11244.26353194841,lse,3,3,bic,,0.0484162080101668,0.1294403750071069,,,,,0.079673250002088,,,,,,
gaussian_subspace,32,18,mclust,fixed,ok,,0.5675646245924233,600,3,32.0,,3.0,3.0,EEI,-53273.23456813804,,3,3,bic,,0.425,0.8311351250013104,,,,,,,,,-26220.81685647997,130.0,-53275.35136662813
gaussian_subspace,32,18,pca,fixed,ok,,0.9800961264798698,600,3,2.0,2.0,3.0,3.0,spherical,3871.258227552122,,3,3,bic,0.0012901669979328,0.0166199170053005,0.0204557499964721,,,,,,,,,,,
gaussian_subspace,32,18,umap,fixed,ok,,0.9751051094453728,600,3,2.0,2.0,3.0,3.0,tied,3630.916817549803,,3,3,bic,0.7995067500014557,0.0171672500000568,0.82052358299552,,,,,,,,,,,
gaussian_subspace,32,19,ae_relu,fixed,ok,,0.9800971316205,600,3,2.0,2.0,3.0,3.0,full,4820.078945892774,,3,3,bic,0.2302795410068938,0.0189228749950416,0.2518568749947008,,,,,,relu,129.0,True,,,
gaussian_subspace,32,19,ae_tanh,fixed,ok,,0.9751552754716796,600,3,2.0,2.0,3.0,3.0,diag,770.457811387229,,3,3,bic,0.2759752919955645,0.0282401669974206,0.3075759169878438,,,,,,tanh,85.0,True,,,
gaussian_subspace,32,19,autog2m2,fixed,ok,,0.885212678556605,600,3,2.0,2.0,3.0,3.0,full,-298.7032751061779,,3,3,bic,2.611017457995331,0.0229150419909274,2.636830250005005,2.34335637500044,0.0157150000013643,0.1340887499973178,0.0174491249927086,,,,,,,
gaussian_subspace,32,19,autogmm_spectral,fixed,ok,,0.9900042509932298,600,3,2.0,2.0,3.0,3.0,full,-11611.936078234114,lse,3,3,bic,,0.0390273330121999,0.1170406250021187,,,,,0.0766469169902848,,,,,,
gaussian_subspace,32,19,mclust,fixed,ok,,0.5681635479167226,600,3,32.0,,3.0,3.0,EEI,-53151.47788802966,,3,3,bic,,0.406,0.81156941599329,,,,,,,,,-26159.93851642578,130.0,-53151.97463107648
gaussian_subspace,32,19,pca,fixed,ok,,0.9900042509932298,600,3,2.0,2.0,3.0,3.0,tied,3871.3583824444986,,3,3,bic,0.0012977080041309,0.0158034170017344,0.019645041989861,,,,,,,,,,,
gaussian_subspace,32,19,umap,fixed,ok,,1.0,600,3,2.0,2.0,3.0,3.0,spherical,3595.8820997958424,,3,3,bic,0.7563567500037607,0.014807166007813,0.775013582999236,,,,,,,,,,,
gaussian_subspace,64,0,ae_relu,fixed,ok,,0.5017138069548103,600,3,2.0,2.0,3.0,3.0,diag,4398.715713192059,,3,3,bic,0.2828855830011889,0.0377367500041145,0.3252600830019219,,,,,,relu,92.0,True,,,
gaussian_subspace,64,0,ae_tanh,fixed,ok,,0.9750671701422782,600,3,2.0,2.0,3.0,3.0,diag,952.348969173554,,3,3,bic,0.1825572500092676,0.0262032500031637,0.2124503749946598,,,,,,tanh,55.0,True,,,
gaussian_subspace,64,0,autog2m2,fixed,ok,,0.9555777807207596,600,3,2.0,2.0,3.0,3.0,full,-438.1721290994769,,3,3,bic,0.4432048750022659,0.0490371249907184,0.6133527920028428,0.0,0.0264467500091996,0.2114094590069726,0.037821250007255,,,,,,,
gaussian_subspace,64,0,autogmm_spectral,fixed,ok,,0.9949958125176231,600,3,2.0,2.0,3.0,3.0,full,-10837.728203830173,lse,3,3,bic,,0.0624284160003298,0.2030704170028912,,,,,0.1383764170022914,,,,,,
gaussian_subspace,64,0,mclust,fixed,ok,,-5.555601852237657e-06,600,3,64.0,,3.0,3.0,EII,-110043.65156378846,,3,3,bic,,2.03,2.7282715420005843,,,,,,,,,-54398.12514051065,195.0,-110043.6515637914
gaussian_subspace,64,0,pca,fixed,ok,,1.0,600,3,2.0,2.0,3.0,3.0,tied,3750.539166221845,,3,3,bic,0.0021772500040242,0.0246044999948935,0.0306444169982569,,,,,,,,,,,
gaussian_subspace,64,0,umap,fixed,ok,,1.0,600,3,2.0,2.0,3.0,3.0,tied,3598.607387176481,,3,3,bic,6.791986332988017,0.0246863750071497,12.190918249994866,,,,,,,,,,,
gaussian_subspace,64,1,ae_relu,fixed,ok,,0.8380169642430159,600,3,2.0,2.0,3.0,3.0,full,4461.945325661394,,3,3,bic,0.1786569169926224,0.0206084579986054,0.2018268749961862,,,,,,relu,92.0,True,,,
gaussian_subspace,64,1,ae_tanh,fixed,ok,,0.8927649871182903,600,3,2.0,2.0,3.0,3.0,tied,1046.283416384803,,3,3,bic,0.3962537499901373,0.0342277909949189,0.4338477499986766,,,,,,tanh,117.0,True,,,
gaussian_subspace,64,1,autog2m2,fixed,ok,,0.9900042509932298,600,3,2.0,2.0,3.0,3.0,full,-814.5176076633729,,3,3,bic,0.4213655420026043,0.0259084999997867,0.4515767080010846,0.0,0.0277029169956222,0.1813127079949481,0.0262209170032292,,,,,,,
gaussian_subspace,64,1,autogmm_spectral,fixed,ok,,0.9800962940103582,600,3,2.0,2.0,3.0,3.0,full,-9738.142902262302,lse,3,3,bic,,0.0927384999813512,0.291771834003157,,,,,0.196650874990155,,,,,,
gaussian_subspace,64,1,mclust,fixed,ok,,-5.555601852237657e-06,600,3,64.0,,3.0,3.0,EII,-110048.2450643173,,3,3,bic,,1.981,2.642288542003371,,,,,,,,,-54400.42189077508,195.0,-110048.2450643173
gaussian_subspace,64,1,pca,fixed,ok,,0.980046127139559,600,3,2.0,2.0,3.0,3.0,tied,4025.584114047642,,3,3,bic,0.0023855830077081,0.0274591250054072,0.034198416993604,,,,,,,,,,,
gaussian_subspace,64,1,umap,fixed,ok,,0.8732373470057869,600,3,2.0,2.0,3.0,3.0,spherical,3739.172022286746,,3,3,bic,1.2415975829935633,0.0365945829980773,1.2838259169948287,,,,,,,,,,,
gaussian_subspace,64,2,ae_relu,fixed,ok,,0.8051660867538404,600,3,2.0,2.0,3.0,3.0,full,1905.148308595864,,3,3,bic,0.1962999170063994,0.0259119590045884,0.2248334169998997,,,,,,relu,101.0,True,,,
gaussian_subspace,64,2,ae_tanh,fixed,ok,,0.9703510050251256,600,3,2.0,2.0,3.0,3.0,diag,1119.0836862047795,,3,3,bic,0.2340226670057745,0.0247617919958429,0.2622412920027273,,,,,,tanh,70.0,True,,,
gaussian_subspace,64,2,autog2m2,fixed,ok,,0.9949958125176231,600,3,2.0,2.0,3.0,3.0,full,-116.64385100588946,,3,3,bic,0.3935765830101445,0.0292835000000195,0.4277171669964446,0.0,0.0240725420007947,0.1837697500013746,0.026214917001198,,,,,,,
gaussian_subspace,64,2,autogmm_spectral,fixed,ok,,0.9949958125176231,600,3,2.0,2.0,3.0,3.0,full,-10427.668808760089,lse,3,3,bic,,0.0631916670099599,0.2032669159962097,,,,,0.1379002499888884,,,,,,
gaussian_subspace,64,2,mclust,fixed,ok,,-5.555601852237657e-06,600,3,64.0,,3.0,3.0,EII,-110058.35596883984,,3,3,bic,,1.966,2.6349977089994354,,,,,,,,,-54405.47734303635,195.0,-110058.35596884009
gaussian_subspace,64,2,pca,fixed,ok,,0.9949958125176231,600,3,2.0,2.0,3.0,3.0,tied,3806.054161397946,,3,3,bic,0.0019729999912669,0.0243130000017117,0.0301632919872645,,,,,,,,,,,
gaussian_subspace,64,2,umap,fixed,ok,,0.9268063151804417,600,3,2.0,2.0,3.0,3.0,tied,3612.749549958652,,3,3,bic,1.2704125419986667,0.0342734169971663,1.310083125004894,,,,,,,,,,,
gaussian_subspace,64,3,ae_relu,fixed,ok,,0.6127778129593123,600,3,2.0,2.0,3.0,3.0,full,1492.944495885767,,3,3,bic,0.128217332996428,0.0316116250032791,0.1626067500037606,,,,,,relu,66.0,True,,,
gaussian_subspace,64,3,ae_tanh,fixed,ok,,0.9900168347249766,600,3,2.0,2.0,3.0,3.0,diag,1154.3346285432235,,3,3,bic,0.20483874999627,0.0524652500025695,0.2617641249962616,,,,,,tanh,51.0,True,,,
gaussian_subspace,64,3,autog2m2,fixed,ok,,0.9653746489576136,600,3,2.0,2.0,3.0,3.0,diag,-418.2471344071884,,3,3,bic,2.729566417008755,0.0364718329947209,2.7736512909905287,2.498467500001425,0.0143271249980898,0.108444875004352,0.0161174579989165,,,,,,,
gaussian_subspace,64,3,autogmm_spectral,fixed,ok,,0.9750304908988124,600,3,2.0,2.0,3.0,3.0,full,-10279.199750009113,lse,3,3,bic,,0.0604452089901315,0.1997109170042676,,,,,0.1370576659974176,,,,,,
gaussian_subspace,64,3,mclust,fixed,ok,,-5.555601852237657e-06,600,3,64.0,,3.0,3.0,EII,-110049.81747769393,,3,3,bic,,2.0420000000000003,2.7036781249917112,,,,,,,,,-54401.20809746338,195.0,-110049.817477706
gaussian_subspace,64,3,pca,fixed,ok,,0.9850125211993978,600,3,2.0,2.0,3.0,3.0,tied,3905.9403543915582,,3,3,bic,0.0013135839981259,0.0144405419996473,0.0182903749955585,,,,,,,,,,,
gaussian_subspace,64,3,umap,fixed,ok,,0.9604147932938282,600,3,2.0,2.0,3.0,3.0,spherical,3622.432981122977,,3,3,bic,0.7288444170117145,0.0141338340035872,0.7463543750054669,,,,,,,,,,,
gaussian_subspace,64,4,ae_relu,fixed,ok,,0.8571113799984947,600,3,2.0,2.0,3.0,3.0,full,1168.5867630334658,,3,3,bic,0.1255739170010201,0.0247244580095866,0.1533643340080743,,,,,,relu,63.0,True,,,
gaussian_subspace,64,4,ae_tanh,fixed,ok,,0.975104690365823,600,3,2.0,2.0,3.0,3.0,diag,1081.0138646752005,,3,3,bic,0.1648722499958239,0.0292514999891864,0.1976588340039597,,,,,,tanh,49.0,True,,,
gaussian_subspace,64,4,autog2m2,fixed,ok,,0.9703554963908736,600,3,2.0,2.0,3.0,3.0,full,-670.0241973801069,,3,3,bic,2.8170460410037776,0.0201583750022109,2.840112958001555,2.584399375002249,0.0143509159970562,0.1107510830042883,0.0162778750091092,,,,,,,
gaussian_subspace,64,4,autogmm_spectral,fixed,ok,,0.9949958125176231,600,3,2.0,2.0,3.0,3.0,full,-10693.810901757295,lse,3,3,bic,,0.0828014169965172,0.2246192079910542,,,,,0.1395936250046361,,,,,,
gaussian_subspace,64,4,mclust,fixed,ok,,-5.555601852237657e-06,600,3,64.0,,3.0,3.0,EII,-110046.33946338616,,3,3,bic,,1.929,2.588794124996639,,,,,,,,,-54399.4690903095,195.0,-110046.33946338765
gaussian_subspace,64,4,pca,fixed,ok,,0.9949958125176231,600,3,2.0,2.0,3.0,3.0,tied,3873.008799471598,,3,3,bic,0.0012763330014422,0.0146566670009633,0.0183443749992875,,,,,,,,,,,
gaussian_subspace,64,4,umap,fixed,ok,,0.985037604845926,600,3,2.0,2.0,3.0,3.0,spherical,3584.9611215827613,,3,3,bic,0.7249630830046954,0.0179728749935748,0.746710332998191,,,,,,,,,,,
gaussian_subspace,64,5,ae_relu,fixed,ok,,0.7390321300637713,600,3,2.0,2.0,3.0,3.0,full,1946.717970076544,,3,3,bic,0.1212159579881699,0.0387029589910525,0.1627350000053411,,,,,,relu,62.0,True,,,
gaussian_subspace,64,5,ae_tanh,fixed,ok,,0.9949958125176231,600,3,2.0,2.0,3.0,3.0,diag,931.41475961422,,3,3,bic,0.1855339580069994,0.0255233749921899,0.2144199580070562,,,,,,tanh,56.0,True,,,
gaussian_subspace,64,5,autog2m2,fixed,ok,,0.9653521917033144,600,3,2.0,2.0,3.0,3.0,full,-67.30798094513965,,3,3,bic,2.9055754170112778,0.0157465829979628,2.924499415996252,2.682157625007676,0.0144544999930076,0.1020157919992925,0.0162881669966736,,,,,,,
gaussian_subspace,64,5,autogmm_spectral,fixed,ok,,0.984987816627764,600,3,2.0,2.0,3.0,3.0,full,-10787.24960555124,lse,3,3,bic,,0.0610247919976245,0.2051951250032289,,,,,0.1420015000039711,,,,,,
gaussian_subspace,64,5,mclust,fixed,ok,,1.1167038898970166e-05,600,3,64.0,,3.0,3.0,EII,-110059.0177394514,,3,3,bic,,2.121,2.860460374999093,,,,,,,,,-54405.80822834212,195.0,-110059.01773952309
gaussian_subspace,64,5,pca,fixed,ok,,1.0,600,3,2.0,2.0,3.0,3.0,tied,3921.961356743054,,3,3,bic,0.0013210830074967,0.0144551249977666,0.0182984999992186,,,,,,,,,,,
gaussian_subspace,64,5,umap,fixed,ok,,0.9652716913817008,600,3,2.0,2.0,3.0,3.0,tied,3594.4192801709564,,3,3,bic,0.7191067089879652,0.0141250000015134,0.7371091660024831,,,,,,,,,,,
gaussian_subspace,64,6,ae_relu,fixed,ok,,0.9900168347249766,600,3,2.0,2.0,3.0,3.0,full,3815.078526504724,,3,3,bic,0.1686832909908844,0.0152692499978002,0.1870536250062286,,,,,,relu,87.0,True,,,
gaussian_subspace,64,6,ae_tanh,fixed,ok,,1.0,600,3,2.0,2.0,3.0,3.0,diag,253.36374410961605,,3,3,bic,0.1786410829954547,0.0255354580003768,0.2075871670094784,,,,,,tanh,53.0,True,,,
gaussian_subspace,64,6,autog2m2,fixed,ok,,0.9949958125176231,600,3,2.0,2.0,3.0,3.0,full,-1557.6356617349827,,3,3,bic,2.817859167000279,0.0156152499985182,2.836534791000304,2.5821295000059763,0.013852375006536,0.1031006249977508,0.0162092079990543,,,,,,,
gaussian_subspace,64,6,autogmm_spectral,fixed,ok,,1.0,600,3,2.0,2.0,3.0,3.0,full,-12716.67983587797,lse,3,3,bic,,0.0596739160100696,0.1965498749923426,,,,,0.1345521670009475,,,,,,
gaussian_subspace,64,6,mclust,fixed,ok,,1.1167038898970166e-05,600,3,64.0,,3.0,3.0,EII,-110053.46681157702,,3,3,bic,,2.173,2.863919417010038,,,,,,,,,-54403.03276440493,195.0,-110053.4668115797
gaussian_subspace,64,6,pca,fixed,ok,,1.0,600,3,2.0,2.0,3.0,3.0,spherical,3492.8921837139037,,3,3,bic,0.0013572089956142,0.0148641670093638,0.0193703750119311,,,,,,,,,,,
gaussian_subspace,64,6,umap,fixed,ok,,1.0,600,3,2.0,2.0,3.0,3.0,tied,3384.0817584331194,,3,3,bic,0.7262325410119956,0.0142072500020731,0.7444273330038413,,,,,,,,,,,
gaussian_subspace,64,7,ae_relu,fixed,ok,,0.941193036050527,600,3,2.0,2.0,3.0,3.0,full,3647.9382049276687,,3,3,bic,0.1250364160077879,0.01726762499311,0.1450236669916194,,,,,,relu,65.0,True,,,
gaussian_subspace,64,7,ae_tanh,fixed,ok,,0.9900042509932298,600,3,2.0,2.0,3.0,3.0,diag,997.0773015597592,,3,3,bic,0.1726318330038339,0.0276310000044759,0.2036239589942852,,,,,,tanh,51.0,True,,,
gaussian_subspace,64,7,autog2m2,fixed,ok,,0.985037604845926,600,3,2.0,2.0,3.0,3.0,full,-805.0291001240178,,3,3,bic,2.7835534169862512,0.0184930830000666,2.805224833995453,2.5256248340010643,0.0166247079905588,0.1317818329989677,0.0169310410128673,,,,,,,
gaussian_subspace,64,7,autogmm_spectral,fixed,ok,,0.9949958125176231,600,3,2.0,2.0,3.0,3.0,full,-10537.98319711048,lse,3,3,bic,,0.0454039580072276,0.1321271250053541,,,,,0.0853760419995524,,,,,,
gaussian_subspace,64,7,mclust,fixed,ok,,-5.555601852237657e-06,600,3,64.0,,3.0,3.0,EII,-110059.40707322655,,3,3,bic,,1.194,1.607712958008051,,,,,,,,,-54406.0028952297,195.0,-110059.40707325326
gaussian_subspace,64,7,pca,fixed,ok,,0.9900042509932298,600,3,2.0,2.0,3.0,3.0,tied,3878.659856054624,,3,3,bic,0.0015110840031411,0.0190300419926643,0.0236598329938715,,,,,,,,,,,
gaussian_subspace,64,7,umap,fixed,ok,,0.975116917922948,600,3,2.0,2.0,3.0,3.0,tied,3595.49167369162,,3,3,bic,0.7419198340066941,0.0150570419937139,0.7612675839918666,,,,,,,,,,,
gaussian_subspace,64,8,ae_relu,fixed,ok,,0.980046127139559,600,3,2.0,2.0,3.0,3.0,diag,3861.4973609927033,,3,3,bic,0.1334942910034442,0.0164533750066766,0.152908916992601,,,,,,relu,68.0,True,,,
gaussian_subspace,64,8,ae_tanh,fixed,ok,,0.975230732990034,600,3,2.0,2.0,3.0,3.0,diag,917.2382985649476,,3,3,bic,0.2063260830036597,0.0270305410085711,0.2366891670098994,,,,,,tanh,53.0,True,,,
gaussian_subspace,64,8,autog2m2,fixed,ok,,1.0,600,3,2.0,2.0,3.0,3.0,tied,-248.5550630924968,,3,3,bic,2.8754668750043493,0.0167805840028449,2.89529174999916,2.6443310830072733,0.0149649169907206,0.1081342079996829,0.0166828340006759,,,,,,,
gaussian_subspace,64,8,autogmm_spectral,fixed,ok,,0.960668676716918,600,3,2.0,2.0,3.0,3.0,full,-11011.194599033925,lse,3,3,bic,,0.0410297089983942,0.1283749589929357,,,,,0.0859206669993,,,,,,
gaussian_subspace,64,8,mclust,fixed,ok,,-5.555601852237657e-06,600,3,64.0,,3.0,3.0,EII,-110039.22753462911,,3,3,bic,,1.2240000000000002,1.6543981669965433,,,,,,,,,-54395.91312593099,195.0,-110039.22753462924
gaussian_subspace,64,8,pca,fixed,ok,,1.0,600,3,2.0,2.0,3.0,3.0,tied,3720.9856708784673,,3,3,bic,0.0016131669981405,0.0150354580109706,0.0198812919988995,,,,,,,,,,,
gaussian_subspace,64,8,umap,fixed,ok,,0.9605813812694116,600,3,2.0,2.0,3.0,3.0,spherical,3569.9884673511037,,3,3,bic,0.7386075420072302,0.0504042079992359,0.7930771249957616,,,,,,,,,,,
gaussian_subspace,64,9,ae_relu,fixed,ok,,0.9093470868097572,600,3,2.0,2.0,3.0,3.0,full,1082.641626553724,,3,3,bic,0.1680901249928865,0.0218294170044828,0.1927775000076508,,,,,,relu,83.0,True,,,
gaussian_subspace,64,9,ae_tanh,fixed,ok,,1.0,600,3,2.0,2.0,3.0,3.0,diag,538.0112524141799,,3,3,bic,0.1764985000045271,0.0253540000121574,0.2053407920029712,,,,,,tanh,53.0,True,,,
gaussian_subspace,64,9,autog2m2,fixed,ok,,0.9900166666666668,600,3,2.0,2.0,3.0,3.0,full,-2561.2588349250777,,3,3,bic,2.955158124997979,0.0154479170014383,2.97384374999092,2.7202979160065297,0.0145047090045409,0.107576374997734,0.0165695420000702,,,,,,,
gaussian_subspace,64,9,autogmm_spectral,fixed,ok,,0.9949958125176231,600,3,2.0,2.0,3.0,3.0,full,-11577.924404688958,lse,3,3,bic,,0.0363556670054094,0.1183170419972157,,,,,0.0806200829974841,,,,,,
gaussian_subspace,64,9,mclust,fixed,ok,,-5.555601852237657e-06,600,3,64.0,,3.0,3.0,EII,-110059.70815476944,,3,3,bic,,1.1270000000000002,1.543149875011295,,,,,,,,,-54406.15343600114,195.0,-110059.70815548088
gaussian_subspace,64,9,pca,fixed,ok,,1.0,600,3,2.0,2.0,3.0,3.0,tied,3612.475323305913,,3,3,bic,0.0016388750082114,0.0164720409957226,0.0209360419976292,,,,,,,,,,,
gaussian_subspace,64,9,umap,fixed,ok,,0.9900166666666668,600,3,2.0,2.0,3.0,3.0,spherical,3506.62996549475,,3,3,bic,0.7592555000010179,0.0146016249927924,0.7777799159957794,,,,,,,,,,,
gaussian_subspace,64,10,ae_relu,fixed,ok,,0.7629500906907891,600,3,2.0,2.0,3.0,3.0,diag,2186.754046659631,,3,3,bic,0.1637910830031614,0.0215959170018322,0.1890711249870946,,,,,,relu,83.0,True,,,
gaussian_subspace,64,10,ae_tanh,fixed,ok,,0.9949958125176231,600,3,2.0,2.0,3.0,3.0,diag,422.50287476715295,,3,3,bic,0.1795770000026095,0.0234652079961961,0.2062860410078428,,,,,,tanh,52.0,True,,,
gaussian_subspace,64,10,autog2m2,fixed,ok,,1.0,600,3,2.0,2.0,3.0,3.0,full,-1259.7272719411276,,3,3,bic,2.927351666992763,0.0152093749929917,2.945818041989696,2.702923082993948,0.013935416995082,0.1046563749987399,0.016164500004379,,,,,,,
gaussian_subspace,64,10,autogmm_spectral,fixed,ok,,1.0,600,3,2.0,2.0,3.0,3.0,full,-12388.148142861482,lse,3,3,bic,,0.0391079580003861,0.1194549579959129,,,,,0.0789631249936064,,,,,,
gaussian_subspace,64,10,mclust,fixed,ok,,1.1167038898970166e-05,600,3,64.0,,3.0,3.0,EII,-110034.22260339752,,3,3,bic,,1.135,1.539130542005296,,,,,,,,,-54393.41066031518,195.0,-110034.22260339752
gaussian_subspace,64,10,pca,fixed,ok,,1.0,600,3,2.0,2.0,3.0,3.0,tied,3493.3572982806613,,3,3,bic,0.0013587080029537,0.0148676250100834,0.0188954159966669,,,,,,,,,,,
gaussian_subspace,64,10,umap,fixed,ok,,1.0,600,3,2.0,2.0,3.0,3.0,tied,3429.342130403214,,3,3,bic,0.7296832499996526,0.0143786669941619,0.7480207089975011,,,,,,,,,,,
gaussian_subspace,64,11,ae_relu,fixed,ok,,1.0,600,3,2.0,2.0,3.0,3.0,diag,3438.2847266731246,,3,3,bic,0.1482335000036982,0.0144217920023947,0.1654106249916367,,,,,,relu,77.0,True,,,
gaussian_subspace,64,11,ae_tanh,fixed,ok,,1.0,600,3,2.0,2.0,3.0,3.0,full,243.72826114592232,,3,3,bic,0.1724511659995187,0.0255834999989019,0.2015272910066414,,,,,,tanh,52.0,True,,,
gaussian_subspace,64,11,autog2m2,fixed,ok,,0.9949958125176231,600,3,2.0,2.0,3.0,3.0,full,-1593.5402246567137,,3,3,bic,2.848284749998129,0.0184348330076318,2.869876374999876,2.5582261249946896,0.077191042000777,0.106073415998253,0.016918125009397,,,,,,,
gaussian_subspace,64,11,autogmm_spectral,fixed,ok,,1.0,600,3,2.0,2.0,3.0,3.0,full,-13262.129635969282,lse,3,3,bic,,0.043346874997951,0.1211162499967031,,,,,0.076396582997404,,,,,,
gaussian_subspace,64,11,mclust,fixed,ok,,-5.555601852237657e-06,600,3,64.0,,3.0,3.0,EII,-110056.53084543651,,3,3,bic,,1.1829999999999998,1.6034882919921074,,,,,,,,,-54404.56478133469,195.0,-110056.53084555708
gaussian_subspace,64,11,pca,fixed,ok,,1.0,600,3,2.0,2.0,3.0,3.0,tied,3423.0233616245337,,3,3,bic,0.0014768749970244,0.017885417008074,0.0225423750089248,,,,,,,,,,,
gaussian_subspace,64,11,umap,fixed,ok,,1.0,600,3,2.0,2.0,3.0,3.0,tied,3395.2024293070726,,3,3,bic,0.7359031250089174,0.0142872079886728,0.7542219999886584,,,,,,,,,,,
gaussian_subspace,64,12,ae_relu,fixed,ok,,0.7788696853492624,600,3,2.0,2.0,3.0,3.0,diag,957.4146842477742,,3,3,bic,0.128987624993897,0.0232695830054581,0.1547905420011375,,,,,,relu,67.0,True,,,
gaussian_subspace,64,12,ae_tanh,fixed,ok,,1.0,600,3,2.0,2.0,3.0,3.0,diag,359.7083630003787,,3,3,bic,0.1651501250016736,0.0259302079939516,0.1944003750104457,,,,,,tanh,49.0,True,,,
gaussian_subspace,64,12,autog2m2,fixed,ok,,0.9949958125176231,600,3,2.0,2.0,3.0,3.0,full,-463.9690417236041,,3,3,bic,2.8076585410017287,0.0177278329938417,2.8293611249973765,2.5817510829947423,0.0135763339931145,0.1073894580040359,0.0162344999989727,,,,,,,
gaussian_subspace,64,12,autogmm_spectral,fixed,ok,,1.0,600,3,2.0,2.0,3.0,3.0,full,-11971.265738261847,lse,3,3,bic,,0.0435938750015338,0.1249292919965228,,,,,0.0799795409984653,,,,,,
gaussian_subspace,64,12,mclust,fixed,ok,,-5.555601852237657e-06,600,3,64.0,,3.0,3.0,EII,-110045.7235730255,,3,3,bic,,1.173,1.5806539159966633,,,,,,,,,-54399.161145129176,195.0,-110045.72357302558
gaussian_subspace,64,12,pca,fixed,ok,,1.0,600,3,2.0,2.0,3.0,3.0,tied,3533.398801926949,,3,3,bic,0.0015940409939503,0.015674249996664,0.0202851249923696,,,,,,,,,,,
gaussian_subspace,64,12,umap,fixed,ok,,0.9949958125176231,600,3,2.0,2.0,3.0,3.0,spherical,3452.9840457803666,,3,3,bic,0.7241791249980452,0.0142045419925125,0.7417103749903617,,,,,,,,,,,
gaussian_subspace,64,13,ae_relu,fixed,ok,,0.8393368952616242,600,3,2.0,2.0,3.0,3.0,full,990.426554979283,,3,3,bic,0.1019245409988798,0.0276165830000536,0.1319963749992894,,,,,,relu,53.0,True,,,
gaussian_subspace,64,13,ae_tanh,fixed,ok,,0.9949958125176231,600,3,2.0,2.0,3.0,3.0,diag,908.5949637875456,,3,3,bic,0.2148822500021197,0.0259568340115947,0.2440495829941937,,,,,,tanh,55.0,True,,,
gaussian_subspace,64,13,autog2m2,fixed,ok,,0.9408833631293418,600,3,2.0,2.0,3.0,3.0,full,215.1206714962459,,3,3,bic,2.912472790994798,0.0185537910001585,2.9337099580006907,2.684678292003809,0.0141400830034399,0.1072393340000417,0.0162618339963955,,,,,,,
gaussian_subspace,64,13,autogmm_spectral,fixed,ok,,0.9900168347249766,600,3,2.0,2.0,3.0,3.0,full,-10960.545517367122,lse,3,3,bic,,0.0411560830107191,0.2618315839936258,,,,,0.2193298329948447,,,,,,
gaussian_subspace,64,13,mclust,fixed,ok,,1.1167038898970166e-05,600,3,64.0,,3.0,3.0,EII,-110057.2032420707,,3,3,bic,,1.162,1.5681899999908635,,,,,,,,,-54404.90097965177,195.0,-110057.20324207176
gaussian_subspace,64,13,pca,fixed,ok,,0.9900168347249766,600,3,2.0,2.0,3.0,3.0,tied,3812.011762891035,,3,3,bic,0.0015547079965472,0.0146757920010713,0.0188175829971442,,,,,,,,,,,
gaussian_subspace,64,13,umap,fixed,ok,,0.9751818207189016,600,3,2.0,2.0,3.0,3.0,tied,3561.20564491298,,3,3,bic,0.7324333750002552,0.0141441659943666,0.7499627910001436,,,,,,,,,,,
gaussian_subspace,64,14,ae_relu,fixed,ok,,0.5812217281911266,600,3,2.0,2.0,3.0,3.0,full,1369.0872012798504,,3,3,bic,0.1316220419976161,0.0769773750071181,0.2117735000065295,,,,,,relu,62.0,True,,,
gaussian_subspace,64,14,ae_tanh,fixed,ok,,0.9215020733823964,600,3,2.0,2.0,3.0,3.0,diag,1412.9758006005031,,3,3,bic,0.2333684579934924,0.0301762089948169,0.2669057500024792,,,,,,tanh,61.0,True,,,
gaussian_subspace,64,14,autog2m2,fixed,ok,,0.8887011069723056,600,3,2.0,2.0,3.0,3.0,full,95.16294092094395,,3,3,bic,3.4415374579984928,0.0222618339903419,3.4669906250055647,3.1701350000075763,0.0177052910003112,0.127448249986628,0.0191709169885143,,,,,,,
gaussian_subspace,64,14,autogmm_spectral,fixed,ok,,0.9602318868107154,600,3,2.0,2.0,3.0,3.0,full,-9731.086747696914,lse,3,3,bic,,0.0498417489870917,0.1385660840023774,,,,,0.0873380420089233,,,,,,
gaussian_subspace,64,14,mclust,fixed,ok,,1.1167038898970166e-05,600,3,64.0,,3.0,3.0,EII,-110060.85079148256,,3,3,bic,,1.165,1.5806525410007453,,,,,,,,,-54406.724754357696,195.0,-110060.85079148258
gaussian_subspace,64,14,pca,fixed,ok,,0.9603315485810012,600,3,2.0,2.0,3.0,3.0,tied,4099.519179257203,,3,3,bic,0.0017826669936766,0.0198719580075703,0.0244908750028116,,,,,,,,,,,
gaussian_subspace,64,14,umap,fixed,ok,,0.9216611208031046,600,3,2.0,2.0,3.0,3.0,tied,3705.53909287004,,3,3,bic,0.8372635829873616,0.0183853749913396,0.859131958000944,,,,,,,,,,,
gaussian_subspace,64,15,ae_relu,fixed,ok,,0.5163132796823138,600,3,2.0,2.0,3.0,3.0,diag,-1051.6080134009678,,3,3,bic,0.139124958004686,0.0327676250017248,0.1745786250103265,,,,,,relu,69.0,True,,,
gaussian_subspace,64,15,ae_tanh,fixed,ok,,0.9701508374942768,600,3,2.0,2.0,3.0,3.0,diag,1119.449562304303,,3,3,bic,0.1704249169997638,0.0284713330038357,0.2021647920046234,,,,,,tanh,50.0,True,,,
gaussian_subspace,64,15,autog2m2,fixed,ok,,0.8696797311442012,600,3,2.0,2.0,3.0,3.0,full,-624.790577957197,,3,3,bic,3.183398249995662,0.025917291000951,3.212130375002744,2.927524958999129,0.0156536249996861,0.1231285000103525,0.0175874170090537,,,,,,,
gaussian_subspace,64,15,autogmm_spectral,fixed,ok,,0.9850125211993978,600,3,2.0,2.0,3.0,3.0,full,-10553.87748766576,lse,3,3,bic,,0.0394115000090096,0.126300917007029,,,,,0.0855293330096174,,,,,,
gaussian_subspace,64,15,mclust,fixed,ok,,1.1167038898970166e-05,600,3,64.0,,3.0,3.0,EII,-110057.72316418275,,3,3,bic,,1.173,1.580267790996004,,,,,,,,,-54405.1609407078,195.0,-110057.72316418428
gaussian_subspace,64,15,pca,fixed,ok,,0.98997916755783,600,3,2.0,2.0,3.0,3.0,tied,3876.7700323259096,,3,3,bic,0.0014714999997522,0.0162419999978737,0.0207276250002905,,,,,,,,,,,
gaussian_subspace,64,15,umap,fixed,ok,,0.970189591595418,600,3,2.0,2.0,3.0,3.0,tied,3647.97408328986,,3,3,bic,0.7596245830063708,0.0151750829973025,0.7785903329931898,,,,,,,,,,,
gaussian_subspace,64,16,ae_relu,fixed,ok,,0.3729076642564251,600,3,2.0,2.0,3.0,3.0,diag,3221.400540857445,,3,3,bic,0.1573892080050427,0.0428304590022889,0.2031503749894909,,,,,,relu,72.0,True,,,
gaussian_subspace,64,16,ae_tanh,fixed,ok,,0.98997916755783,600,3,2.0,2.0,3.0,3.0,diag,1221.251512394564,,3,3,bic,0.1599359999963781,0.0263202079950133,0.1900097079924307,,,,,,tanh,48.0,True,,,
gaussian_subspace,64,16,autog2m2,fixed,ok,,0.8588380814181277,600,3,2.0,2.0,3.0,3.0,full,-385.77979169153286,,3,3,bic,3.029978332997416,0.0288744160061469,3.061824500007788,2.7827462080022087,0.0152992090006591,0.1156627500022295,0.0174594580021221,,,,,,,
gaussian_subspace,64,16,autogmm_spectral,fixed,ok,,0.9655044126264666,600,3,2.0,2.0,3.0,3.0,full,-10037.09819918335,lse,3,3,bic,,0.0504468329891096,0.1388826660113409,,,,,0.0870682079985272,,,,,,
gaussian_subspace,64,16,mclust,fixed,ok,,-5.555601852237657e-06,600,3,64.0,,3.0,3.0,EII,-110045.10462564268,,3,3,bic,,1.172,1.577242750005098,,,,,,,,,-54398.85167143776,195.0,-110045.1046257522
gaussian_subspace,64,16,pca,fixed,ok,,0.98997916755783,600,3,2.0,2.0,3.0,3.0,spherical,3876.058132151907,,3,3,bic,0.0013478749897331,0.0155718750029336,0.0193961659970227,,,,,,,,,,,
gaussian_subspace,64,16,umap,fixed,ok,,0.9408005163554678,600,3,2.0,2.0,3.0,3.0,tied,3712.106973808155,,3,3,bic,0.7734940420050407,0.016234708004049,0.7935066670033848,,,,,,,,,,,
gaussian_subspace,64,17,ae_relu,fixed,ok,,0.8051317888653288,600,3,2.0,2.0,3.0,3.0,full,1760.302233854596,,3,3,bic,0.1659563749999506,0.0258812089887214,0.1943932499998482,,,,,,relu,84.0,True,,,
gaussian_subspace,64,17,ae_tanh,fixed,ok,,0.9850377307840942,600,3,2.0,2.0,3.0,3.0,diag,631.2047444152143,,3,3,bic,0.1790546670090407,0.0269090829970082,0.2092712919984478,,,,,,tanh,51.0,True,,,
gaussian_subspace,64,17,autog2m2,fixed,ok,,0.9751552754716796,600,3,2.0,2.0,3.0,3.0,diag,-631.5057035420205,,3,3,bic,3.053294666009606,0.0200453329889569,3.07634675000736,2.805304082998191,0.0148527499986812,0.1154275410081027,0.0169219579984201,,,,,,,
gaussian_subspace,64,17,autogmm_spectral,fixed,ok,,0.9949958125176231,600,3,2.0,2.0,3.0,3.0,full,-11110.210323269504,lse,3,3,bic,,0.0471866250009043,0.1317660420027095,,,,,0.0832140840066131,,,,,,
gaussian_subspace,64,17,mclust,fixed,ok,,-5.555601852237657e-06,600,3,64.0,,3.0,3.0,EII,-110049.83381422271,,3,3,bic,,1.1880000000000002,1.5965039580041775,,,,,,,,,-54401.21626572779,195.0,-110049.83381422314
gaussian_subspace,64,17,pca,fixed,ok,,1.0,600,3,2.0,2.0,3.0,3.0,tied,3623.007886798145,,3,3,bic,0.0015718340000603,0.0153286249988013,0.0197155420028138,,,,,,,,,,,
gaussian_subspace,64,17,umap,fixed,ok,,0.9800710428333416,600,3,2.0,2.0,3.0,3.0,tied,3521.560853311591,,3,3,bic,0.7820565840083873,0.0149109159974614,0.8005802089901408,,,,,,,,,,,
gaussian_subspace,64,18,ae_relu,fixed,ok,,0.2630804640955929,600,3,2.0,2.0,3.0,3.0,full,1286.2953493218306,,3,3,bic,0.1547991249972256,0.0519900840008631,0.2096217910002451,,,,,,relu,79.0,True,,,
gaussian_subspace,64,18,ae_tanh,fixed,ok,,0.9262471244185896,600,3,2.0,2.0,3.0,3.0,diag,1506.1250428195065,,3,3,bic,0.1648960000020451,0.0262594590021763,0.1944932080077706,,,,,,tanh,49.0,True,,,
gaussian_subspace,64,18,autog2m2,fixed,ok,,0.7779066846870553,600,3,2.0,2.0,3.0,3.0,diag,-547.0447770865364,,3,3,bic,2.8878036249952856,0.0234005419915774,2.9141242499899818,2.6255939589900663,0.016334416999598,0.1243223339988617,0.0181646669952897,,,,,,,
gaussian_subspace,64,18,autogmm_spectral,fixed,ok,,0.950560756891781,600,3,2.0,2.0,3.0,3.0,full,-9608.208782091282,lse,3,3,bic,,0.0402948330010985,0.1281967499962775,,,,,0.0865458329935791,,,,,,
gaussian_subspace,64,18,mclust,fixed,ok,,1.1167038898970166e-05,600,3,64.0,,3.0,3.0,EII,-110048.29893954797,,3,3,bic,,1.219,1.6249941249989206,,,,,,,,,-54400.4488283904,195.0,-110048.2989395481
gaussian_subspace,64,18,pca,fixed,ok,,0.9652967750282292,600,3,2.0,2.0,3.0,3.0,tied,4054.277635859464,,3,3,bic,0.0015522500034421,0.0175440419989172,0.0220263329974841,,,,,,,,,,,
gaussian_subspace,64,18,umap,fixed,ok,,0.8250200493776556,600,3,2.0,2.0,3.0,3.0,tied,3690.780132507698,,3,3,bic,0.798731749993749,0.0215855840069707,0.8238024169986602,,,,,,,,,,,
gaussian_subspace,64,19,ae_relu,fixed,ok,,0.8118707944052042,600,3,2.0,2.0,3.0,3.0,full,4352.67007157022,,3,3,bic,0.1573351670085685,0.0224482080084271,0.1825810409936821,,,,,,relu,77.0,True,,,
gaussian_subspace,64,19,ae_tanh,fixed,ok,,0.9126801043231948,600,3,2.0,2.0,3.0,3.0,tied,1109.4585799660135,,3,3,bic,0.3637160420039436,0.0312333750043762,0.3984268749918556,,,,,,tanh,106.0,True,,,
gaussian_subspace,64,19,autog2m2,fixed,ok,,0.7897326355726473,600,3,2.0,2.0,3.0,3.0,full,-492.53918255234737,,3,3,bic,3.033178792000399,0.0209667089948197,3.0572416659997543,2.7822675419884035,0.0159574579884065,0.1191947089973837,0.0176020419894484,,,,,,,
gaussian_subspace,64,19,autogmm_spectral,fixed,ok,,0.9259835206536108,600,3,2.0,2.0,3.0,3.0,full,-9519.490277095569,lse,3,3,bic,,0.0448380830057431,0.1357157500024186,,,,,0.089500375004718,,,,,,
gaussian_subspace,64,19,mclust,fixed,ok,,-5.555601852237657e-06,600,3,64.0,,3.0,3.0,EII,-110046.84440649585,,3,3,bic,,1.283,1.6893564999918451,,,,,,,,,-54399.721561864346,195.0,-110046.84440649686
gaussian_subspace,64,19,pca,fixed,ok,,0.955539610754077,600,3,2.0,2.0,3.0,3.0,tied,4075.1633780173183,,3,3,bic,0.001410916011082,0.0181169170100474,0.022054749992094,,,,,,,,,,,
gaussian_subspace,64,19,umap,fixed,ok,,0.7585139385637746,600,3,2.0,2.0,3.0,3.0,tied,3770.508817329517,,3,3,bic,0.7948895000008633,0.0239753339992603,0.8224611660116352,,,,,,,,,,,
gaussian_subspace,128,0,ae_relu,fixed,ok,,0.6487413863409076,600,3,2.0,2.0,3.0,3.0,full,1876.2413994712144,,3,3,bic,0.2359505830099806,0.0646035840036347,0.3052009579987498,,,,,,relu,58.0,True,,,
gaussian_subspace,128,0,ae_tanh,fixed,ok,,0.9556526728486396,600,3,2.0,2.0,3.0,3.0,diag,1394.753017464784,,3,3,bic,0.1943379579897737,0.0291672500025015,0.2286620000086259,,,,,,tanh,47.0,True,,,
gaussian_subspace,128,0,autog2m2,fixed,ok,,0.9043477809890744,600,3,2.0,2.0,3.0,3.0,full,-447.1925679860652,,3,3,bic,5.554865208003321,0.0303858749975916,5.589605500004836,5.180867999995826,0.0239037079882109,0.1701463330100523,0.0263427909958409,,,,,,,
gaussian_subspace,128,0,autogmm_spectral,fixed,ok,,0.9462094782927982,600,3,2.0,2.0,3.0,3.0,full,-9526.501406968462,lse,3,3,bic,,0.067076834020554,0.2157591669965768,,,,,0.1463732919946778,,,,,,
gaussian_subspace,128,0,mclust,fixed,ok,,-5.555601852237657e-06,600,3,128.0,,3.0,3.0,EII,-220098.54322653776,,3,3,bic,,10.183,10.8545364169986,,,,,,,,,-108811.46572498456,387.0,-220098.54322653776
gaussian_subspace,128,0,pca,fixed,ok,,0.9900168347249766,600,3,2.0,2.0,3.0,3.0,tied,4155.711350366977,,3,3,bic,0.0023965000000316,0.0239663750107865,0.0310246250010095,,,,,,,,,,,
gaussian_subspace,128,0,umap,fixed,ok,,0.8795596241998276,600,3,2.0,2.0,3.0,3.0,spherical,3678.8026473450727,,3,3,bic,1.245152750008856,0.0281767089909408,1.2793840840022312,,,,,,,,,,,
gaussian_subspace,128,1,ae_relu,fixed,ok,,0.6658075413510585,600,3,2.0,2.0,3.0,3.0,full,-1138.100296311273,,3,3,bic,0.1716036249999888,0.0366155420051654,0.2111485839996021,,,,,,relu,65.0,True,,,
gaussian_subspace,128,1,ae_tanh,fixed,ok,,0.9949958125176231,600,3,2.0,2.0,3.0,3.0,diag,816.5075161156112,,3,3,bic,0.2478684579982655,0.0244624170009046,0.2770754170051077,,,,,,tanh,57.0,True,,,
gaussian_subspace,128,1,autog2m2,fixed,ok,,1.0,600,3,2.0,2.0,3.0,3.0,full,-373.7480893854357,,3,3,bic,3.309023957990576,0.0151452499994775,3.327009582993924,3.082947082992177,0.0139195000083418,0.1064937500050291,0.0162152919947402,,,,,,,
gaussian_subspace,128,1,autogmm_spectral,fixed,ok,,1.0,600,3,2.0,2.0,3.0,3.0,full,-10707.985672283978,lse,3,3,bic,,0.0598243330023251,0.204475916994852,,,,,0.1425355840037809,,,,,,
gaussian_subspace,128,1,mclust,fixed,ok,,-5.555601852237657e-06,600,3,128.0,,3.0,3.0,EII,-220092.63922366183,,3,3,bic,,10.009,10.697022833992378,,,,,,,,,-108808.5137235466,387.0,-220092.63922366183
gaussian_subspace,128,1,pca,fixed,ok,,1.0,600,3,2.0,2.0,3.0,3.0,tied,3647.7916612297313,,3,3,bic,0.001621832998353,0.0167829170095501,0.0211194590083323,,,,,,,,,,,
gaussian_subspace,128,1,umap,fixed,ok,,0.9507856783919598,600,3,2.0,2.0,3.0,3.0,tied,3540.541301497032,,3,3,bic,0.7513252500066301,0.0150841249997029,0.7701310419943184,,,,,,,,,,,
gaussian_subspace,128,2,ae_relu,fixed,ok,,0.4894834038754242,600,3,2.0,2.0,3.0,3.0,full,1139.687012034157,,3,3,bic,0.1669099579885369,0.036687083003926,0.206837457997608,,,,,,relu,63.0,True,,,
gaussian_subspace,128,2,ae_tanh,fixed,ok,,0.8606971301678602,600,3,2.0,2.0,3.0,3.0,full,1477.357458740113,,3,3,bic,0.2154707080044318,0.0333042499987641,0.2534776249958668,,,,,,tanh,46.0,True,,,
gaussian_subspace,128,2,autog2m2,fixed,ok,,0.9850377307840942,600,3,2.0,2.0,3.0,3.0,full,-525.9591942120891,,3,3,bic,3.1500057080120314,0.0151350000087404,3.1681517090037232,2.927714624995133,0.0143896670051617,0.1033597499917959,0.0161682920006569,,,,,,,
gaussian_subspace,128,2,autogmm_spectral,fixed,ok,,0.9603302130156446,600,3,2.0,2.0,3.0,3.0,full,-9448.526612879636,lse,3,3,bic,,0.0928108330117538,0.2351051250007003,,,,,0.1399657919973833,,,,,,
gaussian_subspace,128,2,mclust,fixed,ok,,1.1167038898970166e-05,600,3,128.0,,3.0,3.0,EII,-220095.13791616756,,3,3,bic,,9.732,10.416980207999586,,,,,,,,,-108809.76306979945,387.0,-220095.13791616756
gaussian_subspace,128,2,pca,fixed,ok,,0.985037604845926,600,3,2.0,2.0,3.0,3.0,tied,4121.194055122647,,3,3,bic,0.0015121249889489,0.0181064169883029,0.0223206669907085,,,,,,,,,,,
gaussian_subspace,128,2,umap,fixed,ok,,0.7910322622217354,600,3,2.0,2.0,3.0,3.0,spherical,3634.206327999945,,3,3,bic,0.7739623329980532,0.0201915830111829,0.7986627919890452,,,,,,,,,,,
gaussian_subspace,128,3,ae_relu,fixed,ok,,0.9949958125176231,600,3,2.0,2.0,3.0,3.0,diag,3258.0680952811026,,3,3,bic,0.2078444579965435,0.0149475420039379,0.2255638750066282,,,,,,relu,83.0,True,,,
gaussian_subspace,128,3,ae_tanh,fixed,ok,,0.9900166666666668,600,3,2.0,2.0,3.0,3.0,diag,861.0615893324596,,3,3,bic,0.3674424999917391,0.0268227500055218,0.3990152500045951,,,,,,tanh,57.0,True,,,
gaussian_subspace,128,3,autog2m2,fixed,ok,,1.0,600,3,2.0,2.0,3.0,3.0,full,-1588.548548980841,,3,3,bic,3.2439014580013463,0.0139482500089798,3.260752832997241,2.931949457997689,0.0427567090082448,0.163367917004507,0.0161736660083988,,,,,,,
gaussian_subspace,128,3,autogmm_spectral,fixed,ok,,0.9949958125176231,600,3,2.0,2.0,3.0,3.0,full,-10592.419957500526,lse,3,3,bic,,0.0664435840008081,0.2139593749889172,,,,,0.1453132499882485,,,,,,
gaussian_subspace,128,3,mclust,fixed,ok,,-5.555601852237657e-06,600,3,128.0,,3.0,3.0,EII,-220108.91409188425,,3,3,bic,,9.761,10.433987124997657,,,,,,,,,-108816.6511576578,387.0,-220108.91409188425
gaussian_subspace,128,3,pca,fixed,ok,,1.0,600,3,2.0,2.0,3.0,3.0,tied,3683.124407470979,,3,3,bic,0.0016305839963024,0.0146580420114332,0.0190343330032192,,,,,,,,,,,
gaussian_subspace,128,3,umap,fixed,ok,,0.985063191387914,600,3,2.0,2.0,3.0,3.0,tied,3566.132788199996,,3,3,bic,0.744450375001179,0.0143568750063423,0.7623568339913618,,,,,,,,,,,
gaussian_subspace,128,4,ae_relu,fixed,ok,,0.931058626605125,600,3,2.0,2.0,3.0,3.0,full,3920.2748482990505,,3,3,bic,0.1594219580001663,0.017919666992384,0.1800989589974051,,,,,,relu,68.0,True,,,
gaussian_subspace,128,4,ae_tanh,fixed,ok,,0.9506566472905668,600,3,2.0,2.0,3.0,3.0,diag,1258.8854649247592,,3,3,bic,0.2762872500024969,0.0319296250090701,0.3130045830039307,,,,,,tanh,60.0,True,,,
gaussian_subspace,128,4,autog2m2,fixed,ok,,0.9900166666666668,600,3,2.0,2.0,3.0,3.0,spherical,-594.0453715672858,,3,3,bic,3.1100362080032937,0.01603754099051,3.1289436249935534,2.882994750005309,0.0138777090032817,0.1079842500039376,0.0161211250087944,,,,,,,
gaussian_subspace,128,4,autogmm_spectral,fixed,ok,,0.984987816627764,600,3,2.0,2.0,3.0,3.0,full,-9786.428351009228,lse,3,3,bic,,0.0628355000080773,0.2113782920059748,,,,,0.1463460000086343,,,,,,
gaussian_subspace,128,4,mclust,fixed,ok,,-5.555601852237657e-06,600,3,128.0,,3.0,3.0,EII,-220110.0957690092,,3,3,bic,,9.722,10.385797874987476,,,,,,,,,-108817.24199622028,387.0,-220110.0957690092
gaussian_subspace,128,4,pca,fixed,ok,,1.0,600,3,2.0,2.0,3.0,3.0,tied,4018.494176572825,,3,3,bic,0.0015750419988762,0.0144772920029936,0.0185711249941959,,,,,,,,,,,
gaussian_subspace,128,4,umap,fixed,ok,,0.9362345606297808,600,3,2.0,2.0,3.0,3.0,tied,3651.245743787059,,3,3,bic,0.7502818750072038,0.0164767079986631,0.7706006670050556,,,,,,,,,,,
gaussian_subspace,128,5,ae_relu,fixed,ok,,0.8200172178483462,600,3,2.0,2.0,3.0,3.0,full,1479.0533264467565,,3,3,bic,0.1520063750067493,0.0295029590051854,0.1843685420026304,,,,,,relu,60.0,True,,,
gaussian_subspace,128,5,ae_tanh,fixed,ok,,1.0,600,3,2.0,2.0,3.0,3.0,diag,975.0764379370642,,3,3,bic,0.201972916998784,0.0249618750094668,0.2318555420060875,,,,,,tanh,45.0,True,,,
gaussian_subspace,128,5,autog2m2,fixed,ok,,0.9369339369706644,600,3,2.0,2.0,3.0,3.0,full,-684.8013480317621,,3,3,bic,3.2894510829937644,0.0346004589955555,3.3278627499967115,3.067016209010035,0.0142612499912502,0.1032369589956943,0.0162753329932456,,,,,,,
gaussian_subspace,128,5,autogmm_spectral,fixed,ok,,0.9949958125176231,600,3,2.0,2.0,3.0,3.0,full,-10245.205393341112,lse,3,3,bic,,0.063353042001836,0.2130941249924944,,,,,0.1475687089987332,,,,,,
gaussian_subspace,128,5,mclust,fixed,ok,,-5.555601852237657e-06,600,3,128.0,,3.0,3.0,EII,-220114.73771929665,,3,3,bic,,9.629,10.329078999988267,,,,,,,,,-108819.562971364,387.0,-220114.73771929665
gaussian_subspace,128,5,pca,fixed,ok,,1.0,600,3,2.0,2.0,3.0,3.0,tied,3883.276358120858,,3,3,bic,0.0017237090069102,0.0147257500066189,0.0190518750023329,,,,,,,,,,,
gaussian_subspace,128,5,umap,fixed,ok,,0.9506290751723744,600,3,2.0,2.0,3.0,3.0,tied,3610.5467828031,,3,3,bic,0.7353243749967078,0.0150425829924643,0.7545337910123635,,,,,,,,,,,
gaussian_subspace,128,6,ae_relu,fixed,ok,,0.6964997176250993,600,3,2.0,2.0,3.0,3.0,diag,1786.5447757543402,,3,3,bic,0.1737232500017853,0.0275129590008873,0.2042625409958418,,,,,,relu,73.0,True,,,
gaussian_subspace,128,6,ae_tanh,fixed,ok,,0.970101677444598,600,3,2.0,2.0,3.0,3.0,diag,1204.6996134628728,,3,3,bic,0.3093280830071307,0.0278762499947333,0.3418910829932429,,,,,,tanh,67.0,True,,,
gaussian_subspace,128,6,autog2m2,fixed,ok,,0.980046127139559,600,3,2.0,2.0,3.0,3.0,full,-434.4975259216771,,3,3,bic,3.149348999999347,0.0170559580001281,3.1697055409895256,2.922619709002902,0.0142032500007189,0.1060900829907041,0.0161678750009741,,,,,,,
gaussian_subspace,128,6,autogmm_spectral,fixed,ok,,0.9750802361778216,600,3,2.0,2.0,3.0,3.0,full,-9849.163836591377,lse,3,3,bic,,0.0710286249959608,0.2303030830080388,,,,,0.1571354579937178,,,,,,
gaussian_subspace,128,6,mclust,fixed,ok,,1.1167038898970166e-05,600,3,128.0,,3.0,3.0,EII,-220097.14228049628,,3,3,bic,,10.001,10.6853167090012,,,,,,,,,-108810.76525196382,387.0,-220097.14228049628
gaussian_subspace,128,6,pca,fixed,ok,,0.9949958125176231,600,3,2.0,2.0,3.0,3.0,tied,4098.904404474084,,3,3,bic,0.0015140000032261,0.0154840420000255,0.0194982499961042,,,,,,,,,,,
gaussian_subspace,128,6,umap,fixed,ok,,0.9069282970444428,600,3,2.0,2.0,3.0,3.0,tied,3609.5712747843754,,3,3,bic,0.7410960419947514,0.0161253749975003,0.7610336249927059,,,,,,,,,,,
gaussian_subspace,128,7,ae_relu,fixed,ok,,0.5160538039012154,600,3,2.0,2.0,3.0,3.0,diag,1944.9216231039409,,3,3,bic,0.145748791997903,0.0390558749932097,0.1878014169924426,,,,,,relu,56.0,True,,,
gaussian_subspace,128,7,ae_tanh,fixed,ok,,0.980046127139559,600,3,2.0,2.0,3.0,3.0,diag,1101.0081758882377,,3,3,bic,0.1990135829983046,0.027254125001491,0.2313097500009462,,,,,,tanh,41.0,True,,,
gaussian_subspace,128,7,autog2m2,fixed,ok,,1.0,600,3,2.0,2.0,3.0,3.0,full,-1995.1262652055304,,3,3,bic,3.1272836249991087,0.0141665840055793,3.1442226250073877,2.8687380839983234,0.0283349579985952,0.1249844590056454,0.0161209170037182,,,,,,,
gaussian_subspace,128,7,autogmm_spectral,fixed,ok,,0.985063191387914,600,3,2.0,2.0,3.0,3.0,full,-9815.084482691018,lse,3,3,bic,,0.0422616669966373,0.1380295419949107,,,,,0.0943483339942758,,,,,,
gaussian_subspace,128,7,mclust,fixed,ok,,-5.555601852237657e-06,600,3,128.0,,3.0,3.0,EII,-220093.423271574,,3,3,bic,,5.828,6.243175957992207,,,,,,,,,-108808.90574750268,387.0,-220093.423271574
gaussian_subspace,128,7,pca,fixed,ok,,1.0,600,3,2.0,2.0,3.0,3.0,tied,3800.3159210193135,,3,3,bic,0.0015477919951081,0.0154051669960608,0.0196636659966316,,,,,,,,,,,
gaussian_subspace,128,7,umap,fixed,ok,,0.9310581778039948,600,3,2.0,2.0,3.0,3.0,tied,3663.092054066536,,3,3,bic,0.7648296669940464,0.019357500001206,0.7887427499954356,,,,,,,,,,,
gaussian_subspace,128,8,ae_relu,fixed,ok,,0.5943022374947258,600,3,2.0,2.0,3.0,3.0,full,-1458.8038409649794,,3,3,bic,0.1375907500041648,0.0308823750092415,0.1713395419938024,,,,,,relu,58.0,True,,,
gaussian_subspace,128,8,ae_tanh,fixed,ok,,0.9900166666666668,600,3,2.0,2.0,3.0,3.0,full,947.5313614501142,,3,3,bic,0.2516687089955667,0.0261393330001737,0.2827670830010902,,,,,,tanh,48.0,True,,,
gaussian_subspace,128,8,autog2m2,fixed,ok,,0.9183429379737272,600,3,2.0,2.0,3.0,3.0,full,-2246.387354143786,,3,3,bic,3.27966075000586,0.0182907080015866,3.3010910409939243,3.035414124999079,0.0146397500066086,0.107750124996528,0.0287101669964613,,,,,,,
gaussian_subspace,128,8,autogmm_spectral,fixed,ok,,0.9949958125176231,600,3,2.0,2.0,3.0,3.0,full,-10413.323389891437,lse,3,3,bic,,0.0415097920049447,0.1338717909966362,,,,,0.0909282500069821,,,,,,
gaussian_subspace,128,8,mclust,fixed,ok,,-5.555601852237657e-06,600,3,128.0,,3.0,3.0,EII,-220112.53131752057,,3,3,bic,,6.166,6.5922322910046205,,,,,,,,,-108818.45977047597,387.0,-220112.53131752057
gaussian_subspace,128,8,pca,fixed,ok,,0.9949958125176231,600,3,2.0,2.0,3.0,3.0,tied,3839.162501864555,,3,3,bic,0.0015722079988336,0.0151466250099474,0.0194254579982953,,,,,,,,,,,
gaussian_subspace,128,8,umap,fixed,ok,,0.9556930948088552,600,3,2.0,2.0,3.0,3.0,spherical,3542.8492020226595,,3,3,bic,0.7615722920018015,0.0152345829992555,0.7806296659982763,,,,,,,,,,,
gaussian_subspace,128,9,ae_relu,fixed,ok,,0.6488010738255033,600,3,2.0,2.0,3.0,3.0,full,2331.659121924234,,3,3,bic,0.2019118339958368,0.04714220900496,0.2526782079949043,,,,,,relu,74.0,True,,,
gaussian_subspace,128,9,ae_tanh,fixed,ok,,0.955765361672674,600,3,2.0,2.0,3.0,3.0,tied,1272.7731274027178,,3,3,bic,0.3249941669928375,0.0269288330018753,0.3568131669890135,,,,,,tanh,66.0,True,,,
gaussian_subspace,128,9,autog2m2,fixed,ok,,0.9949958125176231,600,3,2.0,2.0,3.0,3.0,full,-129.33262079364926,,3,3,bic,3.5115120000118623,0.0152656669961288,3.530184916002326,3.275037166007678,0.0151569159934297,0.1137506660015787,0.0165407499880529,,,,,,,
gaussian_subspace,128,9,autogmm_spectral,fixed,ok,,0.9703510050251256,600,3,2.0,2.0,3.0,3.0,full,-9683.012666112903,lse,3,3,bic,,0.0369009579881094,0.1325262089958414,,,,,0.0943062500009546,,,,,,
gaussian_subspace,128,9,mclust,fixed,ok,,-5.555601852237657e-06,600,3,128.0,,3.0,3.0,EII,-220114.88603697176,,3,3,bic,,5.986,6.3998759999958565,,,,,,,,,-108819.63713020156,387.0,-220114.88603697176
gaussian_subspace,128,9,pca,fixed,ok,,0.9850626884924544,600,3,2.0,2.0,3.0,3.0,tied,4003.162013653543,,3,3,bic,0.0015807919990038,0.015415457994095,0.0196370829944498,,,,,,,,,,,
gaussian_subspace,128,9,umap,fixed,ok,,0.8810688931337387,600,3,2.0,2.0,3.0,3.0,tied,3668.076191813066,,3,3,bic,0.7962821669934783,0.016480791993672,0.81682108300447,,,,,,,,,,,
gaussian_subspace,128,10,ae_relu,fixed,ok,,0.1463917403343967,600,3,2.0,2.0,3.0,3.0,diag,-1557.535625770048,,3,3,bic,0.1366942919994471,0.0430477499903645,0.1824954589974368,,,,,,relu,57.0,True,,,
gaussian_subspace,128,10,ae_tanh,fixed,ok,,0.8018859405207427,600,3,2.0,2.0,3.0,3.0,diag,1711.0600922865578,,3,3,bic,0.2511628329957602,0.0280178329994669,0.2837482500035548,,,,,,tanh,55.0,True,,,
gaussian_subspace,128,10,autog2m2,fixed,ok,,0.4261515649175104,600,3,2.0,2.0,3.0,3.0,full,-601.413702452666,,3,3,bic,3.2860847499978263,0.0224721249978756,3.312016208001296,3.053878457998508,0.0151074579916894,0.1104170829930808,0.0167561249982099,,,,,,,
gaussian_subspace,128,10,autogmm_spectral,fixed,ok,,0.8358808618719237,600,3,2.0,2.0,3.0,3.0,diag,-8974.854290857607,lse,3,3,bic,,0.0501688749936874,0.1429068750003352,,,,,0.0913755829969886,,,,,,
gaussian_subspace,128,10,mclust,fixed,ok,,-5.555601852237657e-06,600,3,128.0,,3.0,3.0,EII,-220103.98773625767,,3,3,bic,,5.726,6.131517125002574,,,,,,,,,-108814.18797984454,387.0,-220103.98773625767
gaussian_subspace,128,10,pca,fixed,ok,,0.8858461954010983,600,3,2.0,2.0,3.0,3.0,tied,4239.952283303375,,3,3,bic,0.0017427499988116,0.0173974159988574,0.0221907910017762,,,,,,,,,,,
gaussian_subspace,128,10,umap,fixed,ok,,0.5649833845901849,600,3,2.0,2.0,3.0,3.0,diag,3661.308395317028,,3,3,bic,0.7578902919922257,0.0200297919946024,0.7814855839969823,,,,,,,,,,,
gaussian_subspace,128,11,ae_relu,fixed,ok,,0.4658747557050416,600,3,2.0,2.0,3.0,3.0,full,674.9447496210242,,3,3,bic,0.1653929169988259,0.0327147079951828,0.2009556249977322,,,,,,relu,68.0,True,,,
gaussian_subspace,128,11,ae_tanh,fixed,ok,,0.98997916755783,600,3,2.0,2.0,3.0,3.0,diag,887.8518308449882,,3,3,bic,0.2305280840082559,0.0254646249959478,0.2607395420054672,,,,,,tanh,48.0,True,,,
gaussian_subspace,128,11,autog2m2,fixed,ok,,0.9949958125176231,600,3,2.0,2.0,3.0,3.0,full,-306.85873850278165,,3,3,bic,3.281420832994627,0.0164770419942215,3.300739874990541,3.0600839169928804,0.0140931670030113,0.1035727499984204,0.0162451249925652,,,,,,,
gaussian_subspace,128,11,autogmm_spectral,fixed,ok,,1.0,600,3,2.0,2.0,3.0,3.0,full,-10178.153663869838,lse,3,3,bic,,0.0361769160081166,0.1299362910067429,,,,,0.092461958003696,,,,,,
gaussian_subspace,128,11,mclust,fixed,ok,,1.1167038898970166e-05,600,3,128.0,,3.0,3.0,EII,-220068.7112923193,,3,3,bic,,5.898,6.304402166002546,,,,,,,,,-108796.54975787531,387.0,-220068.7112923193
gaussian_subspace,128,11,pca,fixed,ok,,1.0,600,3,2.0,2.0,3.0,3.0,spherical,3864.892291828399,,3,3,bic,0.0015980000025592,0.0146764170058304,0.0190370000054826,,,,,,,,,,,
gaussian_subspace,128,11,umap,fixed,ok,,0.9553647780937442,600,3,2.0,2.0,3.0,3.0,tied,3630.618723848516,,3,3,bic,0.7469320410018554,0.0154885000083595,0.7659110419917852,,,,,,,,,,,
gaussian_subspace,128,12,ae_relu,fixed,ok,,0.2290052201071675,600,3,2.0,2.0,3.0,3.0,diag,1330.5193582399988,,3,3,bic,0.1501079169975128,0.0388600419973954,0.1918650000006891,,,,,,relu,63.0,True,,,
gaussian_subspace,128,12,ae_tanh,fixed,ok,,0.8883990477548638,600,3,2.0,2.0,3.0,3.0,diag,1634.1626216486409,,3,3,bic,0.3003364169999258,0.0304612090112641,0.3353787920059403,,,,,,tanh,53.0,True,,,
gaussian_subspace,128,12,autog2m2,fixed,ok,,1.0,600,3,2.0,2.0,3.0,3.0,full,-1572.8468140755435,,3,3,bic,3.1147052089945646,0.016474082993227,3.1341252499987604,2.898594249985763,0.0140695829904871,0.0971940000017639,0.0163027499947929,,,,,,,
gaussian_subspace,128,12,autogmm_spectral,fixed,ok,,0.8658387469788497,600,3,2.0,2.0,3.0,3.0,full,-9030.396435051807,lse,3,3,bic,,0.046776374001638,0.1421167499938747,,,,,0.0939717909932369,,,,,,
gaussian_subspace,128,12,mclust,fixed,ok,,-5.555601852237657e-06,600,3,128.0,,3.0,3.0,EII,-220102.3308534077,,3,3,bic,,5.603,6.010436625001603,,,,,,,,,-108813.35953841957,387.0,-220102.3308534077
gaussian_subspace,128,12,pca,fixed,ok,,0.9651267665677736,600,3,2.0,2.0,3.0,3.0,tied,3979.567579882671,,3,3,bic,0.0015366669977083,0.0149044999998295,0.0193466670025372,,,,,,,,,,,
gaussian_subspace,128,12,umap,fixed,ok,,0.7498538817837643,600,3,2.0,2.0,3.0,3.0,spherical,3720.7045759807233,,3,3,bic,0.7666130829893518,0.017037416997482,0.7870645000075456,,,,,,,,,,,
gaussian_subspace,128,13,ae_relu,fixed,ok,,0.131292845621933,600,3,2.0,2.0,3.0,3.0,diag,-1091.0430267817082,,3,3,bic,0.144713582994882,0.0387772080139257,0.1863651250023394,,,,,,relu,55.0,True,,,
gaussian_subspace,128,13,ae_tanh,fixed,ok,,0.9310178814911086,600,3,2.0,2.0,3.0,3.0,diag,1472.765183358544,,3,3,bic,0.3723932499997318,0.0301822080073179,0.4073062499955995,,,,,,tanh,67.0,True,,,
gaussian_subspace,128,13,autog2m2,fixed,ok,,0.8285160841222783,600,3,2.0,2.0,3.0,3.0,tied,-414.3904911761514,,3,3,bic,3.2188271659979364,0.0176227079937234,3.239485500002047,2.994704249998904,0.0144775420048972,0.1059145000035641,0.0163155419868417,,,,,,,
gaussian_subspace,128,13,autogmm_spectral,fixed,ok,,0.9800971316205,600,3,2.0,2.0,3.0,3.0,full,-9372.283825882554,lse,3,3,bic,,0.04038879199652,0.1328719169978285,,,,,0.09110658300051,,,,,,
gaussian_subspace,128,13,mclust,fixed,ok,,-5.555601852237657e-06,600,3,128.0,,3.0,3.0,EII,-220088.0438961877,,3,3,bic,,5.681,6.088159958002507,,,,,,,,,-108806.21605980954,387.0,-220088.0438961877
gaussian_subspace,128,13,pca,fixed,ok,,0.9800971316205,600,3,2.0,2.0,3.0,3.0,tied,4118.096716816502,,3,3,bic,0.0015178329922491,0.0150576670130249,0.0191304589970968,,,,,,,,,,,
gaussian_subspace,128,13,umap,fixed,ok,,0.8186342203426535,600,3,2.0,2.0,3.0,3.0,tied,3672.124758842011,,3,3,bic,0.7424226250004722,0.0188577090011676,0.7653180409979541,,,,,,,,,,,
gaussian_subspace,128,14,ae_relu,fixed,ok,,0.471609140102572,600,3,2.0,2.0,3.0,3.0,full,-16.999449587550217,,3,3,bic,0.1537903330026893,0.041605749996961,0.1983949580026092,,,,,,relu,59.0,True,,,
gaussian_subspace,128,14,ae_tanh,fixed,ok,,0.9850626884924544,600,3,2.0,2.0,3.0,3.0,full,984.5576674366764,,3,3,bic,0.3074540839879773,0.0257790829928126,0.3384437909990083,,,,,,tanh,59.0,True,,,
gaussian_subspace,128,14,autog2m2,fixed,ok,,1.0,600,3,2.0,2.0,3.0,3.0,full,-426.9664059737112,,3,3,bic,3.965162250009598,0.0194045840034959,3.987804500007769,3.688277167006163,0.0170362920034676,0.1340208330075256,0.0191344169870717,,,,,,,
gaussian_subspace,128,14,autogmm_spectral,fixed,ok,,0.985063191387914,600,3,2.0,2.0,3.0,3.0,full,-10093.539485615109,lse,3,3,bic,,0.0387968750001164,0.1315885000076377,,,,,0.0915011670003878,,,,,,
gaussian_subspace,128,14,mclust,fixed,ok,,-5.555601852237657e-06,600,3,128.0,,3.0,3.0,EII,-220098.8187292156,,3,3,bic,,5.904,6.310537375000422,,,,,,,,,-108811.60347632348,387.0,-220098.8187292156
gaussian_subspace,128,14,pca,fixed,ok,,1.0,600,3,2.0,2.0,3.0,3.0,tied,3809.31036821105,,3,3,bic,0.0017510000034235,0.017868750001071,0.0226111250085523,,,,,,,,,,,
gaussian_subspace,128,14,umap,fixed,ok,,0.9651964404421164,600,3,2.0,2.0,3.0,3.0,tied,3591.382953356284,,3,3,bic,0.8409925000014482,0.0170520829997258,0.8620547919999808,,,,,,,,,,,
gaussian_subspace,128,15,ae_relu,fixed,ok,,0.3842168944172916,600,3,2.0,2.0,3.0,3.0,full,-42.12057758657171,,3,3,bic,0.1807240000052843,0.0414633750042412,0.225052499998128,,,,,,relu,73.0,True,,,
gaussian_subspace,128,15,ae_tanh,fixed,ok,,0.9653755231992448,600,3,2.0,2.0,3.0,3.0,tied,1372.0404846389135,,3,3,bic,0.2975408750062343,0.0288633339951047,0.3308920829877024,,,,,,tanh,60.0,True,,,
gaussian_subspace,128,15,autog2m2,fixed,ok,,0.9850377307840942,600,3,2.0,2.0,3.0,3.0,full,-430.3589674025963,,3,3,bic,3.5277946249989327,0.0180939589918125,3.548988042006385,3.2805407920095604,0.0163319580024108,0.1159594579949043,0.0174767499993322,,,,,,,
gaussian_subspace,128,15,autogmm_spectral,fixed,ok,,0.9411914712467028,600,3,2.0,2.0,3.0,3.0,full,-9544.800724047163,lse,3,3,bic,,0.0445996250200551,0.1374392089928733,,,,,0.0914668339974014,,,,,,
gaussian_subspace,128,15,mclust,fixed,ok,,-5.555601852237657e-06,600,3,128.0,,3.0,3.0,EII,-220100.08110433636,,3,3,bic,,5.995,6.409459959002561,,,,,,,,,-108812.23466388384,387.0,-220100.08110433636
gaussian_subspace,128,15,pca,fixed,ok,,0.9751295644672852,600,3,2.0,2.0,3.0,3.0,tied,4110.436156853251,,3,3,bic,0.0016781250014901,0.0161658330034697,0.0204395000037038,,,,,,,,,,,
gaussian_subspace,128,15,umap,fixed,ok,,0.753265000863491,600,3,2.0,2.0,3.0,3.0,spherical,3693.234377643013,,3,3,bic,0.781050999998115,0.0236663749965373,0.8088935830019182,,,,,,,,,,,
gaussian_subspace,128,16,ae_relu,fixed,ok,,0.9260688709020588,600,3,2.0,2.0,3.0,3.0,full,3629.929284869169,,3,3,bic,0.185825291002402,0.0184501249896129,0.206967624995741,,,,,,relu,76.0,True,,,
gaussian_subspace,128,16,ae_tanh,fixed,ok,,0.9949958125176231,600,3,2.0,2.0,3.0,3.0,diag,922.65021239083,,3,3,bic,0.2225717919936869,0.0242744580027647,0.2516645419964334,,,,,,tanh,48.0,True,,,
gaussian_subspace,128,16,autog2m2,fixed,ok,,1.0,600,3,2.0,2.0,3.0,3.0,full,-1537.2557347601276,,3,3,bic,3.657896083997912,0.0152477500087115,3.676202333008405,3.3927515000104904,0.0150354169891215,0.1114241670002229,0.0177099169959547,,,,,,,
gaussian_subspace,128,16,autogmm_spectral,fixed,ok,,1.0,600,3,2.0,2.0,3.0,3.0,full,-10445.1583555738,lse,3,3,bic,,0.0390004590008175,0.1302370829944266,,,,,0.0898899169987998,,,,,,
gaussian_subspace,128,16,mclust,fixed,ok,,1.1167038898970166e-05,600,3,128.0,,3.0,3.0,EII,-220108.47647138283,,3,3,bic,,5.779,6.184910124997259,,,,,,,,,-108816.4323474071,387.0,-220108.47647138283
gaussian_subspace,128,16,pca,fixed,ok,,1.0,600,3,2.0,2.0,3.0,3.0,tied,3732.527939479519,,3,3,bic,0.0016107089904835,0.0155045839928789,0.0196757079975213,,,,,,,,,,,
gaussian_subspace,128,16,umap,fixed,ok,,0.940870280287833,600,3,2.0,2.0,3.0,3.0,tied,3601.249400588647,,3,3,bic,0.7710263750050217,0.0154640420078067,0.7902977499907138,,,,,,,,,,,
gaussian_subspace,128,17,ae_relu,fixed,ok,,0.5131747593852979,600,3,2.0,2.0,3.0,3.0,spherical,1350.898119409576,,3,3,bic,0.1443640420038718,0.0470636249956442,0.1942372910125414,,,,,,relu,56.0,True,,,
gaussian_subspace,128,17,ae_tanh,fixed,ok,,0.9603061316849396,600,3,2.0,2.0,3.0,3.0,diag,1524.3884466667048,,3,3,bic,0.2662039999995613,0.0270792499941308,0.2980626659991685,,,,,,tanh,54.0,True,,,
gaussian_subspace,128,17,autog2m2,fixed,ok,,0.9751173368019516,600,3,2.0,2.0,3.0,3.0,diag,-384.8601617372841,,3,3,bic,3.397579083000892,0.0177608329977374,3.418397458997788,3.1500201250019018,0.0159433329972671,0.1164317499933531,0.0175122920045396,,,,,,,
gaussian_subspace,128,17,autogmm_spectral,fixed,ok,,0.9602318868107154,600,3,2.0,2.0,3.0,3.0,full,-9364.256744945704,lse,3,3,bic,,0.0354488329903688,0.1266072500002337,,,,,0.0897715000028256,,,,,,
gaussian_subspace,128,17,mclust,fixed,ok,,1.1167038898970166e-05,600,3,128.0,,3.0,3.0,EII,-220087.18792108996,,3,3,bic,,5.952999999999999,6.360328875001869,,,,,,,,,-108805.78807226064,387.0,-220087.18792108996
gaussian_subspace,128,17,pca,fixed,ok,,0.9652345048462752,600,3,2.0,2.0,3.0,3.0,tied,4216.24933595292,,3,3,bic,0.0016826670034788,0.0165150419925339,0.0207458330114604,,,,,,,,,,,
gaussian_subspace,128,17,umap,fixed,ok,,0.8008886107217965,600,3,2.0,2.0,3.0,3.0,tied,3658.08671076623,,3,3,bic,0.7894492499908665,0.0183065000019269,0.8114280839945422,,,,,,,,,,,
gaussian_subspace,128,18,ae_relu,fixed,ok,,0.2678030353632019,600,3,2.0,2.0,3.0,3.0,diag,-1460.902929521534,,3,3,bic,0.1746581659972435,0.0647713330108672,0.2422784999944269,,,,,,relu,68.0,True,,,
gaussian_subspace,128,18,ae_tanh,fixed,ok,,0.7932017012416642,600,3,2.0,2.0,3.0,3.0,tied,1612.8739676012435,,3,3,bic,0.2747563750017434,0.031495208007982,0.3110150830034399,,,,,,tanh,54.0,True,,,
gaussian_subspace,128,18,autog2m2,fixed,ok,,0.7664101750700211,600,3,2.0,2.0,3.0,3.0,full,-297.42108474435133,,3,3,bic,3.4330544999975245,0.0216125840088352,3.457526500002132,3.1898848330019973,0.0157002079940866,0.1136921249999431,0.0167329169926233,,,,,,,
gaussian_subspace,128,18,autogmm_spectral,fixed,ok,,0.7953770843901267,600,3,2.0,2.0,3.0,3.0,full,-8830.947450698497,lse,3,3,bic,,0.0490524170018034,0.1439121250004973,,,,,0.0934759999945527,,,,,,
gaussian_subspace,128,18,mclust,fixed,ok,,1.1167038898970166e-05,600,3,128.0,,3.0,3.0,EII,-220072.09562937007,,3,3,bic,,5.783,6.189794916994288,,,,,,,,,-108798.24192640072,387.0,-220072.09562937007
gaussian_subspace,128,18,pca,fixed,ok,,0.8800916648697289,600,3,2.0,2.0,3.0,3.0,tied,4279.604722816735,,3,3,bic,0.001594583998667,0.0172258330130716,0.0215778330020839,,,,,,,,,,,
gaussian_subspace,128,18,umap,fixed,ok,,0.4803411906068864,600,3,2.0,2.0,3.0,3.0,diag,3711.7409436331454,,3,3,bic,0.7820694999973057,0.0187498340092133,0.8045384169963654,,,,,,,,,,,
gaussian_subspace,128,19,ae_relu,fixed,ok,,0.4737427151903102,600,3,2.0,2.0,3.0,3.0,full,-807.6349807680992,,3,3,bic,0.2230104170012055,0.0337109170068288,0.2594982500013429,,,,,,relu,74.0,True,,,
gaussian_subspace,128,19,ae_tanh,fixed,ok,,0.9750796069304234,600,3,2.0,2.0,3.0,3.0,diag,1237.4338399663577,,3,3,bic,0.2673929580050753,0.0249469999980647,0.2971342089876998,,,,,,tanh,57.0,True,,,
gaussian_subspace,128,19,autog2m2,fixed,ok,,0.960244260696047,600,3,2.0,2.0,3.0,3.0,spherical,-379.51676643250335,,3,3,bic,3.448925916993176,0.0175618339999346,3.4693127920036204,3.197356457996648,0.0156049170036567,0.1208727500052191,0.0174852920026751,,,,,,,
gaussian_subspace,128,19,autogmm_spectral,fixed,ok,,0.9702134204628864,600,3,2.0,2.0,3.0,3.0,full,-9732.19429091746,lse,3,3,bic,,0.0431659169844351,0.1357791250047739,,,,,0.0913080419995822,,,,,,
gaussian_subspace,128,19,mclust,fixed,ok,,-5.555601852237657e-06,600,3,128.0,,3.0,3.0,EII,-220064.6770430509,,3,3,bic,,5.9350000000000005,6.343217166999239,,,,,,,,,-108794.53263324116,387.0,-220064.6770430509
gaussian_subspace,128,19,pca,fixed,ok,,0.9949958125176231,600,3,2.0,2.0,3.0,3.0,tied,3910.074544299231,,3,3,bic,0.001635749998968,0.0162935840053251,0.0206098749913508,,,,,,,,,,,
gaussian_subspace,128,19,umap,fixed,ok,,0.9027155334850164,600,3,2.0,2.0,3.0,3.0,tied,3623.26062679057,,3,3,bic,0.8081689170066966,0.0174281249928753,0.8293263749947073,,,,,,,,,,,
gaussian_subspace,256,0,ae_relu,fixed,ok,,0.0889949624234907,600,3,2.0,2.0,3.0,3.0,diag,-1672.8136870803444,,3,3,bic,0.3974860000016633,0.0745633339975029,0.4768371250102063,,,,,,relu,76.0,True,,,
gaussian_subspace,256,0,ae_tanh,fixed,ok,,0.3259473649935087,600,3,2.0,2.0,3.0,3.0,diag,2240.5795591174065,,3,3,bic,0.2069346249918453,0.0374745830049505,0.2516219170065596,,,,,,tanh,39.0,True,,,
gaussian_subspace,256,0,autog2m2,fixed,ok,,0.6467600872120441,600,3,2.0,2.0,3.0,3.0,full,-1493.4122024117253,,3,3,bic,6.24097037500178,0.0261437079898314,6.272250624999288,5.8713364170107525,0.0246116670023184,0.1725579170015407,0.0260708330024499,,,,,,,
gaussian_subspace,256,0,autogmm_spectral,fixed,ok,,0.6805615818463232,600,3,2.0,2.0,3.0,3.0,tied,-8501.94643935842,lse,3,3,bic,,0.1094997500040335,0.2814270840026438,,,,,0.1695791669917525,,,,,,
gaussian_subspace,256,0,mclust,fixed,ok,,-5.555601852237657e-06,600,3,256.0,,3.0,3.0,EII,-440228.59896057926,,3,3,bic,,65.43299999999999,66.1098082499957,,,,,,,,,-217648.2830982038,771.0,-440228.59896057926
gaussian_subspace,256,0,pca,fixed,ok,,0.8171216923602395,600,3,2.0,2.0,3.0,3.0,tied,4765.323603372997,,3,3,bic,0.0029132920026313,0.0342719170002965,0.0408570829895325,,,,,,,,,,,
gaussian_subspace,256,0,umap,fixed,ok,,0.2744883383231207,600,3,2.0,2.0,3.0,3.0,diag,3710.507453326651,,3,3,bic,1.2721055000001795,0.0357075000065378,1.3138977499911562,,,,,,,,,,,
gaussian_subspace,256,1,ae_relu,fixed,ok,,0.3326717288498997,600,3,2.0,2.0,3.0,3.0,diag,-1541.2698581174038,,3,3,bic,0.2208245000074384,0.0392172090068925,0.2629909999959636,,,,,,relu,63.0,True,,,
gaussian_subspace,256,1,ae_tanh,fixed,ok,,0.9356742531973532,600,3,2.0,2.0,3.0,3.0,diag,1502.260887953052,,3,3,bic,0.3459777079988271,0.0279232499888166,0.3805461669981014,,,,,,tanh,63.0,True,,,
gaussian_subspace,256,1,autog2m2,fixed,ok,,0.985037604845926,600,3,2.0,2.0,3.0,3.0,diag,-471.7554344946515,,3,3,bic,3.838860708012362,0.0181889579980634,3.86017670801084,3.6090530829969794,0.01446879201103,0.1099338749918388,0.017037582991179,,,,,,,
gaussian_subspace,256,1,autogmm_spectral,fixed,ok,,0.9214535556133886,600,3,2.0,2.0,3.0,3.0,full,-9279.092100731808,lse,3,3,bic,,0.0702283330028876,0.2348887919943081,,,,,0.1621295420045498,,,,,,
gaussian_subspace,256,1,mclust,fixed,ok,,-5.555601852237657e-06,600,3,256.0,,3.0,3.0,EII,-440214.885014424,,3,3,bic,,65.308,65.99902362498688,,,,,,,,,-217641.4261251262,771.0,-440214.885014424
gaussian_subspace,256,1,pca,fixed,ok,,0.984987816627764,600,3,2.0,2.0,3.0,3.0,tied,4286.790075581802,,3,3,bic,0.0020547500025713,0.0179073329927632,0.0231079999939538,,,,,,,,,,,
gaussian_subspace,256,1,umap,fixed,ok,,0.635658077304405,600,3,2.0,2.0,3.0,3.0,spherical,3654.00359150312,,3,3,bic,0.7566460000089137,0.0186223330092616,0.7796917500090785,,,,,,,,,,,
gaussian_subspace,256,2,ae_relu,fixed,ok,,0.1952615059959461,600,3,2.0,2.0,3.0,3.0,diag,-1644.8141115466483,,3,3,bic,0.15656004199991,0.0475411250081379,0.2070234169950708,,,,,,relu,45.0,True,,,
gaussian_subspace,256,2,ae_tanh,fixed,ok,,0.9750549434190664,600,3,2.0,2.0,3.0,3.0,diag,1140.4473192363582,,3,3,bic,0.4189317499985918,0.025162874997477,0.4513188750133849,,,,,,tanh,70.0,True,,,
gaussian_subspace,256,2,autog2m2,fixed,ok,,0.9900166666666668,600,3,2.0,2.0,3.0,3.0,full,-337.8013350200074,,3,3,bic,4.047436749999179,0.0158742499916115,4.066299290992902,3.819386791990837,0.0139487499982351,0.1090838749951217,0.0162035420071333,,,,,,,
gaussian_subspace,256,2,autogmm_spectral,fixed,ok,,0.9900166666666668,600,3,2.0,2.0,3.0,3.0,full,-9614.08425515621,lse,3,3,bic,,0.0646762080141343,0.2224607920070411,,,,,0.1554602910036919,,,,,,
gaussian_subspace,256,2,mclust,fixed,ok,,-5.555601852237657e-06,600,3,256.0,,3.0,3.0,EII,-440211.3762254181,,3,3,bic,,64.53,65.22373754200817,,,,,,,,,-217639.67173062323,771.0,-440211.3762254181
gaussian_subspace,256,2,pca,fixed,ok,,1.0,600,3,2.0,2.0,3.0,3.0,tied,3871.063122208852,,3,3,bic,0.0019665419968077,0.0146797500055981,0.0193757090019062,,,,,,,,,,,
gaussian_subspace,256,2,umap,fixed,ok,,0.8317425621596772,600,3,2.0,2.0,3.0,3.0,spherical,3636.73263774497,,3,3,bic,0.7911253330094041,0.0163316660036798,0.81092712499958,,,,,,,,,,,
gaussian_subspace,256,3,ae_relu,fixed,ok,,0.2191022146370295,600,3,2.0,2.0,3.0,3.0,diag,-1487.8664568523573,,3,3,bic,0.3360424999991664,0.034692166998866,0.3736260839941678,,,,,,relu,101.0,True,,,
gaussian_subspace,256,3,ae_tanh,fixed,ok,,0.9023919189680848,600,3,2.0,2.0,3.0,3.0,diag,1534.8913227576882,,3,3,bic,0.4114776659989729,0.0252431249973597,0.4440891250123968,,,,,,tanh,64.0,True,,,
gaussian_subspace,256,3,autog2m2,fixed,ok,,0.9850626884924544,600,3,2.0,2.0,3.0,3.0,full,-728.5385823502468,,3,3,bic,3.9875757910049288,0.0213789589906809,4.0119334170012735,3.762936708008056,0.014235374997952,0.1075149160024011,0.0160839579912135,,,,,,,
gaussian_subspace,256,3,autogmm_spectral,fixed,ok,,0.9022233549542408,600,3,2.0,2.0,3.0,3.0,full,-9061.63641581968,lse,3,3,bic,,0.0828002919879509,0.2411826250026933,,,,,0.1561749579996103,,,,,,
gaussian_subspace,256,3,mclust,fixed,ok,,1.1167038898970166e-05,600,3,256.0,,3.0,3.0,EII,-440217.7179221544,,3,3,bic,,62.48,63.17512062500464,,,,,,,,,-217642.84257899137,771.0,-440217.7179221544
gaussian_subspace,256,3,pca,fixed,ok,,0.9750671701422782,600,3,2.0,2.0,3.0,3.0,tied,4191.230896559095,,3,3,bic,0.0019076250027865,0.0156802499986952,0.0204332090070238,,,,,,,,,,,
gaussian_subspace,256,3,umap,fixed,ok,,0.6577228659059596,600,3,2.0,2.0,3.0,3.0,diag,3665.26546630023,,3,3,bic,0.7682598329993198,0.0175222500110976,0.7894861250097165,,,,,,,,,,,
gaussian_subspace,256,4,ae_relu,fixed,ok,,0.4014357035429959,600,3,2.0,2.0,3.0,3.0,spherical,340.5627902369522,,3,3,bic,0.2223727910022717,0.032776374995592,0.2582217499875696,,,,,,relu,63.0,True,,,
gaussian_subspace,256,4,ae_tanh,fixed,ok,,0.9167219430485762,600,3,2.0,2.0,3.0,3.0,diag,1660.4328006695582,,3,3,bic,0.2675916250009322,0.0310409579979022,0.305603417000384,,,,,,tanh,47.0,True,,,
gaussian_subspace,256,4,autog2m2,fixed,ok,,0.8413866038539303,600,3,2.0,2.0,3.0,3.0,full,-283.5490427167484,,3,3,bic,3.850602582999272,0.0271977079974021,3.880907917002333,3.627507666999009,0.0143894170032581,0.1033610000013141,0.0165809579921187,,,,,,,
gaussian_subspace,256,4,autogmm_spectral,fixed,ok,,0.8978777939516195,600,3,2.0,2.0,3.0,3.0,full,-9005.521128052194,lse,3,3,bic,,0.1036232079932233,0.2705272909952327,,,,,0.1646533750026719,,,,,,
gaussian_subspace,256,4,mclust,fixed,ok,,1.1167038898970166e-05,600,3,256.0,,3.0,3.0,EII,-440221.5529819557,,3,3,bic,,65.195,65.90847245900659,,,,,,,,,-217644.760108892,771.0,-440221.5529819557
gaussian_subspace,256,4,pca,fixed,ok,,0.9850377307840942,600,3,2.0,2.0,3.0,3.0,tied,4280.06952310291,,3,3,bic,0.0018972090038005,0.0154499589989427,0.0199711249879328,,,,,,,,,,,
gaussian_subspace,256,4,umap,fixed,ok,,0.6647733371305355,600,3,2.0,2.0,3.0,3.0,diag,3666.6976425846574,,3,3,bic,0.7337817079969682,0.0222139159886864,0.7599692910007434,,,,,,,,,,,
gaussian_subspace,256,5,ae_relu,fixed,ok,,0.3172160224709708,600,3,2.0,2.0,3.0,3.0,diag,-3527.363023375516,,3,3,bic,0.148523333002231,0.0416070420033065,0.1929792500013718,,,,,,relu,43.0,True,,,
gaussian_subspace,256,5,ae_tanh,fixed,ok,,0.4967321874817424,600,3,2.0,2.0,3.0,3.0,diag,1529.7660017195594,,3,3,bic,0.228785583996796,0.0439793330006068,0.2797138750029262,,,,,,tanh,38.0,True,,,
gaussian_subspace,256,5,autog2m2,fixed,ok,,0.9800961264798698,600,3,2.0,2.0,3.0,3.0,diag,-441.8881529795551,,3,3,bic,3.9484122499998193,0.0165827919990988,3.967687917000149,3.713435124998796,0.0149993340019136,0.1166819170030066,0.0166034579888219,,,,,,,
gaussian_subspace,256,5,autogmm_spectral,fixed,ok,,0.8369889276111098,600,3,2.0,2.0,3.0,3.0,full,-8961.906558749886,lse,3,3,bic,,0.0693950840068282,0.2347684160049539,,,,,0.1630223329993896,,,,,,
gaussian_subspace,256,5,mclust,fixed,ok,,1.1167038898970166e-05,600,3,256.0,,3.0,3.0,EII,-440231.8312365223,,3,3,bic,,65.145,65.83716158400057,,,,,,,,,-217649.8992361753,771.0,-440231.8312365223
gaussian_subspace,256,5,pca,fixed,ok,,0.9369084596940964,600,3,2.0,2.0,3.0,3.0,tied,4201.500636470713,,3,3,bic,0.0019491249986458,0.0157620410027448,0.0204053750057937,,,,,,,,,,,
gaussian_subspace,256,5,umap,fixed,ok,,0.444265599172469,600,3,2.0,2.0,3.0,3.0,full,3686.731658812056,,3,3,bic,0.7442242499964777,0.0191151659964816,0.7679951250029262,,,,,,,,,,,
gaussian_subspace,256,6,ae_relu,fixed,ok,,0.3104274537930784,600,3,2.0,2.0,3.0,3.0,diag,614.7787263885168,,3,3,bic,0.2511532079952303,0.0415612090000649,0.2959129590017255,,,,,,relu,59.0,True,,,
gaussian_subspace,256,6,ae_tanh,fixed,ok,,0.7871867513202764,600,3,2.0,2.0,3.0,3.0,diag,1599.5000680921764,,3,3,bic,0.2684282080008415,0.0276228340080706,0.3030851660005282,,,,,,tanh,43.0,True,,,
gaussian_subspace,256,6,autog2m2,fixed,ok,,1.0,600,3,2.0,2.0,3.0,3.0,full,-431.463864200288,,3,3,bic,3.912459041996044,0.0160634170024422,3.931854665992432,3.690521541007911,0.0150019590073497,0.1037880410003708,0.0166141250083455,,,,,,,
gaussian_subspace,256,6,autogmm_spectral,fixed,ok,,0.80836013400335,600,3,2.0,2.0,3.0,3.0,full,-8885.802646528911,lse,3,3,bic,,0.0798859999922569,0.2412497920013265,,,,,0.1592162089946214,,,,,,
gaussian_subspace,256,6,mclust,fixed,ok,,-5.555601852237657e-06,600,3,256.0,,3.0,3.0,EII,-440202.4357196408,,3,3,bic,,65.699,66.39029658400977,,,,,,,,,-217635.20147773452,771.0,-440202.4357196408
gaussian_subspace,256,6,pca,fixed,ok,,0.960669338815988,600,3,2.0,2.0,3.0,3.0,tied,4254.441005661076,,3,3,bic,0.0021222499926807,0.0153400840063113,0.0203645420115208,,,,,,,,,,,
gaussian_subspace,256,6,umap,fixed,ok,,0.382537789909217,600,3,2.0,2.0,3.0,3.0,diag,3645.079858932373,,3,3,bic,0.7642015409946907,0.0210276249999878,0.7891182500025025,,,,,,,,,,,
gaussian_subspace,256,7,ae_relu,fixed,ok,,0.3064294212887959,600,3,2.0,2.0,3.0,3.0,diag,-2502.6535492991584,,3,3,bic,0.2411915000120643,0.0394168329949025,0.2835334590054117,,,,,,relu,75.0,True,,,
gaussian_subspace,256,7,ae_tanh,fixed,ok,,0.9121541402738848,600,3,2.0,2.0,3.0,3.0,diag,1348.9973503442095,,3,3,bic,0.4105727090063737,0.0288287089933874,0.4462759170128265,,,,,,tanh,68.0,True,,,
gaussian_subspace,256,7,autog2m2,fixed,ok,,0.9850626884924544,600,3,2.0,2.0,3.0,3.0,full,-343.47498145438493,,3,3,bic,4.107829166998272,0.0196347500022966,4.13062287500361,3.886811708987807,0.0142677920084679,0.1024333329987712,0.0179849160049343,,,,,,,
gaussian_subspace,256,7,autogmm_spectral,fixed,ok,,0.9604556312482856,600,3,2.0,2.0,3.0,3.0,full,-9384.09849160263,lse,3,3,bic,,0.0409360420162556,0.1433062080031959,,,,,0.1009882500075036,,,,,,
gaussian_subspace,256,7,mclust,fixed,ok,,1.1167038898970166e-05,600,3,256.0,,3.0,3.0,EII,-440228.0959434069,,3,3,bic,,38.61,39.02804041698983,,,,,,,,,-217648.03158961763,771.0,-440228.0959434069
gaussian_subspace,256,7,pca,fixed,ok,,1.0,600,3,2.0,2.0,3.0,3.0,tied,3967.152000405568,,3,3,bic,0.0019804170005954,0.0150117090088315,0.0196577919996343,,,,,,,,,,,
gaussian_subspace,256,7,umap,fixed,ok,,0.794263666615765,600,3,2.0,2.0,3.0,3.0,tied,3667.662195958748,,3,3,bic,0.764867999998387,0.0187313329952303,0.7871181670052465,,,,,,,,,,,
gaussian_subspace,256,8,ae_relu,fixed,ok,,0.3886747754067465,600,3,2.0,2.0,3.0,3.0,diag,1159.4280668003937,,3,3,bic,0.2699764160061022,0.0304968749987892,0.3037844579957891,,,,,,relu,68.0,True,,,
gaussian_subspace,256,8,ae_tanh,fixed,ok,,0.960135919064708,600,3,2.0,2.0,3.0,3.0,diag,1340.8422514235542,,3,3,bic,0.4635802080010762,0.0260170420078793,0.4967497920006281,,,,,,tanh,77.0,True,,,
gaussian_subspace,256,8,autog2m2,fixed,ok,,0.9949958125176231,600,3,2.0,2.0,3.0,3.0,full,-1507.6186567843056,,3,3,bic,3.978229874992394,0.0153812920034397,3.996806790994015,3.757223916007206,0.0141482909966725,0.1014934169943444,0.0164380839996738,,,,,,,
gaussian_subspace,256,8,autogmm_spectral,fixed,ok,,0.9800459591868133,600,3,2.0,2.0,3.0,3.0,full,-9435.508091003296,lse,3,3,bic,,0.0491486259998055,0.1497022080002352,,,,,0.0991017909982474,,,,,,
gaussian_subspace,256,8,mclust,fixed,ok,,-5.555601852237657e-06,600,3,256.0,,3.0,3.0,EII,-440205.7514636415,,3,3,bic,,39.06,39.491655749996426,,,,,,,,,-217636.8593497349,771.0,-440205.7514636415
gaussian_subspace,256,8,pca,fixed,ok,,0.9949958125176231,600,3,2.0,2.0,3.0,3.0,tied,4077.709085958627,,3,3,bic,0.0018979589949594,0.0148903750086901,0.0193394169909879,,,,,,,,,,,
gaussian_subspace,256,8,umap,fixed,ok,,0.907185778241835,600,3,2.0,2.0,3.0,3.0,spherical,3643.5361563883416,,3,3,bic,0.7603900829999475,0.0220070829964242,0.7868638329964597,,,,,,,,,,,
gaussian_subspace,256,9,ae_relu,fixed,ok,,0.3182899874234322,600,3,2.0,2.0,3.0,3.0,diag,82.50436901846187,,3,3,bic,0.2070053330098744,0.0677745830034837,0.2778661670017754,,,,,,relu,52.0,True,,,
gaussian_subspace,256,9,ae_tanh,fixed,ok,,0.8881906241746266,600,3,2.0,2.0,3.0,3.0,diag,1674.234398364908,,3,3,bic,0.2977588329958962,0.027369292001822,0.332240500007174,,,,,,tanh,47.0,True,,,
gaussian_subspace,256,9,autog2m2,fixed,ok,,0.8912718145707348,600,3,2.0,2.0,3.0,3.0,full,-981.4002863759656,,3,3,bic,3.968801750001148,0.0236366669996641,3.995801625002059,3.735317208003835,0.0147291250032139,0.1077096669905586,0.0194844999932684,,,,,,,
gaussian_subspace,256,9,autogmm_spectral,fixed,ok,,0.9080331322735112,600,3,2.0,2.0,3.0,3.0,full,-8932.14603099093,lse,3,3,bic,,0.0528895000024931,0.1547128340025665,,,,,0.1004850839963182,,,,,,
gaussian_subspace,256,9,mclust,fixed,ok,,1.1167038898970166e-05,600,3,256.0,,3.0,3.0,EII,-440177.03394835367,,3,3,bic,,39.225,39.64070916599303,,,,,,,,,-217622.500592091,771.0,-440177.03394835367
gaussian_subspace,256,9,pca,fixed,ok,,0.9800336694499532,600,3,2.0,2.0,3.0,3.0,tied,4356.542645267735,,3,3,bic,0.0019345839973539,0.0158166659966809,0.0204628339997725,,,,,,,,,,,
gaussian_subspace,256,9,umap,fixed,ok,,0.6652220808867562,600,3,2.0,2.0,3.0,3.0,diag,3682.5449657491176,,3,3,bic,0.8015694170026109,0.0225360840122448,0.8280743749928661,,,,,,,,,,,
gaussian_subspace,256,10,ae_relu,fixed,ok,,0.6079247799947628,600,3,2.0,2.0,3.0,3.0,full,1408.9607339503366,,3,3,bic,0.2358472079940838,0.0527042080066166,0.2916449579934124,,,,,,relu,67.0,True,,,
gaussian_subspace,256,10,ae_tanh,fixed,ok,,0.662936419773655,600,3,2.0,2.0,3.0,3.0,full,1838.1310619072544,,3,3,bic,0.2469619170005899,0.0519855830061715,0.3059186250029597,,,,,,tanh,37.0,True,,,
gaussian_subspace,256,10,autog2m2,fixed,ok,,0.9949958125176231,600,3,2.0,2.0,3.0,3.0,full,-3207.5501157208546,,3,3,bic,3.875886124995304,0.0152770829881774,3.894182459000149,3.656510125001659,0.0592049169936217,0.0549304169981041,0.0162528750079218,,,,,,,
gaussian_subspace,256,10,autogmm_spectral,fixed,ok,,0.9269483100669728,600,3,2.0,2.0,3.0,3.0,full,-9196.443741168045,lse,3,3,bic,,0.05842354100605,0.156760124998982,,,,,0.0969910839921794,,,,,,
gaussian_subspace,256,10,mclust,fixed,ok,,-5.555601852237657e-06,600,3,256.0,,3.0,3.0,EII,-440196.28934391617,,3,3,bic,,37.796,38.20306837500539,,,,,,,,,-217632.12828987223,771.0,-440196.28934391617
gaussian_subspace,256,10,pca,fixed,ok,,0.9850125211993978,600,3,2.0,2.0,3.0,3.0,tied,4208.853346039442,,3,3,bic,0.0019312910008011,0.0161395409959368,0.0210518749954644,,,,,,,,,,,
gaussian_subspace,256,10,umap,fixed,ok,,0.6141077115054587,600,3,2.0,2.0,3.0,3.0,spherical,3665.539516351194,,3,3,bic,0.7552640409994638,0.0197728750063106,0.7794263329997193,,,,,,,,,,,
gaussian_subspace,256,11,ae_relu,fixed,ok,,0.2283395466717287,600,3,2.0,2.0,3.0,3.0,diag,-2820.543873711488,,3,3,bic,0.2003181250038324,0.0489440000092145,0.2520241669990355,,,,,,relu,56.0,True,,,
gaussian_subspace,256,11,ae_tanh,fixed,ok,,0.9168853372287944,600,3,2.0,2.0,3.0,3.0,diag,1509.772440216766,,3,3,bic,0.574837459003902,0.0268360409972956,0.6092484580003656,,,,,,tanh,91.0,True,,,
gaussian_subspace,256,11,autog2m2,fixed,ok,,0.9949958125176231,600,3,2.0,2.0,3.0,3.0,full,-457.23935033401153,,3,3,bic,3.887507999999798,0.0156197500036796,3.905934334004996,3.6663812920014607,0.01436937499966,0.1029713750031078,0.0162442500004544,,,,,,,
gaussian_subspace,256,11,autogmm_spectral,fixed,ok,,0.9026504345776056,600,3,2.0,2.0,3.0,3.0,full,-8927.943966098479,lse,3,3,bic,,0.049651499997708,0.1503868329891702,,,,,0.0994132920022821,,,,,,
gaussian_subspace,256,11,mclust,fixed,ok,,-5.555601852237657e-06,600,3,256.0,,3.0,3.0,EII,-440192.95082594507,,3,3,bic,,39.113,39.52109945900156,,,,,,,,,-217630.4590308867,771.0,-440192.95082594507
gaussian_subspace,256,11,pca,fixed,ok,,0.955614487468342,600,3,2.0,2.0,3.0,3.0,tied,4394.480088659168,,3,3,bic,0.0019019169994862,0.0154827910009771,0.020314833993325,,,,,,,,,,,
gaussian_subspace,256,11,umap,fixed,ok,,0.7086993774119801,600,3,2.0,2.0,3.0,3.0,tied,3608.146032496452,,3,3,bic,0.8040477500035195,0.0178400839940877,0.8259463750000577,,,,,,,,,,,
gaussian_subspace,256,12,ae_relu,fixed,ok,,0.0945453329299273,600,3,2.0,2.0,3.0,3.0,diag,-4579.839385910453,,3,3,bic,0.1920898750104243,0.0467389580007875,0.2415725000028032,,,,,,relu,55.0,True,,,
gaussian_subspace,256,12,ae_tanh,fixed,ok,,0.6938877398248056,600,3,2.0,2.0,3.0,3.0,diag,1838.7739492367484,,3,3,bic,0.5211162909981795,0.0298574579937849,0.5578091670031426,,,,,,tanh,76.0,True,,,
gaussian_subspace,256,12,autog2m2,fixed,ok,,0.8865770858149782,600,3,2.0,2.0,3.0,3.0,full,-420.3165218923159,,3,3,bic,3.8955438749981113,0.020477583995671,3.919082458000048,3.6717502920073457,0.0148972500028321,0.1036435830028494,0.0171124159969622,,,,,,,
gaussian_subspace,256,12,autogmm_spectral,fixed,ok,,0.6933025751426353,600,3,2.0,2.0,3.0,3.0,tied,-8571.743414881134,lse,3,3,bic,,0.0598618339863605,0.1622794169961707,,,,,0.1010280420014169,,,,,,
gaussian_subspace,256,12,mclust,fixed,ok,,1.1167038898970166e-05,600,3,256.0,,3.0,3.0,EII,-440244.242274272,,3,3,bic,,37.365,37.77583366600447,,,,,,,,,-217656.10475505015,771.0,-440244.242274272
gaussian_subspace,256,12,pca,fixed,ok,,0.8930836564341582,600,3,2.0,2.0,3.0,3.0,tied,4574.985848036838,,3,3,bic,0.0019372920069145,0.0170192920049885,0.0214522089954698,,,,,,,,,,,
gaussian_subspace,256,12,umap,fixed,ok,,0.3892039713908118,600,3,2.0,2.0,3.0,3.0,diag,3682.1353401579618,,3,3,bic,0.7620799170108512,0.0201381249935366,0.7857858339993982,,,,,,,,,,,
gaussian_subspace,256,13,ae_relu,fixed,ok,,0.2052215133983609,600,3,2.0,2.0,3.0,3.0,diag,-1280.417160838891,,3,3,bic,0.2551442089898046,0.0628529999958118,0.3207905830058735,,,,,,relu,73.0,True,,,
gaussian_subspace,256,13,ae_tanh,fixed,ok,,0.2575638148118771,600,3,2.0,2.0,3.0,3.0,diag,2043.3049897678632,,3,3,bic,0.2980286660022102,0.0810208750044694,0.3866382919950411,,,,,,tanh,45.0,True,,,
gaussian_subspace,256,13,autog2m2,fixed,ok,,0.8022961784534202,600,3,2.0,2.0,3.0,3.0,full,-188.17626823767657,,3,3,bic,3.907709042003262,0.0160100409993901,3.926552832999732,3.6855755409924313,0.0150904579932102,0.1035150840034475,0.0161212910024914,,,,,,,
gaussian_subspace,256,13,autogmm_spectral,fixed,ok,,0.6968445556319693,600,3,2.0,2.0,3.0,3.0,tied,-8508.291292165914,lse,3,3,bic,,0.0476933330064639,0.1476092499942751,,,,,0.0985805410018656,,,,,,
gaussian_subspace,256,13,mclust,fixed,ok,,-5.555601852237657e-06,600,3,256.0,,3.0,3.0,EII,-440226.8158598857,,3,3,bic,,40.743,41.15177887500613,,,,,,,,,-217647.39154785703,771.0,-440226.8158598857
gaussian_subspace,256,13,pca,fixed,ok,,0.8078886082770232,600,3,2.0,2.0,3.0,3.0,tied,4703.848188916078,,3,3,bic,0.0019789159996435,0.0180291669967118,0.0225463339884299,,,,,,,,,,,
gaussian_subspace,256,13,umap,fixed,ok,,0.1708180274021748,600,3,2.0,2.0,3.0,3.0,diag,3657.9929004709447,,3,3,bic,0.7436606249975739,0.0202426250034477,0.7674264999950537,,,,,,,,,,,
gaussian_subspace,256,14,ae_relu,fixed,ok,,0.2615019993958555,600,3,2.0,2.0,3.0,3.0,diag,1796.5899257540348,,3,3,bic,0.2006505419994937,0.0457878330053063,0.2495946249982807,,,,,,relu,49.0,True,,,
gaussian_subspace,256,14,ae_tanh,fixed,ok,,0.7378325316014235,600,3,2.0,2.0,3.0,3.0,full,1592.266914323855,,3,3,bic,0.3008784169942373,0.0490129999961936,0.3575490410003112,,,,,,tanh,47.0,True,,,
gaussian_subspace,256,14,autog2m2,fixed,ok,,1.0,600,3,2.0,2.0,3.0,3.0,full,-999.1090255761652,,3,3,bic,4.772257167001953,0.0167781249911058,4.7935941250034375,4.42371041700244,0.0503724999871337,0.1739789999992353,0.0190752920025261,,,,,,,
gaussian_subspace,256,14,autogmm_spectral,fixed,ok,,0.8978372442297877,600,3,2.0,2.0,3.0,3.0,full,-9006.507964880126,lse,3,3,bic,,0.0500080829951912,0.1493062079971423,,,,,0.0979444580007111,,,,,,
gaussian_subspace,256,14,mclust,fixed,ok,,-5.555601852237657e-06,600,3,256.0,,3.0,3.0,EII,-440212.7627343627,,3,3,bic,,38.081,38.49195070799033,,,,,,,,,-217640.3649850955,771.0,-440212.7627343627
gaussian_subspace,256,14,pca,fixed,ok,,0.9800218844810688,600,3,2.0,2.0,3.0,3.0,tied,4184.903577395323,,3,3,bic,0.0020203749882057,0.0193054999981541,0.0240960829978575,,,,,,,,,,,
gaussian_subspace,256,14,umap,fixed,ok,,0.7157348692286457,600,3,2.0,2.0,3.0,3.0,full,3648.233050184884,,3,3,bic,0.8688785840058699,0.0225842090003425,0.8951864579867106,,,,,,,,,,,
gaussian_subspace,256,15,ae_relu,fixed,ok,,0.3094976725756353,600,3,2.0,2.0,3.0,3.0,diag,1275.089197228528,,3,3,bic,0.2673541670083068,0.0347974169999361,0.3050073330086889,,,,,,relu,75.0,True,,,
gaussian_subspace,256,15,ae_tanh,fixed,ok,,0.9361901572307528,600,3,2.0,2.0,3.0,3.0,diag,1468.3479554933494,,3,3,bic,0.3239579999935813,0.0282842909946339,0.3593742080120137,,,,,,tanh,50.0,True,,,
gaussian_subspace,256,15,autog2m2,fixed,ok,,1.0,600,3,2.0,2.0,3.0,3.0,full,-1134.7781789053165,,3,3,bic,4.609099707988207,0.0181148330011637,4.630026457991335,4.278997333996813,0.0477741669892566,0.1682262499962235,0.0173614589875796,,,,,,,
gaussian_subspace,256,15,autogmm_spectral,fixed,ok,,0.9701401807924948,600,3,2.0,2.0,3.0,3.0,full,-9361.143932177038,lse,3,3,bic,,0.044301166999503,0.1439727089891675,,,,,0.0983410829940112,,,,,,
gaussian_subspace,256,15,mclust,fixed,ok,,-5.555601852237657e-06,600,3,256.0,,3.0,3.0,EII,-440190.6903496113,,3,3,bic,,37.804,38.21664958298789,,,,,,,,,-217629.3287927198,771.0,-440190.6903496113
gaussian_subspace,256,15,pca,fixed,ok,,1.0,600,3,2.0,2.0,3.0,3.0,tied,4122.133357018994,,3,3,bic,0.0019820419984171,0.0157803750043967,0.0204303329956019,,,,,,,,,,,
gaussian_subspace,256,15,umap,fixed,ok,,0.805609414773197,600,3,2.0,2.0,3.0,3.0,tied,3629.431169784671,,3,3,bic,0.8055870829994092,0.0206182080000871,0.8299116249982035,,,,,,,,,,,
gaussian_subspace,256,16,ae_relu,fixed,ok,,0.2860837513135724,600,3,2.0,2.0,3.0,3.0,full,-2414.167376386615,,3,3,bic,0.1947670000081416,0.0400694999989355,0.2378166670096106,,,,,,relu,51.0,True,,,
gaussian_subspace,256,16,ae_tanh,fixed,ok,,0.8832879864438121,600,3,2.0,2.0,3.0,3.0,diag,1567.8866978857882,,3,3,bic,0.4526479999913135,0.0269301250082207,0.4865632080036448,,,,,,tanh,74.0,True,,,
gaussian_subspace,256,16,autog2m2,fixed,ok,,0.9554422773438614,600,3,2.0,2.0,3.0,3.0,full,-1128.8525156393405,,3,3,bic,4.089911292001489,0.0220707920088898,4.114784582998254,3.8458853750053095,0.0151313340029446,0.1169927500013727,0.0173961660038912,,,,,,,
gaussian_subspace,256,16,autogmm_spectral,fixed,ok,,0.90711281406026,600,3,2.0,2.0,3.0,3.0,full,-9139.65129198613,lse,3,3,bic,,0.0578817499917931,0.159570417003124,,,,,0.1003265000035753,,,,,,
gaussian_subspace,256,16,mclust,fixed,ok,,1.1167038898970166e-05,600,3,256.0,,3.0,3.0,EII,-440215.9197044316,,3,3,bic,,39.593,40.00028470800317,,,,,,,,,-217641.94347013,771.0,-440215.9197044316
gaussian_subspace,256,16,pca,fixed,ok,,0.9900166666666668,600,3,2.0,2.0,3.0,3.0,tied,4238.891997896869,,3,3,bic,0.0020258340082364,0.015588000009302,0.0206835419958224,,,,,,,,,,,
gaussian_subspace,256,16,umap,fixed,ok,,0.6337445357611067,600,3,2.0,2.0,3.0,3.0,diag,3685.775554854577,,3,3,bic,0.7823877500050003,0.0197407079976983,0.805689208995318,,,,,,,,,,,
gaussian_subspace,256,17,ae_relu,fixed,ok,,0.3328507106142538,600,3,2.0,2.0,3.0,3.0,diag,-2113.8909622337837,,3,3,bic,0.2100716670101974,0.0606839999963995,0.2735958749981364,,,,,,relu,61.0,True,,,
gaussian_subspace,256,17,ae_tanh,fixed,ok,,0.8111091897227511,600,3,2.0,2.0,3.0,3.0,diag,1745.6671069800511,,3,3,bic,0.2843674169998849,0.0393539170036092,0.3306801250000717,,,,,,tanh,44.0,True,,,
gaussian_subspace,256,17,autog2m2,fixed,ok,,0.9949958125176231,600,3,2.0,2.0,3.0,3.0,diag,-495.7400820753418,,3,3,bic,4.167760166004882,0.0173386660026153,4.188218915995094,3.9291121660062345,0.0155268339876784,0.1103341249981895,0.0175235420028911,,,,,,,
gaussian_subspace,256,17,autogmm_spectral,fixed,ok,,0.8883272832461019,600,3,2.0,2.0,3.0,3.0,full,-8938.352380056855,lse,3,3,bic,,0.0500035410077543,0.1485302080109249,,,,,0.0971482090099016,,,,,,
gaussian_subspace,256,17,mclust,fixed,ok,,-5.555601852237657e-06,600,3,256.0,,3.0,3.0,EII,-440178.624860745,,3,3,bic,,38.371,38.78484941700299,,,,,,,,,-217623.2960482867,771.0,-440178.624860745
gaussian_subspace,256,17,pca,fixed,ok,,0.9507663962881426,600,3,2.0,2.0,3.0,3.0,tied,4433.887685349215,,3,3,bic,0.0019209590100217,0.0178960000048391,0.0227264590066624,,,,,,,,,,,
gaussian_subspace,256,17,umap,fixed,ok,,0.5090133790392827,600,3,2.0,2.0,3.0,3.0,spherical,3706.3450547181264,,3,3,bic,0.8636638750031125,0.0246584580017952,0.892317040998023,,,,,,,,,,,
gaussian_subspace,256,18,ae_relu,fixed,ok,,0.1541330069981999,600,3,2.0,2.0,3.0,3.0,diag,-690.3682562333181,,3,3,bic,0.2688804580102442,0.0416668750112876,0.3135571669990895,,,,,,relu,69.0,True,,,
gaussian_subspace,256,18,ae_tanh,fixed,ok,,0.9118473780461476,600,3,2.0,2.0,3.0,3.0,diag,1550.696946882968,,3,3,bic,0.3691689999977825,0.0263096249982481,0.4027798330062069,,,,,,tanh,58.0,True,,,
gaussian_subspace,256,18,autog2m2,fixed,ok,,0.9900168347249766,600,3,2.0,2.0,3.0,3.0,full,-318.65604698930866,,3,3,bic,4.29362054199737,0.0185169169999426,4.314922958001262,4.0450634580047335,0.0154957079939777,0.1186734170041745,0.0175274170032935,,,,,,,
gaussian_subspace,256,18,autogmm_spectral,fixed,ok,,0.9504012637409076,600,3,2.0,2.0,3.0,3.0,full,-8995.909503794266,lse,3,3,bic,,0.0485802490002242,0.1455933329998515,,,,,0.0956218339997576,,,,,,
gaussian_subspace,256,18,mclust,fixed,ok,,1.1167038898970166e-05,600,3,256.0,,3.0,3.0,EII,-440207.6624151376,,3,3,bic,,37.508,37.91579258300772,,,,,,,,,-217637.81482548296,771.0,-440207.6624151376
gaussian_subspace,256,18,pca,fixed,ok,,0.985063191387914,600,3,2.0,2.0,3.0,3.0,spherical,4191.684767763248,,3,3,bic,0.0019705409940797,0.0164871250017313,0.0212083749938756,,,,,,,,,,,
gaussian_subspace,256,18,umap,fixed,ok,,0.7209595247824677,600,3,2.0,2.0,3.0,3.0,spherical,3683.511647227628,,3,3,bic,0.8157229159987764,0.021280792003381,0.8410242079989985,,,,,,,,,,,
gaussian_subspace,256,19,ae_relu,fixed,ok,,0.1508589189669942,600,3,2.0,2.0,3.0,3.0,diag,-2074.4775791579605,,3,3,bic,0.1591542079986538,0.0492670410021673,0.2113102089933818,,,,,,relu,44.0,True,,,
gaussian_subspace,256,19,ae_tanh,fixed,ok,,0.4045859467542647,600,3,2.0,2.0,3.0,3.0,full,1951.0286154850348,,3,3,bic,0.2753858750074869,0.047473208993324,0.3306046249927021,,,,,,tanh,42.0,True,,,
gaussian_subspace,256,19,autog2m2,fixed,ok,,0.4925967205925999,600,3,2.0,2.0,3.0,3.0,full,-554.0694162239397,,3,3,bic,4.280013916999451,0.0236296670045703,4.3066356659983285,4.03125091700349,0.0161628749920055,0.1182231669954489,0.0174929159984458,,,,,,,
gaussian_subspace,256,19,autogmm_spectral,fixed,ok,,0.8931589054736181,600,3,2.0,2.0,3.0,3.0,diag,-8847.247544297183,lse,3,3,bic,,0.0523022080014925,0.1530176249943906,,,,,0.0993308339966461,,,,,,
gaussian_subspace,256,19,mclust,fixed,ok,,-5.555601852237657e-06,600,3,256.0,,3.0,3.0,EII,-440169.7968464622,,3,3,bic,,37.845,38.25532866700087,,,,,,,,,-217618.8820411453,771.0,-440169.7968464622
gaussian_subspace,256,19,pca,fixed,ok,,0.9603556303508144,600,3,2.0,2.0,3.0,3.0,tied,4372.406258185422,,3,3,bic,0.0019899170001735,0.0179472080053528,0.0230810840002959,,,,,,,,,,,
gaussian_subspace,256,19,umap,fixed,ok,,0.4592932667633092,600,3,2.0,2.0,3.0,3.0,full,3690.642096171414,,3,3,bic,0.798539334005909,0.0202958330046385,0.8228254999994533,,,,,,,,,,,
gaussian_subspace,512,0,ae_relu,fixed,ok,,0.1026831566520337,600,3,2.0,2.0,3.0,3.0,diag,-3442.1788570804574,,3,3,bic,0.3016130830073962,0.0351824160024989,0.3397695829917211,,,,,,relu,60.0,True,,,
gaussian_subspace,512,0,ae_tanh,fixed,ok,,0.868632080145216,600,3,2.0,2.0,3.0,3.0,spherical,1678.8338067151856,,3,3,bic,0.5988389999984065,0.0414820419973693,0.6531999579892727,,,,,,tanh,74.0,True,,,
gaussian_subspace,512,0,autog2m2,fixed,ok,,0.9652613425360638,600,3,2.0,2.0,3.0,3.0,full,-450.6227823643508,,3,3,bic,7.904289416997926,0.0337788339966209,7.942765542000416,7.5257190839911345,0.0252218329987954,0.1808774579985765,0.0269478750124108,,,,,,,
gaussian_subspace,512,0,autogmm_spectral,fixed,ok,,0.8107862902782575,600,3,2.0,2.0,3.0,3.0,tied,-8569.573471582089,lse,3,3,bic,,0.0872515009978087,0.2773499999893829,,,,,0.1877922080020653,,,,,,
gaussian_subspace,512,0,mclust,fixed,ok,,1.1167038898970166e-05,600,3,512.0,,3.0,3.0,EII,-880455.7855698453,,3,3,bic,,325.215,325.8931110830017,,,,,,,,,-435305.45541523385,1539.0,-880455.7855698453
gaussian_subspace,512,0,pca,fixed,ok,,0.970213921880484,600,3,2.0,2.0,3.0,3.0,tied,4746.913382527642,,3,3,bic,0.0041190839983755,0.0269648340035928,0.034887499990873,,,,,,,,,,,
gaussian_subspace,512,0,umap,fixed,ok,,0.2858909103562512,600,3,2.0,2.0,3.0,3.0,tied,3631.878277094091,,3,3,bic,1.0488354999979492,0.0210613329982152,1.0738796250079758,,,,,,,,,,,
gaussian_subspace,512,1,ae_relu,fixed,ok,,0.0943084513533603,600,3,2.0,2.0,3.0,3.0,diag,-7641.823459270412,,3,3,bic,0.2189016249903943,0.0324305829999502,0.2545420420065056,,,,,,relu,41.0,True,,,
gaussian_subspace,512,1,ae_tanh,fixed,ok,,0.0222774761985871,600,3,2.0,2.0,3.0,3.0,diag,2138.7566190602706,,3,3,bic,0.2241439589997753,0.0695999160088831,0.3060319579963106,,,,,,tanh,25.0,True,,,
gaussian_subspace,512,1,autog2m2,fixed,ok,,0.7233624417318928,600,3,2.0,2.0,3.0,3.0,full,-614.4183456580716,,3,3,bic,4.592807207998703,0.0310139999928651,4.626834665992647,4.370852624997497,0.0154499159980332,0.1022613340028328,0.0161669160006567,,,,,,,
gaussian_subspace,512,1,autogmm_spectral,fixed,ok,,0.5130367133423079,600,3,2.0,2.0,3.0,3.0,tied,-8450.60941771253,lse,3,3,bic,,0.0862971659953473,0.2738501249987166,,,,,0.1852915409981506,,,,,,
gaussian_subspace,512,1,mclust,fixed,ok,,1.1167038898970166e-05,600,3,512.0,,3.0,3.0,EII,-880461.9184429012,,3,3,bic,,328.865,329.66996291700343,,,,,,,,,-435308.5218517618,1539.0,-880461.9184429012
gaussian_subspace,512,1,pca,fixed,ok,,0.7752533875074393,600,3,2.0,2.0,3.0,3.0,tied,4978.307333129788,,3,3,bic,0.0027257079927949,0.0173070419987197,0.0227461250033229,,,,,,,,,,,
gaussian_subspace,512,1,umap,fixed,ok,,0.1825180419457077,600,3,2.0,2.0,3.0,3.0,full,3641.3258612791215,,3,3,bic,0.769095167008345,0.019831833007629,0.7926117919996614,,,,,,,,,,,
gaussian_subspace,512,2,ae_relu,fixed,ok,,0.0716409761945634,600,3,2.0,2.0,3.0,3.0,spherical,-2768.4405112231066,,3,3,bic,0.2225537089980207,0.0361066670011496,0.2617751250072615,,,,,,relu,44.0,True,,,
gaussian_subspace,512,2,ae_tanh,fixed,ok,,0.8409998318807208,600,3,2.0,2.0,3.0,3.0,diag,1845.5640949724936,,3,3,bic,0.4030970000021625,0.0280867080000462,0.4435211249947315,,,,,,tanh,47.0,True,,,
gaussian_subspace,512,2,autog2m2,fixed,ok,,1.0,600,3,2.0,2.0,3.0,3.0,full,-1147.6718450105457,,3,3,bic,4.583376334005152,0.0165104579937178,4.602968541992595,4.35254929200164,0.0142289999930653,0.1119396249996498,0.0162652919971151,,,,,,,
gaussian_subspace,512,2,autogmm_spectral,fixed,ok,,0.7708598762204967,600,3,2.0,2.0,3.0,3.0,tied,-8686.993762711892,lse,3,3,bic,,0.0693515830062097,0.2591355000040494,,,,,0.1873468749981839,,,,,,
gaussian_subspace,512,2,mclust,fixed,ok,,1.1167038898970166e-05,600,3,512.0,,3.0,3.0,EII,-880403.9626867182,,3,3,bic,,323.089,323.7658602500014,,,,,,,,,-435279.5439736703,1539.0,-880403.9626867182
gaussian_subspace,512,2,pca,fixed,ok,,0.985000168757628,600,3,2.0,2.0,3.0,3.0,tied,4628.155206555459,,3,3,bic,0.0026907499996013,0.01474766600586,0.0202432499936549,,,,,,,,,,,
gaussian_subspace,512,2,umap,fixed,ok,,0.3676981161617061,600,3,2.0,2.0,3.0,3.0,full,3625.7997833590193,,3,3,bic,0.7652991250070045,0.0190135830052895,0.7882128339988412,,,,,,,,,,,
gaussian_subspace,512,3,ae_relu,fixed,ok,,-0.0002444495017812,600,3,2.0,2.0,3.0,3.0,diag,-7686.937518876042,,3,3,bic,0.1314017499971669,0.0360672500100918,0.1705426249973243,,,,,,relu,24.0,True,,,
gaussian_subspace,512,3,ae_tanh,fixed,ok,,0.0038092527539282,600,3,2.0,2.0,3.0,3.0,diag,2130.223348293955,,3,3,bic,0.2274097080080537,0.0716061249986523,0.3111223750020144,,,,,,tanh,25.0,True,,,
gaussian_subspace,512,3,autog2m2,fixed,ok,,0.7544544319842572,600,3,2.0,2.0,3.0,3.0,full,-864.3565668580288,,3,3,bic,4.607108458003495,0.0310137499909615,4.641316334003932,4.38132037500327,0.0145201669947709,0.1068283339991467,0.0162863750010728,,,,,,,
gaussian_subspace,512,3,autogmm_spectral,fixed,ok,,0.7169375947763021,600,3,2.0,2.0,3.0,3.0,tied,-8512.428926561395,lse,3,3,bic,,0.0784995409921975,0.260319208013243,,,,,0.1796459170000162,,,,,,
gaussian_subspace,512,3,mclust,fixed,ok,,-5.555601852237657e-06,600,3,512.0,,3.0,3.0,EII,-880444.2781633175,,3,3,bic,,320.54400000000004,321.26202112500323,,,,,,,,,-435299.7017119699,1539.0,-880444.2781633175
gaussian_subspace,512,3,pca,fixed,ok,,0.9262048436203042,600,3,2.0,2.0,3.0,3.0,spherical,4707.7101469178215,,3,3,bic,0.0027261659997748,0.0152479170064907,0.0206253749929601,,,,,,,,,,,
gaussian_subspace,512,3,umap,fixed,ok,,0.3799348952260258,600,3,2.0,2.0,3.0,3.0,diag,3661.0731146730623,,3,3,bic,0.7556919170019682,0.0186609579977812,0.7789317499991739,,,,,,,,,,,
gaussian_subspace,512,4,ae_relu,fixed,ok,,0.0186798971880692,600,3,2.0,2.0,3.0,3.0,diag,-6668.835755329497,,3,3,bic,0.1539591670007212,0.0367309580033179,0.1939174589933827,,,,,,relu,30.0,True,,,
gaussian_subspace,512,4,ae_tanh,fixed,ok,,0.5134469176068815,600,3,2.0,2.0,3.0,3.0,full,1749.9886240161054,,3,3,bic,0.3695469160011271,0.0657117089867824,0.4474508749990491,,,,,,tanh,41.0,True,,,
gaussian_subspace,512,4,autog2m2,fixed,ok,,0.9801350059845216,600,3,2.0,2.0,3.0,3.0,diag,-660.9469530798433,,3,3,bic,4.805010166004649,0.0177947920019505,4.825852750000195,4.583588000008604,0.0146730839915107,0.1038793330080807,0.0160718749975785,,,,,,,
gaussian_subspace,512,4,autogmm_spectral,fixed,ok,,0.7710601862088757,600,3,2.0,2.0,3.0,3.0,tied,-8809.085413177108,lse,3,3,bic,,0.0954984579875599,0.2862303340079961,,,,,0.1884050840017153,,,,,,
gaussian_subspace,512,4,mclust,fixed,ok,,-5.555601852237657e-06,600,3,512.0,,3.0,3.0,EII,-880478.9784488642,,3,3,bic,,320.885,321.60262362498906,,,,,,,,,-435317.0518547433,1539.0,-880478.9784488642
gaussian_subspace,512,4,pca,fixed,ok,,0.9652846715059488,600,3,2.0,2.0,3.0,3.0,tied,4542.280134237841,,3,3,bic,0.0027104159962618,0.0157593749900115,0.0211510840017581,,,,,,,,,,,
gaussian_subspace,512,4,umap,fixed,ok,,0.5569992572953352,600,3,2.0,2.0,3.0,3.0,diag,3661.27401832918,,3,3,bic,0.777881999994861,0.0187734579958487,0.8005642499920214,,,,,,,,,,,
gaussian_subspace,512,5,ae_relu,fixed,ok,,0.2876141253531268,600,3,2.0,2.0,3.0,3.0,diag,-2339.08340339193,,3,3,bic,0.3324271250021411,0.0341380000027129,0.3697482080024201,,,,,,relu,64.0,True,,,
gaussian_subspace,512,5,ae_tanh,fixed,ok,,0.9310861614711072,600,3,2.0,2.0,3.0,3.0,diag,1424.7169528864213,,3,3,bic,0.5387196250085253,0.0258570420119212,0.5769789580081124,,,,,,tanh,56.0,True,,,
gaussian_subspace,512,5,autog2m2,fixed,ok,,1.0,600,3,2.0,2.0,3.0,3.0,full,-1269.5753347460688,,3,3,bic,4.765049958994496,0.0142334580013994,4.782286458008457,4.55104904199834,0.0141048329969635,0.0967608329956419,0.0162449999916134,,,,,,,
gaussian_subspace,512,5,autogmm_spectral,fixed,ok,,0.9408063309639786,600,3,2.0,2.0,3.0,3.0,full,-9096.449959014148,lse,3,3,bic,,0.0961570419894997,0.27919975000259,,,,,0.1803012500022305,,,,,,
gaussian_subspace,512,5,mclust,fixed,ok,,-5.555601852237657e-06,600,3,512.0,,3.0,3.0,EII,-880472.0195841416,,3,3,bic,,341.17,341.9132475829974,,,,,,,,,-435313.572422382,1539.0,-880472.0195841416
gaussian_subspace,512,5,pca,fixed,ok,,1.0,600,3,2.0,2.0,3.0,3.0,tied,4220.507533841741,,3,3,bic,0.002711499997531,0.0147042079915991,0.0202916249982081,,,,,,,,,,,
gaussian_subspace,512,5,umap,fixed,ok,,0.7219910171528444,600,3,2.0,2.0,3.0,3.0,tied,3611.737700735722,,3,3,bic,0.7665427079919027,0.0172882080078125,0.7877799999987474,,,,,,,,,,,
gaussian_subspace,512,6,ae_relu,fixed,ok,,0.1932728553278191,600,3,2.0,2.0,3.0,3.0,diag,-3081.609969112156,,3,3,bic,0.293634125002427,0.0393880830088164,0.3361480000021402,,,,,,relu,55.0,True,,,
gaussian_subspace,512,6,ae_tanh,fixed,ok,,0.907235160572064,600,3,2.0,2.0,3.0,3.0,diag,1666.947972498119,,3,3,bic,0.4435487919981824,0.0264202910038875,0.4819392500066897,,,,,,tanh,52.0,True,,,
gaussian_subspace,512,6,autog2m2,fixed,ok,,0.913549939895022,600,3,2.0,2.0,3.0,3.0,full,-701.9134779927074,,3,3,bic,4.706048209001892,0.0169768750056391,4.726194332994055,4.479964124999242,0.0144050839880947,0.1060064170014811,0.0161757919995579,,,,,,,
gaussian_subspace,512,6,autogmm_spectral,fixed,ok,,0.7778932419053006,600,3,2.0,2.0,3.0,3.0,diag,-8629.468503330712,lse,3,3,bic,,0.0941469989920733,0.3016352079866919,,,,,0.2051101669931085,,,,,,
gaussian_subspace,512,6,mclust,fixed,ok,,-5.555601852237657e-06,600,3,512.0,,3.0,3.0,EII,-880430.3667763494,,3,3,bic,,323.185,323.9285576669936,,,,,,,,,-435292.74601848586,1539.0,-880430.3667763494
gaussian_subspace,512,6,pca,fixed,ok,,0.985037604845926,600,3,2.0,2.0,3.0,3.0,tied,4601.533527826039,,3,3,bic,0.0026574580115266,0.0159606670058565,0.0217833339993376,,,,,,,,,,,
gaussian_subspace,512,6,umap,fixed,ok,,0.332659254900228,600,3,2.0,2.0,3.0,3.0,diag,3637.874612382547,,3,3,bic,0.7710415000037756,0.0190044580085668,0.7941620420024265,,,,,,,,,,,
gaussian_subspace,512,7,ae_relu,fixed,ok,,0.1087563018094621,600,3,2.0,2.0,3.0,3.0,full,-3089.3454040342103,,3,3,bic,0.2727887090004515,0.0717214169999351,0.3477788339951075,,,,,,relu,51.0,True,,,
gaussian_subspace,512,7,ae_tanh,fixed,ok,,0.4440822999592529,600,3,2.0,2.0,3.0,3.0,full,2136.61960074131,,3,3,bic,0.3827040000032866,0.0348090839979704,0.429313959000865,,,,,,tanh,43.0,True,,,
gaussian_subspace,512,7,autog2m2,fixed,ok,,0.9272503942785648,600,3,2.0,2.0,3.0,3.0,full,-1069.0257814138995,,3,3,bic,4.403931708991877,0.0192613749968586,4.426225625007646,4.182689749999554,0.0145060420036315,0.1033474159921752,0.0162987910007359,,,,,,,
gaussian_subspace,512,7,autogmm_spectral,fixed,ok,,0.6253052412689443,600,3,2.0,2.0,3.0,3.0,diag,-8603.55132276505,lse,3,3,bic,,0.0538735000009182,0.171192959009204,,,,,0.1159027079993393,,,,,,
gaussian_subspace,512,7,mclust,fixed,ok,,-5.555601852237657e-06,600,3,512.0,,3.0,3.0,EII,-880459.0573338628,,3,3,bic,,190.356,190.793186416995,,,,,,,,,-435307.09129724256,1539.0,-880459.0573338628
gaussian_subspace,512,7,pca,fixed,ok,,0.9267450600858556,600,3,2.0,2.0,3.0,3.0,tied,4807.104156506892,,3,3,bic,0.0028687919984804,0.0235551250079879,0.0293800420040497,,,,,,,,,,,
gaussian_subspace,512,7,umap,fixed,ok,,0.3423789934904718,600,3,2.0,2.0,3.0,3.0,full,3649.909328419106,,3,3,bic,0.7734740830055671,0.0216511250037001,0.798926333009149,,,,,,,,,,,
gaussian_subspace,512,8,ae_relu,fixed,ok,,0.489066175796333,600,3,2.0,2.0,3.0,3.0,diag,-3029.14556231946,,3,3,bic,0.3288399579905672,0.0282912080001551,0.3601101669919444,,,,,,relu,62.0,True,,,
gaussian_subspace,512,8,ae_tanh,fixed,ok,,0.9117573018113716,600,3,2.0,2.0,3.0,3.0,diag,1462.8185089062615,,3,3,bic,0.5529617080028402,0.026385459001176,0.5919262090028496,,,,,,tanh,64.0,True,,,
gaussian_subspace,512,8,autog2m2,fixed,ok,,1.0,600,3,2.0,2.0,3.0,3.0,full,-2995.097824045916,,3,3,bic,4.733948749999399,0.0156499169970629,4.752851208002539,4.427759833997698,0.0427687500050524,0.1604492499900516,0.0162582080083666,,,,,,,
gaussian_subspace,512,8,autogmm_spectral,fixed,ok,,0.93147580347186,600,3,2.0,2.0,3.0,3.0,full,-9079.734331781605,lse,3,3,bic,,0.0454824579937849,0.1602039999997941,,,,,0.1132692499959375,,,,,,
gaussian_subspace,512,8,mclust,fixed,ok,,-5.555601852237657e-06,600,3,512.0,,3.0,3.0,EII,-880400.5429843124,,3,3,bic,,192.451,192.89869366701168,,,,,,,,,-435277.8341224674,1539.0,-880400.5429843124
gaussian_subspace,512,8,pca,fixed,ok,,1.0,600,3,2.0,2.0,3.0,3.0,tied,4268.913749255438,,3,3,bic,0.002741167001659,0.014715207988047,0.0206655830115778,,,,,,,,,,,
gaussian_subspace,512,8,umap,fixed,ok,,0.6692611719386575,600,3,2.0,2.0,3.0,3.0,diag,3621.901042404717,,3,3,bic,0.7743966249981895,0.0218725409940816,0.8002431250060908,,,,,,,,,,,
gaussian_subspace,512,9,ae_relu,fixed,ok,,0.0049933125312394,600,3,2.0,2.0,3.0,3.0,diag,-4985.631162813672,,3,3,bic,0.1320314170006895,0.0488665000011678,0.1843817500048317,,,,,,relu,24.0,True,,,
gaussian_subspace,512,9,ae_tanh,fixed,ok,,0.0247862452581864,600,3,2.0,2.0,3.0,3.0,diag,2126.3273239056016,,3,3,bic,0.250989166990621,0.0747190000111004,0.3376647499972023,,,,,,tanh,25.0,True,,,
gaussian_subspace,512,9,autog2m2,fixed,ok,,0.7435885433258946,600,3,2.0,2.0,3.0,3.0,full,-548.590774485711,,3,3,bic,4.784037290999549,0.0265194999956293,4.81429058300273,4.553281083994079,0.0155314579897094,0.1071445829875301,0.0169884159986395,,,,,,,
gaussian_subspace,512,9,autogmm_spectral,fixed,ok,,0.4238785199960449,600,3,2.0,2.0,3.0,3.0,spherical,-8410.510141197672,lse,3,3,bic,,0.0517462909920141,0.1721493750083027,,,,,0.1190670840005623,,,,,,
gaussian_subspace,512,9,mclust,fixed,ok,,1.1167038898970166e-05,600,3,512.0,,3.0,3.0,EII,-880449.9477380979,,3,3,bic,,190.594,191.02344195799375,,,,,,,,,-435302.5364993601,1539.0,-880449.9477380979
gaussian_subspace,512,9,pca,fixed,ok,,0.8370519236935415,600,3,2.0,2.0,3.0,3.0,tied,4885.505709555349,,3,3,bic,0.0030285829998319,0.0182849169941619,0.0242140420014038,,,,,,,,,,,
gaussian_subspace,512,9,umap,fixed,ok,,0.0973522086140519,600,3,2.0,2.0,3.0,3.0,full,3619.1384225336647,,3,3,bic,0.8125803340080893,0.0202242920058779,0.8363785830006236,,,,,,,,,,,
gaussian_subspace,512,10,ae_relu,fixed,ok,,0.4626019975420845,600,3,2.0,2.0,3.0,3.0,diag,-1426.2506024927457,,3,3,bic,0.3315772920032032,0.0356581659871153,0.3703389580041403,,,,,,relu,63.0,True,,,
gaussian_subspace,512,10,ae_tanh,fixed,ok,,0.8739778253684908,600,3,2.0,2.0,3.0,3.0,diag,1714.9485262401647,,3,3,bic,0.6626240420009708,0.0262046670104609,0.7009335420007119,,,,,,tanh,52.0,True,,,
gaussian_subspace,512,10,autog2m2,fixed,ok,,0.975229899053398,600,3,2.0,2.0,3.0,3.0,diag,-558.4426718679927,,3,3,bic,4.6800400000065565,0.0179049580037826,4.700950166996336,4.455564709001919,0.0142082500096876,0.1064352910034358,0.0161512499907985,,,,,,,
gaussian_subspace,512,10,autogmm_spectral,fixed,ok,,0.8600319769702854,600,3,2.0,2.0,3.0,3.0,tied,-8752.571315888923,lse,3,3,bic,,0.0486855839990312,0.1656577910034684,,,,,0.1155830420029815,,,,,,
gaussian_subspace,512,10,mclust,fixed,ok,,-5.555601852237657e-06,600,3,512.0,,3.0,3.0,EII,-880441.6215414435,,3,3,bic,,190.044,190.4516745419969,,,,,,,,,-435298.37340103294,1539.0,-880441.6215414435
gaussian_subspace,512,10,pca,fixed,ok,,0.9949958125176231,600,3,2.0,2.0,3.0,3.0,tied,4488.192234357792,,3,3,bic,0.0027302090020384,0.0148384579952107,0.0205781249969732,,,,,,,,,,,
gaussian_subspace,512,10,umap,fixed,ok,,0.5964441047085589,600,3,2.0,2.0,3.0,3.0,full,3630.602348714532,,3,3,bic,0.7676953750051325,0.0205712919996585,0.7926137080066837,,,,,,,,,,,
gaussian_subspace,512,11,ae_relu,fixed,ok,,0.0231821700215284,600,3,2.0,2.0,3.0,3.0,diag,-14375.481138459398,,3,3,bic,0.1318818750005448,0.0268498329969588,0.1616622499859659,,,,,,relu,24.0,True,,,
gaussian_subspace,512,11,ae_tanh,fixed,ok,,0.2223726724128224,600,3,2.0,2.0,3.0,3.0,diag,1904.440917603244,,3,3,bic,0.2296341670007677,0.1065718750032829,0.3768811250047292,,,,,,tanh,25.0,True,,,
gaussian_subspace,512,11,autog2m2,fixed,ok,,0.9086633726487144,600,3,2.0,2.0,3.0,3.0,full,-562.4083231207449,,3,3,bic,4.65916116599692,0.0251728339935652,4.687335916998563,4.436296416999539,0.0144753340136958,0.1059430419991258,0.0162216250027995,,,,,,,
gaussian_subspace,512,11,autogmm_spectral,fixed,ok,,0.7019899749587295,600,3,2.0,2.0,3.0,3.0,tied,-8535.062217191311,lse,3,3,bic,,0.0529915419901954,0.1684319579944713,,,,,0.1141097079962492,,,,,,
gaussian_subspace,512,11,mclust,fixed,ok,,-5.555601852237657e-06,600,3,512.0,,3.0,3.0,EII,-880440.0109673258,,3,3,bic,,190.473,190.88452374999176,,,,,,,,,-435297.56811397406,1539.0,-880440.0109673258
gaussian_subspace,512,11,pca,fixed,ok,,0.9554901931595106,600,3,2.0,2.0,3.0,3.0,tied,4714.566606980918,,3,3,bic,0.0026815839955816,0.0181783330044709,0.0236123749928083,,,,,,,,,,,
gaussian_subspace,512,11,umap,fixed,ok,,0.4337650032883113,600,3,2.0,2.0,3.0,3.0,tied,3644.304360536858,,3,3,bic,0.7527822079864563,0.018654208004591,0.7752672909991816,,,,,,,,,,,
gaussian_subspace,512,12,ae_relu,fixed,ok,,0.0047096611711812,600,3,2.0,2.0,3.0,3.0,diag,-6961.031604184102,,3,3,bic,0.127427291998174,0.0474219999887282,0.1780244580004364,,,,,,relu,24.0,True,,,
gaussian_subspace,512,12,ae_tanh,fixed,ok,,0.0245058894708374,600,3,2.0,2.0,3.0,3.0,diag,2117.6628849977183,,3,3,bic,0.2131538329995237,0.0707540419971337,0.2959134579868987,,,,,,tanh,24.0,True,,,
gaussian_subspace,512,12,autog2m2,fixed,ok,,0.9655044126264666,600,3,2.0,2.0,3.0,3.0,full,-849.5942528266187,,3,3,bic,4.543204792003962,0.0165426659950753,4.562503583001671,4.318770124998991,0.0152663750050123,0.1038422499987063,0.0161665829946286,,,,,,,
gaussian_subspace,512,12,autogmm_spectral,fixed,ok,,0.6270498513665982,600,3,2.0,2.0,3.0,3.0,diag,-8445.957082424871,lse,3,3,bic,,0.0463590000144904,0.1616682910098461,,,,,0.1139321250084322,,,,,,
gaussian_subspace,512,12,mclust,fixed,ok,,1.1167038898970166e-05,600,3,512.0,,3.0,3.0,EII,-880496.0428479826,,3,3,bic,,190.276,190.704310000001,,,,,,,,,-435325.5840543025,1539.0,-880496.0428479826
gaussian_subspace,512,12,pca,fixed,ok,,0.9215713597544268,600,3,2.0,2.0,3.0,3.0,spherical,4866.29415960708,,3,3,bic,0.0026605419989209,0.0171907920012017,0.0226368750008987,,,,,,,,,,,
gaussian_subspace,512,12,umap,fixed,ok,,0.1457479591000569,600,3,2.0,2.0,3.0,3.0,full,3615.8943549700302,,3,3,bic,0.7776471249962924,0.0244397079950431,0.8056780420010909,,,,,,,,,,,
gaussian_subspace,512,13,ae_relu,fixed,ok,,0.0478399839896283,600,3,2.0,2.0,3.0,3.0,full,-4082.936718203825,,3,3,bic,0.2376072500046575,0.0482687500043539,0.2889027500059455,,,,,,relu,43.0,True,,,
gaussian_subspace,512,13,ae_tanh,fixed,ok,,0.0099761294258985,600,3,2.0,2.0,3.0,3.0,diag,2150.473323685917,,3,3,bic,0.2186481670069042,0.0561310420016525,0.2868332919897511,,,,,,tanh,25.0,True,,,
gaussian_subspace,512,13,autog2m2,fixed,ok,,0.9800971316205,600,3,2.0,2.0,3.0,3.0,diag,-677.6817412048747,,3,3,bic,4.9103971250006,0.0192011249891947,4.933398624998517,4.667741249999381,0.015922833001241,0.1130194589932216,0.0175628340075491,,,,,,,
gaussian_subspace,512,13,autogmm_spectral,fixed,ok,,0.6231461154788092,600,3,2.0,2.0,3.0,3.0,tied,-8411.390338169935,lse,3,3,bic,,0.0516361250047339,0.1691494999977294,,,,,0.1161616669996874,,,,,,
gaussian_subspace,512,13,mclust,fixed,ok,,1.1167038898970166e-05,600,3,512.0,,3.0,3.0,EII,-880462.5613985773,,3,3,bic,,190.123,190.53465362499992,,,,,,,,,-435308.8433295998,1539.0,-880462.5613985773
gaussian_subspace,512,13,pca,fixed,ok,,0.8926599556016753,600,3,2.0,2.0,3.0,3.0,tied,4882.497620977335,,3,3,bic,0.0028648339939536,0.0185937920032301,0.0243250000057742,,,,,,,,,,,
gaussian_subspace,512,13,umap,fixed,ok,,0.1224044630678141,600,3,2.0,2.0,3.0,3.0,diag,3645.87133982414,,3,3,bic,0.8082214159949217,0.0204296250012703,0.8322090000001481,,,,,,,,,,,
gaussian_subspace,512,14,ae_relu,fixed,ok,,0.0898048815932703,600,3,2.0,2.0,3.0,3.0,diag,208.613554297877,,3,3,bic,0.2724789170024451,0.0513702080061193,0.3269039169972529,,,,,,relu,45.0,True,,,
gaussian_subspace,512,14,ae_tanh,fixed,ok,,0.7915079822239507,600,3,2.0,2.0,3.0,3.0,diag,1980.648895263571,,3,3,bic,0.4493811660067877,0.0301203749986598,0.4918885410006623,,,,,,tanh,50.0,True,,,
gaussian_subspace,512,14,autog2m2,fixed,ok,,0.955775412083412,600,3,2.0,2.0,3.0,3.0,full,-1507.526420209536,,3,3,bic,5.32531229199958,0.0237572499900124,5.35241187500651,5.070969291991787,0.0163277919928077,0.1147921670053619,0.0183564159960951,,,,,,,
gaussian_subspace,512,14,autogmm_spectral,fixed,ok,,0.6586564501566319,600,3,2.0,2.0,3.0,3.0,tied,-8475.95661430329,lse,3,3,bic,,0.0485366250068182,0.1615586249972693,,,,,0.1116636670049047,,,,,,
gaussian_subspace,512,14,mclust,fixed,ok,,1.1167038898970166e-05,600,3,512.0,,3.0,3.0,EII,-880463.2802124465,,3,3,bic,,190.316,190.737271541002,,,,,,,,,-435309.2027365344,1539.0,-880463.2802124465
gaussian_subspace,512,14,pca,fixed,ok,,0.9167139578397856,600,3,2.0,2.0,3.0,3.0,spherical,4911.84652943221,,3,3,bic,0.0029773330024909,0.018344000010984,0.0243983340042177,,,,,,,,,,,
gaussian_subspace,512,14,umap,fixed,ok,,0.1846358426091426,600,3,2.0,2.0,3.0,3.0,diag,3642.338345933817,,3,3,bic,0.8773646250047022,0.0210430410079425,0.9024584580038209,,,,,,,,,,,
gaussian_subspace,512,15,ae_relu,fixed,ok,,0.2100778898007458,600,3,2.0,2.0,3.0,3.0,diag,1875.1096998327355,,3,3,bic,0.417491540996707,0.0442769170040264,0.4649155830120435,,,,,,relu,77.0,True,,,
gaussian_subspace,512,15,ae_tanh,fixed,ok,,0.6288462426824214,600,3,2.0,2.0,3.0,3.0,full,1899.55364483116,,3,3,bic,0.4376487080007791,0.0300682920060353,0.4795408339996356,,,,,,tanh,50.0,True,,,
gaussian_subspace,512,15,autog2m2,fixed,ok,,0.9178514618097898,600,3,2.0,2.0,3.0,3.0,full,-1467.646773542564,,3,3,bic,5.047169917001156,0.0227516670129261,5.0731461249961285,4.803670624998631,0.0156060000008437,0.1124362499976996,0.0174957080016611,,,,,,,
gaussian_subspace,512,15,autogmm_spectral,fixed,ok,,0.7299573763144861,600,3,2.0,2.0,3.0,3.0,tied,-8666.041781954431,lse,3,3,bic,,0.0590392919984879,0.1722376660036388,,,,,0.1118077499995706,,,,,,
gaussian_subspace,512,15,mclust,fixed,ok,,1.1167038898970166e-05,600,3,512.0,,3.0,3.0,EII,-880448.8032222184,,3,3,bic,,190.178,190.59227850000025,,,,,,,,,-435301.9642414204,1539.0,-880448.8032222184
gaussian_subspace,512,15,pca,fixed,ok,,0.9137751240201548,600,3,2.0,2.0,3.0,3.0,tied,4668.888068155172,,3,3,bic,0.0028212079923832,0.0185969160083914,0.0242264999978942,,,,,,,,,,,
gaussian_subspace,512,15,umap,fixed,ok,,0.2966569587100788,600,3,2.0,2.0,3.0,3.0,full,3673.9846763691535,,3,3,bic,0.7955701660102932,0.0215699999971548,0.8206062079989351,,,,,,,,,,,
gaussian_subspace,512,16,ae_relu,fixed,ok,,-0.0008822374643565,600,3,2.0,2.0,3.0,3.0,diag,-15025.6043323402,,3,3,bic,0.1286284170055296,0.0339260420005302,0.1652951669966569,,,,,,relu,24.0,True,,,
gaussian_subspace,512,16,ae_tanh,fixed,ok,,0.8418829784559697,600,3,2.0,2.0,3.0,3.0,spherical,1477.196876740767,,3,3,bic,0.6545568330038805,0.0255568330030655,0.6920096250105416,,,,,,tanh,73.0,True,,,
gaussian_subspace,512,16,autog2m2,fixed,ok,,0.9949958125176231,600,3,2.0,2.0,3.0,3.0,full,-494.229118155281,,3,3,bic,4.988135624997085,0.0178864159970544,5.008982500003185,4.745329417011817,0.0150090419920161,0.1156065000104717,0.0170335419970797,,,,,,,
gaussian_subspace,512,16,autogmm_spectral,fixed,ok,,0.8099280963257166,600,3,2.0,2.0,3.0,3.0,diag,-8758.22178238776,lse,3,3,bic,,0.0521670830057701,0.16861299998709,,,,,0.1150526249984977,,,,,,
gaussian_subspace,512,16,mclust,fixed,ok,,-5.555601852237657e-06,600,3,512.0,,3.0,3.0,EII,-880449.0785537512,,3,3,bic,,191.223,191.63369845799755,,,,,,,,,-435302.1019071868,1539.0,-880449.0785537512
gaussian_subspace,512,16,pca,fixed,ok,,0.9850125211993978,600,3,2.0,2.0,3.0,3.0,tied,4370.62403274096,,3,3,bic,0.0028649159939959,0.0165496659901691,0.0220135830022627,,,,,,,,,,,
gaussian_subspace,512,16,umap,fixed,ok,,0.5000341346526711,600,3,2.0,2.0,3.0,3.0,full,3651.370825581259,,3,3,bic,0.8138152499886928,0.0190321660047629,0.8363692499988247,,,,,,,,,,,
gaussian_subspace,512,17,ae_relu,fixed,ok,,0.0174259860467812,600,3,2.0,2.0,3.0,3.0,diag,-4555.236480903041,,3,3,bic,0.1955125420063268,0.0496019169950159,0.2480163750005886,,,,,,relu,38.0,True,,,
gaussian_subspace,512,17,ae_tanh,fixed,ok,,-0.0013480854717969,600,3,2.0,2.0,3.0,3.0,diag,2187.1836411826803,,3,3,bic,0.2190641249908367,0.0351716659934027,0.2667627920018276,,,,,,tanh,24.0,True,,,
gaussian_subspace,512,17,autog2m2,fixed,ok,,0.5864790215660729,600,3,2.0,2.0,3.0,3.0,full,-1434.71881060414,,3,3,bic,4.831972583007882,0.0234357500012265,4.858475582994288,4.587005458000931,0.0168505839974386,0.1157828330033226,0.0176540829997975,,,,,,,
gaussian_subspace,512,17,autogmm_spectral,fixed,ok,,0.2301105166280989,600,3,2.0,2.0,3.0,3.0,tied,-8298.533460545339,lse,3,3,bic,,0.051636915988638,0.1746107920043869,,,,,0.1215994579979451,,,,,,
gaussian_subspace,512,17,mclust,fixed,ok,,-5.555601852237657e-06,600,3,512.0,,3.0,3.0,EII,-880456.1110828087,,3,3,bic,,190.636,191.048082082998,,,,,,,,,-435305.6181717155,1539.0,-880456.1110828087
gaussian_subspace,512,17,pca,fixed,ok,,0.4679641512335749,600,3,2.0,2.0,3.0,3.0,tied,5032.170115075599,,3,3,bic,0.0028329159977147,0.0223790829913923,0.0278241250052815,,,,,,,,,,,
gaussian_subspace,512,17,umap,fixed,ok,,0.0444638786540095,600,3,2.0,2.0,3.0,3.0,full,3659.806647003199,,3,3,bic,0.7801287500042235,0.0237686659966129,0.8075649170059478,,,,,,,,,,,
gaussian_subspace,512,18,ae_relu,fixed,ok,,0.1161532570571665,600,3,2.0,2.0,3.0,3.0,full,-1730.796645910044,,3,3,bic,0.2786475840111961,0.0713185409986181,0.3532548330113059,,,,,,relu,51.0,True,,,
gaussian_subspace,512,18,ae_tanh,fixed,ok,,0.843717655742328,600,3,2.0,2.0,3.0,3.0,diag,1880.884670747984,,3,3,bic,0.4153522079868708,0.0347621249966323,0.4628117500105873,,,,,,tanh,45.0,True,,,
gaussian_subspace,512,18,autog2m2,fixed,ok,,0.9416295905617612,600,3,2.0,2.0,3.0,3.0,full,-657.2952554958938,,3,3,bic,5.1163262909976766,0.0192189590015914,5.13873866701033,4.872262416989543,0.0155186250049155,0.1074403750099008,0.0173424579988932,,,,,,,
gaussian_subspace,512,18,autogmm_spectral,fixed,ok,,0.733463725753223,600,3,2.0,2.0,3.0,3.0,tied,-8651.973451632097,lse,3,3,bic,,0.0530237079947255,0.168493249992025,,,,,0.1141250000073341,,,,,,
gaussian_subspace,512,18,mclust,fixed,ok,,-5.555601852237657e-06,600,3,512.0,,3.0,3.0,EII,-880414.2094237831,,3,3,bic,,189.99,190.4050982919871,,,,,,,,,-435284.66734220274,1539.0,-880414.2094237831
gaussian_subspace,512,18,pca,fixed,ok,,0.9800962940103582,600,3,2.0,2.0,3.0,3.0,tied,4603.131251086332,,3,3,bic,0.0028702499985229,0.0179051250015618,0.0239216660120291,,,,,,,,,,,
gaussian_subspace,512,18,umap,fixed,ok,,0.1741827844285753,600,3,2.0,2.0,3.0,3.0,full,3651.757602358664,,3,3,bic,0.8095312080113217,0.0315410409966716,0.8447686250001425,,,,,,,,,,,
gaussian_subspace,512,19,ae_relu,fixed,ok,,-0.0004632676959993,600,3,2.0,2.0,3.0,3.0,diag,-15496.664497063945,,3,3,bic,0.1445909589965595,0.0284734579909127,0.1760583330033114,,,,,,relu,25.0,True,,,
gaussian_subspace,512,19,ae_tanh,fixed,ok,,0.8931338224604648,600,3,2.0,2.0,3.0,3.0,diag,1704.9117364839713,,3,3,bic,0.5421038340136874,0.0270278329990105,0.5813572079932783,,,,,,tanh,63.0,True,,,
gaussian_subspace,512,19,autog2m2,fixed,ok,,0.9087840871690837,600,3,2.0,2.0,3.0,3.0,full,-792.2060709094621,,3,3,bic,5.076555874999031,0.0212912919960217,5.100838915997883,4.82474424999964,0.0161676249990705,0.1222878340049646,0.0175690420001046,,,,,,,
gaussian_subspace,512,19,autogmm_spectral,fixed,ok,,0.8508451429268701,600,3,2.0,2.0,3.0,3.0,tied,-8760.212927913528,lse,3,3,bic,,0.0502620829938678,0.1616595829982543,,,,,0.1100753749924479,,,,,,
gaussian_subspace,512,19,mclust,fixed,ok,,1.1167038898970166e-05,600,3,512.0,,3.0,3.0,EII,-880440.2334673647,,3,3,bic,,189.738,190.15066916700744,,,,,,,,,-435297.6793639935,1539.0,-880440.2334673647
gaussian_subspace,512,19,pca,fixed,ok,,0.9700535288680806,600,3,2.0,2.0,3.0,3.0,tied,4540.631756337713,,3,3,bic,0.0031355420069303,0.0169188329891767,0.0226465000014286,,,,,,,,,,,
gaussian_subspace,512,19,umap,fixed,ok,,0.5401140914043399,600,3,2.0,2.0,3.0,3.0,full,3649.228411260798,,3,3,bic,0.8381514579959912,0.0237730829976499,0.8656473329901928,,,,,,,,,,,
gaussian_subspace,1024,0,ae_relu,fixed,ok,,-0.0003284570611913,600,3,2.0,2.0,3.0,3.0,diag,-12267.131608849466,,3,3,bic,0.3214160829957109,0.0430086249980377,0.3687937499926192,,,,,,relu,23.0,True,,,
gaussian_subspace,1024,0,ae_tanh,fixed,ok,,0.0018598393092305,600,3,2.0,2.0,3.0,3.0,diag,2141.960014354316,,3,3,bic,0.33717525000975,0.0429066669894382,0.4021792910061776,,,,,,tanh,23.0,True,,,
gaussian_subspace,1024,0,autog2m2,fixed,ok,,0.76667035342358,600,3,2.0,2.0,3.0,3.0,full,-937.1034994582844,,3,3,bic,0.4242640000011306,0.0362986249965615,0.5697623750020284,0.0,0.0249111250013811,0.2183463330002268,0.0277315409912262,,,,,,,
gaussian_subspace,1024,0,autogmm_spectral,fixed,ok,,0.2911306712981062,600,3,2.0,2.0,3.0,3.0,tied,-8265.892463188835,lse,3,3,bic,,0.095749498999794,0.3502662090031663,,,,,0.2520961249974789,,,,,,
gaussian_subspace,1024,0,mclust,fixed,ok,,0.2977513391485435,600,3,1024.0,,3.0,3.0,EII,-1759646.1554545742,,3,3,bic,,2.101,2.819332500002929,,,,,,,,,-869987.7983823923,3075.0,-1759650.0663166512
gaussian_subspace,1024,0,pca,fixed,ok,,0.8254787817472566,600,3,2.0,2.0,3.0,3.0,tied,5322.218509909812,,3,3,bic,0.0118950420001056,0.040539624998928,0.0571466669935034,,,,,,,,,,,
gaussian_subspace,1024,0,umap,fixed,ok,,0.0408619915819484,600,3,2.0,2.0,3.0,3.0,full,3646.031071038009,,3,3,bic,6.877932666000561,0.0371757920074742,12.275523040996632,,,,,,,,,,,
gaussian_subspace,1024,1,ae_relu,fixed,ok,,0.0064001519672309,600,3,2.0,2.0,3.0,3.0,diag,-5956.673837529817,,3,3,bic,0.2132977910077897,0.0424306249915389,0.2590781670005526,,,,,,relu,23.0,True,,,
gaussian_subspace,1024,1,ae_tanh,fixed,ok,,0.0017025264841148,600,3,2.0,2.0,3.0,3.0,diag,2154.336024890129,,3,3,bic,0.3529363750130869,0.0849370000069029,0.4639581660012482,,,,,,tanh,23.0,True,,,
gaussian_subspace,1024,1,autog2m2,fixed,ok,,0.8774903691902471,600,3,2.0,2.0,3.0,3.0,full,-879.173929792517,,3,3,bic,0.3744119579932885,0.0276889590022619,0.406230583001161,0.0,0.0248265830014133,0.1719941250048577,0.0259971249906811,,,,,,,
gaussian_subspace,1024,1,autogmm_spectral,fixed,ok,,0.3557594689357722,600,3,2.0,2.0,3.0,3.0,spherical,-8301.52793806856,lse,3,3,bic,,0.0864917500002775,0.3318869170034304,,,,,0.2429664170049363,,,,,,
gaussian_subspace,1024,1,mclust,fixed,ok,,0.0185711941533729,600,3,1024.0,,3.0,3.0,EII,-1760572.9712053237,,3,3,bic,,1.6429999999999998,2.3810570829955395,,,,,,,,,-870451.206257767,3075.0,-1760585.3340983484
gaussian_subspace,1024,1,pca,fixed,ok,,0.750544541555514,600,3,2.0,2.0,3.0,3.0,tied,5412.606895574974,,3,3,bic,0.0076016660023014,0.0311142080026911,0.0427024999953573,,,,,,,,,,,
gaussian_subspace,1024,1,umap,fixed,ok,,0.0261819878987277,600,3,2.0,2.0,3.0,3.0,diag,3620.914125007816,,3,3,bic,1.3296885410090908,0.0342025409918278,1.369583000006969,,,,,,,,,,,
gaussian_subspace,1024,2,ae_relu,fixed,ok,,0.0003527394871672,600,3,2.0,2.0,3.0,3.0,diag,-8737.33047672981,,3,3,bic,0.2117865420004818,0.0525733340036822,0.2678995419992134,,,,,,relu,23.0,True,,,
gaussian_subspace,1024,2,ae_tanh,fixed,ok,,0.0006416982359504,600,3,2.0,2.0,3.0,3.0,diag,2135.848343111744,,3,3,bic,0.3452689589903457,0.0532144169992534,0.42106983299891,,,,,,tanh,23.0,True,,,
gaussian_subspace,1024,2,autog2m2,fixed,ok,,0.8778954273668507,600,3,2.0,2.0,3.0,3.0,full,-875.7901034473047,,3,3,bic,0.3855739580030786,0.0428927499888232,0.433027334001963,0.0,0.0240863329963758,0.1822348330024397,0.026744333008537,,,,,,,
gaussian_subspace,1024,2,autogmm_spectral,fixed,ok,,0.2774490061460961,600,3,2.0,2.0,3.0,3.0,tied,-8328.104062601156,lse,3,3,bic,,0.0891810000030091,0.3465254589973483,,,,,0.2548665420035831,,,,,,
gaussian_subspace,1024,2,mclust,fixed,ok,,0.3929530658964496,600,3,1024.0,,3.0,3.0,VII,-1759266.7572812245,,3,3,bic,,1.893,2.6286715000023837,,,,,,,,,-869791.7023660622,3077.0,-1759273.304806369
gaussian_subspace,1024,2,pca,fixed,ok,,0.8047740500480302,600,3,2.0,2.0,3.0,3.0,tied,5320.398646360438,,3,3,bic,0.0069417920021805,0.0306429580086842,0.041665084005217,,,,,,,,,,,
gaussian_subspace,1024,2,umap,fixed,ok,,0.012680624623771,600,3,2.0,2.0,3.0,3.0,diag,3596.753302161178,,3,3,bic,1.3078643750050103,0.0339695409929845,1.3483840830012923,,,,,,,,,,,
gaussian_subspace,1024,3,ae_relu,fixed,ok,,0.024756857425218,600,3,2.0,2.0,3.0,3.0,diag,-10387.55142368414,,3,3,bic,0.1981424169935053,0.0290360829967539,0.230384333000984,,,,,,relu,23.0,True,,,
gaussian_subspace,1024,3,ae_tanh,fixed,ok,,0.0120850434469208,600,3,2.0,2.0,3.0,3.0,diag,2158.0793198488477,,3,3,bic,0.3697138749994337,0.0603850839979713,0.4529727089975495,,,,,,tanh,24.0,True,,,
gaussian_subspace,1024,3,autog2m2,fixed,ok,,0.9558668098186984,600,3,2.0,2.0,3.0,3.0,full,-613.1153865061268,,3,3,bic,5.80401391700434,0.0193890410009771,5.827071166000678,5.585562166990712,0.0146105830062879,0.1011454170075012,0.0163196250068722,,,,,,,
gaussian_subspace,1024,3,autogmm_spectral,fixed,ok,,0.4291569630432081,600,3,2.0,2.0,3.0,3.0,spherical,-8341.51399354147,lse,3,3,bic,,0.0899933330074418,0.3329720420006197,,,,,0.2406279999995604,,,,,,
gaussian_subspace,1024,3,mclust,fixed,ok,,0.4029937348797197,600,3,1024.0,,3.0,3.0,VII,-1759328.0802837112,,3,3,bic,,1.924,2.6319186669861665,,,,,,,,,-869822.3638673056,3077.0,-1759336.838878669
gaussian_subspace,1024,3,pca,fixed,ok,,0.8834498174154124,600,3,2.0,2.0,3.0,3.0,tied,5238.672214284095,,3,3,bic,0.0047595420037396,0.0173254159890348,0.0253811250004218,,,,,,,,,,,
gaussian_subspace,1024,3,umap,fixed,ok,,0.1022632934861977,600,3,2.0,2.0,3.0,3.0,diag,3586.6689680099544,,3,3,bic,0.7761504169902764,0.0190715000062482,0.7999981249886332,,,,,,,,,,,
gaussian_subspace,1024,4,ae_relu,fixed,ok,,-0.0025936206134761,600,3,2.0,2.0,3.0,3.0,diag,-9274.051781683558,,3,3,bic,0.2101540839939844,0.03353629099729,0.2470435419963905,,,,,,relu,23.0,True,,,
gaussian_subspace,1024,4,ae_tanh,fixed,ok,,0.0089380686939429,600,3,2.0,2.0,3.0,3.0,diag,2215.2242496152585,,3,3,bic,0.3464880840037949,0.046699249985977,0.414842290992965,,,,,,tanh,24.0,True,,,
gaussian_subspace,1024,4,autog2m2,fixed,ok,,0.9654251034472016,600,3,2.0,2.0,3.0,3.0,diag,-1008.1181286874872,,3,3,bic,5.807267084004707,0.0188572079932782,5.829372832988156,5.584072958008619,0.0146575419930741,0.1049081669916631,0.0163189159939065,,,,,,,
gaussian_subspace,1024,4,autogmm_spectral,fixed,ok,,0.5526310610508157,600,3,2.0,2.0,3.0,3.0,tied,-8409.619327813296,lse,3,3,bic,,0.0934720830118749,0.3307290830125566,,,,,0.2350682090036571,,,,,,
gaussian_subspace,1024,4,mclust,fixed,ok,,0.3298046177972701,600,3,1024.0,,3.0,3.0,VII,-1759521.748152159,,3,3,bic,,1.839,2.549119999996037,,,,,,,,,-869919.1978015294,3077.0,-1759527.0560402682
gaussian_subspace,1024,4,pca,fixed,ok,,0.9505751705837368,600,3,2.0,2.0,3.0,3.0,tied,5182.702422255917,,3,3,bic,0.0048996250116033,0.0160339160065632,0.0236034580011619,,,,,,,,,,,
gaussian_subspace,1024,4,umap,fixed,ok,,0.0855342972316547,600,3,2.0,2.0,3.0,3.0,diag,3620.8170729669423,,3,3,bic,0.8214671250025276,0.0244209999946178,0.8497610420017736,,,,,,,,,,,
gaussian_subspace,1024,5,ae_relu,fixed,ok,,-0.0015675595135866,600,3,2.0,2.0,3.0,3.0,diag,-12327.429883340796,,3,3,bic,0.2056547079992015,0.0303834579972317,0.2391792499984149,,,,,,relu,23.0,True,,,
gaussian_subspace,1024,5,ae_tanh,fixed,ok,,0.0326278170263613,600,3,2.0,2.0,3.0,3.0,diag,2105.006498863018,,3,3,bic,0.3605699170002481,0.0528594589995918,0.4352647079940652,,,,,,tanh,23.0,True,,,
gaussian_subspace,1024,5,autog2m2,fixed,ok,,0.9949958125176231,600,3,2.0,2.0,3.0,3.0,full,-2430.025439780344,,3,3,bic,6.011149665995617,0.0147203749947948,6.02887916599866,5.79715045899502,0.0144377090036869,0.0988409580022562,0.0162458340055309,,,,,,,
gaussian_subspace,1024,5,autogmm_spectral,fixed,ok,,0.5878375845725311,600,3,2.0,2.0,3.0,3.0,tied,-8375.399961794641,lse,3,3,bic,,0.1085135830071521,0.385212583001703,,,,,0.2637217090086778,,,,,,
gaussian_subspace,1024,5,mclust,fixed,ok,,0.9850379826540704,600,3,1024.0,,3.0,3.0,EII,-1757455.1598333146,,3,3,bic,,2.0680000000000005,2.872502792000887,,,,,,,,,-868892.3005717625,3075.0,-1757455.7882921188
gaussian_subspace,1024,5,pca,fixed,ok,,0.9408581404628348,600,3,2.0,2.0,3.0,3.0,tied,5023.175401242177,,3,3,bic,0.0047632089990656,0.0157061250065453,0.0233262080000713,,,,,,,,,,,
gaussian_subspace,1024,5,umap,fixed,ok,,0.0498821627564355,600,3,2.0,2.0,3.0,3.0,diag,3616.223129721594,,3,3,bic,0.7707300839974778,0.0207403340027667,0.7953852500068024,,,,,,,,,,,
gaussian_subspace,1024,6,ae_relu,fixed,ok,,0.0035003276852945,600,3,2.0,2.0,3.0,3.0,diag,-11189.2481988329,,3,3,bic,0.202615208007046,0.0340210409922292,0.2400830419937847,,,,,,relu,23.0,True,,,
gaussian_subspace,1024,6,ae_tanh,fixed,ok,,0.0155168495997845,600,3,2.0,2.0,3.0,3.0,diag,2209.732707386767,,3,3,bic,0.3689330409979447,0.0455535419896477,0.4371773330058204,,,,,,tanh,24.0,True,,,
gaussian_subspace,1024,6,autog2m2,fixed,ok,,0.95557329477847,600,3,2.0,2.0,3.0,3.0,full,-871.6154155213653,,3,3,bic,5.932079917009105,0.0197692079964326,5.955564917006996,5.707680958992569,0.0145910840074066,0.1074770409904886,0.0163707499887095,,,,,,,
gaussian_subspace,1024,6,autogmm_spectral,fixed,ok,,0.4809104299711309,600,3,2.0,2.0,3.0,3.0,tied,-8362.545981275742,lse,3,3,bic,,0.087277708997135,0.3258834580046823,,,,,0.2361737499886658,,,,,,
gaussian_subspace,1024,6,mclust,fixed,ok,,0.9554018395502722,600,3,1024.0,,3.0,3.0,EII,-1757702.5520884846,,3,3,bic,,2.496,3.2083230420103064,,,,,,,,,-869015.9966993475,3075.0,-1757705.11109493
gaussian_subspace,1024,6,pca,fixed,ok,,0.9216281254025872,600,3,2.0,2.0,3.0,3.0,tied,5093.535255234381,,3,3,bic,0.0048384999972768,0.0163198750087758,0.0238856659998418,,,,,,,,,,,
gaussian_subspace,1024,6,umap,fixed,ok,,0.0441475500838914,600,3,2.0,2.0,3.0,3.0,diag,3597.195315356913,,3,3,bic,0.7799784159869887,0.0201919999963138,0.804140666994499,,,,,,,,,,,
gaussian_subspace,1024,7,ae_relu,fixed,ok,,-0.0010058425415017,600,3,2.0,2.0,3.0,3.0,diag,-5604.18598003579,,3,3,bic,0.2111503749911207,0.0413679580087773,0.2577522909996332,,,,,,relu,23.0,True,,,
gaussian_subspace,1024,7,ae_tanh,fixed,ok,,0.0206332134384138,600,3,2.0,2.0,3.0,3.0,full,2124.0776435861776,,3,3,bic,0.3554867079947144,0.0764405829977477,0.453732084002695,,,,,,tanh,23.0,True,,,
gaussian_subspace,1024,7,autog2m2,fixed,ok,,0.9463516007032862,600,3,2.0,2.0,3.0,3.0,full,-686.1227313211035,,3,3,bic,6.003738750005141,0.0196395840030163,6.026497375001782,5.781140665989369,0.0146669589885277,0.1049040420039091,0.0163712499925168,,,,,,,
gaussian_subspace,1024,7,autogmm_spectral,fixed,ok,,0.5643696207510156,600,3,2.0,2.0,3.0,3.0,full,-8502.000946219981,lse,3,3,bic,,0.0576878330030012,0.2021313750010449,,,,,0.1430430000036722,,,,,,
gaussian_subspace,1024,7,mclust,fixed,ok,,0.3495176341417216,600,3,1024.0,,3.0,3.0,EII,-1759170.7348913637,,3,3,bic,,1.116,1.5582814999943366,,,,,,,,,-869750.088100787,3075.0,-1759176.7029548783
gaussian_subspace,1024,7,pca,fixed,ok,,0.975179940672022,600,3,2.0,2.0,3.0,3.0,tied,4990.734394666175,,3,3,bic,0.0045644999918295,0.0156667500123148,0.0230234589980682,,,,,,,,,,,
gaussian_subspace,1024,7,umap,fixed,ok,,0.2328225395510935,600,3,2.0,2.0,3.0,3.0,full,3652.766349683338,,3,3,bic,0.7707142910076072,0.0217682499933289,0.7964633750088979,,,,,,,,,,,
gaussian_subspace,1024,8,ae_relu,fixed,ok,,-0.0018226991907191,600,3,2.0,2.0,3.0,3.0,diag,-5040.689006660378,,3,3,bic,0.2098233330034418,0.037948499986669,0.2509729169978527,,,,,,relu,23.0,True,,,
gaussian_subspace,1024,8,ae_tanh,fixed,ok,,0.0065506727016764,600,3,2.0,2.0,3.0,3.0,diag,2173.6831870696883,,3,3,bic,0.3761474159982754,0.0418914159963605,0.4408982500026468,,,,,,tanh,23.0,True,,,
gaussian_subspace,1024,8,autog2m2,fixed,ok,,1.0,600,3,2.0,2.0,3.0,3.0,spherical,-643.5163820634937,,3,3,bic,6.219683917006478,0.0178695829963544,6.2413487499870826,5.999183542007813,0.0150647080008639,0.1034442920063156,0.0165811670012772,,,,,,,
gaussian_subspace,1024,8,autogmm_spectral,fixed,ok,,0.1352122420029707,600,3,2.0,2.0,3.0,3.0,spherical,-8279.901168244225,lse,3,3,bic,,0.0551345830026548,0.2135228330007521,,,,,0.1569001669995486,,,,,,
gaussian_subspace,1024,8,mclust,fixed,ok,,0.0297233927612266,600,3,1024.0,,3.0,3.0,VII,-1760588.582138613,,3,3,bic,,1.024,1.4978797920048237,,,,,,,,,-870452.6147947566,3077.0,-1760594.7398863898
gaussian_subspace,1024,8,pca,fixed,ok,,0.7839972779368188,600,3,2.0,2.0,3.0,3.0,tied,5352.861478708031,,3,3,bic,0.0050670420023379,0.0171260829956736,0.0252155830094125,,,,,,,,,,,
gaussian_subspace,1024,8,umap,fixed,ok,,0.0477074708935569,600,3,2.0,2.0,3.0,3.0,full,3634.1473917150975,,3,3,bic,0.7816545410023537,0.0210135840025031,0.8066430000035325,,,,,,,,,,,
gaussian_subspace,1024,9,ae_relu,fixed,ok,,0.0006268235221412,600,3,2.0,2.0,3.0,3.0,diag,-9772.598406648818,,3,3,bic,0.2329825409979093,0.0322910000104457,0.2688615420047426,,,,,,relu,23.0,True,,,
gaussian_subspace,1024,9,ae_tanh,fixed,ok,,-5.74927175194767e-05,600,3,2.0,2.0,3.0,3.0,diag,2079.2464156714564,,3,3,bic,0.3360971249931026,0.0394011669995961,0.4043582919985056,,,,,,tanh,23.0,True,,,
gaussian_subspace,1024,9,autog2m2,fixed,ok,,0.9556646547613984,600,3,2.0,2.0,3.0,3.0,full,-1248.2442906794513,,3,3,bic,6.248103625010117,0.0165390839974861,6.268213208997622,6.022812041992438,0.0158741249906597,0.1039248750021215,0.0170007920096395,,,,,,,
gaussian_subspace,1024,9,autogmm_spectral,fixed,ok,,0.0587082284124919,600,3,2.0,2.0,3.0,3.0,spherical,-8276.374794289288,lse,3,3,bic,,0.0537649169855285,0.2083880410064011,,,,,0.1532542500062845,,,,,,
gaussian_subspace,1024,9,mclust,fixed,ok,,0.0762109144812342,600,3,1024.0,,3.0,3.0,EII,-1760230.2500767268,,3,3,bic,,1.081,1.5199811670026977,,,,,,,,,-870279.8456934686,3075.0,-1760241.7851770015
gaussian_subspace,1024,9,pca,fixed,ok,,0.3165827330649678,600,3,2.0,2.0,3.0,3.0,tied,5497.004986212612,,3,3,bic,0.0049528749950695,0.0232011659973068,0.0311980420083273,,,,,,,,,,,
gaussian_subspace,1024,9,umap,fixed,ok,,0.0369634638688491,600,3,2.0,2.0,3.0,3.0,full,3609.26686248009,,3,3,bic,0.89882725001371,0.020178582999506,0.9232873339933576,,,,,,,,,,,
gaussian_subspace,1024,10,ae_relu,fixed,ok,,0.0013050170111229,600,3,2.0,2.0,3.0,3.0,diag,-5354.528828224347,,3,3,bic,0.2245257500035222,0.0392743330012308,0.2670122089912183,,,,,,relu,23.0,True,,,
gaussian_subspace,1024,10,ae_tanh,fixed,ok,,0.0070426019026768,600,3,2.0,2.0,3.0,3.0,diag,2121.944178134951,,3,3,bic,0.5589068749977741,0.0705956660094671,0.6517069999972591,,,,,,tanh,23.0,True,,,
gaussian_subspace,1024,10,autog2m2,fixed,ok,,0.9170617164460672,600,3,2.0,2.0,3.0,3.0,full,-848.2323416350804,,3,3,bic,5.893943290997413,0.0461385829985374,5.943560333005735,5.673340000008466,0.014883916999679,0.1041170840035192,0.0162842919962713,,,,,,,
gaussian_subspace,1024,10,autogmm_spectral,fixed,ok,,0.1041942911703745,600,3,2.0,2.0,3.0,3.0,tied,-8263.99997006463,lse,3,3,bic,,0.0553761659975862,0.2079304579965537,,,,,0.1512110420007957,,,,,,
gaussian_subspace,1024,10,mclust,fixed,ok,,0.0161037487912034,600,3,1024.0,,3.0,3.0,EII,-1760597.6268457605,,3,3,bic,,1.006,1.4218085000029532,,,,,,,,,-870463.5340779854,3075.0,-1760608.1572685307
gaussian_subspace,1024,10,pca,fixed,ok,,0.646533794947806,600,3,2.0,2.0,3.0,3.0,tied,5454.598545818662,,3,3,bic,0.0051364169921725,0.0201959170080954,0.0281827500002691,,,,,,,,,,,
gaussian_subspace,1024,10,umap,fixed,ok,,0.0116881473486152,600,3,2.0,2.0,3.0,3.0,diag,3594.1278797912937,,3,3,bic,0.794123125000624,0.0219065829878672,0.8200192079966655,,,,,,,,,,,
gaussian_subspace,1024,11,ae_relu,fixed,ok,,-0.0004777287485727,600,3,2.0,2.0,3.0,3.0,diag,-11975.9168593226,,3,3,bic,0.2128800000064075,0.0255365830089431,0.2416180830041412,,,,,,relu,23.0,True,,,
gaussian_subspace,1024,11,ae_tanh,fixed,ok,,0.0041736039384137,600,3,2.0,2.0,3.0,3.0,diag,2123.9504619384907,,3,3,bic,0.3629783330106875,0.0589919170015491,0.4455893749982351,,,,,,tanh,23.0,True,,,
gaussian_subspace,1024,11,autog2m2,fixed,ok,,0.8951123680401877,600,3,2.0,2.0,3.0,3.0,full,-984.9714064791248,,3,3,bic,5.80376929200429,0.0233993330039083,5.830034999991767,5.584487041996908,0.0149588339991169,0.1022653749969322,0.0161602080042939,,,,,,,
gaussian_subspace,1024,11,autogmm_spectral,fixed,ok,,0.1976112845651318,600,3,2.0,2.0,3.0,3.0,spherical,-8302.249044607886,lse,3,3,bic,,0.0523780830117175,0.2009019160032039,,,,,0.1471634580084355,,,,,,
gaussian_subspace,1024,11,mclust,fixed,ok,,0.0133632458815928,600,3,1024.0,,3.0,3.0,EII,-1760559.50998574,,3,3,bic,,0.965,1.382347333987127,,,,,,,,,-870444.4756479752,3075.0,-1760572.233297316
gaussian_subspace,1024,11,pca,fixed,ok,,0.5374385726204092,600,3,2.0,2.0,3.0,3.0,tied,5375.577695470093,,3,3,bic,0.0047550829913234,0.0212479589972645,0.0288048329966841,,,,,,,,,,,
gaussian_subspace,1024,11,umap,fixed,ok,,0.0130954297406105,600,3,2.0,2.0,3.0,3.0,full,3645.2838755137086,,3,3,bic,0.782156417000806,0.0215888749953592,0.8073351249913685,,,,,,,,,,,
gaussian_subspace,1024,12,ae_relu,fixed,ok,,0.0061181107648742,600,3,2.0,2.0,3.0,3.0,diag,-13994.771766466138,,3,3,bic,0.2159529579948866,0.0239882500027306,0.2430391660018358,,,,,,relu,23.0,True,,,
gaussian_subspace,1024,12,ae_tanh,fixed,ok,,0.0257982305689,600,3,2.0,2.0,3.0,3.0,diag,2123.497291997397,,3,3,bic,0.3739059579966124,0.0540293340018251,0.4491592919948743,,,,,,tanh,24.0,True,,,
gaussian_subspace,1024,12,autog2m2,fixed,ok,,0.9365936116798892,600,3,2.0,2.0,3.0,3.0,full,-670.6003511651662,,3,3,bic,5.90146645900677,0.0264112500008195,5.93128670900478,5.679223999992246,0.0147930410021217,0.1056982919981237,0.0164132920035626,,,,,,,
gaussian_subspace,1024,12,autogmm_spectral,fixed,ok,,0.3613096416061996,600,3,2.0,2.0,3.0,3.0,tied,-8299.00872699824,lse,3,3,bic,,0.0584897929948056,0.2069058750057593,,,,,0.1470575420098612,,,,,,
gaussian_subspace,1024,12,mclust,fixed,ok,,0.1075628285861823,600,3,1024.0,,3.0,3.0,EII,-1760174.423704004,,3,3,bic,,1.3690000000000002,1.803385624996736,,,,,,,,,-870251.9325071072,3075.0,-1760184.2207446815
gaussian_subspace,1024,12,pca,fixed,ok,,0.6773655640846055,600,3,2.0,2.0,3.0,3.0,tied,5425.9297654572,,3,3,bic,0.004937499994412,0.0181249169982038,0.0258605419949162,,,,,,,,,,,
gaussian_subspace,1024,12,umap,fixed,ok,,0.0356100827969159,600,3,2.0,2.0,3.0,3.0,full,3663.067877870281,,3,3,bic,0.764228957996238,0.0234013329900335,0.791594583002734,,,,,,,,,,,
gaussian_subspace,1024,13,ae_relu,fixed,ok,,-0.0014041675646005,600,3,2.0,2.0,3.0,3.0,diag,-11358.795902049247,,3,3,bic,0.2272050000028684,0.0418990839971229,0.2724814160028472,,,,,,relu,23.0,True,,,
gaussian_subspace,1024,13,ae_tanh,fixed,ok,,0.0106228766149279,600,3,2.0,2.0,3.0,3.0,diag,2124.127753349023,,3,3,bic,0.3664821249985834,0.0737717910087667,0.4623675830080174,,,,,,tanh,23.0,True,,,
gaussian_subspace,1024,13,autog2m2,fixed,ok,,0.9702891709199438,600,3,2.0,2.0,3.0,3.0,spherical,-767.2134140153961,,3,3,bic,6.725372334010899,0.0196366250020219,6.750477166002384,6.459518791991286,0.017421042008209,0.1252896660007536,0.0193185410025762,,,,,,,
gaussian_subspace,1024,13,autogmm_spectral,fixed,ok,,0.5027147363530918,600,3,2.0,2.0,3.0,3.0,spherical,-8379.293538358763,lse,3,3,bic,,0.045449750017724,0.1889939170068828,,,,,0.1421669159899465,,,,,,
gaussian_subspace,1024,13,mclust,fixed,ok,,0.9651976121758704,600,3,1024.0,,3.0,3.0,EII,-1757875.0875834422,,3,3,bic,,1.372,1.810445750001236,,,,,,,,,-869102.2644468263,3075.0,-1757876.3022627127
gaussian_subspace,1024,13,pca,fixed,ok,,0.9358790547426704,600,3,2.0,2.0,3.0,3.0,tied,5205.852155857912,,3,3,bic,0.005234541997197,0.02117295798962,0.0294064999907277,,,,,,,,,,,
gaussian_subspace,1024,13,umap,fixed,ok,,0.0565575937673966,600,3,2.0,2.0,3.0,3.0,full,3621.3787821699225,,3,3,bic,0.8893729580013314,0.025067124995985,0.9188308750017312,,,,,,,,,,,
gaussian_subspace,1024,14,ae_relu,fixed,ok,,0.1016398953214907,600,3,2.0,2.0,3.0,3.0,diag,-2498.25122990456,,3,3,bic,0.4029082920023938,0.0555977500043809,0.4618450829875655,,,,,,relu,41.0,True,,,
gaussian_subspace,1024,14,ae_tanh,fixed,ok,,0.0591997686408128,600,3,2.0,2.0,3.0,3.0,diag,2114.274018775379,,3,3,bic,0.3538747080019675,0.0612383749976288,0.4376194590004161,,,,,,tanh,24.0,True,,,
gaussian_subspace,1024,14,autog2m2,fixed,ok,,0.8667274100625459,600,3,2.0,2.0,3.0,3.0,full,-968.2834653913332,,3,3,bic,6.78487162500096,0.0285931669932324,6.816538209008286,6.527509999999893,0.0170470419980119,0.1238947079982608,0.0184944159991573,,,,,,,
gaussian_subspace,1024,14,autogmm_spectral,fixed,ok,,0.386798011250176,600,3,2.0,2.0,3.0,3.0,tied,-8329.177066801272,lse,3,3,bic,,0.0609879590047057,0.2037020419957116,,,,,0.1413327909976942,,,,,,
gaussian_subspace,1024,14,mclust,fixed,ok,,0.4428815504959328,600,3,1024.0,,3.0,3.0,VII,-1759069.815642855,,3,3,bic,,1.285,1.7217944159929175,,,,,,,,,-869693.2315468773,3077.0,-1759076.6206832188
gaussian_subspace,1024,14,pca,fixed,ok,,0.7485378618924581,600,3,2.0,2.0,3.0,3.0,tied,5447.323219006319,,3,3,bic,0.0050797919975593,0.0239160829951288,0.0321414169884519,,,,,,,,,,,
gaussian_subspace,1024,14,umap,fixed,ok,,0.053804249697089,600,3,2.0,2.0,3.0,3.0,full,3601.052620621593,,3,3,bic,0.8827863750047982,0.0221752090001245,0.9088769579975632,,,,,,,,,,,
gaussian_subspace,1024,15,ae_relu,fixed,ok,,0.0034778229614053,600,3,2.0,2.0,3.0,3.0,diag,-13532.106229070609,,3,3,bic,0.2126138750027166,0.0254770410101627,0.2411291250027716,,,,,,relu,23.0,True,,,
gaussian_subspace,1024,15,ae_tanh,fixed,ok,,0.0065749104411228,600,3,2.0,2.0,3.0,3.0,diag,2126.7643462164424,,3,3,bic,0.3482086250005523,0.0453761249955277,0.4154897920088842,,,,,,tanh,23.0,True,,,
gaussian_subspace,1024,15,autog2m2,fixed,ok,,0.9850379826540704,600,3,2.0,2.0,3.0,3.0,full,-855.5266860846492,,3,3,bic,6.448222582999733,0.0191221669956576,6.470620541003882,6.205669791001128,0.0157980840012896,0.1136347090068738,0.0175665840069996,,,,,,,
gaussian_subspace,1024,15,autogmm_spectral,fixed,ok,,0.4110803404761172,600,3,2.0,2.0,3.0,3.0,tied,-8367.750965995363,lse,3,3,bic,,0.0534702500008279,0.1929336250032065,,,,,0.1380990829929942,,,,,,
gaussian_subspace,1024,15,mclust,fixed,ok,,0.4309430934170017,600,3,1024.0,,3.0,3.0,VII,-1759031.9431091824,,3,3,bic,,1.2280000000000002,1.6625329999951646,,,,,,,,,-869674.2952800412,3077.0,-1759036.140882142
gaussian_subspace,1024,15,pca,fixed,ok,,0.8667726969889269,600,3,2.0,2.0,3.0,3.0,tied,5268.806032086106,,3,3,bic,0.0048712919960962,0.0175820409931475,0.025356540994835,,,,,,,,,,,
gaussian_subspace,1024,15,umap,fixed,ok,,0.0100790362668758,600,3,2.0,2.0,3.0,3.0,diag,3631.296461929217,,3,3,bic,0.8129751660017064,0.0196030410006642,0.8363397080102004,,,,,,,,,,,
gaussian_subspace,1024,16,ae_relu,fixed,ok,,0.0003073894203744,600,3,2.0,2.0,3.0,3.0,full,-3741.720235157927,,3,3,bic,0.2196094999962952,0.0470609589974628,0.2701228329970035,,,,,,relu,23.0,True,,,
gaussian_subspace,1024,16,ae_tanh,fixed,ok,,0.0021449681799315,600,3,2.0,2.0,3.0,3.0,diag,2176.347708276374,,3,3,bic,0.3495152079995023,0.0534230829944135,0.4248958750104066,,,,,,tanh,23.0,True,,,
gaussian_subspace,1024,16,autog2m2,fixed,ok,,0.946360627369802,600,3,2.0,2.0,3.0,3.0,full,-2982.5819830151245,,3,3,bic,6.25891912500083,0.0220532499952241,6.284563209002954,5.974527541009593,0.0819004579971078,0.0941997920017456,0.0169914170110132,,,,,,,
gaussian_subspace,1024,16,autogmm_spectral,fixed,ok,,0.2248320017682845,600,3,2.0,2.0,3.0,3.0,tied,-8303.481670777976,lse,3,3,bic,,0.0562753330013947,0.2059011670062318,,,,,0.1481315839919261,,,,,,
gaussian_subspace,1024,16,mclust,fixed,ok,,0.3346684731861836,600,3,1024.0,,3.0,3.0,EII,-1759421.0465653313,,3,3,bic,,1.174,1.604885791995912,,,,,,,,,-869875.2439377708,3075.0,-1759431.0312687017
gaussian_subspace,1024,16,pca,fixed,ok,,0.6260158675808191,600,3,2.0,2.0,3.0,3.0,tied,5305.000741017964,,3,3,bic,0.0050562910037115,0.022754999998142,0.0308236660057446,,,,,,,,,,,
gaussian_subspace,1024,16,umap,fixed,ok,,0.0672800522877882,600,3,2.0,2.0,3.0,3.0,full,3612.150336818638,,3,3,bic,0.8407900830061408,0.0204261670005507,0.8650710829970194,,,,,,,,,,,
gaussian_subspace,1024,17,ae_relu,fixed,ok,,0.0110748497947587,600,3,2.0,2.0,3.0,3.0,diag,-14664.905705210424,,3,3,bic,0.2191880419995868,0.0354218749998835,0.2581465410039527,,,,,,relu,23.0,True,,,
gaussian_subspace,1024,17,ae_tanh,fixed,ok,,0.0070066461551018,600,3,2.0,2.0,3.0,3.0,full,2151.196476241012,,3,3,bic,0.3845132919959724,0.0533646250114543,0.4598719579953467,,,,,,tanh,24.0,True,,,
gaussian_subspace,1024,17,autog2m2,fixed,ok,,0.8740771012652576,600,3,2.0,2.0,3.0,3.0,full,-2936.6570864309897,,3,3,bic,6.684920250001596,0.0263175830041291,6.714096416006214,6.398109625006327,0.0312459590059006,0.1427525829931255,0.0172634170012315,,,,,,,
gaussian_subspace,1024,17,autogmm_spectral,fixed,ok,,0.4078521038723216,600,3,2.0,2.0,3.0,3.0,tied,-8329.559244329934,lse,3,3,bic,,0.0558653339976444,0.208775416991557,,,,,0.1515419160132296,,,,,,
gaussian_subspace,1024,17,mclust,fixed,ok,,0.91793563354804,600,3,1024.0,,3.0,3.0,VII,-1757883.4829679222,,3,3,bic,,1.524,1.9728715410019504,,,,,,,,,-869100.0652094111,3077.0,-1757885.0800172505
gaussian_subspace,1024,17,pca,fixed,ok,,0.909034522196778,600,3,2.0,2.0,3.0,3.0,tied,5099.03195536682,,3,3,bic,0.004969333007466,0.0174610829999437,0.0252784170006634,,,,,,,,,,,
gaussian_subspace,1024,17,umap,fixed,ok,,0.1355869404766183,600,3,2.0,2.0,3.0,3.0,full,3617.68083848251,,3,3,bic,0.8136094170040451,0.0211460839927895,0.8388137080037268,,,,,,,,,,,
gaussian_subspace,1024,18,ae_relu,fixed,ok,,0.0059352287063282,600,3,2.0,2.0,3.0,3.0,diag,-12717.024919657542,,3,3,bic,0.2313906250055879,0.0340268750005634,0.2685692499944707,,,,,,relu,23.0,True,,,
gaussian_subspace,1024,18,ae_tanh,fixed,ok,,0.01527782854075,600,3,2.0,2.0,3.0,3.0,diag,2149.908622638191,,3,3,bic,0.363152625010116,0.0589625830034492,0.4436950410017743,,,,,,tanh,24.0,True,,,
gaussian_subspace,1024,18,autog2m2,fixed,ok,,0.9850626884924544,600,3,2.0,2.0,3.0,3.0,full,-1116.508342692383,,3,3,bic,6.623859416999039,0.0171908330084988,6.643974208011059,6.36364224999852,0.032710749990656,0.1113572500034933,0.0178955000010319,,,,,,,
gaussian_subspace,1024,18,autogmm_spectral,fixed,ok,,0.2287712782420303,600,3,2.0,2.0,3.0,3.0,tied,-8267.354889739087,lse,3,3,bic,,0.0555669169989414,0.2042477909999434,,,,,0.1472884579998208,,,,,,
gaussian_subspace,1024,18,mclust,fixed,ok,,0.8229382871877984,600,3,1024.0,,3.0,3.0,EII,-1758321.027815524,,3,3,bic,,1.255,1.68963820800127,,,,,,,,,-869325.2345628672,3075.0,-1758326.7299625757
gaussian_subspace,1024,18,pca,fixed,ok,,0.8021828167666836,600,3,2.0,2.0,3.0,3.0,tied,5264.168496805055,,3,3,bic,0.0053987089922884,0.0196707920113112,0.0279415419936412,,,,,,,,,,,
gaussian_subspace,1024,18,umap,fixed,ok,,0.0146424434423464,600,3,2.0,2.0,3.0,3.0,diag,3620.609382227399,,3,3,bic,0.8128808330075117,0.0212903329957043,0.8389708339964272,,,,,,,,,,,
gaussian_subspace,1024,19,ae_relu,fixed,ok,,0.0035266272918397,600,3,2.0,2.0,3.0,3.0,diag,-11621.679293970095,,3,3,bic,0.2257074999943142,0.0298104160028742,0.2590272079978604,,,,,,relu,23.0,True,,,
gaussian_subspace,1024,19,ae_tanh,fixed,ok,,0.002947505756809,600,3,2.0,2.0,3.0,3.0,diag,1994.92519818224,,3,3,bic,0.3456993750005495,0.0664494999946327,0.4340727499948116,,,,,,tanh,23.0,True,,,
gaussian_subspace,1024,19,autog2m2,fixed,ok,,0.8957035145388256,600,3,2.0,2.0,3.0,3.0,diag,-1058.9549162614442,,3,3,bic,6.351233583991416,0.0258290829951874,6.3802330829930725,6.107964000009815,0.0164057500078342,0.1144643339939648,0.0175452920084353,,,,,,,
gaussian_subspace,1024,19,autogmm_spectral,fixed,ok,,0.2023577854031135,600,3,2.0,2.0,3.0,3.0,tied,-8280.017105362094,lse,3,3,bic,,0.0590722499910043,0.2065764590079197,,,,,0.1461485420004464,,,,,,
gaussian_subspace,1024,19,mclust,fixed,ok,,0.0236599308243454,600,3,1024.0,,3.0,3.0,VII,-1760590.0348418737,,3,3,bic,,1.0299999999999998,1.4659574160032207,,,,,,,,,-870453.3411463867,3077.0,-1760596.0655681635
gaussian_subspace,1024,19,pca,fixed,ok,,0.7180263270489609,600,3,2.0,2.0,3.0,3.0,tied,5406.024187155891,,3,3,bic,0.0049883329920703,0.0203098339989082,0.0287024159915745,,,,,,,,,,,
gaussian_subspace,1024,19,umap,fixed,ok,,0.0132475281692638,600,3,2.0,2.0,3.0,3.0,full,3608.4782350516366,,3,3,bic,0.8281871670042165,0.0215244999999413,0.8539016670110868,,,,,,,,,,,
gaussian_subspace,2048,0,ae_relu,fixed,ok,,0.0038417248154235,600,3,2.0,2.0,3.0,3.0,diag,-11155.893828063055,,3,3,bic,0.3858552500023506,0.0361974999977974,0.4294852500024717,,,,,,relu,22.0,True,,,
gaussian_subspace,2048,0,ae_tanh,fixed,ok,,-0.0003355332236096,600,3,2.0,2.0,3.0,3.0,diag,2155.8143146953253,,3,3,bic,0.6222031249926658,0.0527863750030519,0.7241842500079656,,,,,,tanh,22.0,True,,,
gaussian_subspace,2048,0,autog2m2,fixed,ok,,0.5526998141460889,600,3,2.0,2.0,3.0,3.0,full,-1148.5537838084256,,3,3,bic,8.345164874990587,0.0261281669954769,8.374848916995688,8.116848584002582,0.0170956660003867,0.1121266669942997,0.016968750001979,,,,,,,
gaussian_subspace,2048,0,autogmm_spectral,fixed,ok,,0.0139801600273731,600,3,2.0,2.0,3.0,3.0,spherical,-8220.084127008231,lse,3,3,bic,,0.1013583750172983,0.4373042920051375,,,,,0.3337416249996749,,,,,,
gaussian_subspace,2048,0,mclust,fixed,ok,,0.0084321644341938,600,3,2048.0,,3.0,3.0,VII,-3521812.5388135016,,3,3,bic,,2.7470000000000003,3.475058916999842,,,,,,,,,-1741238.9091817888,6149.0,-3521816.64645902
gaussian_subspace,2048,0,pca,fixed,ok,,0.1229783256891058,600,3,2.0,2.0,3.0,3.0,spherical,5963.075644447385,,3,3,bic,0.0136321659956593,0.026585542000248,0.0433288339991122,,,,,,,,,,,
gaussian_subspace,2048,0,umap,fixed,ok,,0.0080191284357302,600,3,2.0,2.0,3.0,3.0,full,3597.0801486065952,,3,3,bic,0.8570718749979278,0.0229586659988854,0.8844121250003809,,,,,,,,,,,
gaussian_subspace,2048,1,ae_relu,fixed,ok,,-0.0010056739644652,600,3,2.0,2.0,3.0,3.0,spherical,-11867.867423444808,,3,3,bic,0.3630880409909878,0.0290260420006234,0.3956958750059129,,,,,,relu,22.0,True,,,
gaussian_subspace,2048,1,ae_tanh,fixed,ok,,-0.0006811599223112,600,3,2.0,2.0,3.0,3.0,diag,2173.6777296840723,,3,3,bic,0.5941520829946967,0.0485467910039005,0.6837323749932693,,,,,,tanh,22.0,True,,,
gaussian_subspace,2048,1,autog2m2,fixed,ok,,0.6454223501385434,600,3,2.0,2.0,3.0,3.0,full,-1344.5804043913606,,3,3,bic,7.934653499993146,0.0205459999997401,7.958235375001095,7.71051691599132,0.0151682499999878,0.1077832500013755,0.0162231669964967,,,,,,,
gaussian_subspace,2048,1,autogmm_spectral,fixed,ok,,0.1354813165397882,600,3,2.0,2.0,3.0,3.0,tied,-8278.272399278283,lse,3,3,bic,,0.1199332919932203,0.4523597909865202,,,,,0.3301826660026563,,,,,,
gaussian_subspace,2048,1,mclust,fixed,ok,,0.0177960329966166,600,3,2048.0,,3.0,3.0,VII,-3521737.5513223163,,3,3,bic,,2.814,3.5659598750062287,,,,,,,,,-1741201.415436196,6149.0,-3521739.015794521
gaussian_subspace,2048,1,pca,fixed,ok,,0.3880782518153459,600,3,2.0,2.0,3.0,3.0,tied,5968.524688380539,,3,3,bic,0.0088912499923026,0.0217252499860478,0.0332905830000527,,,,,,,,,,,
gaussian_subspace,2048,1,umap,fixed,ok,,0.0134843142207438,600,3,2.0,2.0,3.0,3.0,full,3605.383531587308,,3,3,bic,0.7963477089942899,0.0231544589914847,0.8235181250056485,,,,,,,,,,,
gaussian_subspace,2048,2,ae_relu,fixed,ok,,0.0119200270581516,600,3,2.0,2.0,3.0,3.0,diag,-9944.900206928394,,3,3,bic,0.3828362909989664,0.0626337920111836,0.4489379580045352,,,,,,relu,22.0,True,,,
gaussian_subspace,2048,2,ae_tanh,fixed,ok,,-0.0001512104514448,600,3,2.0,2.0,3.0,3.0,diag,2067.7468414529367,,3,3,bic,0.657934375005425,0.0643977500003529,0.7648280419962248,,,,,,tanh,22.0,True,,,
gaussian_subspace,2048,2,autog2m2,fixed,ok,,0.5619356210678251,600,3,2.0,2.0,3.0,3.0,diag,-1362.7360443169014,,3,3,bic,7.430246958989301,0.023121791993617,7.456561917002546,7.207427708010073,0.0157852499978616,0.1072712499881163,0.0164158749976195,,,,,,,
gaussian_subspace,2048,2,autogmm_spectral,fixed,ok,,0.0111503153189111,600,3,2.0,2.0,3.0,3.0,spherical,-8267.823612611646,lse,3,3,bic,,0.0948116259969538,0.439286707987776,,,,,0.3422855409880867,,,,,,
gaussian_subspace,2048,2,mclust,fixed,ok,,0.0042393045281027,600,3,2048.0,,3.0,3.0,EII,-3521980.42490682,,3,3,bic,,2.6660000000000004,3.366523208998842,,,,,,,,,-1741329.249158103,6147.0,-3521984.462819866
gaussian_subspace,2048,2,pca,fixed,ok,,0.0093631228546232,600,3,2.0,2.0,3.0,3.0,spherical,5936.624634530765,,3,3,bic,0.0091450000036275,0.0250765419914387,0.0370607919903704,,,,,,,,,,,
gaussian_subspace,2048,2,umap,fixed,ok,,0.0030963936531023,600,3,2.0,2.0,3.0,3.0,diag,3596.9722947732894,,3,3,bic,0.8177755000069737,0.0198300829943036,0.8416827080072835,,,,,,,,,,,
gaussian_subspace,2048,3,ae_relu,fixed,ok,,0.0004967250425892,600,3,2.0,2.0,3.0,3.0,diag,-12437.670946968836,,3,3,bic,0.3804146250040503,0.0295031669957097,0.4138340829958906,,,,,,relu,22.0,True,,,
gaussian_subspace,2048,3,ae_tanh,fixed,ok,,-0.0016561103191971,600,3,2.0,2.0,3.0,3.0,diag,2171.2128436551397,,3,3,bic,0.71568350000598,0.0462845000001834,0.8059650000068359,,,,,,tanh,22.0,True,,,
gaussian_subspace,2048,3,autog2m2,fixed,ok,,0.9271550271194982,600,3,2.0,2.0,3.0,3.0,full,-1020.4320603438122,,3,3,bic,7.833278624995728,0.0166907910024747,7.853090959004476,7.601896500011208,0.0145600410032784,0.1137417080026352,0.0164167500042822,,,,,,,
gaussian_subspace,2048,3,autogmm_spectral,fixed,ok,,0.0632938416984967,600,3,2.0,2.0,3.0,3.0,spherical,-8288.462030539235,lse,3,3,bic,,0.0970435839990386,0.4311105829983717,,,,,0.3318402500008233,,,,,,
gaussian_subspace,2048,3,mclust,fixed,ok,,0.0018321950068926,600,3,2048.0,,3.0,3.0,EII,-3521722.799957046,,3,3,bic,,2.83,3.50950883301266,,,,,,,,,-1741200.436683216,6147.0,-3521723.7434019973
gaussian_subspace,2048,3,pca,fixed,ok,,0.2160788475474519,600,3,2.0,2.0,3.0,3.0,tied,5948.716638296884,,3,3,bic,0.0086047499935375,0.0210463749972404,0.0323928750003688,,,,,,,,,,,
gaussian_subspace,2048,3,umap,fixed,ok,,0.0001977191011226,600,3,2.0,2.0,3.0,3.0,full,3644.636676198512,,3,3,bic,0.7973616249946645,0.0198862499964889,0.8211513750138693,,,,,,,,,,,
gaussian_subspace,2048,4,ae_relu,fixed,ok,,0.0120462364617728,600,3,2.0,2.0,3.0,3.0,diag,-12785.704521138836,,3,3,bic,0.3829635419970145,0.0292935840116115,0.4158955829916522,,,,,,relu,22.0,True,,,
gaussian_subspace,2048,4,ae_tanh,fixed,ok,,0.01311624939954,600,3,2.0,2.0,3.0,3.0,diag,2128.7656467047264,,3,3,bic,0.6679097500018543,0.073760957995546,0.7832205840095412,,,,,,tanh,22.0,True,,,
gaussian_subspace,2048,4,autog2m2,fixed,ok,,0.9172560091688224,600,3,2.0,2.0,3.0,3.0,full,-653.5603029042489,,3,3,bic,7.841942749990267,0.0184424580074846,7.863546292006504,7.623229250006261,0.0146559580025495,0.103267375001451,0.0160528749984223,,,,,,,
gaussian_subspace,2048,4,autogmm_spectral,fixed,ok,,0.0033319379284073,600,3,2.0,2.0,3.0,3.0,spherical,-8272.79622192211,lse,3,3,bic,,0.0854775000043446,0.4195613750052871,,,,,0.3318612080038292,,,,,,
gaussian_subspace,2048,4,mclust,fixed,ok,,0.0153108711523691,600,3,2048.0,,3.0,3.0,VII,-3521841.263466673,,3,3,bic,,2.475,3.155189666998922,,,,,,,,,-1741253.2715083745,6149.0,-3521845.793399205
gaussian_subspace,2048,4,pca,fixed,ok,,0.3579589700798251,600,3,2.0,2.0,3.0,3.0,tied,5944.853388313276,,3,3,bic,0.008565666998038,0.0216096250078408,0.0328942920023109,,,,,,,,,,,
gaussian_subspace,2048,4,umap,fixed,ok,,0.0130783929315582,600,3,2.0,2.0,3.0,3.0,diag,3592.146605336656,,3,3,bic,0.8237597910047043,0.0193951669934904,0.8475633749912959,,,,,,,,,,,
gaussian_subspace,2048,5,ae_relu,fixed,ok,,-0.0013541358730907,600,3,2.0,2.0,3.0,3.0,diag,-13607.82119757943,,3,3,bic,0.3850842499959981,0.0325779999984661,0.4215700420027133,,,,,,relu,22.0,True,,,
gaussian_subspace,2048,5,ae_tanh,fixed,ok,,-0.0019424916377251,600,3,2.0,2.0,3.0,3.0,diag,2167.2187318253164,,3,3,bic,0.6441767079959391,0.0696507499960716,0.7566066669969587,,,,,,tanh,22.0,True,,,
gaussian_subspace,2048,5,autog2m2,fixed,ok,,0.9900168347249766,600,3,2.0,2.0,3.0,3.0,full,-1852.3103763261988,,3,3,bic,7.564884417006397,0.0153274170006625,7.584658708001371,7.334790334003628,0.0150506670033792,0.1002442910103127,0.0164961249975021,,,,,,,
gaussian_subspace,2048,5,autogmm_spectral,fixed,ok,,0.0290676709015767,600,3,2.0,2.0,3.0,3.0,tied,-8232.17572950563,lse,3,3,bic,,0.0917719580174889,0.4269763749907724,,,,,0.3330231250001816,,,,,,
gaussian_subspace,2048,5,mclust,fixed,ok,,0.0275775354919658,600,3,2048.0,,3.0,3.0,EII,-3521573.5533424555,,3,3,bic,,2.868,3.561039916006848,,,,,,,,,-1741125.813375921,6147.0,-3521575.485976584
gaussian_subspace,2048,5,pca,fixed,ok,,0.1703334600685614,600,3,2.0,2.0,3.0,3.0,tied,5995.443713959021,,3,3,bic,0.0086065409996081,0.0238080840063048,0.0355107500072335,,,,,,,,,,,
gaussian_subspace,2048,5,umap,fixed,ok,,0.0036246049296359,600,3,2.0,2.0,3.0,3.0,full,3591.541559800183,,3,3,bic,0.7969010829983745,0.0222257090063067,0.8229190830024891,,,,,,,,,,,
gaussian_subspace,2048,6,ae_relu,fixed,ok,,0.00445576530811,600,3,2.0,2.0,3.0,3.0,diag,-13910.126978470616,,3,3,bic,0.414261959012947,0.0260287080018315,0.4439324999984819,,,,,,relu,22.0,True,,,
gaussian_subspace,2048,6,ae_tanh,fixed,ok,,0.003560935926546,600,3,2.0,2.0,3.0,3.0,diag,2238.936251327392,,3,3,bic,0.6292177909926977,0.0435467500064987,0.7182411249959841,,,,,,tanh,22.0,True,,,
gaussian_subspace,2048,6,autog2m2,fixed,ok,,0.8143624327822243,600,3,2.0,2.0,3.0,3.0,full,-969.1580097867574,,3,3,bic,7.590095333012869,0.0280907499982276,7.621496917010518,7.338358124994556,0.0179880840005353,0.1191524579917313,0.017068167013349,,,,,,,
gaussian_subspace,2048,6,autogmm_spectral,fixed,ok,,0.0140907062038233,600,3,2.0,2.0,3.0,3.0,spherical,-8277.701694258925,lse,3,3,bic,,0.0910052500112215,0.4771597500075586,,,,,0.3839441669988446,,,,,,
gaussian_subspace,2048,6,mclust,fixed,ok,,0.0380041341012601,600,3,2048.0,,3.0,3.0,VII,-3521523.840529544,,3,3,bic,,2.919,3.608893041993724,,,,,,,,,-1741094.5600398097,6149.0,-3521525.34452861
gaussian_subspace,2048,6,pca,fixed,ok,,0.2665861952064912,600,3,2.0,2.0,3.0,3.0,tied,5949.451344850818,,3,3,bic,0.0088977500126929,0.0221710420009912,0.0339123330049915,,,,,,,,,,,
gaussian_subspace,2048,6,umap,fixed,ok,,0.0006647484082388,600,3,2.0,2.0,3.0,3.0,diag,3631.2590062368704,,3,3,bic,0.8221537920035189,0.0195462919946294,0.8455865419964539,,,,,,,,,,,
gaussian_subspace,2048,7,ae_relu,fixed,ok,,0.0001361281595467,600,3,2.0,2.0,3.0,3.0,full,-6142.93507833814,,3,3,bic,0.4347894579987041,0.0366098750091623,0.4745977080019656,,,,,,relu,22.0,True,,,
gaussian_subspace,2048,7,ae_tanh,fixed,ok,,0.004972345864144,600,3,2.0,2.0,3.0,3.0,diag,2236.8281222329224,,3,3,bic,0.6871810000011465,0.0578274590079672,0.7866587919997983,,,,,,tanh,22.0,True,,,
gaussian_subspace,2048,7,autog2m2,fixed,ok,,0.6776276342402296,600,3,2.0,2.0,3.0,3.0,full,-1005.5583754918702,,3,3,bic,7.555427958999644,0.0223560000013094,7.581201375011005,7.339865540998289,0.0147579159965971,0.1028318329917965,0.0161883750115521,,,,,,,
gaussian_subspace,2048,7,autogmm_spectral,fixed,ok,,0.0169383752356305,600,3,2.0,2.0,3.0,3.0,spherical,-8267.672907647393,lse,3,3,bic,,0.0676752090075751,0.2801349999936064,,,,,0.2110152500099502,,,,,,
gaussian_subspace,2048,7,mclust,fixed,ok,,0.002972458342472,600,3,2048.0,,3.0,3.0,EII,-3521691.8103354205,,3,3,bic,,1.823,2.281084375004866,,,,,,,,,-1741184.9418724035,6147.0,-3521693.0198207903
gaussian_subspace,2048,7,pca,fixed,ok,,0.2118480945753472,600,3,2.0,2.0,3.0,3.0,tied,5935.98299662689,,3,3,bic,0.0091982079902663,0.042186666993075,0.0541366669931449,,,,,,,,,,,
gaussian_subspace,2048,7,umap,fixed,ok,,-0.0004729760906734,600,3,2.0,2.0,3.0,3.0,full,3590.4649033769474,,3,3,bic,0.796413667005254,0.0197791670070728,0.8206245830078842,,,,,,,,,,,
gaussian_subspace,2048,8,ae_relu,fixed,ok,,0.0022670088476243,600,3,2.0,2.0,3.0,3.0,diag,-12906.039905223728,,3,3,bic,0.7367739590117708,0.0744984999910229,0.818969667001511,,,,,,relu,22.0,True,,,
gaussian_subspace,2048,8,ae_tanh,fixed,ok,,-0.0022087342700542,600,3,2.0,2.0,3.0,3.0,diag,2108.5433975823685,,3,3,bic,0.6583463330025552,0.0769126660015899,0.7782157500041649,,,,,,tanh,22.0,True,,,
gaussian_subspace,2048,8,autog2m2,fixed,ok,,0.8155494813337795,600,3,2.0,2.0,3.0,3.0,full,-738.3605345682446,,3,3,bic,7.936354707999271,0.0585145420045591,8.00351354200393,7.675204165992909,0.0154263750009704,0.118641082997783,0.0408528339903568,,,,,,,
gaussian_subspace,2048,8,autogmm_spectral,fixed,ok,,0.0454711679532743,600,3,2.0,2.0,3.0,3.0,tied,-8270.613009284632,lse,3,3,bic,,0.0528974170010769,0.2708738329965854,,,,,0.2165018750092713,,,,,,
gaussian_subspace,2048,8,mclust,fixed,ok,,0.0047425336126233,600,3,2048.0,,3.0,3.0,EII,-3521796.096769453,,3,3,bic,,1.856,2.303342583996709,,,,,,,,,-1741237.0850894195,6147.0,-3521798.641011204
gaussian_subspace,2048,8,pca,fixed,ok,,0.1893398264445177,600,3,2.0,2.0,3.0,3.0,spherical,5964.295418730497,,3,3,bic,0.0109275830036494,0.0308461250097025,0.0452671669918345,,,,,,,,,,,
gaussian_subspace,2048,8,umap,fixed,ok,,0.0031218346469002,600,3,2.0,2.0,3.0,3.0,full,3589.0844787429105,,3,3,bic,0.8572545420029201,0.020195084012812,0.8814873750088736,,,,,,,,,,,
gaussian_subspace,2048,9,ae_relu,fixed,ok,,-0.0016465604844096,600,3,2.0,2.0,3.0,3.0,diag,-11052.699788865484,,3,3,bic,0.4444706659996882,0.037116874998901,0.4855008339945925,,,,,,relu,22.0,True,,,
gaussian_subspace,2048,9,ae_tanh,fixed,ok,,-0.0017560194076564,600,3,2.0,2.0,3.0,3.0,spherical,2138.028777426358,,3,3,bic,0.6856294579920359,0.0409955420036567,0.7693018340069102,,,,,,tanh,22.0,True,,,
gaussian_subspace,2048,9,autog2m2,fixed,ok,,1.0,600,3,2.0,2.0,3.0,3.0,full,-1271.7805934501782,,3,3,bic,8.088377124993713,0.0166543329978594,8.108329417009372,7.860908666989417,0.0152638339932309,0.1063207080005668,0.0188301250018412,,,,,,,
gaussian_subspace,2048,9,autogmm_spectral,fixed,ok,,0.171516128034936,600,3,2.0,2.0,3.0,3.0,tied,-8244.763858914543,lse,3,3,bic,,0.0593864999973448,0.2664239590085344,,,,,0.2056060410104692,,,,,,
gaussian_subspace,2048,9,mclust,fixed,ok,,0.0387782199543124,600,3,2048.0,,3.0,3.0,EII,-3521579.2511114487,,3,3,bic,,1.9130000000000005,2.341138250005315,,,,,,,,,-1741128.6622604176,6147.0,-3521582.9210569737
gaussian_subspace,2048,9,pca,fixed,ok,,0.6939227746397955,600,3,2.0,2.0,3.0,3.0,tied,5898.393604282268,,3,3,bic,0.0104899169964483,0.0234592920023715,0.0372796669980743,,,,,,,,,,,
gaussian_subspace,2048,9,umap,fixed,ok,,0.0018068419297583,600,3,2.0,2.0,3.0,3.0,full,3606.157001892877,,3,3,bic,0.8372627919889055,0.0245800830016378,0.8657789169956231,,,,,,,,,,,
gaussian_subspace,2048,10,ae_relu,fixed,ok,,0.0011041036746529,600,3,2.0,2.0,3.0,3.0,diag,-10235.857891340353,,3,3,bic,0.3775516250025248,0.0375009170093108,0.4192990419978741,,,,,,relu,22.0,True,,,
gaussian_subspace,2048,10,ae_tanh,fixed,ok,,0.0088721048956112,600,3,2.0,2.0,3.0,3.0,diag,2152.286751413403,,3,3,bic,0.640255749996868,0.0433339169976534,0.7295038750016829,,,,,,tanh,22.0,True,,,
gaussian_subspace,2048,10,autog2m2,fixed,ok,,0.9900041668585104,600,3,2.0,2.0,3.0,3.0,full,-1298.9059967232777,,3,3,bic,7.576964416002738,0.0179005000100005,7.598617791998549,7.323457708000205,0.0174334579933201,0.1215273330017225,0.0169174589973408,,,,,,,
gaussian_subspace,2048,10,autogmm_spectral,fixed,ok,,0.0860608651111842,600,3,2.0,2.0,3.0,3.0,tied,-8258.893656857903,lse,3,3,bic,,0.0591939169971738,0.2682781670009717,,,,,0.2076571659999899,,,,,,
gaussian_subspace,2048,10,mclust,fixed,ok,,0.0195622298342831,600,3,2048.0,,3.0,3.0,VII,-3521816.4609036995,,3,3,bic,,1.79,2.218223082993063,,,,,,,,,-1741240.8702268878,6149.0,-3521819.616427698
gaussian_subspace,2048,10,pca,fixed,ok,,0.2090555947215448,600,3,2.0,2.0,3.0,3.0,tied,5993.327578320472,,3,3,bic,0.0099270829960005,0.0281426669971551,0.041398792003747,,,,,,,,,,,
gaussian_subspace,2048,10,umap,fixed,ok,,0.0023198790022251,600,3,2.0,2.0,3.0,3.0,full,3609.816648082055,,3,3,bic,0.8081391250016168,0.022071125000366,0.8340978749911301,,,,,,,,,,,
gaussian_subspace,2048,11,ae_relu,fixed,ok,,0.0019025289173203,600,3,2.0,2.0,3.0,3.0,diag,-4462.354438247633,,3,3,bic,0.3544885000010254,0.0463757079996867,0.4054322080046404,,,,,,relu,22.0,True,,,
gaussian_subspace,2048,11,ae_tanh,fixed,ok,,-0.0021535113564656,600,3,2.0,2.0,3.0,3.0,diag,2222.618664268996,,3,3,bic,0.6219883329904405,0.0374404579924885,0.7017432080028811,,,,,,tanh,22.0,True,,,
gaussian_subspace,2048,11,autog2m2,fixed,ok,,0.8450201235580007,600,3,2.0,2.0,3.0,3.0,full,-967.9498162417788,,3,3,bic,7.829979832997196,0.0236641250085085,7.8567214159993455,7.609907958001713,0.0148892080032965,0.1055946249980479,0.0161155840032733,,,,,,,
gaussian_subspace,2048,11,autogmm_spectral,fixed,ok,,0.003190940214374,600,3,2.0,2.0,3.0,3.0,tied,-8276.090289875978,lse,3,3,bic,,0.0540373749972786,0.2603427079884568,,,,,0.2049804999987827,,,,,,
gaussian_subspace,2048,11,mclust,fixed,ok,,0.0014920045850454,600,3,2048.0,,3.0,3.0,VII,-3521830.821175792,,3,3,bic,,1.858,2.2843644169915933,,,,,,,,,-1741248.0503629337,6149.0,-3521832.99423091
gaussian_subspace,2048,11,pca,fixed,ok,,0.2695705311676766,600,3,2.0,2.0,3.0,3.0,spherical,5947.26802879396,,3,3,bic,0.0094202079926617,0.0225586249871412,0.0349105000059353,,,,,,,,,,,
gaussian_subspace,2048,11,umap,fixed,ok,,0.0133198900648856,600,3,2.0,2.0,3.0,3.0,full,3585.07619773388,,3,3,bic,0.8188924160058377,0.0197164999990491,0.8433876670023892,,,,,,,,,,,
gaussian_subspace,2048,12,ae_relu,fixed,ok,,0.0027104057418204,600,3,2.0,2.0,3.0,3.0,diag,-6776.581060307633,,3,3,bic,0.3975678749993676,0.0484623329975875,0.4501430000091204,,,,,,relu,22.0,True,,,
gaussian_subspace,2048,12,ae_tanh,fixed,ok,,-0.0021562775836092,600,3,2.0,2.0,3.0,3.0,diag,2179.925805889193,,3,3,bic,0.6471459580061492,0.0457714579970343,0.734971416008193,,,,,,tanh,22.0,True,,,
gaussian_subspace,2048,12,autog2m2,fixed,ok,,1.0,600,3,2.0,2.0,3.0,3.0,full,-2016.2045542244464,,3,3,bic,7.53541920799762,0.0157012089912313,7.554321749994415,7.311709749992588,0.0144899169972632,0.1006230409984709,0.0163739580020774,,,,,,,
gaussian_subspace,2048,12,autogmm_spectral,fixed,ok,,0.1817150553369836,600,3,2.0,2.0,3.0,3.0,tied,-8281.919999208261,lse,3,3,bic,,0.0455734999995911,0.2506737919902662,,,,,0.2037829999899258,,,,,,
gaussian_subspace,2048,12,mclust,fixed,ok,,0.0323059392700589,600,3,2048.0,,3.0,3.0,VII,-3521656.350562912,,3,3,bic,,1.6719999999999997,2.0945634999952745,,,,,,,,,-1741160.815056494,6149.0,-3521657.9370186967
gaussian_subspace,2048,12,pca,fixed,ok,,0.7081223016827651,600,3,2.0,2.0,3.0,3.0,tied,5896.682720457013,,3,3,bic,0.0085250830015866,0.0189428750018123,0.0299616250122198,,,,,,,,,,,
gaussian_subspace,2048,12,umap,fixed,ok,,0.028000549610251,600,3,2.0,2.0,3.0,3.0,full,3629.79058078322,,3,3,bic,0.8043424159986898,0.021013417004724,0.8288643749983748,,,,,,,,,,,
gaussian_subspace,2048,13,ae_relu,fixed,ok,,0.0053975841717855,600,3,2.0,2.0,3.0,3.0,spherical,-1738.4008466498583,,3,3,bic,0.7600320420024218,0.0680359999969368,0.8333010420028586,,,,,,relu,37.0,True,,,
gaussian_subspace,2048,13,ae_tanh,fixed,ok,,0.0080197566374306,600,3,2.0,2.0,3.0,3.0,diag,2169.0244403248826,,3,3,bic,0.679043999989517,0.0411687090090708,0.7625480410060845,,,,,,tanh,22.0,True,,,
gaussian_subspace,2048,13,autog2m2,fixed,ok,,0.7755959070795361,600,3,2.0,2.0,3.0,3.0,full,-1401.6483694834928,,3,3,bic,9.04933875000279,0.0482397919986397,9.101214957991033,8.770432958001038,0.0185748749936465,0.1309922090003965,0.0199722090037539,,,,,,,
gaussian_subspace,2048,13,autogmm_spectral,fixed,ok,,0.0472259899730402,600,3,2.0,2.0,3.0,3.0,tied,-8261.132009016002,lse,3,3,bic,,0.0480175829870859,0.257112249993952,,,,,0.2076961249986197,,,,,,
gaussian_subspace,2048,13,mclust,fixed,ok,,0.0062366183165063,600,3,2048.0,,3.0,3.0,VII,-3521845.685831432,,3,3,bic,,1.77,2.192939540997031,,,,,,,,,-1741255.482690754,6149.0,-3521848.055469775
gaussian_subspace,2048,13,pca,fixed,ok,,0.2563416336102436,600,3,2.0,2.0,3.0,3.0,tied,5956.920915752761,,3,3,bic,0.010404708009446,0.0299297499877866,0.0433944999967934,,,,,,,,,,,
gaussian_subspace,2048,13,umap,fixed,ok,,0.015707106151231,600,3,2.0,2.0,3.0,3.0,diag,3621.9416097666776,,3,3,bic,1.020588541010511,0.0235662089980905,1.0486731249984589,,,,,,,,,,,
gaussian_subspace,2048,14,ae_relu,fixed,ok,,0.0028617735044525,600,3,2.0,2.0,3.0,3.0,diag,-12374.831776790494,,3,3,bic,0.4780869999958668,0.0413884580048034,0.5233091669942951,,,,,,relu,22.0,True,,,
gaussian_subspace,2048,14,ae_tanh,fixed,ok,,0.0057499725966717,600,3,2.0,2.0,3.0,3.0,diag,2111.5924082281285,,3,3,bic,0.5711768749897601,0.0624535000097239,0.6748027080029715,,,,,,tanh,22.0,True,,,
gaussian_subspace,2048,14,autog2m2,fixed,ok,,0.8673737694856857,600,3,2.0,2.0,3.0,3.0,full,-1130.1960830955254,,3,3,bic,8.6921178749908,0.0284992499946383,8.724171708003269,8.410076749991276,0.0196190830029081,0.1345842500013532,0.0181255000061355,,,,,,,
gaussian_subspace,2048,14,autogmm_spectral,fixed,ok,,0.0202284715710142,600,3,2.0,2.0,3.0,3.0,tied,-8262.833250391282,lse,3,3,bic,,0.0597982920153299,0.2622024579904973,,,,,0.2010115419980138,,,,,,
gaussian_subspace,2048,14,mclust,fixed,ok,,-0.0011225816279659,600,3,2048.0,,3.0,3.0,EII,-3521797.314548672,,3,3,bic,,1.827,2.255455541002448,,,,,,,,,-1741237.693979029,6147.0,-3521798.66717999
gaussian_subspace,2048,14,pca,fixed,ok,,0.1467565419258898,600,3,2.0,2.0,3.0,3.0,spherical,5935.066887496101,,3,3,bic,0.0097484590078238,0.0306590830005006,0.0435480419982923,,,,,,,,,,,
gaussian_subspace,2048,14,umap,fixed,ok,,0.0214229535567059,600,3,2.0,2.0,3.0,3.0,full,3552.2434285746285,,3,3,bic,0.912274583010003,0.0226148749934509,0.9394970420107712,,,,,,,,,,,
gaussian_subspace,2048,15,ae_relu,fixed,ok,,0.0046582556302317,600,3,2.0,2.0,3.0,3.0,spherical,-3460.3494723167137,,3,3,bic,0.4553377500124043,0.0340518749871989,0.4936975000018719,,,,,,relu,23.0,True,,,
gaussian_subspace,2048,15,ae_tanh,fixed,ok,,0.0017854105357126,600,3,2.0,2.0,3.0,3.0,diag,2057.917057051396,,3,3,bic,0.6718026250018738,0.0807536249922122,0.7973127500008559,,,,,,tanh,22.0,True,,,
gaussian_subspace,2048,15,autog2m2,fixed,ok,,1.0,600,3,2.0,2.0,3.0,3.0,full,-805.7248910257787,,3,3,bic,8.609487416993943,0.0163325839967001,8.628976249994594,8.37307512499683,0.0161355420132167,0.1095275420084362,0.0174558330036234,,,,,,,
gaussian_subspace,2048,15,autogmm_spectral,fixed,ok,,0.1346223233175753,600,3,2.0,2.0,3.0,3.0,tied,-8281.869336413103,lse,3,3,bic,,0.0557591250108089,0.2594546250038547,,,,,0.2022143749927636,,,,,,
gaussian_subspace,2048,15,mclust,fixed,ok,,0.0701861313638166,600,3,2048.0,,3.0,3.0,VII,-3521482.2029111744,,3,3,bic,,2.109,2.5396101249934877,,,,,,,,,-1741073.7412306252,6149.0,-3521485.450231249
gaussian_subspace,2048,15,pca,fixed,ok,,0.6780353864059306,600,3,2.0,2.0,3.0,3.0,tied,5895.901420555736,,3,3,bic,0.0103480420075356,0.0232992499950341,0.0366033750033238,,,,,,,,,,,
gaussian_subspace,2048,15,umap,fixed,ok,,0.0064496788167852,600,3,2.0,2.0,3.0,3.0,full,3543.9279787618084,,3,3,bic,0.913846832991112,0.0282111249980516,0.9461680410022382,,,,,,,,,,,
gaussian_subspace,2048,16,ae_relu,fixed,ok,,-0.0025722428571011,600,3,2.0,2.0,3.0,3.0,diag,-9012.843548293917,,3,3,bic,0.390303666004911,0.036679583005025,0.4303407499974128,,,,,,relu,22.0,True,,,
gaussian_subspace,2048,16,ae_tanh,fixed,ok,,0.0041942384191109,600,3,2.0,2.0,3.0,3.0,diag,2188.616098723373,,3,3,bic,0.6484375830041245,0.0374810420034918,0.7311329170042882,,,,,,tanh,22.0,True,,,
gaussian_subspace,2048,16,autog2m2,fixed,ok,,0.9702921714715153,600,3,2.0,2.0,3.0,3.0,full,-1337.0727868467018,,3,3,bic,8.1991095830017,0.0180023749999236,8.221098958994844,7.968791666004108,0.0159940000012284,0.1091894169949228,0.0185395419975975,,,,,,,
gaussian_subspace,2048,16,autogmm_spectral,fixed,ok,,0.0025146245889227,600,3,2.0,2.0,3.0,3.0,tied,-8230.696006784132,lse,3,3,bic,,0.0536947920045349,0.2627340000035474,,,,,0.2076748749968828,,,,,,
gaussian_subspace,2048,16,mclust,fixed,ok,,0.0028854511173208,600,3,2048.0,,3.0,3.0,EII,-3521736.135027253,,3,3,bic,,1.6839999999999995,2.110882082997705,,,,,,,,,-1741207.10421832,6147.0,-3521737.268319733
gaussian_subspace,2048,16,pca,fixed,ok,,0.08312713407176,600,3,2.0,2.0,3.0,3.0,spherical,5946.594252345947,,3,3,bic,0.0091547080082818,0.0297932079993188,0.0422939580021193,,,,,,,,,,,
gaussian_subspace,2048,16,umap,fixed,ok,,0.0099576138774077,600,3,2.0,2.0,3.0,3.0,diag,3581.2931777298754,,3,3,bic,0.9562430410005618,0.019056624994846,0.9792735420051032,,,,,,,,,,,
gaussian_subspace,2048,17,ae_relu,fixed,ok,,-0.0004166230068584,600,3,2.0,2.0,3.0,3.0,diag,-13009.249908081076,,3,3,bic,0.4252422920108074,0.0516833750007208,0.4805106249987148,,,,,,relu,22.0,True,,,
gaussian_subspace,2048,17,ae_tanh,fixed,ok,,0.0018946691632544,600,3,2.0,2.0,3.0,3.0,diag,2110.8502981315432,,3,3,bic,0.648953124997206,0.0571199170080944,0.7467607500002487,,,,,,tanh,22.0,True,,,
gaussian_subspace,2048,17,autog2m2,fixed,ok,,0.9224400214829122,600,3,2.0,2.0,3.0,3.0,full,-1554.769202961283,,3,3,bic,8.064269499998773,0.0228660830034641,8.090193417010596,7.8250896250101505,0.0163726669998141,0.1139470420021098,0.0177165829954901,,,,,,,
gaussian_subspace,2048,17,autogmm_spectral,fixed,ok,,0.0256276867595841,600,3,2.0,2.0,3.0,3.0,spherical,-8250.293131954224,lse,3,3,bic,,0.0541009589942405,0.2546650830045109,,,,,0.1991905419999966,,,,,,
gaussian_subspace,2048,17,mclust,fixed,ok,,0.0047366653936259,600,3,2048.0,,3.0,3.0,EII,-3521612.568883191,,3,3,bic,,1.9410000000000005,2.3667019580025226,,,,,,,,,-1741145.321146289,6147.0,-3521613.0475210845
gaussian_subspace,2048,17,pca,fixed,ok,,0.1240821277411004,600,3,2.0,2.0,3.0,3.0,tied,5956.305411472628,,3,3,bic,0.0099950000003445,0.0273852919926866,0.0401930419902782,,,,,,,,,,,
gaussian_subspace,2048,17,umap,fixed,ok,,0.0005804173662282,600,3,2.0,2.0,3.0,3.0,diag,3593.3412057278515,,3,3,bic,0.8831029169959947,0.0217104589974042,0.9086797079944516,,,,,,,,,,,
gaussian_subspace,2048,18,ae_relu,fixed,ok,,0.0121033067583546,600,3,2.0,2.0,3.0,3.0,diag,-11720.424728463802,,3,3,bic,0.4374122910085134,0.0409857079939683,0.4820099170028697,,,,,,relu,22.0,True,,,
gaussian_subspace,2048,18,ae_tanh,fixed,ok,,0.0012453824321989,600,3,2.0,2.0,3.0,3.0,diag,2067.313094211864,,3,3,bic,0.6528910830093082,0.1017475420085247,0.7961334999999963,,,,,,tanh,22.0,True,,,
gaussian_subspace,2048,18,autog2m2,fixed,ok,,0.9900168347249766,600,3,2.0,2.0,3.0,3.0,full,-1061.3233893430272,,3,3,bic,8.485994208007469,0.0201551249920157,8.50942054099869,8.198842958998284,0.0328573750011855,0.1395534580078674,0.0174321660015266,,,,,,,
gaussian_subspace,2048,18,autogmm_spectral,fixed,ok,,0.0140824987621727,600,3,2.0,2.0,3.0,3.0,spherical,-8254.537786064699,lse,3,3,bic,,0.0608904579858062,0.2621656250121305,,,,,0.1998839160078205,,,,,,
gaussian_subspace,2048,18,mclust,fixed,ok,,0.043922449681643,600,3,2048.0,,3.0,3.0,EII,-3521740.5120742866,,3,3,bic,,1.853,2.2742002500017406,,,,,,,,,-1741209.2927418365,6147.0,-3521744.204674356
gaussian_subspace,2048,18,pca,fixed,ok,,0.4560631146556499,600,3,2.0,2.0,3.0,3.0,tied,5955.565599941454,,3,3,bic,0.0121103749988833,0.0286346670036437,0.0438855000102194,,,,,,,,,,,
gaussian_subspace,2048,18,umap,fixed,ok,,-0.0025724413280275,600,3,2.0,2.0,3.0,3.0,full,3595.031501038477,,3,3,bic,0.8627679999917746,0.0235882089909864,0.8910311250074301,,,,,,,,,,,
gaussian_subspace,2048,19,ae_relu,fixed,ok,,-0.0026043938582961,600,3,2.0,2.0,3.0,3.0,diag,-10887.998735046283,,3,3,bic,0.4028739170025801,0.0314482910034712,0.4382131660095183,,,,,,relu,22.0,True,,,
gaussian_subspace,2048,19,ae_tanh,fixed,ok,,0.0026001705109889,600,3,2.0,2.0,3.0,3.0,full,2105.612869653764,,3,3,bic,0.6546291249978822,0.0549970419961027,0.7547226669994416,,,,,,tanh,22.0,True,,,
gaussian_subspace,2048,19,autog2m2,fixed,ok,,0.985063191387914,600,3,2.0,2.0,3.0,3.0,full,-2158.6837486662985,,3,3,bic,8.211103666995768,0.0175244159909198,8.232136957987677,7.964843875000952,0.0622365000017453,0.0733932920120423,0.0173390830022981,,,,,,,
gaussian_subspace,2048,19,autogmm_spectral,fixed,ok,,0.2104524856986206,600,3,2.0,2.0,3.0,3.0,spherical,-8294.393426754594,lse,3,3,bic,,0.0670554999960586,0.2715400000015506,,,,,0.2031344160059234,,,,,,
gaussian_subspace,2048,19,mclust,fixed,ok,,0.0719282873629649,600,3,2048.0,,3.0,3.0,EII,-3521578.033751077,,3,3,bic,,1.7999999999999998,2.2236808330053464,,,,,,,,,-1741128.0535802315,6147.0,-3521580.7397084194
gaussian_subspace,2048,19,pca,fixed,ok,,0.7910313517352191,600,3,2.0,2.0,3.0,3.0,tied,5820.7259050145085,,3,3,bic,0.00887054100167,0.0210771670099347,0.0327885830047307,,,,,,,,,,,
gaussian_subspace,2048,19,umap,fixed,ok,,0.0234540411107056,600,3,2.0,2.0,3.0,3.0,full,3578.610382053976,,3,3,bic,0.9797812500037252,0.0217308330029482,1.0056882920034695,,,,,,,,,,,
heavy_tail_subspace,8,0,ae_relu,fixed,ok,,0.8885272419582275,600,3,2.0,2.0,3.0,3.0,full,4050.443606337795,,3,3,bic,0.2331547499925363,0.0209775839903159,0.2569959999964339,,,,,,relu,160.0,True,,,
heavy_tail_subspace,8,0,ae_tanh,fixed,ok,,0.9174141791928366,600,3,2.0,2.0,3.0,3.0,tied,444.1583727630413,,3,3,bic,0.6224186249892227,0.0385223339981166,0.6638126660109265,,,,,,tanh,211.0,True,,,
heavy_tail_subspace,8,0,autog2m2,fixed,ok,,0.7146334241866795,600,3,2.0,2.0,3.0,3.0,full,76.52482329391596,,3,3,bic,1.8659305830078663,0.0216019170038634,1.890438250004081,1.6420844579988625,0.0142247920011868,0.1034145000012358,0.0161811669968301,,,,,,,
heavy_tail_subspace,8,0,autogmm_spectral,fixed,ok,,0.936226439057794,600,3,2.0,2.0,3.0,3.0,full,-12988.949069387589,lse,3,3,bic,,0.0845832909981254,0.2057358750025741,,,,,0.1188863330025924,,,,,,
heavy_tail_subspace,8,0,mclust,fixed,ok,,0.9366277672682464,600,3,8.0,,3.0,3.0,EEI,-11265.25462798554,,3,3,bic,,0.297,0.9624986249982612,,,,,,,,,-5523.879509854096,34.0,-11274.825640464238
heavy_tail_subspace,8,0,pca,fixed,ok,,0.922344625309124,600,3,2.0,2.0,3.0,3.0,tied,3826.7301068039496,,3,3,bic,0.0008590829966124,0.022197458994924,0.0255750829965109,,,,,,,,,,,
heavy_tail_subspace,8,0,umap,fixed,ok,,0.9226006617143188,600,3,2.0,2.0,3.0,3.0,full,4231.049716100823,,3,3,bic,0.6982215000025462,0.0180687090032733,0.720146334002493,,,,,,,,,,,
heavy_tail_subspace,8,1,ae_relu,fixed,ok,,0.9900168347249766,600,3,2.0,2.0,3.0,3.0,full,3843.93506675728,,3,3,bic,0.307365334010683,0.0164775000012014,0.326850249999552,,,,,,relu,211.0,True,,,
heavy_tail_subspace,8,1,ae_tanh,fixed,ok,,0.9900041668585104,600,3,2.0,2.0,3.0,3.0,spherical,164.2217924695835,,3,3,bic,0.6019227500073612,0.0254097080032806,0.6298627499927534,,,,,,tanh,190.0,True,,,
heavy_tail_subspace,8,1,autog2m2,fixed,ok,,0.9454415482870796,600,3,2.0,2.0,3.0,3.0,full,550.3166227362093,,3,3,bic,1.944146665991866,0.0178468329977476,1.964943917002529,1.7224454579991288,0.0133126670116325,0.103587375007919,0.0164020829979563,,,,,,,
heavy_tail_subspace,8,1,autogmm_spectral,fixed,ok,,0.985000168757628,600,3,2.0,2.0,3.0,3.0,full,-14886.033579510631,lse,3,3,bic,,0.0754102930077351,0.1906496669980697,,,,,0.1127934579999418,,,,,,
heavy_tail_subspace,8,1,mclust,fixed,ok,,0.985000168757628,600,3,8.0,,3.0,3.0,EEI,-10012.203277205708,,3,3,bic,,0.2269999999999999,0.8922984999953769,,,,,,,,,-4897.353834464179,34.0,-10012.817465653814
heavy_tail_subspace,8,1,pca,fixed,ok,,0.985000168757628,600,3,2.0,2.0,3.0,3.0,tied,3389.837869850398,,3,3,bic,0.0008321250061271,0.0154249170009279,0.0188122919935267,,,,,,,,,,,
heavy_tail_subspace,8,1,umap,fixed,ok,,0.985000168757628,600,3,2.0,2.0,3.0,3.0,full,4039.84689814304,,3,3,bic,0.6791417089989409,0.0141583329968852,0.6978220419987338,,,,,,,,,,,
heavy_tail_subspace,8,2,ae_relu,fixed,ok,,0.9369466678944366,600,3,2.0,2.0,3.0,3.0,full,4552.467223240238,,3,3,bic,0.4160248750122264,0.0197662499995203,0.4384771670011105,,,,,,relu,286.0,True,,,
heavy_tail_subspace,8,2,ae_tanh,fixed,ok,,0.9752324006948598,600,3,2.0,2.0,3.0,3.0,tied,105.02080506519704,,3,3,bic,0.4141109999909531,0.0244030409958213,0.4409719579998636,,,,,,tanh,157.0,True,,,
heavy_tail_subspace,8,2,autog2m2,fixed,ok,,0.7873685340396435,600,3,2.0,2.0,3.0,3.0,full,-312.4485351948365,,3,3,bic,1.8913074589945609,0.0290117909898981,1.923285291006323,1.67155637498945,0.0137519590061856,0.1027885420044185,0.0162028330087196,,,,,,,
heavy_tail_subspace,8,2,autogmm_spectral,fixed,ok,,0.9949958125176231,600,3,2.0,2.0,3.0,3.0,full,-14486.686995254566,lse,3,3,bic,,0.0789997509855311,0.1928760829905513,,,,,0.111494541997672,,,,,,
heavy_tail_subspace,8,2,mclust,fixed,ok,,0.9850626884924544,600,3,8.0,,3.0,3.0,EEI,-10255.019100404264,,3,3,bic,,0.195,0.8610188339953311,,,,,,,,,-5018.7617460634565,34.0,-10258.40767073321
heavy_tail_subspace,8,2,pca,fixed,ok,,0.9800218844810688,600,3,2.0,2.0,3.0,3.0,tied,3461.2404808456754,,3,3,bic,0.0008706249936949,0.0157247500028461,0.0191162499977508,,,,,,,,,,,
heavy_tail_subspace,8,2,umap,fixed,ok,,0.9949958125176231,600,3,2.0,2.0,3.0,3.0,tied,4073.181922121915,,3,3,bic,0.6779534160014009,0.0140413750050356,0.6963571250089444,,,,,,,,,,,
heavy_tail_subspace,8,3,ae_relu,fixed,ok,,0.98997916755783,600,3,2.0,2.0,3.0,3.0,full,898.3277032413497,,3,3,bic,0.5783166250039358,0.017563749992405,0.5988264170009643,,,,,,relu,406.0,True,,,
heavy_tail_subspace,8,3,ae_tanh,fixed,ok,,0.9949958125176231,600,3,2.0,2.0,3.0,3.0,tied,-50.21940926952378,,3,3,bic,0.4279794169997331,0.0252944579988252,0.4558555420080665,,,,,,tanh,153.0,True,,,
heavy_tail_subspace,8,3,autog2m2,fixed,ok,,0.984987816627764,600,3,2.0,2.0,3.0,3.0,full,-107.47344107547995,,3,3,bic,1.896299457992427,0.0157715000095777,1.915329000010388,1.6866418749996228,0.0118810830026632,0.1087583329936023,0.0162432499928399,,,,,,,
heavy_tail_subspace,8,3,autogmm_spectral,fixed,ok,,0.9949958125176231,600,3,2.0,2.0,3.0,3.0,diag,-17021.976770720354,lse,3,3,bic,,0.0595732079964363,0.1676795000093989,,,,,0.1059113329974934,,,,,,
heavy_tail_subspace,8,3,mclust,fixed,ok,,1.0,600,3,8.0,,3.0,3.0,EEI,-7674.325734499911,,3,3,bic,,0.212,0.8709784999955446,,,,,,,,,-3728.415063111281,34.0,-7674.325741296607
heavy_tail_subspace,8,3,pca,fixed,ok,,0.9949958125176231,600,3,2.0,2.0,3.0,3.0,tied,3252.913027747727,,3,3,bic,0.0008743340004002,0.0145887079997919,0.0180119160067988,,,,,,,,,,,
heavy_tail_subspace,8,3,umap,fixed,ok,,0.9949958125176231,600,3,2.0,2.0,3.0,3.0,tied,4083.656247437008,,3,3,bic,0.6877310830022907,0.0141763749998062,0.7057533329934813,,,,,,,,,,,
heavy_tail_subspace,8,4,ae_relu,fixed,ok,,0.9900041668585104,600,3,2.0,1.0,3.0,3.0,diag,-10578.801893259788,,3,3,bic,0.0,0.0328237079957034,0.0359975419996771,,,,,,relu,124.0,True,,,
heavy_tail_subspace,8,4,ae_tanh,fixed,ok,,0.9949958125176231,600,3,2.0,2.0,3.0,3.0,tied,40.407416936844285,,3,3,bic,0.39506383400294,0.0243656669917982,0.4219256670039613,,,,,,tanh,157.0,True,,,
heavy_tail_subspace,8,4,autog2m2,fixed,ok,,0.985063191387914,600,3,2.0,2.0,3.0,3.0,full,-268.5589128270324,,3,3,bic,1.903772790989024,0.0198248329979833,1.9273384580010315,1.684054000012111,0.0133787910017417,0.1055224169977009,0.0162037080008303,,,,,,,
heavy_tail_subspace,8,4,autogmm_spectral,fixed,ok,,1.0,600,3,2.0,2.0,3.0,3.0,full,-16072.004985270594,lse,3,3,bic,,0.0672604580031475,0.1786546670045936,,,,,0.1092332920088665,,,,,,
heavy_tail_subspace,8,4,mclust,fixed,ok,,1.0,600,3,8.0,,3.0,3.0,VEI,-8323.297806134804,,3,3,bic,,0.196,0.8520344580028905,,,,,,,,,-4046.504169273512,36.0,-8323.298134203515
heavy_tail_subspace,8,4,pca,fixed,ok,,0.9949958125176231,600,3,2.0,2.0,3.0,3.0,tied,3225.6609808412086,,3,3,bic,0.0008334169979207,0.014614875006373,0.0181784169981256,,,,,,,,,,,
heavy_tail_subspace,8,4,umap,fixed,ok,,1.0,600,3,2.0,2.0,3.0,3.0,tied,4206.497024278172,,3,3,bic,0.6801717089983867,0.0140035420045023,0.6982829589978792,,,,,,,,,,,
heavy_tail_subspace,8,5,ae_relu,fixed,ok,,0.9850377307840942,600,3,2.0,2.0,3.0,3.0,full,4354.483184072651,,3,3,bic,0.4645372079976368,0.0154643340065376,0.4829181250097463,,,,,,relu,322.0,True,,,
heavy_tail_subspace,8,5,ae_tanh,fixed,ok,,1.0,600,3,2.0,2.0,3.0,3.0,tied,79.11438060548784,,3,3,bic,0.4775760830088984,0.0244335839961422,0.5042304579983465,,,,,,tanh,187.0,True,,,
heavy_tail_subspace,8,5,autog2m2,fixed,ok,,0.9949958125176231,600,3,2.0,2.0,3.0,3.0,full,-1352.8777600890226,,3,3,bic,1.9319733750016896,0.0164288750092964,1.951642957996228,1.677350124999066,0.025877499996568,0.129742459001136,0.0169526249956106,,,,,,,
heavy_tail_subspace,8,5,autogmm_spectral,fixed,ok,,1.0,600,3,2.0,2.0,3.0,3.0,full,-16319.506840822767,lse,3,3,bic,,0.0694532089983113,0.190046000003349,,,,,0.1182092499948339,,,,,,
heavy_tail_subspace,8,5,mclust,fixed,ok,,1.0,600,3,8.0,,3.0,3.0,EEI,-8412.972026497253,,3,3,bic,,0.205,0.8605356249900069,,,,,,,,,-4097.738209109952,34.0,-8412.972065188822
heavy_tail_subspace,8,5,pca,fixed,ok,,1.0,600,3,2.0,2.0,3.0,3.0,tied,3295.232394386143,,3,3,bic,0.0010806670034071,0.0153764999995473,0.0191173329949378,,,,,,,,,,,
heavy_tail_subspace,8,5,umap,fixed,ok,,1.0,600,3,2.0,2.0,3.0,3.0,tied,4094.522439469033,,3,3,bic,0.6831278750032652,0.0141750410111853,0.701042333006626,,,,,,,,,,,
heavy_tail_subspace,8,6,ae_relu,fixed,ok,,1.0,600,3,2.0,2.0,3.0,3.0,full,3624.530421125289,,3,3,bic,0.8122346669988474,0.0151006660016719,0.8303841250017285,,,,,,relu,570.0,True,,,
heavy_tail_subspace,8,6,ae_tanh,fixed,ok,,1.0,600,3,2.0,2.0,3.0,3.0,tied,-641.0984154375899,,3,3,bic,0.4443049580004299,0.0243095420009922,0.4712664999970002,,,,,,tanh,175.0,True,,,
heavy_tail_subspace,8,6,autog2m2,fixed,ok,,1.0,600,3,2.0,2.0,3.0,3.0,full,-2183.8268482879557,,3,3,bic,1.9640197919943605,0.0181582499935757,1.985731584005407,1.6839217500091763,0.0357367499964311,0.1600727920013014,0.0163870840042363,,,,,,,
heavy_tail_subspace,8,6,autogmm_spectral,fixed,ok,,1.0,600,3,2.0,2.0,3.0,3.0,tied,-17836.386409189327,lse,3,3,bic,,0.0677012079831911,0.1796735419920878,,,,,0.1097948329988867,,,,,,
heavy_tail_subspace,8,6,mclust,fixed,ok,,1.0,600,3,8.0,,3.0,3.0,EEI,-5908.698793813411,,3,3,bic,,0.188,0.8497727079957258,,,,,,,,,-2845.601592768031,34.0,-5908.698793818214
heavy_tail_subspace,8,6,pca,fixed,ok,,1.0,600,3,2.0,2.0,3.0,3.0,tied,2624.360275612205,,3,3,bic,0.0008173340029316,0.0157904169900575,0.0195649160013999,,,,,,,,,,,
heavy_tail_subspace,8,6,umap,fixed,ok,,1.0,600,3,2.0,2.0,3.0,3.0,full,4224.061755831015,,3,3,bic,0.6798360409884481,0.0140933329967083,0.6974590830068337,,,,,,,,,,,
heavy_tail_subspace,8,7,ae_relu,fixed,ok,,1.0,600,3,2.0,2.0,3.0,3.0,diag,2661.979184791413,,3,3,bic,0.2535382909991313,0.0153754580096574,0.2716520000103628,,,,,,relu,176.0,True,,,
heavy_tail_subspace,8,7,ae_tanh,fixed,ok,,1.0,600,3,2.0,2.0,3.0,3.0,tied,-362.5534092053901,,3,3,bic,0.5445783339964692,0.0267515830055344,0.5739003329945263,,,,,,tanh,178.0,True,,,
heavy_tail_subspace,8,7,autog2m2,fixed,ok,,0.9949958125176231,600,3,2.0,2.0,3.0,3.0,full,-205.1793385387382,,3,3,bic,1.916405166004552,0.0159748749865684,1.935551000002306,1.7106265829934273,0.0118268340011127,0.1013789580028969,0.0163535830070031,,,,,,,
heavy_tail_subspace,8,7,autogmm_spectral,fixed,ok,,1.0,600,3,2.0,2.0,3.0,3.0,tied,-17841.811984100932,lse,3,3,bic,,0.0391876250068889,0.1068884589913068,,,,,0.0662055419961689,,,,,,
heavy_tail_subspace,8,7,mclust,fixed,ok,,1.0,600,3,8.0,,3.0,3.0,EEI,-7299.053142795369,,3,3,bic,,0.139,0.5500230830075452,,,,,,,,,-3540.7787672590102,34.0,-7299.053256095967
heavy_tail_subspace,8,7,pca,fixed,ok,,1.0,600,3,2.0,2.0,3.0,3.0,tied,2778.7687445592464,,3,3,bic,0.0007889160042395,0.0143280000047525,0.017513582992251,,,,,,,,,,,
heavy_tail_subspace,8,7,umap,fixed,ok,,1.0,600,3,2.0,2.0,3.0,3.0,tied,3986.7313916043418,,3,3,bic,0.6860097500029951,0.0140371250017778,0.704551332994015,,,,,,,,,,,
heavy_tail_subspace,8,8,ae_relu,fixed,ok,,0.9850379826540704,600,3,2.0,2.0,3.0,3.0,full,3750.678373300147,,3,3,bic,0.6842842089972692,0.0163631250034086,0.7035314999957336,,,,,,relu,416.0,True,,,
heavy_tail_subspace,8,8,ae_tanh,fixed,ok,,0.9800961264798698,600,3,2.0,2.0,3.0,3.0,tied,35.04157047202362,,3,3,bic,0.3514425420144107,0.0244022499973652,0.3782491250021849,,,,,,tanh,134.0,True,,,
heavy_tail_subspace,8,8,autog2m2,fixed,ok,,0.9900041668585104,600,3,2.0,2.0,3.0,3.0,full,-606.1681767585656,,3,3,bic,1.8891222500096776,0.0171894579980289,1.909470415994292,1.6755427080061054,0.0124361250054789,0.1069340419926447,0.0167415829928359,,,,,,,
heavy_tail_subspace,8,8,autogmm_spectral,fixed,ok,,0.9900168347249766,600,3,2.0,2.0,3.0,3.0,full,-15599.04770924467,lse,3,3,bic,,0.038444749021437,0.1107874160079518,,,,,0.0708730420010397,,,,,,
heavy_tail_subspace,8,8,mclust,fixed,ok,,0.9949958125176231,600,3,8.0,,3.0,3.0,EEI,-8710.612311437115,,3,3,bic,,0.15,0.579707667013281,,,,,,,,,-4246.558351579883,34.0,-8710.612588137112
heavy_tail_subspace,8,8,pca,fixed,ok,,0.9751548572366224,600,3,2.0,2.0,3.0,3.0,tied,3164.312360576599,,3,3,bic,0.0011609579960349,0.0156149590038694,0.0195370829897001,,,,,,,,,,,
heavy_tail_subspace,8,8,umap,fixed,ok,,0.9900168347249766,600,3,2.0,2.0,3.0,3.0,tied,4171.22018532716,,3,3,bic,0.6918762499990407,0.0142110000015236,0.7098545829940122,,,,,,,,,,,
heavy_tail_subspace,8,9,ae_relu,fixed,ok,,0.9850626884924544,600,3,2.0,2.0,3.0,3.0,full,4355.139972674374,,3,3,bic,0.3584036249958444,0.0163282920111669,0.3777858749963343,,,,,,relu,198.0,True,,,
heavy_tail_subspace,8,9,ae_tanh,fixed,ok,,0.9900168347249766,600,3,2.0,2.0,3.0,3.0,tied,68.08493288008535,,3,3,bic,0.3527371660020435,0.0243897079926682,0.379643041989766,,,,,,tanh,132.0,True,,,
heavy_tail_subspace,8,9,autog2m2,fixed,ok,,0.9949958125176231,600,3,2.0,2.0,3.0,3.0,full,-1297.7444433059447,,3,3,bic,1.98643533300492,0.0154889999976148,2.00557475000096,1.7324589589989046,0.0698039580020122,0.087124625002616,0.0165013329969951,,,,,,,
heavy_tail_subspace,8,9,autogmm_spectral,fixed,ok,,0.9900168347249766,600,3,2.0,2.0,3.0,3.0,full,-15992.740937308943,lse,3,3,bic,,0.0360096260119462,0.1050958339910721,,,,,0.0676803749956889,,,,,,
heavy_tail_subspace,8,9,mclust,fixed,ok,,0.9949958125176231,600,3,8.0,,3.0,3.0,EEI,-8689.031272936154,,3,3,bic,,0.136,0.5460089589905692,,,,,,,,,-4235.767832329402,34.0,-8689.039480703843
heavy_tail_subspace,8,9,pca,fixed,ok,,0.9900168347249766,600,3,2.0,2.0,3.0,3.0,tied,3241.703924050103,,3,3,bic,0.001173665994429,0.0158774590090615,0.020020583004225,,,,,,,,,,,
heavy_tail_subspace,8,9,umap,fixed,ok,,0.9900168347249766,600,3,2.0,2.0,3.0,3.0,tied,4242.596354016566,,3,3,bic,0.7081948330014711,0.0149107920005917,0.727038500001072,,,,,,,,,,,
heavy_tail_subspace,8,10,ae_relu,fixed,ok,,0.9701508374942768,600,3,2.0,2.0,3.0,3.0,full,4277.31333625329,,3,3,bic,0.5340481659950456,0.0191407920065103,0.5562307920044987,,,,,,relu,365.0,True,,,
heavy_tail_subspace,8,10,ae_tanh,fixed,ok,,0.9703530013556876,600,3,2.0,2.0,3.0,3.0,tied,343.2270113713244,,3,3,bic,0.3946562500059372,0.0255220839899266,0.4225383330049226,,,,,,tanh,154.0,True,,,
heavy_tail_subspace,8,10,autog2m2,fixed,ok,,0.9750802361778216,600,3,2.0,2.0,3.0,3.0,full,-107.38880765227796,,3,3,bic,1.878469250004855,0.0180089999921619,1.8999695000093195,1.650546624994604,0.013563750006142,0.1135297919972799,0.0160852920089382,,,,,,,
heavy_tail_subspace,8,10,autogmm_spectral,fixed,ok,,0.9900168347249766,600,3,2.0,2.0,3.0,3.0,full,-14537.415903010036,lse,3,3,bic,,0.0391582930169533,0.1081599579920293,,,,,0.0675720419967547,,,,,,
heavy_tail_subspace,8,10,mclust,fixed,ok,,0.9900166666666668,600,3,8.0,,3.0,3.0,EEI,-9585.680350167584,,3,3,bic,,0.1109999999999999,0.5185925410041818,,,,,,,,,-4684.092370945117,34.0,-9588.356220203366
heavy_tail_subspace,8,10,pca,fixed,ok,,0.9752324006948598,600,3,2.0,2.0,3.0,3.0,tied,3480.207667912944,,3,3,bic,0.0008266249933512,0.0157526249968213,0.0191737919958541,,,,,,,,,,,
heavy_tail_subspace,8,10,umap,fixed,ok,,0.9900166666666668,600,3,2.0,2.0,3.0,3.0,tied,4141.012014149567,,3,3,bic,0.6868451659975108,0.0139329170051496,0.7047856659919489,,,,,,,,,,,
heavy_tail_subspace,8,11,ae_relu,fixed,ok,,1.0,600,3,2.0,2.0,3.0,3.0,full,4033.580955957657,,3,3,bic,0.3424265000066953,0.0155037500080652,0.3606236249906942,,,,,,relu,238.0,True,,,
heavy_tail_subspace,8,11,ae_tanh,fixed,ok,,0.9949958125176231,600,3,2.0,2.0,3.0,3.0,tied,-161.79296325356438,,3,3,bic,0.6000907499983441,0.026871417008806,0.6295984169992153,,,,,,tanh,173.0,True,,,
heavy_tail_subspace,8,11,autog2m2,fixed,ok,,0.98997916755783,600,3,2.0,2.0,3.0,3.0,full,-426.39515814119216,,3,3,bic,1.8844328749983104,0.0162273750029271,1.903436958004022,1.6678827499999898,0.0130572080088313,0.1050244999933056,0.0162660000059986,,,,,,,
heavy_tail_subspace,8,11,autogmm_spectral,fixed,ok,,1.0,600,3,2.0,2.0,3.0,3.0,full,-17173.901332420428,lse,3,3,bic,,0.0386371669883374,0.1070970419968944,,,,,0.0670870419999118,,,,,,
heavy_tail_subspace,8,11,mclust,fixed,ok,,1.0,600,3,8.0,,3.0,3.0,EEI,-8490.985038678133,,3,3,bic,,0.1069999999999999,0.5184613329911372,,,,,,,,,-4136.744715200392,34.0,-8490.985147393318
heavy_tail_subspace,8,11,pca,fixed,ok,,1.0,600,3,2.0,2.0,3.0,3.0,tied,3098.01320336464,,3,3,bic,0.000802708993433,0.0146971249923808,0.0179842499928781,,,,,,,,,,,
heavy_tail_subspace,8,11,umap,fixed,ok,,1.0,600,3,2.0,2.0,3.0,3.0,diag,4263.298699186467,,3,3,bic,0.684317250008462,0.0140745829994557,0.7019437090057181,,,,,,,,,,,
heavy_tail_subspace,8,12,ae_relu,fixed,ok,,0.9606792676277478,600,3,2.0,2.0,3.0,3.0,full,3691.270837908647,,3,3,bic,0.3390081670077052,0.0192529579944675,0.3613134999905014,,,,,,relu,230.0,True,,,
heavy_tail_subspace,8,12,ae_tanh,fixed,ok,,1.0,600,3,2.0,2.0,3.0,3.0,tied,-218.64049743054292,,3,3,bic,0.4679605419951258,0.0267746250028722,0.4971451669989619,,,,,,tanh,178.0,True,,,
heavy_tail_subspace,8,12,autog2m2,fixed,ok,,0.9363449382472266,600,3,2.0,2.0,3.0,3.0,diag,-330.4660058120573,,3,3,bic,1.8689964170043825,0.0170482079993234,1.889061082998524,1.6575358749978475,0.0123481250047916,0.1055714999965857,0.016721249994589,,,,,,,
heavy_tail_subspace,8,12,autogmm_spectral,fixed,ok,,1.0,600,3,2.0,2.0,3.0,3.0,diag,-16963.793628358162,lse,3,3,bic,,0.0366121249971911,0.1072443330049282,,,,,0.0692447500041453,,,,,,
heavy_tail_subspace,8,12,mclust,fixed,ok,,1.0,600,3,8.0,,3.0,3.0,EEI,-8619.3002695624,,3,3,bic,,0.126,0.5307157079951139,,,,,,,,,-4200.902330642525,34.0,-8619.30065829695
heavy_tail_subspace,8,12,pca,fixed,ok,,1.0,600,3,2.0,2.0,3.0,3.0,tied,3224.4246468703504,,3,3,bic,0.0008617080020485,0.0147024170000804,0.0182457080081803,,,,,,,,,,,
heavy_tail_subspace,8,12,umap,fixed,ok,,1.0,600,3,2.0,2.0,3.0,3.0,tied,4085.5488420660017,,3,3,bic,0.6872340419940883,0.0143301249918295,0.7050135419995058,,,,,,,,,,,
heavy_tail_subspace,8,13,ae_relu,fixed,ok,,0.9900041668585104,600,3,2.0,2.0,3.0,3.0,full,4019.414537236574,,3,3,bic,0.6562632089917315,0.0186697500030277,0.6780068330117501,,,,,,relu,378.0,True,,,
heavy_tail_subspace,8,13,ae_tanh,fixed,ok,,0.9900168347249766,600,3,2.0,2.0,3.0,3.0,tied,-404.1300782974323,,3,3,bic,0.4718652080046013,0.0267920829937793,0.5012189580011182,,,,,,tanh,159.0,True,,,
heavy_tail_subspace,8,13,autog2m2,fixed,ok,,0.946360627369802,600,3,2.0,2.0,3.0,3.0,diag,-542.7470689905687,,3,3,bic,2.3350643750018207,0.0211545420024776,2.359401917012292,2.0710534589889,0.0159040419966913,0.124681834000512,0.0195263330097077,,,,,,,
heavy_tail_subspace,8,13,autogmm_spectral,fixed,ok,,1.0,600,3,2.0,2.0,3.0,3.0,full,-16732.386470022528,lse,3,3,bic,,0.0394427919818554,0.1080352080025477,,,,,0.0672541660023853,,,,,,
heavy_tail_subspace,8,13,mclust,fixed,ok,,1.0,600,3,8.0,,3.0,3.0,EEI,-7183.672661221972,,3,3,bic,,0.182,0.5875219170120545,,,,,,,,,-3483.0885264723115,34.0,-7183.6727634917925
heavy_tail_subspace,8,13,pca,fixed,ok,,0.9949958125176231,600,3,2.0,2.0,3.0,3.0,tied,2993.4315907113373,,3,3,bic,0.0009059580042958,0.0174939169955905,0.0213707079965388,,,,,,,,,,,
heavy_tail_subspace,8,13,umap,fixed,ok,,1.0,600,3,2.0,2.0,3.0,3.0,full,4188.974803187549,,3,3,bic,0.812249166003312,0.0171653750003315,0.8338625420001335,,,,,,,,,,,
heavy_tail_subspace,8,14,ae_relu,fixed,ok,,0.9000726192088334,600,3,2.0,2.0,3.0,3.0,full,4454.100399187057,,3,3,bic,0.5307672079943586,0.0230224170081783,0.5565766670042649,,,,,,relu,319.0,True,,,
heavy_tail_subspace,8,14,ae_tanh,fixed,ok,,0.9801340027693,600,3,2.0,2.0,3.0,3.0,tied,347.63794703592146,,3,3,bic,0.5534196670050733,0.0288856249972013,0.5856112920009764,,,,,,tanh,148.0,True,,,
heavy_tail_subspace,8,14,autog2m2,fixed,ok,,0.8606193655857507,600,3,2.0,2.0,3.0,3.0,diag,13.650013090446537,,3,3,bic,2.2179653750063157,0.0190191669971682,2.2400666250032373,1.9590798749995884,0.0157862500054761,0.1234830409957794,0.0184666660061338,,,,,,,
heavy_tail_subspace,8,14,autogmm_spectral,fixed,ok,,0.9801340027693,600,3,2.0,2.0,3.0,3.0,diag,-13410.169445139803,lse,3,3,bic,,0.0418079169903649,0.1111495419900165,,,,,0.0679572910012211,,,,,,
heavy_tail_subspace,8,14,mclust,fixed,ok,,0.9850626884924544,600,3,8.0,,3.0,3.0,EEI,-10854.23313499992,,3,3,bic,,0.2039999999999999,0.609534082992468,,,,,,,,,-5318.368763361284,34.0,-10861.331570929771
heavy_tail_subspace,8,14,pca,fixed,ok,,0.9801340027693,600,3,2.0,2.0,3.0,3.0,tied,3607.261885059465,,3,3,bic,0.0009282920073019,0.0175389159994665,0.0213195420074043,,,,,,,,,,,
heavy_tail_subspace,8,14,umap,fixed,ok,,0.9510940930306288,600,3,2.0,2.0,3.0,3.0,tied,4169.515660449613,,3,3,bic,0.784434458008036,0.0181381250004051,0.8068510000011884,,,,,,,,,,,
heavy_tail_subspace,8,15,ae_relu,fixed,ok,,0.9949958125176231,600,3,2.0,2.0,3.0,3.0,full,3615.519590108506,,3,3,bic,0.4592106250056531,0.0256490419997135,0.4877969579974888,,,,,,relu,298.0,True,,,
heavy_tail_subspace,8,15,ae_tanh,fixed,ok,,1.0,600,3,2.0,2.0,3.0,3.0,tied,-122.95261958027513,,3,3,bic,0.4532704580051359,0.0244907500018598,0.4800007500016363,,,,,,tanh,167.0,True,,,
heavy_tail_subspace,8,15,autog2m2,fixed,ok,,0.984987816627764,600,3,2.0,2.0,3.0,3.0,full,472.149205628399,,3,3,bic,2.0919655420002528,0.0186012500053038,2.113730958997621,1.8458698750037,0.0145322499884059,0.1175873750034952,0.0178709159954451,,,,,,,
heavy_tail_subspace,8,15,autogmm_spectral,fixed,ok,,1.0,600,3,2.0,2.0,3.0,3.0,full,-16924.162300172666,lse,3,3,bic,,0.0346890000218991,0.1014964579953812,,,,,0.0654538329981733,,,,,,
heavy_tail_subspace,8,15,mclust,fixed,ok,,1.0,600,3,8.0,,3.0,3.0,EEI,-7999.013645916068,,3,3,bic,,0.135,0.5384139999951003,,,,,,,,,-3890.75901881936,34.0,-7999.247373168996
heavy_tail_subspace,8,15,pca,fixed,ok,,1.0,600,3,2.0,2.0,3.0,3.0,tied,2968.612855729208,,3,3,bic,0.0008765419916016,0.0157660419936291,0.0192003330012084,,,,,,,,,,,
heavy_tail_subspace,8,15,umap,fixed,ok,,1.0,600,3,2.0,2.0,3.0,3.0,full,4028.892410292504,,3,3,bic,0.7146076250064652,0.0141247499996097,0.7331822090054629,,,,,,,,,,,
heavy_tail_subspace,8,16,ae_relu,fixed,ok,,0.9273042287971182,600,3,2.0,2.0,3.0,3.0,full,4074.0319745117126,,3,3,bic,0.8830389159993501,0.0174067500047385,0.903160082991235,,,,,,relu,597.0,True,,,
heavy_tail_subspace,8,16,ae_tanh,fixed,ok,,0.9369042114799296,600,3,2.0,2.0,3.0,3.0,tied,132.47731158789986,,3,3,bic,0.3573760830040555,0.0259180420107441,0.3855734999960987,,,,,,tanh,137.0,True,,,
heavy_tail_subspace,8,16,autog2m2,fixed,ok,,0.8609747462442544,600,3,2.0,2.0,3.0,3.0,full,-622.9581059654515,,3,3,bic,1.98307320800086,0.0211831670021638,2.0071235000068555,1.755924416007474,0.0136508329887874,0.1123247499926947,0.0174904579907888,,,,,,,
heavy_tail_subspace,8,16,autogmm_spectral,fixed,ok,,0.9322282653663856,600,3,2.0,2.0,3.0,3.0,diag,-15423.604014907314,lse,3,3,bic,,0.0418728750082664,0.1101220830023521,,,,,0.0668521659972611,,,,,,
heavy_tail_subspace,8,16,mclust,fixed,ok,,0.9510940930306288,600,3,8.0,,3.0,3.0,EEI,-8591.636933738675,,3,3,bic,,0.133,0.553296500002034,,,,,,,,,-4187.070662730663,34.0,-8602.538373364234
heavy_tail_subspace,8,16,pca,fixed,ok,,0.9229440107415278,600,3,2.0,2.0,3.0,3.0,tied,3314.9524263621133,,3,3,bic,0.0009419160051038,0.0176369580003665,0.0216320830077165,,,,,,,,,,,
heavy_tail_subspace,8,16,umap,fixed,ok,,0.918348435911004,600,3,2.0,2.0,3.0,3.0,tied,4253.5814412076925,,3,3,bic,0.7419548750040121,0.015142709002248,0.7610030420037219,,,,,,,,,,,
heavy_tail_subspace,8,17,ae_relu,fixed,ok,,0.902869265750403,600,3,2.0,2.0,3.0,3.0,full,4375.422670172891,,3,3,bic,0.1677404590009246,0.0207794589950935,0.1912482089974219,,,,,,relu,105.0,True,,,
heavy_tail_subspace,8,17,ae_tanh,fixed,ok,,0.9751051094453728,600,3,2.0,2.0,3.0,3.0,tied,335.2590050875977,,3,3,bic,0.6172547500027576,0.0263068749918602,0.6459740830032388,,,,,,tanh,184.0,True,,,
heavy_tail_subspace,8,17,autog2m2,fixed,ok,,0.7889387235923845,600,3,2.0,2.0,3.0,3.0,full,-227.90046576307537,,3,3,bic,2.029527540988056,0.03764595798566,2.0819182919949526,1.777520625008037,0.0151816659927135,0.1175015420012641,0.0186729589913738,,,,,,,
heavy_tail_subspace,8,17,autogmm_spectral,fixed,ok,,0.9900168347249766,600,3,2.0,2.0,3.0,3.0,full,-12874.925909990978,lse,3,3,bic,,0.0442471249989466,0.1162494160089409,,,,,0.0705209169973386,,,,,,
heavy_tail_subspace,8,17,mclust,fixed,ok,,0.9900168347249766,600,3,8.0,,3.0,3.0,EEI,-11098.112968594176,,3,3,bic,,0.129,0.5417755840026075,,,,,,,,,-5440.308680158413,34.0,-11103.96951672473
heavy_tail_subspace,8,17,pca,fixed,ok,,0.9801340027693,600,3,2.0,2.0,3.0,3.0,tied,3626.4514448588047,,3,3,bic,0.0009284160041715,0.0161828749987762,0.0199110410030698,,,,,,,,,,,
heavy_tail_subspace,8,17,umap,fixed,ok,,0.9900168347249766,600,3,2.0,2.0,3.0,3.0,full,4173.974910610044,,3,3,bic,0.7264176669996232,0.0150887499912641,0.7461403750057798,,,,,,,,,,,
heavy_tail_subspace,8,18,ae_relu,fixed,ok,,0.985063191387914,600,3,2.0,2.0,3.0,3.0,full,4681.615997061252,,3,3,bic,0.3504582500027027,0.0172873749979771,0.3709165830077836,,,,,,relu,237.0,True,,,
heavy_tail_subspace,8,18,ae_tanh,fixed,ok,,1.0,600,3,2.0,2.0,3.0,3.0,tied,140.2842167119107,,3,3,bic,0.3094738329964457,0.0246577500074636,0.3363827499997569,,,,,,tanh,117.0,True,,,
heavy_tail_subspace,8,18,autog2m2,fixed,ok,,0.9949958125176231,600,3,2.0,2.0,3.0,3.0,full,-1364.2956372198269,,3,3,bic,2.0512275000073714,0.0198695830040378,2.074435041999095,1.810125541989692,0.014090374999796,0.1156964999972842,0.0180796249915147,,,,,,,
heavy_tail_subspace,8,18,autogmm_spectral,fixed,ok,,1.0,600,3,2.0,2.0,3.0,3.0,full,-16517.800027758207,lse,3,3,bic,,0.0419990819937083,0.1109471660020062,,,,,0.0675374999991618,,,,,,
heavy_tail_subspace,8,18,mclust,fixed,ok,,1.0,600,3,8.0,,3.0,3.0,EEI,-9079.49849093135,,3,3,bic,,0.122,0.5287837500072783,,,,,,,,,-4431.001441327,34.0,-9080.715145708094
heavy_tail_subspace,8,18,pca,fixed,ok,,1.0,600,3,2.0,2.0,3.0,3.0,tied,3222.483283050332,,3,3,bic,0.0011507919989526,0.0158150830102385,0.0198707920062588,,,,,,,,,,,
heavy_tail_subspace,8,18,umap,fixed,ok,,1.0,600,3,2.0,2.0,3.0,3.0,full,4201.279539172868,,3,3,bic,0.7231745830067666,0.0144586669921409,0.7416615830006776,,,,,,,,,,,
heavy_tail_subspace,8,19,ae_relu,fixed,ok,,0.9700649355529968,600,3,2.0,2.0,3.0,3.0,full,4372.684105130695,,3,3,bic,0.2836105830065207,0.0202712909958791,0.3069332499871962,,,,,,relu,178.0,True,,,
heavy_tail_subspace,8,19,ae_tanh,fixed,ok,,0.98997916755783,600,3,2.0,2.0,3.0,3.0,spherical,-247.6426283962635,,3,3,bic,0.456237875012448,0.0263433340005576,0.4848192500066943,,,,,,tanh,170.0,True,,,
heavy_tail_subspace,8,19,autog2m2,fixed,ok,,1.0,600,3,2.0,2.0,3.0,3.0,full,-2762.1168131767886,,3,3,bic,2.087562957996852,0.0174275419994955,2.107904165997752,1.805871542004752,0.0280287089990451,0.1481749169906834,0.0187821659928886,,,,,,,
heavy_tail_subspace,8,19,autogmm_spectral,fixed,ok,,0.9900042509932298,600,3,2.0,2.0,3.0,3.0,full,-15672.72351516236,lse,3,3,bic,,0.0391829999862238,0.1092855000024428,,,,,0.0686247920093592,,,,,,
heavy_tail_subspace,8,19,mclust,fixed,ok,,0.9949958125176231,600,3,8.0,,3.0,3.0,EVI,-8315.571001049495,,3,3,bic,,0.159,0.5622770420013694,,,,,,,,,-4004.25918879956,48.0,-8315.573701631502
heavy_tail_subspace,8,19,pca,fixed,ok,,0.9949958125176231,600,3,2.0,2.0,3.0,3.0,spherical,3049.0818964731693,,3,3,bic,0.0008447500003967,0.0165055840043351,0.0200065410026581,,,,,,,,,,,
heavy_tail_subspace,8,19,umap,fixed,ok,,0.9900042509932298,600,3,2.0,2.0,3.0,3.0,tied,4200.140839348303,,3,3,bic,0.7324174999957904,0.0149433750048046,0.7513683750003111,,,,,,,,,,,
heavy_tail_subspace,16,0,ae_relu,fixed,ok,,0.960135919064708,600,3,2.0,2.0,3.0,3.0,full,4798.971788192069,,3,3,bic,0.2459451670001726,0.0169402500032447,0.2656284169934224,,,,,,relu,160.0,True,,,
heavy_tail_subspace,16,0,ae_tanh,fixed,ok,,0.9900041668585104,600,3,2.0,2.0,3.0,3.0,tied,271.9785188517799,,3,3,bic,0.4395880839874735,0.0272781249950639,0.469901624994236,,,,,,tanh,162.0,True,,,
heavy_tail_subspace,16,0,autog2m2,fixed,ok,,0.9045811863331372,600,3,2.0,2.0,3.0,3.0,full,-465.9883999892165,,3,3,bic,2.1998493330029305,0.0176860829960787,2.220293167003547,1.9627106670086505,0.0138379170093685,0.1132064160046866,0.0162337920046411,,,,,,,
heavy_tail_subspace,16,0,autogmm_spectral,fixed,ok,,1.0,600,3,2.0,2.0,3.0,3.0,full,-13682.774627363764,lse,3,3,bic,,0.0656432090036105,0.1830898749904008,,,,,0.1151441669935593,,,,,,
heavy_tail_subspace,16,0,mclust,fixed,ok,,1.0,600,3,16.0,,3.0,3.0,EEI,-22529.62917771591,,3,3,bic,,0.675,1.3361665420088684,,,,,,,,,-11053.715910235822,66.0,-22529.643911734547
heavy_tail_subspace,16,0,pca,fixed,ok,,0.9900041668585104,600,3,2.0,2.0,3.0,3.0,tied,3766.606560020221,,3,3,bic,0.0009711250022519,0.0149639589944854,0.0183078339905478,,,,,,,,,,,
heavy_tail_subspace,16,0,umap,fixed,ok,,0.9949958125176231,600,3,2.0,2.0,3.0,3.0,tied,3709.235962594239,,3,3,bic,0.7192492920003133,0.0151622089906595,0.7389613749983255,,,,,,,,,,,
heavy_tail_subspace,16,1,ae_relu,fixed,ok,,0.9357689467079616,600,3,2.0,2.0,3.0,3.0,full,1603.292363658432,,3,3,bic,0.4280017910059541,0.0286499170033494,0.4593486249941634,,,,,,relu,280.0,True,,,
heavy_tail_subspace,16,1,ae_tanh,fixed,ok,,1.0,600,3,2.0,2.0,3.0,3.0,diag,208.87028610378704,,3,3,bic,0.3041442920075496,0.0254039160063257,0.3321948749944567,,,,,,tanh,111.0,True,,,
heavy_tail_subspace,16,1,autog2m2,fixed,ok,,0.9510940930306288,600,3,2.0,2.0,3.0,3.0,diag,-2487.518413228839,,3,3,bic,2.2116052089986624,0.0159145829966291,2.230818833995727,1.9192805829952704,0.0594304999976884,0.1109954169951379,0.01658879200113,,,,,,,
heavy_tail_subspace,16,1,autogmm_spectral,fixed,ok,,0.98997916755783,600,3,2.0,2.0,3.0,3.0,full,-14597.188233636814,lse,3,3,bic,,0.0810269170033279,0.1958679579984164,,,,,0.1126261669996893,,,,,,
heavy_tail_subspace,16,1,mclust,fixed,ok,,0.980046127139559,600,3,16.0,,3.0,3.0,EEI,-21854.70321440464,,3,3,bic,,0.66,1.328029249998508,,,,,,,,,-10716.252928580188,66.0,-21855.83680188698
heavy_tail_subspace,16,1,pca,fixed,ok,,1.0,600,3,2.0,2.0,3.0,3.0,tied,3660.2828713050912,,3,3,bic,0.0011910419998457,0.0153602079953998,0.0191477080079494,,,,,,,,,,,
heavy_tail_subspace,16,1,umap,fixed,ok,,0.9949958125176231,600,3,2.0,2.0,3.0,3.0,tied,3736.023835065381,,3,3,bic,0.7031835419911658,0.0140633340051863,0.7209418330021435,,,,,,,,,,,
heavy_tail_subspace,16,2,ae_relu,fixed,ok,,0.8765320307516424,600,3,2.0,2.0,3.0,3.0,full,959.0912432526576,,3,3,bic,0.3452181669999845,0.019272584002465,0.3673243750090478,,,,,,relu,210.0,True,,,
heavy_tail_subspace,16,2,ae_tanh,fixed,ok,,1.0,600,3,2.0,2.0,3.0,3.0,diag,-28.54806114836383,,3,3,bic,0.4356809589953627,0.0259326670056907,0.4641330419981386,,,,,,tanh,162.0,True,,,
heavy_tail_subspace,16,2,autog2m2,fixed,ok,,0.9900168347249766,600,3,2.0,2.0,3.0,3.0,full,-326.4710918642132,,3,3,bic,2.2698644580086693,0.0176252079982077,2.2905034170107683,2.050708875001874,0.0129984999948646,0.105338124994887,0.0161333750002086,,,,,,,
heavy_tail_subspace,16,2,autogmm_spectral,fixed,ok,,1.0,600,3,2.0,2.0,3.0,3.0,full,-16416.156062238635,lse,3,3,bic,,0.0659564579982543,0.1785383340029511,,,,,0.1103875419939868,,,,,,
heavy_tail_subspace,16,2,mclust,fixed,ok,,1.0,600,3,16.0,,3.0,3.0,EEI,-20629.050876276822,,3,3,bic,,0.362,1.024000541990972,,,,,,,,,-10103.426759516278,66.0,-20629.050877025096
heavy_tail_subspace,16,2,pca,fixed,ok,,1.0,600,3,2.0,2.0,3.0,3.0,tied,3281.564412462154,,3,3,bic,0.0009347920131403,0.0143298750044777,0.0179237920092418,,,,,,,,,,,
heavy_tail_subspace,16,2,umap,fixed,ok,,1.0,600,3,2.0,2.0,3.0,3.0,tied,3792.413246641563,,3,3,bic,0.7002209999918705,0.014091749995714,0.7181153750134399,,,,,,,,,,,
heavy_tail_subspace,16,3,ae_relu,fixed,ok,,0.9651993696285762,600,3,2.0,2.0,3.0,3.0,full,4316.715299619624,,3,3,bic,0.2374543340119999,0.0160931669961428,0.2562896249874029,,,,,,relu,135.0,True,,,
heavy_tail_subspace,16,3,ae_tanh,fixed,ok,,0.975104690365823,600,3,2.0,2.0,3.0,3.0,tied,507.2209787418378,,3,3,bic,0.2791918330040062,0.0276282499980879,0.3093732910056133,,,,,,tanh,101.0,True,,,
heavy_tail_subspace,16,3,autog2m2,fixed,ok,,0.7890241950082928,600,3,2.0,2.0,3.0,3.0,full,121.59873434879717,,3,3,bic,2.236263791011879,0.0184305000002495,2.2575897079950664,2.004733750000014,0.0141883750038687,0.1087110000080429,0.0161500419926596,,,,,,,
heavy_tail_subspace,16,3,autogmm_spectral,fixed,ok,,0.9751051094453728,600,3,2.0,2.0,3.0,3.0,full,-13126.360951652168,lse,3,3,bic,,0.0687879159959266,0.1843685839994577,,,,,0.1134032499976456,,,,,,
heavy_tail_subspace,16,3,mclust,fixed,ok,,0.9900166666666668,600,3,16.0,,3.0,3.0,VEI,-23577.558382969983,,3,3,bic,,0.4900000000000001,1.1455741669924464,,,,,,,,,-11571.283583207642,68.0,-23581.354105926686
heavy_tail_subspace,16,3,pca,fixed,ok,,0.9800459591868133,600,3,2.0,2.0,3.0,3.0,tied,3733.1153851887616,,3,3,bic,0.000930458001676,0.0145222079881932,0.0179752499971073,,,,,,,,,,,
heavy_tail_subspace,16,3,umap,fixed,ok,,0.9751797317603416,600,3,2.0,2.0,3.0,3.0,tied,3711.678219616872,,3,3,bic,0.7071416670078179,0.0141070840036263,0.7249785829917528,,,,,,,,,,,
heavy_tail_subspace,16,4,ae_relu,fixed,ok,,0.985063191387914,600,3,2.0,2.0,3.0,3.0,full,4402.8518064067775,,3,3,bic,0.4251360420021228,0.0160183329862775,0.4440950419957516,,,,,,relu,280.0,True,,,
heavy_tail_subspace,16,4,ae_tanh,fixed,ok,,1.0,600,3,2.0,2.0,3.0,3.0,tied,-255.33886324474724,,3,3,bic,0.4613350840081693,0.0267084579973015,0.4905662079981994,,,,,,tanh,164.0,True,,,
heavy_tail_subspace,16,4,autog2m2,fixed,ok,,0.9459905500058544,600,3,2.0,2.0,3.0,3.0,full,-2086.7979037951864,,3,3,bic,2.215035125002032,0.0170903329999418,2.23679725000693,1.9589608749956824,0.0684923749940935,0.08717387499928,0.0161768329999176,,,,,,,
heavy_tail_subspace,16,4,autogmm_spectral,fixed,ok,,1.0,600,3,2.0,2.0,3.0,3.0,tied,-17893.66248156326,lse,3,3,bic,,0.0606486670003505,0.1726844579970929,,,,,0.1099048330070218,,,,,,
heavy_tail_subspace,16,4,mclust,fixed,ok,,1.0,600,3,16.0,,3.0,3.0,VEI,-17802.64140062082,,3,3,bic,,0.386,1.0397472089971416,,,,,,,,,-8683.825092033061,68.0,-17802.64140062082
heavy_tail_subspace,16,4,pca,fixed,ok,,1.0,600,3,2.0,2.0,3.0,3.0,spherical,3310.203482649306,,3,3,bic,0.000940082987654,0.0144809170014923,0.0182182080025086,,,,,,,,,,,
heavy_tail_subspace,16,4,umap,fixed,ok,,1.0,600,3,2.0,2.0,3.0,3.0,diag,3799.537695332444,,3,3,bic,0.7043953340034932,0.0143897920061135,0.7226528330065776,,,,,,,,,,,
heavy_tail_subspace,16,5,ae_relu,fixed,ok,,0.9949958125176231,600,3,2.0,2.0,3.0,3.0,full,4073.630541307017,,3,3,bic,0.2420041669975035,0.0144762089912546,0.2660178329970222,,,,,,relu,150.0,True,,,
heavy_tail_subspace,16,5,ae_tanh,fixed,ok,,1.0,600,3,2.0,2.0,3.0,3.0,tied,-58.10214312982264,,3,3,bic,0.3455072090000612,0.0263616669981274,0.3746240420005051,,,,,,tanh,129.0,True,,,
heavy_tail_subspace,16,5,autog2m2,fixed,ok,,0.9949958125176231,600,3,2.0,2.0,3.0,3.0,full,-606.9452730275721,,3,3,bic,2.1779825419944245,0.0176467499986756,2.198527790998924,1.9586277919879649,0.0130192080105189,0.1079732910002349,0.0161833330057561,,,,,,,
heavy_tail_subspace,16,5,autogmm_spectral,fixed,ok,,1.0,600,3,2.0,2.0,3.0,3.0,full,-16869.36700844867,lse,3,3,bic,,0.0627020420070039,0.1786999580072006,,,,,0.1138067919964669,,,,,,
heavy_tail_subspace,16,5,mclust,fixed,ok,,1.0,600,3,16.0,,3.0,3.0,EEI,-19941.400923682653,,3,3,bic,,0.7270000000000001,1.3835051250061952,,,,,,,,,-9759.601783219194,66.0,-19941.400923685196
heavy_tail_subspace,16,5,pca,fixed,ok,,1.0,600,3,2.0,2.0,3.0,3.0,tied,3355.167233817169,,3,3,bic,0.0009222500084433,0.0147554169961949,0.0260735830088378,,,,,,,,,,,
heavy_tail_subspace,16,5,umap,fixed,ok,,1.0,600,3,2.0,2.0,3.0,3.0,tied,3709.651895080268,,3,3,bic,0.7022842919977847,0.0143359170033363,0.7209642089874251,,,,,,,,,,,
heavy_tail_subspace,16,6,ae_relu,fixed,ok,,0.9949958125176231,600,3,2.0,2.0,3.0,3.0,full,4572.9991438303,,3,3,bic,0.2963504170038504,0.0155630420049419,0.3147986669937381,,,,,,relu,193.0,True,,,
heavy_tail_subspace,16,6,ae_tanh,fixed,ok,,1.0,600,3,2.0,2.0,3.0,3.0,tied,-73.5583818204807,,3,3,bic,0.3027037919964641,0.0262502910045441,0.3315145410015248,,,,,,tanh,101.0,True,,,
heavy_tail_subspace,16,6,autog2m2,fixed,ok,,0.970166769071648,600,3,2.0,2.0,3.0,3.0,diag,-2261.9950125482146,,3,3,bic,2.1355755830009,0.0161138749972451,2.154785958002321,1.9221216250007271,0.0129969589906977,0.1020012920052977,0.0160130830045091,,,,,,,
heavy_tail_subspace,16,6,autogmm_spectral,fixed,ok,,1.0,600,3,2.0,2.0,3.0,3.0,full,-16565.675571066484,lse,3,3,bic,,0.0646653749863617,0.1782241670007351,,,,,0.1114666249923175,,,,,,
heavy_tail_subspace,16,6,mclust,fixed,ok,,1.0,600,3,16.0,,3.0,3.0,EEI,-19780.808011718644,,3,3,bic,,0.314,0.972243124997476,,,,,,,,,-9679.305327237187,66.0,-19780.808016592742
heavy_tail_subspace,16,6,pca,fixed,ok,,1.0,600,3,2.0,2.0,3.0,3.0,tied,3329.929163812302,,3,3,bic,0.0009231669973814,0.0143529579945607,0.0176758329907897,,,,,,,,,,,
heavy_tail_subspace,16,6,umap,fixed,ok,,1.0,600,3,2.0,2.0,3.0,3.0,tied,3697.578481333127,,3,3,bic,0.7244924580008956,0.0141699999949196,0.7425566250021802,,,,,,,,,,,
heavy_tail_subspace,16,7,ae_relu,fixed,ok,,1.0,600,3,2.0,2.0,3.0,3.0,full,4848.858450615077,,3,3,bic,0.6179186250083148,0.0168259170022793,0.637589374993695,,,,,,relu,405.0,True,,,
heavy_tail_subspace,16,7,ae_tanh,fixed,ok,,1.0,600,3,2.0,2.0,3.0,3.0,tied,-102.19588761906756,,3,3,bic,0.4330808750091819,0.0266695830068783,0.4622986250033136,,,,,,tanh,158.0,True,,,
heavy_tail_subspace,16,7,autog2m2,fixed,ok,,0.980096629062875,600,3,2.0,2.0,3.0,3.0,full,-2588.4167839180795,,3,3,bic,2.1375107080093585,0.0168120839953189,2.158146999994642,1.9200095420092111,0.0602858750062296,0.0517653749993769,0.0170682909956667,,,,,,,
heavy_tail_subspace,16,7,autogmm_spectral,fixed,ok,,1.0,600,3,2.0,2.0,3.0,3.0,tied,-17786.21136939468,lse,3,3,bic,,0.0444821250130189,0.1214479170012055,,,,,0.0756363330001477,,,,,,
heavy_tail_subspace,16,7,mclust,fixed,ok,,1.0,600,3,16.0,,3.0,3.0,VEI,-19561.963128975905,,3,3,bic,,0.259,0.6715749580034753,,,,,,,,,-9563.485956210605,68.0,-19561.96312900242
heavy_tail_subspace,16,7,pca,fixed,ok,,1.0,600,3,2.0,2.0,3.0,3.0,tied,3480.834191606664,,3,3,bic,0.0012400419946061,0.0159988329978659,0.0206561670056544,,,,,,,,,,,
heavy_tail_subspace,16,7,umap,fixed,ok,,1.0,600,3,2.0,2.0,3.0,3.0,tied,3785.116034694433,,3,3,bic,0.7127004159992794,0.0140827499999431,0.7306930410122732,,,,,,,,,,,
heavy_tail_subspace,16,8,ae_relu,fixed,ok,,0.985063191387914,600,3,2.0,2.0,3.0,3.0,full,4111.536492474874,,3,3,bic,0.3091494590044021,0.0180255830055102,0.3301496250060154,,,,,,relu,166.0,True,,,
heavy_tail_subspace,16,8,ae_tanh,fixed,ok,,0.9900041668585104,600,3,2.0,2.0,3.0,3.0,tied,115.58493414756872,,3,3,bic,0.4937488750001648,0.0252173340122681,0.521613624994643,,,,,,tanh,185.0,True,,,
heavy_tail_subspace,16,8,autog2m2,fixed,ok,,0.8849023917726817,600,3,2.0,2.0,3.0,3.0,full,-922.7355966156272,,3,3,bic,3.1441520000080345,0.0200099169887835,3.1677661249996163,2.893575875001261,0.0155190419900463,0.1167015829996671,0.0210718340094899,,,,,,,
heavy_tail_subspace,16,8,autogmm_spectral,fixed,ok,,0.9900168347249766,600,3,2.0,2.0,3.0,3.0,full,-14248.501059419596,lse,3,3,bic,,0.0427615829976275,0.1172400000068591,,,,,0.073011165994103,,,,,,
heavy_tail_subspace,16,8,mclust,fixed,ok,,1.0,600,3,16.0,,3.0,3.0,EEI,-22295.49470335144,,3,3,bic,,0.384,0.8486204579967307,,,,,,,,,-10936.648673053587,66.0,-22295.71245900942
heavy_tail_subspace,16,8,pca,fixed,ok,,0.9900041668585104,600,3,2.0,2.0,3.0,3.0,tied,3791.464224039557,,3,3,bic,0.0011922079866053,0.0171060830034548,0.0213050840102368,,,,,,,,,,,
heavy_tail_subspace,16,8,umap,fixed,ok,,1.0,600,3,2.0,2.0,3.0,3.0,tied,3701.227255544273,,3,3,bic,0.7396769999904791,0.015627457993105,0.7593329999945126,,,,,,,,,,,
heavy_tail_subspace,16,9,ae_relu,fixed,ok,,0.9949958125176231,600,3,2.0,2.0,3.0,3.0,full,4505.894350105564,,3,3,bic,0.228269667000859,0.0159282079985132,0.2468909159942995,,,,,,relu,122.0,True,,,
heavy_tail_subspace,16,9,ae_tanh,fixed,ok,,0.9949958125176231,600,3,2.0,2.0,3.0,3.0,tied,54.95689307398799,,3,3,bic,0.2518837500101654,0.0237987080035964,0.2783395830047084,,,,,,tanh,97.0,True,,,
heavy_tail_subspace,16,9,autog2m2,fixed,ok,,0.9652719836891508,600,3,2.0,2.0,3.0,3.0,full,-1636.677508980853,,3,3,bic,2.162696583996876,0.023202249998576,2.1899744580005063,1.9221645000070569,0.0136282500025117,0.125639666992356,0.0176904999971156,,,,,,,
heavy_tail_subspace,16,9,autogmm_spectral,fixed,ok,,1.0,600,3,2.0,2.0,3.0,3.0,full,-15877.141370189333,lse,3,3,bic,,0.0399505009845597,0.110782083007507,,,,,0.0694614160020137,,,,,,
heavy_tail_subspace,16,9,mclust,fixed,ok,,1.0,600,3,16.0,,3.0,3.0,EEI,-21093.83033867981,,3,3,bic,,0.303,0.7104475840023952,,,,,,,,,-10335.816490717772,66.0,-21093.83079184396
heavy_tail_subspace,16,9,pca,fixed,ok,,1.0,600,3,2.0,2.0,3.0,3.0,tied,3467.71412277374,,3,3,bic,0.0016102910012705,0.016847165999934,0.0219799999904353,,,,,,,,,,,
heavy_tail_subspace,16,9,umap,fixed,ok,,1.0,600,3,2.0,2.0,3.0,3.0,spherical,3790.2213550226606,,3,3,bic,0.7481590840034187,0.0152477499941596,0.7673501249955734,,,,,,,,,,,
heavy_tail_subspace,16,10,ae_relu,fixed,ok,,0.9356843567861034,600,3,2.0,2.0,3.0,3.0,full,4871.368344295175,,3,3,bic,0.3663002499961294,0.0199496669956715,0.3895606250007404,,,,,,relu,232.0,True,,,
heavy_tail_subspace,16,10,ae_tanh,fixed,ok,,0.975229899053398,600,3,2.0,2.0,3.0,3.0,tied,208.3914668117665,,3,3,bic,0.4622165420005331,0.0266411250049714,0.4916925410070689,,,,,,tanh,175.0,True,,,
heavy_tail_subspace,16,10,autog2m2,fixed,ok,,0.980046127139559,600,3,2.0,2.0,3.0,3.0,full,-709.7048498353975,,3,3,bic,2.190970792013104,0.0187122920033289,2.212513125006808,1.954330791995744,0.0139902079972671,0.1157166670018341,0.0161283750057918,,,,,,,
heavy_tail_subspace,16,10,autogmm_spectral,fixed,ok,,0.9850626884924544,600,3,2.0,2.0,3.0,3.0,full,-14616.770368502106,lse,3,3,bic,,0.0487024590111104,0.119056208000984,,,,,0.0690007499943021,,,,,,
heavy_tail_subspace,16,10,mclust,fixed,ok,,0.9949958125176231,600,3,16.0,,3.0,3.0,EEI,-21906.702305278395,,3,3,bic,,0.397,0.802771542003029,,,,,,,,,-10742.252474017065,66.0,-21908.92458962821
heavy_tail_subspace,16,10,pca,fixed,ok,,0.975229899053398,600,3,2.0,2.0,3.0,3.0,tied,3694.263348792842,,3,3,bic,0.0009805419977055,0.0145819159952225,0.0180600419989787,,,,,,,,,,,
heavy_tail_subspace,16,10,umap,fixed,ok,,0.9900166666666668,600,3,2.0,2.0,3.0,3.0,tied,3766.952469608538,,3,3,bic,0.703044833993772,0.0169885420036735,0.7245339590008371,,,,,,,,,,,
heavy_tail_subspace,16,11,ae_relu,fixed,ok,,0.8298464806063685,600,3,2.0,2.0,3.0,3.0,full,4215.116989841525,,3,3,bic,0.1447524999966845,0.0262711660034256,0.1735894580051535,,,,,,relu,90.0,True,,,
heavy_tail_subspace,16,11,ae_tanh,fixed,ok,,0.95082599438184,600,3,2.0,2.0,3.0,3.0,tied,725.0477879652857,,3,3,bic,0.2501752499956637,0.0290868339943699,0.2821518749988172,,,,,,tanh,91.0,True,,,
heavy_tail_subspace,16,11,autog2m2,fixed,ok,,0.8316294329396687,600,3,2.0,2.0,3.0,3.0,diag,292.0238109344102,,3,3,bic,2.208191625002655,0.0215770840004552,2.2327952079940587,1.976625833005528,0.0141757499950472,0.1067415830038953,0.0160487910034135,,,,,,,
heavy_tail_subspace,16,11,autogmm_spectral,fixed,ok,,0.9505908307119924,600,3,2.0,2.0,3.0,3.0,full,-11864.647463937994,lse,3,3,bic,,0.0367141669994453,0.1117014160117833,,,,,0.0735769589955452,,,,,,
heavy_tail_subspace,16,11,mclust,fixed,ok,,0.965222402262982,600,3,16.0,,3.0,3.0,EEI,-24847.571474472228,,3,3,bic,,0.757,1.1646912080032052,,,,,,,,,-12212.68705861398,66.0,-24858.565039941765
heavy_tail_subspace,16,11,pca,fixed,ok,,0.955618223104696,600,3,2.0,2.0,3.0,3.0,tied,3996.1448333726166,,3,3,bic,0.0012577919987961,0.0147819580015493,0.0184860000008484,,,,,,,,,,,
heavy_tail_subspace,16,11,umap,fixed,ok,,0.960505798541342,600,3,2.0,2.0,3.0,3.0,tied,3765.302311233045,,3,3,bic,0.7218184160010424,0.0165863750007702,0.7438929159980034,,,,,,,,,,,
heavy_tail_subspace,16,12,ae_relu,fixed,ok,,0.611485124255508,600,3,2.0,2.0,3.0,3.0,full,2626.743172408212,,3,3,bic,0.1276442500093253,0.0347092919982969,0.1651713750034105,,,,,,relu,79.0,True,,,
heavy_tail_subspace,16,12,ae_tanh,fixed,ok,,0.9461647497371104,600,3,2.0,2.0,3.0,3.0,tied,619.0471353233277,,3,3,bic,0.3571853750036098,0.0278183750051539,0.3874549589963862,,,,,,tanh,132.0,True,,,
heavy_tail_subspace,16,12,autog2m2,fixed,ok,,0.8045535275386954,600,3,2.0,2.0,3.0,3.0,full,-149.6529279293768,,3,3,bic,2.213482457998907,0.019430291999015,2.235642250001547,1.979088041000068,0.0155961249984102,0.1128836659918306,0.0162167090020375,,,,,,,
heavy_tail_subspace,16,12,autogmm_spectral,fixed,ok,,0.9702640879067904,600,3,2.0,2.0,3.0,3.0,full,-12170.154648362162,lse,3,3,bic,,0.0482436659949598,0.1226307079923572,,,,,0.07303425000282,,,,,,
heavy_tail_subspace,16,12,mclust,fixed,ok,,0.9900168347249766,600,3,16.0,,3.0,3.0,EEI,-23920.75276028055,,3,3,bic,,0.837,1.2410524169972632,,,,,,,,,-11749.277701518142,66.0,-23924.020951483028
heavy_tail_subspace,16,12,pca,fixed,ok,,0.9509279759843672,600,3,2.0,2.0,3.0,3.0,tied,3895.925479406183,,3,3,bic,0.0011497499945107,0.0145998329971916,0.0184162079967791,,,,,,,,,,,
heavy_tail_subspace,16,12,umap,fixed,ok,,0.9605843671144558,600,3,2.0,2.0,3.0,3.0,tied,3800.4731847067455,,3,3,bic,0.7049747080018278,0.0141644999966956,0.723897665986442,,,,,,,,,,,
heavy_tail_subspace,16,13,ae_relu,fixed,ok,,1.0,600,3,2.0,2.0,3.0,3.0,full,4232.509832734635,,3,3,bic,0.5319179169891868,0.0183527909975964,0.5533403750014259,,,,,,relu,290.0,True,,,
heavy_tail_subspace,16,13,ae_tanh,fixed,ok,,1.0,600,3,2.0,2.0,3.0,3.0,tied,-24.01468383284687,,3,3,bic,0.2841743750032037,0.0278558330028317,0.3148310830001719,,,,,,tanh,102.0,True,,,
heavy_tail_subspace,16,13,autog2m2,fixed,ok,,0.9655044126264666,600,3,2.0,2.0,3.0,3.0,diag,-1079.781642967776,,3,3,bic,2.7206822499865666,0.0257294170005479,2.751051458006259,2.4197979159944225,0.017085749990656,0.1540502089919755,0.0213198330020532,,,,,,,
heavy_tail_subspace,16,13,autogmm_spectral,fixed,ok,,0.9949958125176231,600,3,2.0,2.0,3.0,3.0,full,-16571.688645508806,lse,3,3,bic,,0.0376317079935688,0.1060027500061551,,,,,0.067011041988735,,,,,,
heavy_tail_subspace,16,13,mclust,fixed,ok,,1.0,600,3,16.0,,3.0,3.0,EEI,-20090.845250820297,,3,3,bic,,0.369,0.7736517500015907,,,,,,,,,-9834.323946788014,66.0,-20090.8454952306
heavy_tail_subspace,16,13,pca,fixed,ok,,1.0,600,3,2.0,2.0,3.0,3.0,tied,3483.3892878802744,,3,3,bic,0.0011365420068614,0.0190527500089956,0.0231022910011233,,,,,,,,,,,
heavy_tail_subspace,16,13,umap,fixed,ok,,1.0,600,3,2.0,2.0,3.0,3.0,tied,3804.6323756616175,,3,3,bic,0.8877982499980135,0.0169466660008765,0.908885917000589,,,,,,,,,,,
heavy_tail_subspace,16,14,ae_relu,fixed,ok,,0.9800845066199756,600,3,2.0,2.0,3.0,3.0,full,4955.917332787567,,3,3,bic,0.5546695000084583,0.0192629999946802,0.5770462919899728,,,,,,relu,315.0,True,,,
heavy_tail_subspace,16,14,ae_tanh,fixed,ok,,1.0,600,3,2.0,2.0,3.0,3.0,tied,-39.03067529523953,,3,3,bic,0.5393784580082865,0.0267472910054493,0.5692024999880232,,,,,,tanh,200.0,True,,,
heavy_tail_subspace,16,14,autog2m2,fixed,ok,,0.970166769071648,600,3,2.0,2.0,3.0,3.0,full,-475.99754148121735,,3,3,bic,2.517110832995968,0.0204079999966779,2.54069837499992,2.234549834000063,0.0157522919907933,0.1453062090004095,0.0185614590009208,,,,,,,
heavy_tail_subspace,16,14,autogmm_spectral,fixed,ok,,0.9949958125176231,600,3,2.0,2.0,3.0,3.0,full,-16072.7973349225,lse,3,3,bic,,0.0391474579955684,0.1077744170033838,,,,,0.0672615000075893,,,,,,
heavy_tail_subspace,16,14,mclust,fixed,ok,,0.9949958125176231,600,3,16.0,,3.0,3.0,EEI,-19027.502466383183,,3,3,bic,,0.431,0.8370194580056705,,,,,,,,,-9302.65255456946,66.0,-19027.743767071817
heavy_tail_subspace,16,14,pca,fixed,ok,,1.0,600,3,2.0,2.0,3.0,3.0,tied,3477.597961127013,,3,3,bic,0.0015607909881509,0.0182040419895201,0.0230109580006683,,,,,,,,,,,
heavy_tail_subspace,16,14,umap,fixed,ok,,1.0,600,3,2.0,2.0,3.0,3.0,tied,3774.618995060915,,3,3,bic,0.8253631249972386,0.0164161249995231,0.8456888340006117,,,,,,,,,,,
heavy_tail_subspace,16,15,ae_relu,fixed,ok,,0.9604759909472224,600,3,2.0,2.0,3.0,3.0,full,4870.568119079243,,3,3,bic,0.2519083329971181,0.0196648330020252,0.2745405000023311,,,,,,relu,139.0,True,,,
heavy_tail_subspace,16,15,ae_tanh,fixed,ok,,0.9900168347249766,600,3,2.0,2.0,3.0,3.0,tied,374.2970783994576,,3,3,bic,0.4295439160050591,0.0286629999900469,0.4611520829930668,,,,,,tanh,161.0,True,,,
heavy_tail_subspace,16,15,autog2m2,fixed,ok,,0.985037604845926,600,3,2.0,2.0,3.0,3.0,full,-729.8245512522753,,3,3,bic,2.338894000000437,0.0185114170017186,2.362535749998642,2.0794724590086844,0.0156371669872896,0.1241832090017851,0.0181887499929871,,,,,,,
heavy_tail_subspace,16,15,autogmm_spectral,fixed,ok,,1.0,600,3,2.0,2.0,3.0,3.0,full,-12767.599296300856,lse,3,3,bic,,0.041711458019563,0.1132242500025313,,,,,0.0701804590062238,,,,,,
heavy_tail_subspace,16,15,mclust,fixed,ok,,1.0,600,3,16.0,,3.0,3.0,VEI,-23716.0353545584,,3,3,bic,,0.399,0.8198205420048907,,,,,,,,,-11640.52206900185,68.0,-23716.27374798576
heavy_tail_subspace,16,15,pca,fixed,ok,,0.9949958125176231,600,3,2.0,2.0,3.0,3.0,tied,3756.339599710984,,3,3,bic,0.0012695420009549,0.0174752500024624,0.0221772500080987,,,,,,,,,,,
heavy_tail_subspace,16,15,umap,fixed,ok,,0.9949958125176231,600,3,2.0,2.0,3.0,3.0,tied,3732.045862755406,,3,3,bic,0.734333707994665,0.0145349999947939,0.7527609579992713,,,,,,,,,,,
heavy_tail_subspace,16,16,ae_relu,fixed,ok,,0.7720372864268803,600,3,2.0,2.0,3.0,3.0,full,2348.123658867486,,3,3,bic,0.3198785409913398,0.0294488340005045,0.3525159170094412,,,,,,relu,203.0,True,,,
heavy_tail_subspace,16,16,ae_tanh,fixed,ok,,0.9949958125176231,600,3,2.0,2.0,3.0,3.0,tied,360.3208179522594,,3,3,bic,0.3302126250055153,0.0243699169950559,0.3569134999997914,,,,,,tanh,125.0,True,,,
heavy_tail_subspace,16,16,autog2m2,fixed,ok,,0.9454525651452548,600,3,2.0,2.0,3.0,3.0,diag,-1208.3286606127142,,3,3,bic,2.395835707997321,0.0266905409953324,2.425579040995217,2.142779750007321,0.0150354169891215,0.1245920000073965,0.0176723750046221,,,,,,,
heavy_tail_subspace,16,16,autogmm_spectral,fixed,ok,,1.0,600,3,2.0,2.0,3.0,3.0,full,-14405.952206462593,lse,3,3,bic,,0.0392572499986272,0.1123499170062132,,,,,0.0717084999923827,,,,,,
heavy_tail_subspace,16,16,mclust,fixed,ok,,1.0,600,3,16.0,,3.0,3.0,EEI,-22122.086160310988,,3,3,bic,,0.27,0.6794740000041202,,,,,,,,,-10849.94440153336,66.0,-22122.094712486
heavy_tail_subspace,16,16,pca,fixed,ok,,0.9949958125176231,600,3,2.0,2.0,3.0,3.0,tied,3486.611593619572,,3,3,bic,0.0011114999942947,0.0169012499973177,0.0206481669883942,,,,,,,,,,,
heavy_tail_subspace,16,16,umap,fixed,ok,,1.0,600,3,2.0,2.0,3.0,3.0,tied,3778.365290299907,,3,3,bic,0.7594071670027915,0.0147818750119768,0.7783797079900978,,,,,,,,,,,
heavy_tail_subspace,16,17,ae_relu,fixed,ok,,0.8771493741597818,600,3,2.0,2.0,3.0,3.0,full,1581.7544819440038,,3,3,bic,0.131952583004022,0.0231264590111095,0.1577379580121487,,,,,,relu,82.0,True,,,
heavy_tail_subspace,16,17,ae_tanh,fixed,ok,,0.98997916755783,600,3,2.0,2.0,3.0,3.0,diag,399.0527979531519,,3,3,bic,0.2452718330023344,0.0270524579973425,0.2751778329984518,,,,,,tanh,87.0,True,,,
heavy_tail_subspace,16,17,autog2m2,fixed,ok,,0.9702521723567896,600,3,2.0,2.0,3.0,3.0,full,-638.7182657421783,,3,3,bic,2.358559250002145,0.0200172920012846,2.382245500004501,2.117550791997928,0.0144299170060548,0.1176099580043228,0.0179527919972315,,,,,,,
heavy_tail_subspace,16,17,autogmm_spectral,fixed,ok,,1.0,600,3,2.0,2.0,3.0,3.0,full,-15488.654577410718,lse,3,3,bic,,0.0373834159981925,0.1069772499904502,,,,,0.0682655840064399,,,,,,
heavy_tail_subspace,16,17,mclust,fixed,ok,,1.0,600,3,16.0,,3.0,3.0,EEI,-21257.275358415485,,3,3,bic,,0.377,0.7840376249951078,,,,,,,,,-10417.53900058561,66.0,-21257.27593537254
heavy_tail_subspace,16,17,pca,fixed,ok,,0.9949958125176231,600,3,2.0,2.0,3.0,3.0,tied,3610.802739414587,,3,3,bic,0.0014567499893018,0.0172337090043583,0.0220721250079805,,,,,,,,,,,
heavy_tail_subspace,16,17,umap,fixed,ok,,1.0,600,3,2.0,2.0,3.0,3.0,tied,3783.497271475251,,3,3,bic,0.7588277500035474,0.0145041670039063,0.7771050000010291,,,,,,,,,,,
heavy_tail_subspace,16,18,ae_relu,fixed,ok,,0.9900042509932298,600,3,2.0,2.0,3.0,3.0,full,4811.028697619429,,3,3,bic,0.4029097919992637,0.0195100419950904,0.4255673750012647,,,,,,relu,254.0,True,,,
heavy_tail_subspace,16,18,ae_tanh,fixed,ok,,0.9850125211993978,600,3,2.0,2.0,3.0,3.0,tied,473.8425238366388,,3,3,bic,0.3100250409916043,0.0256363750086165,0.3382554999989224,,,,,,tanh,115.0,True,,,
heavy_tail_subspace,16,18,autog2m2,fixed,ok,,0.975179940672022,600,3,2.0,2.0,3.0,3.0,full,-556.7913517248427,,3,3,bic,2.4077180410095025,0.0206839169986778,2.4316457909881137,2.1453759590076515,0.0160325420001754,0.1237039580009877,0.0183481669955654,,,,,,,
heavy_tail_subspace,16,18,autogmm_spectral,fixed,ok,,0.9949958125176231,600,3,2.0,2.0,3.0,3.0,full,-13950.018694049188,lse,3,3,bic,,0.044352583005093,0.1154939169937279,,,,,0.0697991659981198,,,,,,
heavy_tail_subspace,16,18,mclust,fixed,ok,,1.0,600,3,16.0,,3.0,3.0,EEI,-22646.97685276615,,3,3,bic,,0.508,0.912652667000657,,,,,,,,,-11112.389747760944,66.0,-22647.03005915136
heavy_tail_subspace,16,18,pca,fixed,ok,,0.98997916755783,600,3,2.0,2.0,3.0,3.0,tied,3789.9275413586574,,3,3,bic,0.0015464579919353,0.0171135830023558,0.0217028749902965,,,,,,,,,,,
heavy_tail_subspace,16,18,umap,fixed,ok,,0.9949958125176231,600,3,2.0,2.0,3.0,3.0,tied,3713.6502600306862,,3,3,bic,0.7684845409967238,0.0145948749996023,0.7866234999964945,,,,,,,,,,,
heavy_tail_subspace,16,19,ae_relu,fixed,ok,,0.9850125211993978,600,3,2.0,2.0,3.0,3.0,full,4609.341631858405,,3,3,bic,0.3472938330087345,0.0198594170069554,0.3700469169998541,,,,,,relu,200.0,True,,,
heavy_tail_subspace,16,19,ae_tanh,fixed,ok,,0.9900042509932298,600,3,2.0,2.0,3.0,3.0,tied,372.6243576981459,,3,3,bic,0.3919129589921795,0.027187582993065,0.4220080420054728,,,,,,tanh,143.0,True,,,
heavy_tail_subspace,16,19,autog2m2,fixed,ok,,0.8897947304695887,600,3,2.0,2.0,3.0,3.0,full,-6.134697125180693,,3,3,bic,2.507479833002435,0.0191329999943263,2.5294804580044,2.2485555830062367,0.0157416250003734,0.1243279579939553,0.0175972080032806,,,,,,,
heavy_tail_subspace,16,19,autogmm_spectral,fixed,ok,,0.9949958125176231,600,3,2.0,2.0,3.0,3.0,full,-13669.978868614577,lse,3,3,bic,,0.0493605000083334,0.1210637500043958,,,,,0.0703508339938707,,,,,,
heavy_tail_subspace,16,19,mclust,fixed,ok,,0.98997916755783,600,3,16.0,,3.0,3.0,EEI,-23039.12132639046,,3,3,bic,,0.42,0.8251190419978229,,,,,,,,,-11308.461984573098,66.0,-23039.25431888189
heavy_tail_subspace,16,19,pca,fixed,ok,,0.9949958125176231,600,3,2.0,2.0,3.0,3.0,tied,3863.592661126182,,3,3,bic,0.0010137909994227,0.015697041992098,0.0194810419925488,,,,,,,,,,,
heavy_tail_subspace,16,19,umap,fixed,ok,,0.9949958125176231,600,3,2.0,2.0,3.0,3.0,tied,3667.5867281750407,,3,3,bic,0.7543184999958612,0.0153956249996554,0.7737852089921944,,,,,,,,,,,
heavy_tail_subspace,32,0,ae_relu,fixed,ok,,0.9949958125176231,600,3,2.0,2.0,3.0,3.0,full,4608.059621181976,,3,3,bic,0.2005008749983972,0.0146301250060787,0.2179964170063613,,,,,,relu,118.0,True,,,
heavy_tail_subspace,32,0,ae_tanh,fixed,ok,,0.9900041668585104,600,3,2.0,2.0,3.0,3.0,full,466.3673703651774,,3,3,bic,0.195067916996777,0.0308177080005407,0.2288912079966394,,,,,,tanh,66.0,True,,,
heavy_tail_subspace,32,0,autog2m2,fixed,ok,,1.0,600,3,2.0,2.0,3.0,3.0,full,-2532.46237645104,,3,3,bic,2.397392416998628,0.0144351250055478,2.4146970409929054,2.177544875012245,0.055867417002446,0.0596670000086305,0.0161533329956,,,,,,,
heavy_tail_subspace,32,0,autogmm_spectral,fixed,ok,,1.0,600,3,2.0,2.0,3.0,3.0,full,-14729.312504955971,lse,3,3,bic,,0.07798470898706,0.1960105410107644,,,,,0.1159290000068722,,,,,,
heavy_tail_subspace,32,0,mclust,fixed,ok,,1.0,600,3,32.0,,3.0,3.0,EEI,-46538.002125821695,,3,3,bic,,3.162,3.826400417005061,,,,,,,,,-22853.2006353218,130.0,-46538.00212583267
heavy_tail_subspace,32,0,pca,fixed,ok,,1.0,600,3,2.0,2.0,3.0,3.0,tied,3511.0942453457437,,3,3,bic,0.0013202919944887,0.0147257500066189,0.018620542003191,,,,,,,,,,,
heavy_tail_subspace,32,0,umap,fixed,ok,,1.0,600,3,2.0,2.0,3.0,3.0,tied,3492.4566754969364,,3,3,bic,0.7333319169993047,0.0143885829893406,0.7513230409967946,,,,,,,,,,,
heavy_tail_subspace,32,1,ae_relu,fixed,ok,,0.9900168347249766,600,3,2.0,2.0,3.0,3.0,full,4462.589241790375,,3,3,bic,0.2319114589918172,0.0168693750019883,0.2518519169971114,,,,,,relu,135.0,True,,,
heavy_tail_subspace,32,1,ae_tanh,fixed,ok,,0.9751565300923696,600,3,2.0,2.0,3.0,3.0,spherical,560.6872981626924,,3,3,bic,0.2521957080025458,0.026215999998385,0.2815398749953601,,,,,,tanh,85.0,True,,,
heavy_tail_subspace,32,1,autog2m2,fixed,ok,,1.0,600,3,2.0,2.0,3.0,3.0,full,-632.9595428984316,,3,3,bic,2.524666707991855,0.0180399169912561,2.545972499996424,2.294155999989016,0.0141131249984027,0.1082458749879151,0.0162737919890787,,,,,,,
heavy_tail_subspace,32,1,autogmm_spectral,fixed,ok,,1.0,600,3,2.0,2.0,3.0,3.0,full,-12640.411950978509,lse,3,3,bic,,0.0647365409968188,0.19447170800413,,,,,0.1272844170016469,,,,,,
heavy_tail_subspace,32,1,mclust,fixed,ok,,0.9949958125176231,600,3,32.0,,3.0,3.0,EEI,-48750.90502235218,,3,3,bic,,4.119000000000001,4.847314625003492,,,,,,,,,-23959.652083587043,130.0,-48750.905505228286
heavy_tail_subspace,32,1,pca,fixed,ok,,1.0,600,3,2.0,2.0,3.0,3.0,tied,3601.494973618334,,3,3,bic,0.0014427499991143,0.0148063329979777,0.0188085000118007,,,,,,,,,,,
heavy_tail_subspace,32,1,umap,fixed,ok,,1.0,600,3,2.0,2.0,3.0,3.0,tied,3479.8425761584867,,3,3,bic,0.7807459580071736,0.0143369170109508,0.7987130830006208,,,,,,,,,,,
heavy_tail_subspace,32,2,ae_relu,fixed,ok,,0.8549026091234562,600,3,2.0,2.0,3.0,3.0,full,2150.585306975253,,3,3,bic,0.2511425830016378,0.0239175829919986,0.2791005410108482,,,,,,relu,147.0,True,,,
heavy_tail_subspace,32,2,ae_tanh,fixed,ok,,0.9949958125176231,600,3,2.0,2.0,3.0,3.0,diag,223.6740917998604,,3,3,bic,0.2051694590045372,0.0260779169911984,0.2343505000026198,,,,,,tanh,69.0,True,,,
heavy_tail_subspace,32,2,autog2m2,fixed,ok,,0.9558697812887148,600,3,2.0,2.0,3.0,3.0,full,-1839.3102357748687,,3,3,bic,2.488692083003116,0.0194173749914625,2.511184208007762,2.188093666001805,0.0417980829952284,0.1525733750022482,0.0163333749951561,,,,,,,
heavy_tail_subspace,32,2,autogmm_spectral,fixed,ok,,1.0,600,3,2.0,2.0,3.0,3.0,full,-15301.214177604525,lse,3,3,bic,,0.0736024169891607,0.1913134170026751,,,,,0.1155531659896951,,,,,,
heavy_tail_subspace,32,2,mclust,fixed,ok,,1.0,600,3,32.0,,3.0,3.0,EEI,-46929.24446351586,,3,3,bic,,2.622,3.2853654579957947,,,,,,,,,-23048.82180416888,130.0,-46929.24459393306
heavy_tail_subspace,32,2,pca,fixed,ok,,1.0,600,3,2.0,2.0,3.0,3.0,tied,3430.588014588588,,3,3,bic,0.0012280410010134,0.0146187090140301,0.0186098749982193,,,,,,,,,,,
heavy_tail_subspace,32,2,umap,fixed,ok,,1.0,600,3,2.0,2.0,3.0,3.0,tied,3497.2327620332944,,3,3,bic,0.7728389169933507,0.0145550000015646,0.7950745830021333,,,,,,,,,,,
heavy_tail_subspace,32,3,ae_relu,fixed,ok,,0.8740771012652576,600,3,2.0,2.0,3.0,3.0,full,1717.3402869447502,,3,3,bic,0.1863928339880658,0.0232245420047547,0.2126374579966068,,,,,,relu,109.0,True,,,
heavy_tail_subspace,32,3,ae_tanh,fixed,ok,,0.9949958125176231,600,3,2.0,2.0,3.0,3.0,diag,763.6975011761476,,3,3,bic,0.1395593750057742,0.0263199589971918,0.1693792080041021,,,,,,tanh,47.0,True,,,
heavy_tail_subspace,32,3,autog2m2,fixed,ok,,0.9604147932938282,600,3,2.0,2.0,3.0,3.0,full,-1331.489264052842,,3,3,bic,2.3749410419986816,0.0162229590059723,2.394262166009866,2.1397742919943994,0.0141288339946186,0.1123896249919198,0.0161429159925319,,,,,,,
heavy_tail_subspace,32,3,autogmm_spectral,fixed,ok,,1.0,600,3,2.0,2.0,3.0,3.0,full,-12933.025309368328,lse,3,3,bic,,0.0771163330064155,0.1973925839993171,,,,,0.1181319169991184,,,,,,
heavy_tail_subspace,32,3,mclust,fixed,ok,,1.0,600,3,32.0,,3.0,3.0,EEI,-48927.77492975792,,3,3,bic,,2.381,3.0339483749994542,,,,,,,,,-24048.087037289908,130.0,-48927.77650898938
heavy_tail_subspace,32,3,pca,fixed,ok,,0.9949958125176231,600,3,2.0,2.0,3.0,3.0,spherical,3756.62058007425,,3,3,bic,0.0011949579929932,0.0146267500094836,0.0186937499966006,,,,,,,,,,,
heavy_tail_subspace,32,3,umap,fixed,ok,,0.9949958125176231,600,3,2.0,2.0,3.0,3.0,tied,3500.180681187356,,3,3,bic,0.7431458749924786,0.0144010829972103,0.761270125003648,,,,,,,,,,,
heavy_tail_subspace,32,4,ae_relu,fixed,ok,,0.9364922762403408,600,3,2.0,2.0,3.0,3.0,full,3774.337275769045,,3,3,bic,0.1479971669905353,0.0218970409914618,0.1735170419997302,,,,,,relu,86.0,True,,,
heavy_tail_subspace,32,4,ae_tanh,fixed,ok,,0.9949958125176231,600,3,2.0,2.0,3.0,3.0,diag,538.2639176906514,,3,3,bic,0.2196598329901462,0.0267195419874042,0.2492710840015206,,,,,,tanh,67.0,True,,,
heavy_tail_subspace,32,4,autog2m2,fixed,ok,,0.9409524823911416,600,3,2.0,2.0,3.0,3.0,full,-201.80347134545377,,3,3,bic,2.4420782500092173,0.0205467080086236,2.465730333002284,2.2168339579948224,0.0139442080107983,0.1044339590007439,0.0161752499989233,,,,,,,
heavy_tail_subspace,32,4,autogmm_spectral,fixed,ok,,1.0,600,3,2.0,2.0,3.0,3.0,full,-13407.203352321056,lse,3,3,bic,,0.0755980409885523,0.1954090420040302,,,,,0.1176461249997373,,,,,,
heavy_tail_subspace,32,4,mclust,fixed,ok,,1.0,600,3,32.0,,3.0,3.0,EEI,-48770.39754772072,,3,3,bic,,2.757,3.41186566700344,,,,,,,,,-23969.39834627131,130.0,-48770.47563335285
heavy_tail_subspace,32,4,pca,fixed,ok,,1.0,600,3,2.0,2.0,3.0,3.0,tied,3568.0225504393097,,3,3,bic,0.001229332992807,0.0146010419994127,0.0186332500015851,,,,,,,,,,,
heavy_tail_subspace,32,4,umap,fixed,ok,,1.0,600,3,2.0,2.0,3.0,3.0,tied,3440.6786067905296,,3,3,bic,0.7232401250075782,0.0143699170002946,0.7418177500076126,,,,,,,,,,,
heavy_tail_subspace,32,5,ae_relu,fixed,ok,,0.9366650828475106,600,3,2.0,2.0,3.0,3.0,full,1987.3770977980444,,3,3,bic,0.2599811669933842,0.0240682080038823,0.2868959589977748,,,,,,relu,152.0,True,,,
heavy_tail_subspace,32,5,ae_tanh,fixed,ok,,1.0,600,3,2.0,2.0,3.0,3.0,tied,156.83040063380577,,3,3,bic,0.3180116250005085,0.0265412500011734,0.3473303329956252,,,,,,tanh,108.0,True,,,
heavy_tail_subspace,32,5,autog2m2,fixed,ok,,0.9949958125176231,600,3,2.0,2.0,3.0,3.0,full,-270.98743771114783,,3,3,bic,2.386210917000426,0.0154377919971011,2.405042832993786,2.154219374991954,0.0136480420042062,0.111872042005416,0.0162534999981289,,,,,,,
heavy_tail_subspace,32,5,autogmm_spectral,fixed,ok,,1.0,600,3,2.0,2.0,3.0,3.0,full,-14984.076710583551,lse,3,3,bic,,0.0748052490089321,0.1931197500089183,,,,,0.1161682499950984,,,,,,
heavy_tail_subspace,32,5,mclust,fixed,ok,,1.0,600,3,32.0,,3.0,3.0,EEI,-46944.34202924919,,3,3,bic,,3.12,3.7783497920027,,,,,,,,,-23056.370587035544,130.0,-46944.37716312425
heavy_tail_subspace,32,5,pca,fixed,ok,,1.0,600,3,2.0,2.0,3.0,3.0,tied,3444.5829559371887,,3,3,bic,0.0012219159980304,0.0143983340094564,0.0185790830000769,,,,,,,,,,,
heavy_tail_subspace,32,5,umap,fixed,ok,,1.0,600,3,2.0,2.0,3.0,3.0,tied,3474.210010904253,,3,3,bic,0.7161862499924609,0.0139570829924196,0.734058832997107,,,,,,,,,,,
heavy_tail_subspace,32,6,ae_relu,fixed,ok,,0.9900042509932298,600,3,2.0,2.0,3.0,3.0,full,4127.765182559104,,3,3,bic,0.1463075829960871,0.0151175829960266,0.1647187909984495,,,,,,relu,85.0,True,,,
heavy_tail_subspace,32,6,ae_tanh,fixed,ok,,0.9900042509932298,600,3,2.0,2.0,3.0,3.0,full,407.3939192706075,,3,3,bic,0.2813433330011321,0.024211790994741,0.3084551249921787,,,,,,tanh,85.0,True,,,
heavy_tail_subspace,32,6,autog2m2,fixed,ok,,0.9900041668585104,600,3,2.0,2.0,3.0,3.0,full,-432.2273027388661,,3,3,bic,2.397255457995925,0.0159124999918276,2.41617804201087,2.1652365420013666,0.0135222079989034,0.1119842080079251,0.0161797089967876,,,,,,,
heavy_tail_subspace,32,6,autogmm_spectral,fixed,ok,,0.9949958125176231,600,3,2.0,2.0,3.0,3.0,full,-14110.702129218298,lse,3,3,bic,,0.0783780409838073,0.197981167002581,,,,,0.1174082500074291,,,,,,
heavy_tail_subspace,32,6,mclust,fixed,ok,,1.0,600,3,32.0,,3.0,3.0,EEI,-47704.77339177008,,3,3,bic,,2.611,3.268122790992493,,,,,,,,,-23436.58626829599,130.0,-47704.77373461035
heavy_tail_subspace,32,6,pca,fixed,ok,,0.9949958125176231,600,3,2.0,2.0,3.0,3.0,spherical,3565.485494291932,,3,3,bic,0.0013016660086577,0.0142828749958425,0.0182477500056847,,,,,,,,,,,
heavy_tail_subspace,32,6,umap,fixed,ok,,1.0,600,3,2.0,2.0,3.0,3.0,tied,3518.4845457295023,,3,3,bic,0.7235487089928938,0.0142153329943539,0.7414415420062141,,,,,,,,,,,
heavy_tail_subspace,32,7,ae_relu,fixed,ok,,0.8086942459471272,600,3,2.0,2.0,3.0,3.0,full,2017.5190657119408,,3,3,bic,0.1878145419905195,0.025284624993219,0.2160983329958981,,,,,,relu,108.0,True,,,
heavy_tail_subspace,32,7,ae_tanh,fixed,ok,,0.9751051094453728,600,3,2.0,2.0,3.0,3.0,diag,948.8439327481904,,3,3,bic,0.1493546670099022,0.0283004590019118,0.1805061670020222,,,,,,tanh,50.0,True,,,
heavy_tail_subspace,32,7,autog2m2,fixed,ok,,0.9703515041329708,600,3,2.0,2.0,3.0,3.0,full,-992.8060386623378,,3,3,bic,2.352430041995831,0.0159961669996846,2.371499667002354,2.121867334004492,0.0139827499951934,0.1104473330051405,0.0163573749887291,,,,,,,
heavy_tail_subspace,32,7,autogmm_spectral,fixed,ok,,0.9850626884924544,600,3,2.0,2.0,3.0,3.0,full,-11846.07593851782,lse,3,3,bic,,0.0452037919894792,0.1255152910016477,,,,,0.078884749993449,,,,,,
heavy_tail_subspace,32,7,mclust,fixed,ok,,1.0,600,3,32.0,,3.0,3.0,VEI,-50100.10994257016,,3,3,bic,,3.114,3.528120749993832,,,,,,,,,-24627.85761404081,132.0,-50100.17048200024
heavy_tail_subspace,32,7,pca,fixed,ok,,0.9949958125176231,600,3,2.0,2.0,3.0,3.0,tied,3694.759745633444,,3,3,bic,0.0012003329902654,0.0148431249981513,0.0184417910058982,,,,,,,,,,,
heavy_tail_subspace,32,7,umap,fixed,ok,,0.980096629062875,600,3,2.0,2.0,3.0,3.0,spherical,3530.625000835649,,3,3,bic,0.7392807919968618,0.0187452910031424,0.7622545420017559,,,,,,,,,,,
heavy_tail_subspace,32,8,ae_relu,fixed,ok,,0.926920298249346,600,3,2.0,2.0,3.0,3.0,full,1726.39266438662,,3,3,bic,0.2335275410005124,0.0231998750095954,0.2594904169964138,,,,,,relu,126.0,True,,,
heavy_tail_subspace,32,8,ae_tanh,fixed,ok,,0.9900168347249766,600,3,2.0,2.0,3.0,3.0,full,661.9551264872069,,3,3,bic,0.1795259579957928,0.0246797080035321,0.2073980000131996,,,,,,tanh,61.0,True,,,
heavy_tail_subspace,32,8,autog2m2,fixed,ok,,0.9800218844810688,600,3,2.0,2.0,3.0,3.0,full,-503.3617462495349,,3,3,bic,2.911921332997736,0.0220866250019753,2.938050041004317,2.5982139999978244,0.0201166659971931,0.1511065829981817,0.0209514170128386,,,,,,,
heavy_tail_subspace,32,8,autogmm_spectral,fixed,ok,,1.0,600,3,2.0,2.0,3.0,3.0,full,-12333.2679468799,lse,3,3,bic,,0.0428010010218713,0.12961337500019,,,,,0.0853729160007787,,,,,,
heavy_tail_subspace,32,8,mclust,fixed,ok,,1.0,600,3,32.0,,3.0,3.0,EEI,-49733.7236385898,,3,3,bic,,1.374,1.805974624992814,,,,,,,,,-24451.06139170585,130.0,-49733.73315484417
heavy_tail_subspace,32,8,pca,fixed,ok,,0.9949958125176231,600,3,2.0,2.0,3.0,3.0,tied,3655.249258246065,,3,3,bic,0.0015468329947907,0.0187430000078165,0.0235192500113043,,,,,,,,,,,
heavy_tail_subspace,32,8,umap,fixed,ok,,0.9949958125176231,600,3,2.0,2.0,3.0,3.0,spherical,3480.6940205916285,,3,3,bic,0.7869192920043133,0.0149364170065382,0.8053165839955909,,,,,,,,,,,
heavy_tail_subspace,32,9,ae_relu,fixed,ok,,0.5802369364564,600,3,2.0,2.0,3.0,3.0,full,3046.5334992618327,,3,3,bic,0.1333785419992637,0.0743311670084949,0.2114491659885971,,,,,,relu,74.0,True,,,
heavy_tail_subspace,32,9,ae_tanh,fixed,ok,,0.926525497196958,600,3,2.0,2.0,3.0,3.0,diag,1330.890926691345,,3,3,bic,0.1517729589977534,0.0275764999969396,0.1823607919941423,,,,,,tanh,52.0,True,,,
heavy_tail_subspace,32,9,autog2m2,fixed,ok,,0.8383672740147725,600,3,2.0,2.0,3.0,3.0,full,8.73972178579244,,3,3,bic,2.504886374998023,0.0229007919988362,2.5314117920061108,2.264424166001845,0.0152033329941332,0.1151765420072479,0.0167015829938463,,,,,,,
heavy_tail_subspace,32,9,autogmm_spectral,fixed,ok,,0.9506360068812912,600,3,2.0,2.0,3.0,3.0,full,-10452.032965558898,lse,3,3,bic,,0.0468741659860825,0.1306916249886853,,,,,0.0822862920031184,,,,,,
heavy_tail_subspace,32,9,mclust,fixed,ok,,0.9800210437041592,600,3,32.0,,3.0,3.0,EEI,-52436.31703887672,,3,3,bic,,2.293,2.705729749999591,,,,,,,,,-25802.35809184931,130.0,-52449.97195897976
heavy_tail_subspace,32,9,pca,fixed,ok,,0.9554138182961164,600,3,2.0,2.0,3.0,3.0,tied,4113.440211327636,,3,3,bic,0.0016653329948894,0.0169818750000558,0.0216702499892562,,,,,,,,,,,
heavy_tail_subspace,32,9,umap,fixed,ok,,0.9457315307362296,600,3,2.0,2.0,3.0,3.0,spherical,3654.220206247418,,3,3,bic,0.7923330829944462,0.0149714160070288,0.8114127919980092,,,,,,,,,,,
heavy_tail_subspace,32,10,ae_relu,fixed,ok,,0.9702541752408238,600,3,2.0,2.0,3.0,3.0,full,4756.978318566572,,3,3,bic,0.2218579999898793,0.0169567079865373,0.2421725000021979,,,,,,relu,116.0,True,,,
heavy_tail_subspace,32,10,ae_tanh,fixed,ok,,0.9751797317603416,600,3,2.0,2.0,3.0,3.0,diag,1102.8276769781062,,3,3,bic,0.1518255410046549,0.026755333004985,0.1820279579987982,,,,,,tanh,51.0,True,,,
heavy_tail_subspace,32,10,autog2m2,fixed,ok,,0.9317871037471288,600,3,2.0,2.0,3.0,3.0,full,-257.9859283899935,,3,3,bic,2.512422375002643,0.0236066659999778,2.539196917001391,2.278583292005351,0.0145962500100722,0.1084296670014737,0.0164281250035855,,,,,,,
heavy_tail_subspace,32,10,autogmm_spectral,fixed,ok,,0.9949958125176231,600,3,2.0,2.0,3.0,3.0,full,-11364.47403247255,lse,3,3,bic,,0.0473349999811034,0.1290789170016069,,,,,0.0803738750109914,,,,,,
heavy_tail_subspace,32,10,mclust,fixed,ok,,0.9949958125176231,600,3,32.0,,3.0,3.0,EEI,-50819.13905513938,,3,3,bic,,3.523,3.927869124992867,,,,,,,,,-24993.76909998064,130.0,-50819.453358748935
heavy_tail_subspace,32,10,pca,fixed,ok,,0.985000168757628,600,3,2.0,2.0,3.0,3.0,tied,3889.8868455024335,,3,3,bic,0.001567958999658,0.0148354590055532,0.0194944170070812,,,,,,,,,,,
heavy_tail_subspace,32,10,umap,fixed,ok,,0.9800210437041592,600,3,2.0,2.0,3.0,3.0,tied,3643.319722953676,,3,3,bic,0.7320624999993015,0.014107499999227,0.7506280829984462,,,,,,,,,,,
heavy_tail_subspace,32,11,ae_relu,fixed,ok,,0.9412076439743924,600,3,2.0,2.0,3.0,3.0,full,4443.718441389288,,3,3,bic,0.2073884580022422,0.0188672500080429,0.2290792080020764,,,,,,relu,98.0,True,,,
heavy_tail_subspace,32,11,ae_tanh,fixed,ok,,0.9457078180297328,600,3,2.0,2.0,3.0,3.0,full,1023.7671176340184,,3,3,bic,0.2364030419994378,0.0304434169956948,0.2694944579998264,,,,,,tanh,80.0,True,,,
heavy_tail_subspace,32,11,autog2m2,fixed,ok,,0.7926381978934551,600,3,2.0,2.0,3.0,3.0,diag,-103.78311964745772,,3,3,bic,2.300664541995502,0.0178114170121261,2.321434625002439,2.0695351250033127,0.0143795839976519,0.1103285830031381,0.016224749997491,,,,,,,
heavy_tail_subspace,32,11,autogmm_spectral,fixed,ok,,0.970101677444598,600,3,2.0,2.0,3.0,3.0,full,-11210.09920560641,lse,3,3,bic,,0.0518522090133046,0.1317541249882197,,,,,0.0785117920022457,,,,,,
heavy_tail_subspace,32,11,mclust,fixed,ok,,0.5700020357215562,600,3,32.0,,3.0,3.0,EEI,-52647.00313341533,,3,3,bic,,0.4499999999999999,0.879615541009116,,,,,,,,,-25907.701139118617,130.0,-52647.51833758009
heavy_tail_subspace,32,11,pca,fixed,ok,,0.96542219326087,600,3,2.0,2.0,3.0,3.0,tied,3871.5315498100913,,3,3,bic,0.00124404100643,0.0156396249949466,0.0193722919939318,,,,,,,,,,,
heavy_tail_subspace,32,11,umap,fixed,ok,,0.936301688097254,600,3,2.0,2.0,3.0,3.0,spherical,3638.336045699247,,3,3,bic,0.7408236659975955,0.0190274589986074,0.7638052500115009,,,,,,,,,,,
heavy_tail_subspace,32,12,ae_relu,fixed,ok,,0.9703530013556876,600,3,2.0,2.0,3.0,3.0,full,4636.481407841155,,3,3,bic,0.2308208330068737,0.0177160830062348,0.2516305000026477,,,,,,relu,132.0,True,,,
heavy_tail_subspace,32,12,ae_tanh,fixed,ok,,0.9750671701422782,600,3,2.0,2.0,3.0,3.0,diag,633.6879901188199,,3,3,bic,0.2015964580059517,0.0288223749957978,0.233222625000053,,,,,,tanh,68.0,True,,,
heavy_tail_subspace,32,12,autog2m2,fixed,ok,,0.9606746348061672,600,3,2.0,2.0,3.0,3.0,full,-927.549653982182,,3,3,bic,2.295516540994868,0.0166698749962961,2.3151054579939228,2.0636366669932613,0.0143307089892914,0.1081550419912673,0.0162564579950412,,,,,,,
heavy_tail_subspace,32,12,autogmm_spectral,fixed,ok,,0.9850125211993978,600,3,2.0,2.0,3.0,3.0,full,-12724.242471672462,lse,3,3,bic,,0.037002291996032,0.1157665000064298,,,,,0.0773988750006537,,,,,,
heavy_tail_subspace,32,12,mclust,fixed,ok,,0.985063191387914,600,3,32.0,,3.0,3.0,EEI,-49606.83104619764,,3,3,bic,,1.442,1.8466650409973224,,,,,,,,,-24387.61509550977,130.0,-49610.34573680408
heavy_tail_subspace,32,12,pca,fixed,ok,,0.9800710428333416,600,3,2.0,2.0,3.0,3.0,tied,3675.139724504508,,3,3,bic,0.0012519169977167,0.0162739170045824,0.0201858749933308,,,,,,,,,,,
heavy_tail_subspace,32,12,umap,fixed,ok,,0.9751295644672852,600,3,2.0,2.0,3.0,3.0,spherical,3523.928105624618,,3,3,bic,0.7571768749912735,0.0148209579929243,0.7755797910067486,,,,,,,,,,,
heavy_tail_subspace,32,13,ae_relu,fixed,ok,,0.701271927307367,600,3,2.0,2.0,3.0,3.0,full,2915.807403946516,,3,3,bic,0.2253021659998921,0.0419985410117078,0.2703942499938421,,,,,,relu,107.0,True,,,
heavy_tail_subspace,32,13,ae_tanh,fixed,ok,,0.9751548572366224,600,3,2.0,2.0,3.0,3.0,diag,878.1088698026512,,3,3,bic,0.2168899170064833,0.0280753330007428,0.248266374997911,,,,,,tanh,74.0,True,,,
heavy_tail_subspace,32,13,autog2m2,fixed,ok,,0.985037604845926,600,3,2.0,2.0,3.0,3.0,diag,62.61230297211118,,3,3,bic,3.1090468330075964,0.0204180830041877,3.132991457998287,2.817212959009339,0.0185436669999035,0.1374782079947181,0.0201076250086771,,,,,,,
heavy_tail_subspace,32,13,autogmm_spectral,fixed,ok,,0.9701381701566876,600,3,2.0,2.0,3.0,3.0,full,-11934.442045259835,lse,3,3,bic,,0.0373674999864306,0.115316833005636,,,,,0.076636709010927,,,,,,
heavy_tail_subspace,32,13,mclust,fixed,ok,,0.9949958125176231,600,3,32.0,,3.0,3.0,VEI,-50238.33793138771,,3,3,bic,,1.836,2.241254084001412,,,,,,,,,-24696.97160844959,132.0,-50239.91772814695
heavy_tail_subspace,32,13,pca,fixed,ok,,0.9800845066199756,600,3,2.0,2.0,3.0,3.0,tied,3783.0216220923576,,3,3,bic,0.001476833000197,0.0203781669988529,0.0248611669958336,,,,,,,,,,,
heavy_tail_subspace,32,13,umap,fixed,ok,,0.9751051094453728,600,3,2.0,2.0,3.0,3.0,tied,3543.3897562693264,,3,3,bic,0.9339670000044862,0.0175066669908119,0.9556768750044284,,,,,,,,,,,
heavy_tail_subspace,32,14,ae_relu,fixed,ok,,0.7336453834157969,600,3,2.0,2.0,3.0,3.0,diag,4082.447281080902,,3,3,bic,0.1935597919946303,0.0287298329931218,0.225087083003018,,,,,,relu,93.0,True,,,
heavy_tail_subspace,32,14,ae_tanh,fixed,ok,,0.9702886707690856,600,3,2.0,2.0,3.0,3.0,diag,997.7338607423416,,3,3,bic,0.1710738749970914,0.0282672500034095,0.2026424590003444,,,,,,tanh,57.0,True,,,
heavy_tail_subspace,32,14,autog2m2,fixed,ok,,0.9313309756163776,600,3,2.0,2.0,3.0,3.0,spherical,-280.8757217431685,,3,3,bic,2.7806294999900274,0.0216830419958569,2.806100040994352,2.504874791993643,0.0167723749909782,0.1250746250007068,0.0183567500062054,,,,,,,
heavy_tail_subspace,32,14,autogmm_spectral,fixed,ok,,0.9949958125176231,600,3,2.0,2.0,3.0,3.0,full,-11377.156748509333,lse,3,3,bic,,0.0506314160156762,0.130915959001868,,,,,0.0789177080005174,,,,,,
heavy_tail_subspace,32,14,mclust,fixed,ok,,1.0,600,3,32.0,,3.0,3.0,EEI,-50626.21459047298,,3,3,bic,,1.28,1.685162499998114,,,,,,,,,-24897.306867647443,130.0,-50626.22744598845
heavy_tail_subspace,32,14,pca,fixed,ok,,0.9751797317603416,600,3,2.0,2.0,3.0,3.0,tied,3858.516401143037,,3,3,bic,0.0013882500061299,0.0175775409879861,0.0218687089945888,,,,,,,,,,,
heavy_tail_subspace,32,14,umap,fixed,ok,,0.9949958125176231,600,3,2.0,2.0,3.0,3.0,tied,3541.542413834267,,3,3,bic,0.8020138330030022,0.0149499160033883,0.8204542919993401,,,,,,,,,,,
heavy_tail_subspace,32,15,ae_relu,fixed,ok,,0.985000168757628,600,3,2.0,2.0,3.0,3.0,full,4620.6915752517,,3,3,bic,0.2474536670051748,0.0168645410012686,0.2669786670012399,,,,,,relu,137.0,True,,,
heavy_tail_subspace,32,15,ae_tanh,fixed,ok,,0.9900166666666668,600,3,2.0,2.0,3.0,3.0,tied,457.1740733992327,,3,3,bic,0.2876725410023937,0.0249574170011328,0.3155084169993642,,,,,,tanh,98.0,True,,,
heavy_tail_subspace,32,15,autog2m2,fixed,ok,,0.9403155072770324,600,3,2.0,2.0,3.0,3.0,full,-1287.4723216161008,,3,3,bic,2.5686349580064416,0.0229152499960036,2.594536666001659,2.323313250002684,0.0149281250050989,0.1144944999978179,0.0173497500072699,,,,,,,
heavy_tail_subspace,32,15,autogmm_spectral,fixed,ok,,1.0,600,3,2.0,2.0,3.0,3.0,full,-13662.259083708595,lse,3,3,bic,,0.0465847910090815,0.1207947500079171,,,,,0.0728669999953126,,,,,,
heavy_tail_subspace,32,15,mclust,fixed,ok,,1.0,600,3,32.0,,3.0,3.0,VEI,-47965.31273935122,,3,3,bic,,1.162,1.5665045000059763,,,,,,,,,-23560.459012431344,132.0,-47965.31273935187
heavy_tail_subspace,32,15,pca,fixed,ok,,1.0,600,3,2.0,2.0,3.0,3.0,tied,3430.892148488312,,3,3,bic,0.0012916250125272,0.0159292909957002,0.0196848750056233,,,,,,,,,,,
heavy_tail_subspace,32,15,umap,fixed,ok,,0.9949958125176231,600,3,2.0,2.0,3.0,3.0,spherical,3530.9558100689687,,3,3,bic,0.7870944589958526,0.0149457499937852,0.8056584999867482,,,,,,,,,,,
heavy_tail_subspace,32,16,ae_relu,fixed,ok,,0.9900168347249766,600,3,2.0,2.0,3.0,3.0,full,4452.168851842663,,3,3,bic,0.206002791004721,0.0160059589979937,0.2247476250049658,,,,,,relu,119.0,True,,,
heavy_tail_subspace,32,16,ae_tanh,fixed,ok,,0.9949958125176231,600,3,2.0,2.0,3.0,3.0,tied,120.69032128794892,,3,3,bic,0.3194595829991158,0.0260455419920617,0.3482173749944195,,,,,,tanh,109.0,True,,,
heavy_tail_subspace,32,16,autog2m2,fixed,ok,,0.9703554963908736,600,3,2.0,2.0,3.0,3.0,full,-1831.757416432125,,3,3,bic,2.55299641599413,0.0165869999909773,2.5726693749893457,2.276382999989437,0.0734059579990571,0.0926502499933121,0.0169105419918196,,,,,,,
heavy_tail_subspace,32,16,autogmm_spectral,fixed,ok,,1.0,600,3,2.0,2.0,3.0,3.0,full,-15604.112228824406,lse,3,3,bic,,0.0414896670117741,0.1142114999965997,,,,,0.0713372089958284,,,,,,
heavy_tail_subspace,32,16,mclust,fixed,ok,,1.0,600,3,32.0,,3.0,3.0,EEI,-46607.54786599528,,3,3,bic,,0.977,1.3900691250019008,,,,,,,,,-22887.97350540859,130.0,-46607.547866249486
heavy_tail_subspace,32,16,pca,fixed,ok,,1.0,600,3,2.0,2.0,3.0,3.0,tied,3299.654658528637,,3,3,bic,0.001267083993298,0.0153292499890085,0.019285000002128,,,,,,,,,,,
heavy_tail_subspace,32,16,umap,fixed,ok,,1.0,600,3,2.0,2.0,3.0,3.0,spherical,3493.016124678292,,3,3,bic,0.7965088339988142,0.0142314580007223,0.8145996250095777,,,,,,,,,,,
heavy_tail_subspace,32,17,ae_relu,fixed,ok,,0.98997916755783,600,3,2.0,2.0,3.0,3.0,full,4468.322818626135,,3,3,bic,0.2353958330058958,0.0161909169983118,0.2542543750023469,,,,,,relu,132.0,True,,,
heavy_tail_subspace,32,17,ae_tanh,fixed,ok,,0.9949958125176231,600,3,2.0,2.0,3.0,3.0,full,479.83160466499817,,3,3,bic,0.1920466249866876,0.0275290409917943,0.2222851249971427,,,,,,tanh,63.0,True,,,
heavy_tail_subspace,32,17,autog2m2,fixed,ok,,1.0,600,3,2.0,2.0,3.0,3.0,full,-2284.081169726378,,3,3,bic,2.4338469590002205,0.0168826669978443,2.453592124991701,2.189006667002104,0.0615754169994033,0.0666604589932831,0.0176874169992515,,,,,,,
heavy_tail_subspace,32,17,autogmm_spectral,fixed,ok,,1.0,600,3,2.0,2.0,3.0,3.0,full,-14128.472131474267,lse,3,3,bic,,0.0482680419954704,0.1211784579936647,,,,,0.071561083997949,,,,,,
heavy_tail_subspace,32,17,mclust,fixed,ok,,1.0,600,3,32.0,,3.0,3.0,EEI,-47413.77922917869,,3,3,bic,,1.837,2.242469542004983,,,,,,,,,-23291.089187000296,130.0,-47413.77922996667
heavy_tail_subspace,32,17,pca,fixed,ok,,0.9949958125176231,600,3,2.0,2.0,3.0,3.0,tied,3469.870893365181,,3,3,bic,0.0013767079944955,0.0168640839983709,0.0211334169871406,,,,,,,,,,,
heavy_tail_subspace,32,17,umap,fixed,ok,,0.9949958125176231,600,3,2.0,2.0,3.0,3.0,spherical,3474.133621071749,,3,3,bic,0.8069163750042208,0.0152187089988728,0.8257844999898225,,,,,,,,,,,
heavy_tail_subspace,32,18,ae_relu,fixed,ok,,0.9900168347249766,600,3,2.0,2.0,3.0,3.0,full,4486.843163924844,,3,3,bic,0.2164062910014763,0.0149635410052724,0.2344535419979365,,,,,,relu,123.0,True,,,
heavy_tail_subspace,32,18,ae_tanh,fixed,ok,,1.0,600,3,2.0,2.0,3.0,3.0,tied,372.4247546327857,,3,3,bic,0.2855451659997925,0.023693707989878,0.3118005420110421,,,,,,tanh,99.0,True,,,
heavy_tail_subspace,32,18,autog2m2,fixed,ok,,1.0,600,3,2.0,2.0,3.0,3.0,full,-2706.9695561466497,,3,3,bic,2.5053219170076773,0.0173082499968586,2.525695542004541,2.277516749993083,0.0615513749944511,0.0463918340101372,0.0175829999934649,,,,,,,
heavy_tail_subspace,32,18,autogmm_spectral,fixed,ok,,1.0,600,3,2.0,2.0,3.0,3.0,full,-14063.743462160175,lse,3,3,bic,,0.0552331250073621,0.1284148750128224,,,,,0.0718340419989544,,,,,,
heavy_tail_subspace,32,18,mclust,fixed,ok,,1.0,600,3,32.0,,3.0,3.0,VEI,-47686.89248597863,,3,3,bic,,1.229,1.6348103750060543,,,,,,,,,-23421.248885745048,132.0,-47686.89248597979
heavy_tail_subspace,32,18,pca,fixed,ok,,1.0,600,3,2.0,2.0,3.0,3.0,tied,3544.583074515354,,3,3,bic,0.001351999992039,0.0153520419989945,0.0191950420121429,,,,,,,,,,,
heavy_tail_subspace,32,18,umap,fixed,ok,,1.0,600,3,2.0,2.0,3.0,3.0,tied,3448.831203634534,,3,3,bic,0.803944582992699,0.0172593329916708,0.825095207997947,,,,,,,,,,,
heavy_tail_subspace,32,19,ae_relu,fixed,ok,,0.9751818207189016,600,3,2.0,2.0,3.0,3.0,full,4446.694232195555,,3,3,bic,0.2184626670059515,0.0177162909967592,0.238921083000605,,,,,,relu,122.0,True,,,
heavy_tail_subspace,32,19,ae_tanh,fixed,ok,,0.9850379826540704,600,3,2.0,2.0,3.0,3.0,tied,799.3749846906783,,3,3,bic,0.2851821660005953,0.0265922500111628,0.3151712079998106,,,,,,tanh,95.0,True,,,
heavy_tail_subspace,32,19,autog2m2,fixed,ok,,0.950651663762481,600,3,2.0,2.0,3.0,3.0,diag,-241.5635600053443,,3,3,bic,2.6468853340047644,0.0207701670005917,2.670520583007601,2.395909083003062,0.0153688749996945,0.1164800840051611,0.0176563330023782,,,,,,,
heavy_tail_subspace,32,19,autogmm_spectral,fixed,ok,,0.9949958125176231,600,3,2.0,2.0,3.0,3.0,full,-12453.592848908647,lse,3,3,bic,,0.0525221240095561,0.1303982090030331,,,,,0.0765106250037206,,,,,,
heavy_tail_subspace,32,19,mclust,fixed,ok,,1.0,600,3,32.0,,3.0,3.0,EEI,-49787.96388668235,,3,3,bic,,2.4,2.80536304198904,,,,,,,,,-24478.181515752127,130.0,-49787.97289727908
heavy_tail_subspace,32,19,pca,fixed,ok,,0.9949958125176231,600,3,2.0,2.0,3.0,3.0,tied,3877.435480959771,,3,3,bic,0.0012671250005951,0.0154501249926397,0.0193653339956654,,,,,,,,,,,
heavy_tail_subspace,32,19,umap,fixed,ok,,1.0,600,3,2.0,2.0,3.0,3.0,tied,3499.1035965777114,,3,3,bic,0.7788251250021858,0.014613791994634,0.797749625009601,,,,,,,,,,,
heavy_tail_subspace,64,0,ae_relu,fixed,ok,,0.9949958125176231,600,3,2.0,2.0,3.0,3.0,full,4071.77781302575,,3,3,bic,0.1591231250058626,0.018268125000759,0.1805213750049006,,,,,,relu,81.0,True,,,
heavy_tail_subspace,64,0,ae_tanh,fixed,ok,,0.9800710428333416,600,3,2.0,2.0,3.0,3.0,tied,882.624146475129,,3,3,bic,0.228124541012221,0.0281949159980285,0.2598058750008931,,,,,,tanh,69.0,True,,,
heavy_tail_subspace,64,0,autog2m2,fixed,ok,,1.0,600,3,2.0,2.0,3.0,3.0,diag,-135.85308240146992,,3,3,bic,4.822968916996615,0.0265994169894838,4.854221999994479,4.246746958990116,0.0235415419883793,0.17587641600403,0.026348291998147,,,,,,,
heavy_tail_subspace,64,0,autogmm_spectral,fixed,ok,,0.9900166666666668,600,3,2.0,2.0,3.0,3.0,full,-11236.479397608822,lse,3,3,bic,,0.0659274169884156,0.2054602499993052,,,,,0.1372926670010201,,,,,,
heavy_tail_subspace,64,0,mclust,fixed,ok,,-5.555601852237657e-06,600,3,64.0,,3.0,3.0,EII,-109978.6598121118,,3,3,bic,,2.031,2.6977427499950863,,,,,,,,,-54365.62926467233,195.0,-109978.6598121118
heavy_tail_subspace,64,0,pca,fixed,ok,,0.9900166666666668,600,3,2.0,2.0,3.0,3.0,tied,3676.589447619984,,3,3,bic,0.0021425829909276,0.0247275000001536,0.0308843749953666,,,,,,,,,,,
heavy_tail_subspace,64,0,umap,fixed,ok,,0.9751295644672852,600,3,2.0,2.0,3.0,3.0,spherical,3494.3965513038293,,3,3,bic,1.3030575000011595,0.0353292910003801,1.3433840829966357,,,,,,,,,,,
heavy_tail_subspace,64,1,ae_relu,fixed,ok,,0.6565194658758856,600,3,2.0,2.0,3.0,3.0,diag,2345.232584303479,,3,3,bic,0.1381298329943092,0.0413734160101739,0.1823143749934388,,,,,,relu,70.0,True,,,
heavy_tail_subspace,64,1,ae_tanh,fixed,ok,,0.9652728605819768,600,3,2.0,2.0,3.0,3.0,diag,1025.4005047912974,,3,3,bic,0.1876168330054497,0.0273472920089261,0.2184895419923123,,,,,,tanh,56.0,True,,,
heavy_tail_subspace,64,1,autog2m2,fixed,ok,,0.864989601657218,600,3,2.0,2.0,3.0,3.0,full,-324.5772433602855,,3,3,bic,4.675190042005852,0.02819266699953,4.707670084011625,4.294928750008694,0.0231151249899994,0.1800187089975224,0.0260555839922744,,,,,,,
heavy_tail_subspace,64,1,autogmm_spectral,fixed,ok,,0.9702884206873418,600,3,2.0,2.0,3.0,3.0,full,-10871.906199785915,lse,3,3,bic,,0.0630670000100508,0.1991080419975333,,,,,0.1337614169897278,,,,,,
heavy_tail_subspace,64,1,mclust,fixed,ok,,1.1167038898970166e-05,600,3,64.0,,3.0,3.0,EII,-109916.07628893036,,3,3,bic,,1.909,2.5768436250073137,,,,,,,,,-54334.3375030816,195.0,-109916.07628893036
heavy_tail_subspace,64,1,pca,fixed,ok,,0.975179940672022,600,3,2.0,2.0,3.0,3.0,tied,3890.225007629236,,3,3,bic,0.001996582999709,0.0258426660002442,0.0319202920072712,,,,,,,,,,,
heavy_tail_subspace,64,1,umap,fixed,ok,,0.9800215481787968,600,3,2.0,2.0,3.0,3.0,spherical,3515.671777338609,,3,3,bic,1.2940109170012877,0.0234005829988745,1.323003916986636,,,,,,,,,,,
heavy_tail_subspace,64,2,ae_relu,fixed,ok,,0.7720055554195215,600,3,2.0,2.0,3.0,3.0,full,1627.3984661767222,,3,3,bic,0.1434489579987712,0.028264249995118,0.1746053749957354,,,,,,relu,73.0,True,,,
heavy_tail_subspace,64,2,ae_tanh,fixed,ok,,0.9604067969871074,600,3,2.0,2.0,3.0,3.0,diag,1151.6038307450178,,3,3,bic,0.1686882500071078,0.0259045840066391,0.1980719999992288,,,,,,tanh,51.0,True,,,
heavy_tail_subspace,64,2,autog2m2,fixed,ok,,0.9701888388673306,600,3,2.0,2.0,3.0,3.0,diag,-336.9744881298775,,3,3,bic,4.743567542012897,0.0303911249939119,4.778114250002545,4.362261208007112,0.0241637920116772,0.1812057080096565,0.0262263330077985,,,,,,,
heavy_tail_subspace,64,2,autogmm_spectral,fixed,ok,,0.9900166666666668,600,3,2.0,2.0,3.0,3.0,full,-10551.730149970304,lse,3,3,bic,,0.0862034589954419,0.2285930420039221,,,,,0.1401941249932861,,,,,,
heavy_tail_subspace,64,2,mclust,fixed,ok,,1.1167038898970166e-05,600,3,64.0,,3.0,3.0,EII,-109929.32293957424,,3,3,bic,,2.016,2.685478375002276,,,,,,,,,-54340.96082840355,195.0,-109929.32293957424
heavy_tail_subspace,64,2,pca,fixed,ok,,0.9900168347249766,600,3,2.0,2.0,3.0,3.0,tied,3925.6532136327023,,3,3,bic,0.0019710829947143,0.024322375000338,0.030410874998779,,,,,,,,,,,
heavy_tail_subspace,64,2,umap,fixed,ok,,0.9506232574157408,600,3,2.0,2.0,3.0,3.0,tied,3601.029608541864,,3,3,bic,1.2769570420059608,0.0244321659993147,1.306938124995213,,,,,,,,,,,
heavy_tail_subspace,64,3,ae_relu,fixed,ok,,0.3226345484639661,600,3,2.0,2.0,3.0,3.0,spherical,407.3145269776014,,3,3,bic,0.1031805410020751,0.0281346669944468,0.1340859999909298,,,,,,relu,53.0,True,,,
heavy_tail_subspace,64,3,ae_tanh,fixed,ok,,0.9555545840966824,600,3,2.0,2.0,3.0,3.0,diag,1336.0273049124069,,3,3,bic,0.1802027090016054,0.0296689159877132,0.2132656250032596,,,,,,tanh,53.0,True,,,
heavy_tail_subspace,64,3,autog2m2,fixed,ok,,0.9042350708753988,600,3,2.0,2.0,3.0,3.0,full,-307.00969880272123,,3,3,bic,2.726611000005505,0.0170172499929321,2.746572416013805,2.4949714579997817,0.0144195419998141,0.1098254160024225,0.0162194589938735,,,,,,,
heavy_tail_subspace,64,3,autogmm_spectral,fixed,ok,,0.9317266241033686,600,3,2.0,2.0,3.0,3.0,full,-10232.968103552865,lse,3,3,bic,,0.0724742919992422,0.2164350829989416,,,,,0.1417928749870043,,,,,,
heavy_tail_subspace,64,3,mclust,fixed,ok,,1.1167038898970166e-05,600,3,64.0,,3.0,3.0,EII,-109936.62202968572,,3,3,bic,,2.1380000000000003,2.7935000419965945,,,,,,,,,-54344.61037345928,195.0,-109936.622029696
heavy_tail_subspace,64,3,pca,fixed,ok,,0.9702891709199438,600,3,2.0,2.0,3.0,3.0,tied,4014.599825941245,,3,3,bic,0.0012969579984201,0.0157081669894978,0.019516708998708,,,,,,,,,,,
heavy_tail_subspace,64,3,umap,fixed,ok,,0.8997004492800326,600,3,2.0,2.0,3.0,3.0,spherical,3665.711244634912,,3,3,bic,0.7500564590009162,0.0176484169933246,0.7714048749912763,,,,,,,,,,,
heavy_tail_subspace,64,4,ae_relu,fixed,ok,,0.5914148994483283,600,3,2.0,2.0,3.0,3.0,full,-679.3955506010382,,3,3,bic,0.1182184159988537,0.0570680839882697,0.1789404580049449,,,,,,relu,61.0,True,,,
heavy_tail_subspace,64,4,ae_tanh,fixed,ok,,0.9750680095469216,600,3,2.0,2.0,3.0,3.0,diag,1068.7728120830768,,3,3,bic,0.2197314170043682,0.0272994999977527,0.2524974170082714,,,,,,tanh,62.0,True,,,
heavy_tail_subspace,64,4,autog2m2,fixed,ok,,0.941494395279458,600,3,2.0,2.0,3.0,3.0,full,-196.55473543632013,,3,3,bic,2.7660567080019973,0.0164359579939628,2.785366541997064,2.5323425420065178,0.0140116660040803,0.112049624993233,0.016307041994878,,,,,,,
heavy_tail_subspace,64,4,autogmm_spectral,fixed,ok,,0.9850125211993978,600,3,2.0,2.0,3.0,3.0,full,-10889.52498116333,lse,3,3,bic,,0.0650328339979751,0.2032198750093812,,,,,0.135980416991515,,,,,,
heavy_tail_subspace,64,4,mclust,fixed,ok,,1.1167038898970166e-05,600,3,64.0,,3.0,3.0,EII,-109899.08251395525,,3,3,bic,,2.28,2.933345707991976,,,,,,,,,-54325.84061559404,195.0,-109899.08251395525
heavy_tail_subspace,64,4,pca,fixed,ok,,0.9900168347249766,600,3,2.0,2.0,3.0,3.0,tied,3882.9185910229935,,3,3,bic,0.0013103329984005,0.0146050000039394,0.0186133329989388,,,,,,,,,,,
heavy_tail_subspace,64,4,umap,fixed,ok,,0.9652778288049756,600,3,2.0,2.0,3.0,3.0,spherical,3509.286389586337,,3,3,bic,0.7714151669933926,0.0141022499883547,0.7893598750088131,,,,,,,,,,,
heavy_tail_subspace,64,5,ae_relu,fixed,ok,,0.256261652121908,600,3,2.0,2.0,3.0,3.0,spherical,1342.0084635823123,,3,3,bic,0.1251783329935278,0.0360622500011231,0.1643594169872813,,,,,,relu,64.0,True,,,
heavy_tail_subspace,64,5,ae_tanh,fixed,ok,,0.9260228568251634,600,3,2.0,2.0,3.0,3.0,diag,1241.1763579270796,,3,3,bic,0.2542864169954555,0.0332525000121677,0.29099787499581,,,,,,tanh,65.0,True,,,
heavy_tail_subspace,64,5,autog2m2,fixed,ok,,0.6807210487738209,600,3,2.0,2.0,3.0,3.0,full,222.5704954434269,,3,3,bic,2.9087455830012914,0.0232673339924076,2.9351362909947056,2.6679417499981355,0.0144498750014463,0.1074629999930039,0.0163472499989438,,,,,,,
heavy_tail_subspace,64,5,autogmm_spectral,fixed,ok,,0.9457333577963932,600,3,2.0,2.0,3.0,3.0,full,-10178.966359757316,lse,3,3,bic,,0.0959453760005999,0.2368648749979911,,,,,0.1386136249930132,,,,,,
heavy_tail_subspace,64,5,mclust,fixed,ok,,-5.555601852237657e-06,600,3,64.0,,3.0,3.0,EII,-109858.0684189128,,3,3,bic,,2.0210000000000004,2.6995087079994846,,,,,,,,,-54305.33356807283,195.0,-109858.0684189128
heavy_tail_subspace,64,5,pca,fixed,ok,,0.970188086101229,600,3,2.0,2.0,3.0,3.0,tied,3970.982329191771,,3,3,bic,0.0013885829976061,0.0158355000021401,0.0197466670069843,,,,,,,,,,,
heavy_tail_subspace,64,5,umap,fixed,ok,,0.9313620676490209,600,3,2.0,2.0,3.0,3.0,tied,3649.6903159691183,,3,3,bic,0.7570574579876848,0.0158710419927956,0.7763578330050223,,,,,,,,,,,
heavy_tail_subspace,64,6,ae_relu,fixed,ok,,0.7883345998831824,600,3,2.0,2.0,3.0,3.0,spherical,-797.6456915189353,,3,3,bic,0.1424412920023314,0.0232477920071687,0.1689729169884231,,,,,,relu,73.0,True,,,
heavy_tail_subspace,64,6,ae_tanh,fixed,ok,,1.0,600,3,2.0,2.0,3.0,3.0,diag,545.981422717915,,3,3,bic,0.1821583749988349,0.0238882499979808,0.2094792499992763,,,,,,tanh,52.0,True,,,
heavy_tail_subspace,64,6,autog2m2,fixed,ok,,0.9949958125176231,600,3,2.0,2.0,3.0,3.0,full,-1672.423303532616,,3,3,bic,2.7274898329924326,0.0148358329897746,2.7462123750010505,2.457781249991968,0.0711265409918269,0.0922315420029917,0.0161809159908443,,,,,,,
heavy_tail_subspace,64,6,autogmm_spectral,fixed,ok,,1.0,600,3,2.0,2.0,3.0,3.0,full,-12331.271847337452,lse,3,3,bic,,0.0820167909987503,0.2187772500037681,,,,,0.1346203749999404,,,,,,
heavy_tail_subspace,64,6,mclust,fixed,ok,,-5.555601852237657e-06,600,3,64.0,,3.0,3.0,EII,-109953.02272781832,,3,3,bic,,1.909,2.571354583997163,,,,,,,,,-54352.81072252559,195.0,-109953.02272781832
heavy_tail_subspace,64,6,pca,fixed,ok,,1.0,600,3,2.0,2.0,3.0,3.0,tied,3548.89176691746,,3,3,bic,0.0013080409989925,0.0148360829916782,0.0187482089968398,,,,,,,,,,,
heavy_tail_subspace,64,6,umap,fixed,ok,,0.9949958125176231,600,3,2.0,2.0,3.0,3.0,tied,3364.8777556297896,,3,3,bic,0.7642992089968175,0.0139872500003548,0.782161625000299,,,,,,,,,,,
heavy_tail_subspace,64,7,ae_relu,fixed,ok,,0.8809791567570304,600,3,2.0,2.0,3.0,3.0,full,1140.173057783672,,3,3,bic,0.1347249160025967,0.0229613749979762,0.160414749989286,,,,,,relu,70.0,True,,,
heavy_tail_subspace,64,7,ae_tanh,fixed,ok,,0.970101677444598,600,3,2.0,2.0,3.0,3.0,diag,1140.4468614650762,,3,3,bic,0.1888175829953979,0.0290848330041626,0.2213499579956988,,,,,,tanh,56.0,True,,,
heavy_tail_subspace,64,7,autog2m2,fixed,ok,,0.9900166666666668,600,3,2.0,2.0,3.0,3.0,diag,-673.0973324943997,,3,3,bic,2.707106165995356,0.0143906669982243,2.7245783749967813,2.477573249998386,0.0138139170012436,0.1091144170059124,0.0161935829964932,,,,,,,
heavy_tail_subspace,64,7,autogmm_spectral,fixed,ok,,0.9604355428419712,600,3,2.0,2.0,3.0,3.0,full,-10964.618512370283,lse,3,3,bic,,0.0438496669958112,0.1316711660037981,,,,,0.0864394999953219,,,,,,
heavy_tail_subspace,64,7,mclust,fixed,ok,,-5.555601852237657e-06,600,3,64.0,,3.0,3.0,EII,-109894.20117986172,,3,3,bic,,1.1720000000000002,1.582740833007847,,,,,,,,,-54323.39994854729,195.0,-109894.20117986172
heavy_tail_subspace,64,7,pca,fixed,ok,,0.9949958125176231,600,3,2.0,2.0,3.0,3.0,tied,3881.011904499314,,3,3,bic,0.0013075419992674,0.0156003750016679,0.019522834001691,,,,,,,,,,,
heavy_tail_subspace,64,7,umap,fixed,ok,,0.9652725682892884,600,3,2.0,2.0,3.0,3.0,tied,3530.576571467927,,3,3,bic,0.7662411670025904,0.0382219169987365,0.8084840419905959,,,,,,,,,,,
heavy_tail_subspace,64,8,ae_relu,fixed,ok,,0.9850125211993978,600,3,2.0,2.0,3.0,3.0,full,4508.6770696478525,,3,3,bic,0.1869447089993627,0.0208706669945968,0.2107253750000381,,,,,,relu,67.0,True,,,
heavy_tail_subspace,64,8,ae_tanh,fixed,ok,,1.0,600,3,2.0,2.0,3.0,3.0,diag,431.56904827218585,,3,3,bic,0.1404981670057168,0.0263603329949546,0.1700065420009195,,,,,,tanh,42.0,True,,,
heavy_tail_subspace,64,8,autog2m2,fixed,ok,,0.9606792676277478,600,3,2.0,2.0,3.0,3.0,full,-2466.484318149984,,3,3,bic,4.68853158300044,0.0349294579937122,4.731978875002824,4.342605583995464,0.0851737920020241,0.0708642919926205,0.0356371670059161,,,,,,,
heavy_tail_subspace,64,8,autogmm_spectral,fixed,ok,,1.0,600,3,2.0,2.0,3.0,3.0,full,-12247.739589430126,lse,3,3,bic,,0.0448262079880805,0.1290732079942245,,,,,0.0828206659934949,,,,,,
heavy_tail_subspace,64,8,mclust,fixed,ok,,1.1167038898970166e-05,600,3,64.0,,3.0,3.0,EII,-109883.01037942596,,3,3,bic,,1.242,1.6777982500061626,,,,,,,,,-54317.8045483294,195.0,-109883.01037942596
heavy_tail_subspace,64,8,pca,fixed,ok,,1.0,600,3,2.0,2.0,3.0,3.0,spherical,3540.705959292916,,3,3,bic,0.0022803330066381,0.025896791004925,0.0315172499977052,,,,,,,,,,,
heavy_tail_subspace,64,8,umap,fixed,ok,,1.0,600,3,2.0,2.0,3.0,3.0,tied,3379.1814920996067,,3,3,bic,0.8418050420004874,0.0147323330020299,0.860280042004888,,,,,,,,,,,
heavy_tail_subspace,64,9,ae_relu,fixed,ok,,0.2575083923956478,600,3,2.0,2.0,3.0,3.0,diag,790.9240044015467,,3,3,bic,0.1464587090013083,0.0447528340009739,0.194144959008554,,,,,,relu,70.0,True,,,
heavy_tail_subspace,64,9,ae_tanh,fixed,ok,,0.9267775387176768,600,3,2.0,2.0,3.0,3.0,diag,1431.5874370470317,,3,3,bic,0.164893374996609,0.0294927909999387,0.1976970840041758,,,,,,tanh,49.0,True,,,
heavy_tail_subspace,64,9,autog2m2,fixed,ok,,0.9455746713934128,600,3,2.0,2.0,3.0,3.0,full,-484.8994080738816,,3,3,bic,2.8464227090007626,0.0199439580028411,2.869390124993515,2.5859055000037188,0.0156596659944625,0.1332430839975131,0.0171593330014729,,,,,,,
heavy_tail_subspace,64,9,autogmm_spectral,fixed,ok,,0.9412106127862488,600,3,2.0,2.0,3.0,3.0,full,-9846.963031897045,lse,3,3,bic,,0.055285875001573,0.1429370419937186,,,,,0.0862529169971821,,,,,,
heavy_tail_subspace,64,9,mclust,fixed,ok,,-5.555601852237657e-06,600,3,64.0,,3.0,3.0,EII,-109931.64577452592,,3,3,bic,,1.237,1.646823500006576,,,,,,,,,-54342.12224587938,195.0,-109931.64577452592
heavy_tail_subspace,64,9,pca,fixed,ok,,0.9605188388369676,600,3,2.0,2.0,3.0,3.0,tied,4021.690848070686,,3,3,bic,0.0017422499950043,0.0159873329976107,0.0210030419984832,,,,,,,,,,,
heavy_tail_subspace,64,9,umap,fixed,ok,,0.8985266702884193,600,3,2.0,2.0,3.0,3.0,spherical,3687.5538605789698,,3,3,bic,0.7849650409916649,0.0213175839890027,0.8099959579994902,,,,,,,,,,,
heavy_tail_subspace,64,10,ae_relu,fixed,ok,,0.9702541752408238,600,3,2.0,2.0,3.0,3.0,full,3942.948526674602,,3,3,bic,0.1198484159976942,0.0169668339949566,0.1399400829977821,,,,,,relu,62.0,True,,,
heavy_tail_subspace,64,10,ae_tanh,fixed,ok,,1.0,600,3,2.0,2.0,3.0,3.0,diag,600.6800860218337,,3,3,bic,0.1572352499933913,0.0266310830047586,0.1872272500040708,,,,,,tanh,47.0,True,,,
heavy_tail_subspace,64,10,autog2m2,fixed,ok,,1.0,600,3,2.0,2.0,3.0,3.0,full,-438.3592443423918,,3,3,bic,2.8555609580071177,0.014959166990593,2.8736275419942103,2.621551375006675,0.0141778329998487,0.1124825830047484,0.0160153750039171,,,,,,,
heavy_tail_subspace,64,10,autogmm_spectral,fixed,ok,,1.0,600,3,2.0,2.0,3.0,3.0,full,-11378.699648979731,lse,3,3,bic,,0.0382928750041173,0.1216892499942332,,,,,0.0820058329991297,,,,,,
heavy_tail_subspace,64,10,mclust,fixed,ok,,-5.555601852237657e-06,600,3,64.0,,3.0,3.0,EII,-109867.15606927394,,3,3,bic,,1.166,1.5713637499866309,,,,,,,,,-54309.8773932534,195.0,-109867.15606927394
heavy_tail_subspace,64,10,pca,fixed,ok,,1.0,600,3,2.0,2.0,3.0,3.0,tied,3645.005815057844,,3,3,bic,0.0013457910099532,0.014510541994241,0.0185763750050682,,,,,,,,,,,
heavy_tail_subspace,64,10,umap,fixed,ok,,0.985000168757628,600,3,2.0,2.0,3.0,3.0,tied,3462.396627952354,,3,3,bic,0.7443473329913104,0.0140566670015687,0.7620029999961844,,,,,,,,,,,
heavy_tail_subspace,64,11,ae_relu,fixed,ok,,0.8128100256712292,600,3,2.0,2.0,3.0,3.0,full,1482.5100397195413,,3,3,bic,0.1179827500018291,0.0304849590029334,0.1510556669963989,,,,,,relu,61.0,True,,,
heavy_tail_subspace,64,11,ae_tanh,fixed,ok,,0.9703530013556876,600,3,2.0,2.0,3.0,3.0,full,869.6087069587869,,3,3,bic,0.1615880830067908,0.0323296670103445,0.1973969170066993,,,,,,tanh,47.0,True,,,
heavy_tail_subspace,64,11,autog2m2,fixed,ok,,0.9092127980328384,600,3,2.0,2.0,3.0,3.0,full,-240.3400362704988,,3,3,bic,2.716645709006116,0.0162642079958459,2.735719332995359,2.4910308750113472,0.0141133329889271,0.105763041996397,0.016387499999837,,,,,,,
heavy_tail_subspace,64,11,autogmm_spectral,fixed,ok,,0.9703510050251256,600,3,2.0,2.0,3.0,3.0,full,-10926.06841308228,lse,3,3,bic,,0.0418480829976033,0.1272172500030137,,,,,0.0839932920061983,,,,,,
heavy_tail_subspace,64,11,mclust,fixed,ok,,1.1167038898970166e-05,600,3,64.0,,3.0,3.0,EII,-109903.64910384914,,3,3,bic,,1.179,1.5863452500052515,,,,,,,,,-54328.12391054099,195.0,-109903.64910384914
heavy_tail_subspace,64,11,pca,fixed,ok,,0.9900166666666668,600,3,2.0,2.0,3.0,3.0,tied,3687.564098153754,,3,3,bic,0.0013851659896317,0.015458124995348,0.0195507090102182,,,,,,,,,,,
heavy_tail_subspace,64,11,umap,fixed,ok,,0.9558742377435608,600,3,2.0,2.0,3.0,3.0,spherical,3539.0162841513784,,3,3,bic,0.8184230830083834,0.0150541250040987,0.8368161249964032,,,,,,,,,,,
heavy_tail_subspace,64,12,ae_relu,fixed,ok,,0.7115873243129046,600,3,2.0,2.0,3.0,3.0,diag,2173.110823574825,,3,3,bic,0.125578791994485,0.0223221250053029,0.1504471670050406,,,,,,relu,65.0,True,,,
heavy_tail_subspace,64,12,ae_tanh,fixed,ok,,0.9949958125176231,600,3,2.0,2.0,3.0,3.0,diag,901.9323257834648,,3,3,bic,0.1892054999916581,0.0253069999889703,0.2180197920097271,,,,,,tanh,56.0,True,,,
heavy_tail_subspace,64,12,autog2m2,fixed,ok,,0.9949958125176231,600,3,2.0,2.0,3.0,3.0,full,-2069.499736833976,,3,3,bic,2.764048750002985,0.0165351250034291,2.783615041989833,2.5020991250057705,0.0282787910109618,0.1276354169967817,0.016424667002866,,,,,,,
heavy_tail_subspace,64,12,autogmm_spectral,fixed,ok,,0.9850379826540704,600,3,2.0,2.0,3.0,3.0,full,-11176.42420821794,lse,3,3,bic,,0.0378482080122921,0.1223037919990019,,,,,0.0830911660013953,,,,,,
heavy_tail_subspace,64,12,mclust,fixed,ok,,-5.555601852237657e-06,600,3,64.0,,3.0,3.0,EII,-109926.75382017234,,3,3,bic,,1.154,1.5596887500141747,,,,,,,,,-54339.67626870259,195.0,-109926.75382017234
heavy_tail_subspace,64,12,pca,fixed,ok,,1.0,600,3,2.0,2.0,3.0,3.0,tied,3705.0093774110223,,3,3,bic,0.0017257920117117,0.0145589579915395,0.0188969589944463,,,,,,,,,,,
heavy_tail_subspace,64,12,umap,fixed,ok,,0.9653723174307494,600,3,2.0,2.0,3.0,3.0,tied,3496.361541771621,,3,3,bic,0.7534337499964749,0.0156358329986687,0.7727089580002939,,,,,,,,,,,
heavy_tail_subspace,64,13,ae_relu,fixed,ok,,0.2010026875414713,600,3,2.0,2.0,3.0,3.0,diag,-56.74179942259191,,3,3,bic,0.1500743329961551,0.0517312090087216,0.2048088330047903,,,,,,relu,66.0,True,,,
heavy_tail_subspace,64,13,ae_tanh,fixed,ok,,0.8983664869860339,600,3,2.0,2.0,3.0,3.0,tied,1436.656302514751,,3,3,bic,0.1967203329986659,0.0288590000127442,0.2291737080086022,,,,,,tanh,59.0,True,,,
heavy_tail_subspace,64,13,autog2m2,fixed,ok,,0.8835062776582658,600,3,2.0,2.0,3.0,3.0,full,-287.33238523442714,,3,3,bic,3.5840750409988686,0.0220879589905962,3.609348375000991,3.2942806249920977,0.0190690839954186,0.1364281249989289,0.0201135410025017,,,,,,,
heavy_tail_subspace,64,13,autogmm_spectral,fixed,ok,,0.8928889323195348,600,3,2.0,2.0,3.0,3.0,full,-9561.37713931033,lse,3,3,bic,,0.0465225830121198,0.1346310420049121,,,,,0.0867239170038374,,,,,,
heavy_tail_subspace,64,13,mclust,fixed,ok,,1.1167038898970166e-05,600,3,64.0,,3.0,3.0,EII,-109826.91530432914,,3,3,bic,,1.23,1.6353976250102278,,,,,,,,,-54289.757010781,195.0,-109826.91530432914
heavy_tail_subspace,64,13,pca,fixed,ok,,0.92679399378605,600,3,2.0,2.0,3.0,3.0,tied,4246.07750326293,,3,3,bic,0.0015767090080771,0.0231283330067526,0.0279372499935561,,,,,,,,,,,
heavy_tail_subspace,64,13,umap,fixed,ok,,0.8063733096876627,600,3,2.0,2.0,3.0,3.0,tied,3695.008092786834,,3,3,bic,0.9159862920059822,0.019410875000176,0.9393623330106492,,,,,,,,,,,
heavy_tail_subspace,64,14,ae_relu,fixed,ok,,0.8486410566821063,600,3,2.0,2.0,3.0,3.0,full,1175.3289729880971,,3,3,bic,0.1782456250075483,0.0277358329913113,0.2091976249939762,,,,,,relu,83.0,True,,,
heavy_tail_subspace,64,14,ae_tanh,fixed,ok,,0.985063191387914,600,3,2.0,2.0,3.0,3.0,diag,789.4944612610022,,3,3,bic,0.2180568339972524,0.0263455410022288,0.2478680420026648,,,,,,tanh,64.0,True,,,
heavy_tail_subspace,64,14,autog2m2,fixed,ok,,0.975230732990034,600,3,2.0,2.0,3.0,3.0,full,-650.8139539120739,,3,3,bic,3.2026624999998603,0.0374778749974211,3.24331516600796,2.939889667002717,0.0157944170059636,0.1260484170052223,0.0182007080002222,,,,,,,
heavy_tail_subspace,64,14,autogmm_spectral,fixed,ok,,0.9900168347249766,600,3,2.0,2.0,3.0,3.0,full,-11280.67225363132,lse,3,3,bic,,0.0369179169792914,0.119401417003246,,,,,0.0811184589983895,,,,,,
heavy_tail_subspace,64,14,mclust,fixed,ok,,1.1167038898970166e-05,600,3,64.0,,3.0,3.0,EII,-109942.3409384132,,3,3,bic,,1.21,1.6143728750030275,,,,,,,,,-54347.46982782303,195.0,-109942.34094849626
heavy_tail_subspace,64,14,pca,fixed,ok,,0.9900168347249766,600,3,2.0,2.0,3.0,3.0,tied,3642.503438147314,,3,3,bic,0.0014409590075956,0.0160662909911479,0.0200778340076794,,,,,,,,,,,
heavy_tail_subspace,64,14,umap,fixed,ok,,0.9653723174307494,600,3,2.0,2.0,3.0,3.0,spherical,3491.0638107436303,,3,3,bic,0.8627457499969751,0.0161803749942919,0.8832363330002408,,,,,,,,,,,
heavy_tail_subspace,64,15,ae_relu,fixed,ok,,0.7894199209984704,600,3,2.0,2.0,3.0,3.0,diag,-1455.513347875408,,3,3,bic,0.0967467079899506,0.0258435839932644,0.1251941670052474,,,,,,relu,48.0,True,,,
heavy_tail_subspace,64,15,ae_tanh,fixed,ok,,0.9555163994063726,600,3,2.0,2.0,3.0,3.0,diag,1148.1344363013152,,3,3,bic,0.1609519170015119,0.0272139169974252,0.1916102500108536,,,,,,tanh,47.0,True,,,
heavy_tail_subspace,64,15,autog2m2,fixed,ok,,0.9949958125176231,600,3,2.0,2.0,3.0,3.0,full,-199.80288052112644,,3,3,bic,3.116130541995517,0.0170526250003604,3.136058040996432,2.87035774999822,0.0155400419898796,0.1163170829968294,0.0170339580072322,,,,,,,
heavy_tail_subspace,64,15,autogmm_spectral,fixed,ok,,0.9801336683417086,600,3,2.0,2.0,3.0,3.0,full,-10887.411533056842,lse,3,3,bic,,0.0380486249923706,0.1224473749898606,,,,,0.0830282499955501,,,,,,
heavy_tail_subspace,64,15,mclust,fixed,ok,,-5.555601852237657e-06,600,3,64.0,,3.0,3.0,EII,-109934.15004523825,,3,3,bic,,1.1989999999999998,1.604983415993047,,,,,,,,,-54343.374381235546,195.0,-109934.15004523825
heavy_tail_subspace,64,15,pca,fixed,ok,,0.9654986058002952,600,3,2.0,2.0,3.0,3.0,tied,3864.52877092096,,3,3,bic,0.001400334003847,0.0162307919963495,0.0200953749881591,,,,,,,,,,,
heavy_tail_subspace,64,15,umap,fixed,ok,,0.9558697812887148,600,3,2.0,2.0,3.0,3.0,spherical,3523.423681152002,,3,3,bic,0.7975517500017304,0.0190735409996705,0.8202094169973861,,,,,,,,,,,
heavy_tail_subspace,64,16,ae_relu,fixed,ok,,0.4945419839866575,600,3,2.0,2.0,3.0,3.0,full,-9.611071167018068,,3,3,bic,0.1804594999994151,0.0447834999940823,0.2281801250064745,,,,,,relu,88.0,True,,,
heavy_tail_subspace,64,16,ae_tanh,fixed,ok,,0.9900168347249766,600,3,2.0,2.0,3.0,3.0,diag,1001.7185241822956,,3,3,bic,0.1697458749986253,0.0282574589946307,0.2014864170050714,,,,,,tanh,49.0,True,,,
heavy_tail_subspace,64,16,autog2m2,fixed,ok,,0.9850626884924544,600,3,2.0,2.0,3.0,3.0,full,-93.47981591302174,,3,3,bic,2.985595749996719,0.0191760419984348,3.0078991250047693,2.7342600410047453,0.0149918749957578,0.119443666000734,0.017560082997079,,,,,,,
heavy_tail_subspace,64,16,autogmm_spectral,fixed,ok,,0.9949958125176231,600,3,2.0,2.0,3.0,3.0,full,-10964.764774239571,lse,3,3,bic,,0.0434199580049607,0.1328016670013312,,,,,0.0880016659939428,,,,,,
heavy_tail_subspace,64,16,mclust,fixed,ok,,1.1167038898970166e-05,600,3,64.0,,3.0,3.0,EII,-109881.9925726947,,3,3,bic,,1.206,1.6219150419929065,,,,,,,,,-54317.29564496377,195.0,-109881.9925726947
heavy_tail_subspace,64,16,pca,fixed,ok,,1.0,600,3,2.0,2.0,3.0,3.0,tied,3769.8894419138646,,3,3,bic,0.0015082919999258,0.0173058749933261,0.0219002090016147,,,,,,,,,,,
heavy_tail_subspace,64,16,umap,fixed,ok,,0.9850125211993978,600,3,2.0,2.0,3.0,3.0,tied,3537.2893147103146,,3,3,bic,0.8103745419939514,0.015436583009432,0.8296015420055483,,,,,,,,,,,
heavy_tail_subspace,64,17,ae_relu,fixed,ok,,0.931766824109364,600,3,2.0,2.0,3.0,3.0,full,3470.6192680732443,,3,3,bic,0.1258894580096239,0.0221536669996567,0.1506701659964164,,,,,,relu,62.0,True,,,
heavy_tail_subspace,64,17,ae_tanh,fixed,ok,,1.0,600,3,2.0,2.0,3.0,3.0,diag,886.391932090168,,3,3,bic,0.2061613750120159,0.0264138330094283,0.2363416249863803,,,,,,tanh,60.0,True,,,
heavy_tail_subspace,64,17,autog2m2,fixed,ok,,0.9703554963908736,600,3,2.0,2.0,3.0,3.0,full,-1260.2892478999129,,3,3,bic,2.9632935839908896,0.0169740830024238,2.9834153749980032,2.693154041000525,0.0175095409940695,0.1216156669979682,0.0173262919997796,,,,,,,
heavy_tail_subspace,64,17,autogmm_spectral,fixed,ok,,0.9949958125176231,600,3,2.0,2.0,3.0,3.0,full,-11182.137090580069,lse,3,3,bic,,0.0564666660065995,0.1422757919935975,,,,,0.0844482910033548,,,,,,
heavy_tail_subspace,64,17,mclust,fixed,ok,,-5.555601852237657e-06,600,3,64.0,,3.0,3.0,EII,-109914.22907806904,,3,3,bic,,1.152,1.556130375000066,,,,,,,,,-54333.41389765094,195.0,-109914.22907806904
heavy_tail_subspace,64,17,pca,fixed,ok,,1.0,600,3,2.0,2.0,3.0,3.0,tied,3731.2168869030393,,3,3,bic,0.0016706669994164,0.0156006250035716,0.0199925420020008,,,,,,,,,,,
heavy_tail_subspace,64,17,umap,fixed,ok,,0.9850626884924544,600,3,2.0,2.0,3.0,3.0,tied,3459.2737278848945,,3,3,bic,0.777761624995037,0.0155077500094193,0.7967769160022726,,,,,,,,,,,
heavy_tail_subspace,64,18,ae_relu,fixed,ok,,0.7942134082251258,600,3,2.0,2.0,3.0,3.0,full,1972.015054790628,,3,3,bic,0.1385117919999174,0.0308078750094864,0.1795150419929996,,,,,,relu,68.0,True,,,
heavy_tail_subspace,64,18,ae_tanh,fixed,ok,,0.984987816627764,600,3,2.0,2.0,3.0,3.0,diag,1089.555855059286,,3,3,bic,0.2013104170036967,0.027730750007322,0.2323765410110354,,,,,,tanh,57.0,True,,,
heavy_tail_subspace,64,18,autog2m2,fixed,ok,,0.9850626884924544,600,3,2.0,2.0,3.0,3.0,full,-468.31802005632096,,3,3,bic,3.03493462500046,0.0181388750061159,3.055988500011153,2.769927417000872,0.0159374170034425,0.1274955420085461,0.0183984579925891,,,,,,,
heavy_tail_subspace,64,18,autogmm_spectral,fixed,ok,,0.9949958125176231,600,3,2.0,2.0,3.0,3.0,full,-10933.54482717688,lse,3,3,bic,,0.0530896249983925,0.1380266670021228,,,,,0.0835742499912157,,,,,,
heavy_tail_subspace,64,18,mclust,fixed,ok,,1.1167038898970166e-05,600,3,64.0,,3.0,3.0,EII,-109919.93150545584,,3,3,bic,,1.17,1.57570995799324,,,,,,,,,-54336.26511134434,195.0,-109919.93150545584
heavy_tail_subspace,64,18,pca,fixed,ok,,1.0,600,3,2.0,2.0,3.0,3.0,tied,3881.149010267178,,3,3,bic,0.0016164999979082,0.016920249996474,0.0213267910003196,,,,,,,,,,,
heavy_tail_subspace,64,18,umap,fixed,ok,,0.985063191387914,600,3,2.0,2.0,3.0,3.0,tied,3517.15947395141,,3,3,bic,0.8571949170000153,0.0246819169988157,0.885937750004814,,,,,,,,,,,
heavy_tail_subspace,64,19,ae_relu,fixed,ok,,0.6542950085276421,600,3,2.0,2.0,3.0,3.0,spherical,283.7715886274532,,3,3,bic,0.115039833006449,0.0360911250027129,0.1543093750078696,,,,,,relu,56.0,True,,,
heavy_tail_subspace,64,19,ae_tanh,fixed,ok,,0.9949958125176231,600,3,2.0,2.0,3.0,3.0,diag,946.4731122325826,,3,3,bic,0.165917416990851,0.0264946670067729,0.1958412499952828,,,,,,tanh,49.0,True,,,
heavy_tail_subspace,64,19,autog2m2,fixed,ok,,0.9750680095469216,600,3,2.0,2.0,3.0,3.0,diag,-475.88461337394295,,3,3,bic,3.200920999996015,0.0226530829968396,3.2262897080072435,2.9531458339915844,0.015384541999083,0.1155186249961843,0.0175962920038728,,,,,,,
heavy_tail_subspace,64,19,autogmm_spectral,fixed,ok,,0.9949958125176231,600,3,2.0,2.0,3.0,3.0,full,-11006.590149756836,lse,3,3,bic,,0.0382620409945957,0.1468181660020491,,,,,0.1072028750058962,,,,,,
heavy_tail_subspace,64,19,mclust,fixed,ok,,-5.555601852237657e-06,600,3,64.0,,3.0,3.0,EII,-109900.09636554662,,3,3,bic,,1.1749999999999998,1.5790232909930637,,,,,,,,,-54326.34754138973,195.0,-109900.09636554662
heavy_tail_subspace,64,19,pca,fixed,ok,,0.9949958125176231,600,3,2.0,2.0,3.0,3.0,tied,3816.807755342568,,3,3,bic,0.0014174579991959,0.0162581670010695,0.0202757920051226,,,,,,,,,,,
heavy_tail_subspace,64,19,umap,fixed,ok,,0.96542219326087,600,3,2.0,2.0,3.0,3.0,spherical,3519.9696688339345,,3,3,bic,0.7991960420040414,0.0158573749940842,0.8194013749889564,,,,,,,,,,,
heavy_tail_subspace,128,0,ae_relu,fixed,ok,,0.9603101404421044,600,3,2.0,2.0,3.0,3.0,full,3877.013334791032,,3,3,bic,0.1919271250080783,0.0171680830098921,0.2124292499938747,,,,,,relu,78.0,True,,,
heavy_tail_subspace,128,0,ae_tanh,fixed,ok,,0.9900041668585104,600,3,2.0,2.0,3.0,3.0,diag,1022.7228313132435,,3,3,bic,0.2331728749995818,0.0257388750032987,0.2638303329877089,,,,,,tanh,48.0,True,,,
heavy_tail_subspace,128,0,autog2m2,fixed,ok,,0.9949958125176231,600,3,2.0,2.0,3.0,3.0,diag,-412.59575189546734,,3,3,bic,3.312380457995459,0.0161419169889995,3.331505375012057,3.089338666992262,0.0141824169986648,0.1020169159892248,0.0162160000036237,,,,,,,
heavy_tail_subspace,128,0,autogmm_spectral,fixed,ok,,1.0,600,3,2.0,2.0,3.0,3.0,full,-10246.006219104696,lse,3,3,bic,,0.0927880829985952,0.2464793340041069,,,,,0.1513779579981928,,,,,,
heavy_tail_subspace,128,0,mclust,fixed,ok,,-5.555601852237657e-06,600,3,128.0,,3.0,3.0,EII,-220008.43234516383,,3,3,bic,,9.744,10.436004124989267,,,,,,,,,-108766.4102842976,387.0,-220008.43234516383
heavy_tail_subspace,128,0,pca,fixed,ok,,0.9949958125176231,600,3,2.0,2.0,3.0,3.0,tied,3762.1056634371625,,3,3,bic,0.00156462501036,0.0146549999917624,0.0191031669965013,,,,,,,,,,,
heavy_tail_subspace,128,0,umap,fixed,ok,,0.9702005025125628,600,3,2.0,2.0,3.0,3.0,tied,3578.979977000704,,3,3,bic,0.8267238330008695,0.014277750000474,0.8449139579897746,,,,,,,,,,,
heavy_tail_subspace,128,1,ae_relu,fixed,ok,,0.4088611958829592,600,3,2.0,2.0,3.0,3.0,full,1794.5762621090707,,3,3,bic,0.2106819159962469,0.0362293749931268,0.2496490000048652,,,,,,relu,88.0,True,,,
heavy_tail_subspace,128,1,ae_tanh,fixed,ok,,0.9021867589838984,600,3,2.0,2.0,3.0,3.0,diag,1373.0639924770696,,3,3,bic,0.301599708996946,0.0273080839979229,0.3338455839984817,,,,,,tanh,63.0,True,,,
heavy_tail_subspace,128,1,autog2m2,fixed,ok,,0.9457333577963932,600,3,2.0,2.0,3.0,3.0,diag,-249.08700802787263,,3,3,bic,3.285243458012701,0.01606675000221,3.3043152499885764,3.061045666996506,0.0145137079962296,0.1044317920022877,0.016326167009538,,,,,,,
heavy_tail_subspace,128,1,autogmm_spectral,fixed,ok,,0.9310027285729396,600,3,2.0,2.0,3.0,3.0,full,-9531.225002311508,lse,3,3,bic,,0.1055622920102905,0.2549055830022553,,,,,0.1471037090086611,,,,,,
heavy_tail_subspace,128,1,mclust,fixed,ok,,-5.555601852237657e-06,600,3,128.0,,3.0,3.0,EII,-219966.9843675092,,3,3,bic,,9.677,10.356168958998753,,,,,,,,,-108745.68629547028,387.0,-219966.9843675092
heavy_tail_subspace,128,1,pca,fixed,ok,,0.960293088868437,600,3,2.0,2.0,3.0,3.0,tied,4119.984965626206,,3,3,bic,0.0016177079960471,0.0153085000056307,0.0194424169894773,,,,,,,,,,,
heavy_tail_subspace,128,1,umap,fixed,ok,,0.8101735945914401,600,3,2.0,2.0,3.0,3.0,tied,3652.867044776986,,3,3,bic,0.7807052499993006,0.0175428749935235,0.802005541001563,,,,,,,,,,,
heavy_tail_subspace,128,2,ae_relu,fixed,ok,,0.5954401354473416,600,3,2.0,2.0,3.0,3.0,diag,-868.1585320382494,,3,3,bic,0.1734444159956183,0.0335321250022389,0.2097525419958401,,,,,,relu,72.0,True,,,
heavy_tail_subspace,128,2,ae_tanh,fixed,ok,,0.9554422773438614,600,3,2.0,2.0,3.0,3.0,diag,1286.696492047582,,3,3,bic,0.2269338750047609,0.0284940830024424,0.260004707990447,,,,,,tanh,51.0,True,,,
heavy_tail_subspace,128,2,autog2m2,fixed,ok,,0.9138142914394592,600,3,2.0,2.0,3.0,3.0,spherical,-453.46486841249634,,3,3,bic,3.239934541008552,0.0173345000075642,3.261177749998751,3.0171396670048125,0.0140202079928712,0.1023428750049788,0.0164307090017246,,,,,,,
heavy_tail_subspace,128,2,autogmm_spectral,fixed,ok,,0.9703510050251256,600,3,2.0,2.0,3.0,3.0,full,-10015.456382279714,lse,3,3,bic,,0.0618281250062864,0.2131763749930542,,,,,0.1490272079972783,,,,,,
heavy_tail_subspace,128,2,mclust,fixed,ok,,1.1167038898970166e-05,600,3,128.0,,3.0,3.0,EII,-219935.84934352172,,3,3,bic,,9.825,10.515002958010882,,,,,,,,,-108730.11878347656,387.0,-219935.84934352172
heavy_tail_subspace,128,2,pca,fixed,ok,,0.9900166666666668,600,3,2.0,2.0,3.0,3.0,tied,4024.258118327292,,3,3,bic,0.0016552499873796,0.0155574999953387,0.0205515830020885,,,,,,,,,,,
heavy_tail_subspace,128,2,umap,fixed,ok,,0.9085083340388378,600,3,2.0,2.0,3.0,3.0,tied,3584.324089841469,,3,3,bic,0.7784876249934314,0.0171934160025557,0.7996536250138888,,,,,,,,,,,
heavy_tail_subspace,128,3,ae_relu,fixed,ok,,0.8629779934760616,600,3,2.0,2.0,3.0,3.0,full,799.7069872715566,,3,3,bic,0.2003206249937648,0.0212797080021118,0.2243307910102885,,,,,,relu,82.0,True,,,
heavy_tail_subspace,128,3,ae_tanh,fixed,ok,,0.9750060396133736,600,3,2.0,2.0,3.0,3.0,full,736.0919635690067,,3,3,bic,0.2352842079999391,0.0328049590025329,0.2735285840026336,,,,,,tanh,51.0,True,,,
heavy_tail_subspace,128,3,autog2m2,fixed,ok,,1.0,600,3,2.0,2.0,3.0,3.0,diag,-266.3004192159987,,3,3,bic,3.251909041995532,0.0155980419949628,3.270530624999082,3.026513832999626,0.0141956659936113,0.1046095420024357,0.0163365829939721,,,,,,,
heavy_tail_subspace,128,3,autogmm_spectral,fixed,ok,,0.9949958125176231,600,3,2.0,2.0,3.0,3.0,full,-10614.950418289129,lse,3,3,bic,,0.0952966240147361,0.241217749993666,,,,,0.1437421250011539,,,,,,
heavy_tail_subspace,128,3,mclust,fixed,ok,,-5.555601852237657e-06,600,3,128.0,,3.0,3.0,EII,-219945.21096413516,,3,3,bic,,9.708,10.366417708995868,,,,,,,,,-108734.79959378325,387.0,-219945.21096413516
heavy_tail_subspace,128,3,pca,fixed,ok,,1.0,600,3,2.0,2.0,3.0,3.0,tied,3716.921374806136,,3,3,bic,0.0016231670015258,0.0144621250074123,0.0185399159963708,,,,,,,,,,,
heavy_tail_subspace,128,3,umap,fixed,ok,,0.9603195081521428,600,3,2.0,2.0,3.0,3.0,spherical,3482.117919334466,,3,3,bic,0.7837824159942102,0.0141809159977128,0.8018676249921555,,,,,,,,,,,
heavy_tail_subspace,128,4,ae_relu,fixed,ok,,0.76338705235763,600,3,2.0,2.0,3.0,3.0,full,3718.4624498874455,,3,3,bic,0.1287142499932088,0.0266475420066854,0.1581747909949626,,,,,,relu,53.0,True,,,
heavy_tail_subspace,128,4,ae_tanh,fixed,ok,,0.9505517529533246,600,3,2.0,2.0,3.0,3.0,diag,1528.890030032759,,3,3,bic,0.2401533340016612,0.0274959169910289,0.2726147920038784,,,,,,tanh,47.0,True,,,
heavy_tail_subspace,128,4,autog2m2,fixed,ok,,0.9651359322203096,600,3,2.0,2.0,3.0,3.0,spherical,-264.62642179213054,,3,3,bic,3.217708083000616,0.0172607080021407,3.238257082994096,2.987429250002606,0.0145604580029612,0.1091713750065537,0.0162123329937458,,,,,,,
heavy_tail_subspace,128,4,autogmm_spectral,fixed,ok,,0.9262997690777474,600,3,2.0,2.0,3.0,3.0,full,-9427.733526827751,lse,3,3,bic,,0.0686737510113744,0.2170880409976234,,,,,0.146333249998861,,,,,,
heavy_tail_subspace,128,4,mclust,fixed,ok,,1.1167038898970166e-05,600,3,128.0,,3.0,3.0,EII,-219944.9025755516,,3,3,bic,,9.862,10.519428500003414,,,,,,,,,-108734.64539949146,387.0,-219944.9025755516
heavy_tail_subspace,128,4,pca,fixed,ok,,0.9750680095469216,600,3,2.0,2.0,3.0,3.0,spherical,4255.817915030199,,3,3,bic,0.0015145409997785,0.0150890829972922,0.0193196659965906,,,,,,,,,,,
heavy_tail_subspace,128,4,umap,fixed,ok,,0.8016058369805985,600,3,2.0,2.0,3.0,3.0,spherical,3660.850861832061,,3,3,bic,0.7702499579900177,0.0163868750096298,0.7897761670028558,,,,,,,,,,,
heavy_tail_subspace,128,5,ae_relu,fixed,ok,,0.7312365635840986,600,3,2.0,2.0,3.0,3.0,full,1912.921177595711,,3,3,bic,0.1390326659893617,0.0290545419993577,0.1717645419994369,,,,,,relu,57.0,True,,,
heavy_tail_subspace,128,5,ae_tanh,fixed,ok,,0.980096629062875,600,3,2.0,2.0,3.0,3.0,diag,1109.801949589796,,3,3,bic,0.2883683750114869,0.0272382920084055,0.3217993749858578,,,,,,tanh,54.0,True,,,
heavy_tail_subspace,128,5,autog2m2,fixed,ok,,0.9900042509932298,600,3,2.0,2.0,3.0,3.0,diag,-537.7481480696764,,3,3,bic,3.2086494999966817,0.0191761669993866,3.230910499987658,2.98075395799242,0.0143048750032903,0.1087715409958036,0.0161824999959208,,,,,,,
heavy_tail_subspace,128,5,autogmm_spectral,fixed,ok,,0.9900042509932298,600,3,2.0,2.0,3.0,3.0,full,-10321.29474106394,lse,3,3,bic,,0.0655032920039957,0.2173677079990739,,,,,0.1495124159991974,,,,,,
heavy_tail_subspace,128,5,mclust,fixed,ok,,1.1167038898970166e-05,600,3,128.0,,3.0,3.0,EII,-219748.22284077597,,3,3,bic,,9.747,10.42164379201131,,,,,,,,,-108636.30553210364,387.0,-219748.22284077597
heavy_tail_subspace,128,5,pca,fixed,ok,,1.0,600,3,2.0,2.0,3.0,3.0,tied,3916.008981840716,,3,3,bic,0.001609584011021,0.0147425829927669,0.0193104170029982,,,,,,,,,,,
heavy_tail_subspace,128,5,umap,fixed,ok,,0.960232890925242,600,3,2.0,2.0,3.0,3.0,spherical,3562.448284333771,,3,3,bic,0.7954408330115257,0.0157626669970341,0.814578416000586,,,,,,,,,,,
heavy_tail_subspace,128,6,ae_relu,fixed,ok,,0.3102873207823264,600,3,2.0,2.0,3.0,3.0,diag,510.0628833787817,,3,3,bic,0.1503770420094952,0.0791892499983077,0.2329120420035906,,,,,,relu,62.0,True,,,
heavy_tail_subspace,128,6,ae_tanh,fixed,ok,,0.975229899053398,600,3,2.0,2.0,3.0,3.0,diag,1355.83804845015,,3,3,bic,0.2146334170101909,0.0269475000095553,0.2465465830027824,,,,,,tanh,49.0,True,,,
heavy_tail_subspace,128,6,autog2m2,fixed,ok,,0.9949958125176231,600,3,2.0,2.0,3.0,3.0,full,-447.8497793768626,,3,3,bic,3.1734973330021603,0.0162865410093218,3.192951125005493,2.948030999992625,0.0140244590002112,0.1050548749917652,0.0162417910032672,,,,,,,
heavy_tail_subspace,128,6,autogmm_spectral,fixed,ok,,0.9800962940103582,600,3,2.0,2.0,3.0,3.0,full,-9714.135750270048,lse,3,3,bic,,0.083184123999672,0.2334215830051107,,,,,0.1480420830048388,,,,,,
heavy_tail_subspace,128,6,mclust,fixed,ok,,-5.555601852237657e-06,600,3,128.0,,3.0,3.0,EII,-219945.0029045932,,3,3,bic,,9.765,10.425365500006592,,,,,,,,,-108734.69556401228,387.0,-219945.0029045932
heavy_tail_subspace,128,6,pca,fixed,ok,,0.9900166666666668,600,3,2.0,2.0,3.0,3.0,tied,4023.780323727493,,3,3,bic,0.0015053329989314,0.015177749999566,0.0191173750063171,,,,,,,,,,,
heavy_tail_subspace,128,6,umap,fixed,ok,,0.8879723792605445,600,3,2.0,2.0,3.0,3.0,tied,3623.657110197521,,3,3,bic,0.7878884579986334,0.0159003340086201,0.8075524589949055,,,,,,,,,,,
heavy_tail_subspace,128,7,ae_relu,fixed,ok,,0.677027371716336,600,3,2.0,2.0,3.0,3.0,spherical,409.88699237910487,,3,3,bic,0.221341124997707,0.0311730409885058,0.3066650830005528,,,,,,relu,84.0,True,,,
heavy_tail_subspace,128,7,ae_tanh,fixed,ok,,0.985025,600,3,2.0,2.0,3.0,3.0,diag,1137.8066267048964,,3,3,bic,0.2275857089989585,0.0273848749930039,0.2595733329944778,,,,,,tanh,47.0,True,,,
heavy_tail_subspace,128,7,autog2m2,fixed,ok,,0.9900166666666668,600,3,2.0,2.0,3.0,3.0,full,-213.3037851311697,,3,3,bic,3.2928218750021188,0.0167070830066222,3.31261383301171,3.06375608300732,0.0144443749886704,0.1102957080001942,0.0162947080098092,,,,,,,
heavy_tail_subspace,128,7,autogmm_spectral,fixed,ok,,0.9701381701566876,600,3,2.0,2.0,3.0,3.0,full,-9879.04091752129,lse,3,3,bic,,0.0445984579855576,0.1401390420069219,,,,,0.0941446670040022,,,,,,
heavy_tail_subspace,128,7,mclust,fixed,ok,,-5.555601852237657e-06,600,3,128.0,,3.0,3.0,EII,-219922.0000562182,,3,3,bic,,5.7010000000000005,6.1111253749986645,,,,,,,,,-108723.1941398248,387.0,-219922.0000562182
heavy_tail_subspace,128,7,pca,fixed,ok,,0.9949958125176231,600,3,2.0,2.0,3.0,3.0,tied,3810.7089679639503,,3,3,bic,0.00157287500042,0.0157580000086454,0.0201557090040296,,,,,,,,,,,
heavy_tail_subspace,128,7,umap,fixed,ok,,0.8931905482467055,600,3,2.0,2.0,3.0,3.0,spherical,3558.413166402287,,3,3,bic,0.8661164999939501,0.0185238330013817,0.8936735000024782,,,,,,,,,,,
heavy_tail_subspace,128,8,ae_relu,fixed,ok,,0.3157255873583998,600,3,2.0,2.0,3.0,3.0,diag,-1106.0432485544088,,3,3,bic,0.3166329170053359,0.0933176669932436,0.4151321669924073,,,,,,relu,60.0,True,,,
heavy_tail_subspace,128,8,ae_tanh,fixed,ok,,0.9357612162433252,600,3,2.0,2.0,3.0,3.0,diag,1552.0409737568664,,3,3,bic,0.233452207990922,0.0262291249964619,0.2646316660102457,,,,,,tanh,48.0,True,,,
heavy_tail_subspace,128,8,autog2m2,fixed,ok,,0.9311508131753092,600,3,2.0,2.0,3.0,3.0,full,-161.9860023557037,,3,3,bic,5.114941499996348,0.0217923339951084,5.140176667002379,4.871785875002388,0.0155949579930165,0.1130180000036489,0.0170502919936552,,,,,,,
heavy_tail_subspace,128,8,autogmm_spectral,fixed,ok,,0.9555036709620108,600,3,2.0,2.0,3.0,3.0,full,-9415.898652432736,lse,3,3,bic,,0.0530197500047506,0.1473717499902704,,,,,0.0929210000031162,,,,,,
heavy_tail_subspace,128,8,mclust,fixed,ok,,-5.555601852237657e-06,600,3,128.0,,3.0,3.0,EII,-219845.31116525517,,3,3,bic,,6.064,6.49633837500005,,,,,,,,,-108684.84969434324,387.0,-219845.31116525517
heavy_tail_subspace,128,8,pca,fixed,ok,,0.9800961264798698,600,3,2.0,2.0,3.0,3.0,tied,4138.621153379806,,3,3,bic,0.0017968750034924,0.0164886249986011,0.0208813329954864,,,,,,,,,,,
heavy_tail_subspace,128,8,umap,fixed,ok,,0.7581116733151919,600,3,2.0,2.0,3.0,3.0,tied,3623.015116586306,,3,3,bic,1.5283282089949353,0.0469665840064408,1.5814810409938218,,,,,,,,,,,
heavy_tail_subspace,128,9,ae_relu,fixed,ok,,0.2208781363119221,600,3,2.0,2.0,3.0,3.0,diag,-874.9276303084355,,3,3,bic,0.1557595000049332,0.0566473329963628,0.2155390419939067,,,,,,relu,54.0,True,,,
heavy_tail_subspace,128,9,ae_tanh,fixed,ok,,0.95051308940336,600,3,2.0,2.0,3.0,3.0,tied,1251.708284336129,,3,3,bic,0.2526647910126485,0.0275753339956281,0.2850444999930914,,,,,,tanh,55.0,True,,,
heavy_tail_subspace,128,9,autog2m2,fixed,ok,,0.9801340027693,600,3,2.0,2.0,3.0,3.0,diag,-440.3842731230116,,3,3,bic,3.258748250009376,0.0171718329947907,3.279360790998908,3.023829833007767,0.0149588749918621,0.1097014160040998,0.0165509159996872,,,,,,,
heavy_tail_subspace,128,9,autogmm_spectral,fixed,ok,,0.9702521723567896,600,3,2.0,2.0,3.0,3.0,full,-10206.543422448796,lse,3,3,bic,,0.0567540419870056,0.1517084590013837,,,,,0.0935719580011209,,,,,,
heavy_tail_subspace,128,9,mclust,fixed,ok,,-5.555601852237657e-06,600,3,128.0,,3.0,3.0,EII,-219992.43155223108,,3,3,bic,,5.885,6.298431209012051,,,,,,,,,-108758.40988783122,387.0,-219992.43155223108
heavy_tail_subspace,128,9,pca,fixed,ok,,0.9900166666666668,600,3,2.0,2.0,3.0,3.0,tied,3911.292400804471,,3,3,bic,0.0015682090015616,0.0161554170044837,0.020234707990312,,,,,,,,,,,
heavy_tail_subspace,128,9,umap,fixed,ok,,0.9315043445047976,600,3,2.0,2.0,3.0,3.0,spherical,3551.8016908439145,,3,3,bic,0.7935075829882408,0.0165550829988205,0.8142685000057099,,,,,,,,,,,
heavy_tail_subspace,128,10,ae_relu,fixed,ok,,0.4316830344984656,600,3,2.0,2.0,3.0,3.0,diag,-650.5377720872654,,3,3,bic,0.148814999993192,0.0384740000008605,0.1901189589989371,,,,,,relu,63.0,True,,,
heavy_tail_subspace,128,10,ae_tanh,fixed,ok,,0.9800213800234152,600,3,2.0,2.0,3.0,3.0,diag,1071.6610735000668,,3,3,bic,0.2018556249968242,0.0251941250025993,0.2318024999985937,,,,,,tanh,44.0,True,,,
heavy_tail_subspace,128,10,autog2m2,fixed,ok,,0.9850626884924544,600,3,2.0,2.0,3.0,3.0,diag,-111.5373792896089,,3,3,bic,3.229060750003555,0.0164064999989932,3.248412291999557,3.0038474580069305,0.0142627079912927,0.1057119159959256,0.016210708010476,,,,,,,
heavy_tail_subspace,128,10,autogmm_spectral,fixed,ok,,0.9900042509932298,600,3,2.0,2.0,3.0,3.0,full,-10138.321670888075,lse,3,3,bic,,0.0396403750055469,0.1324023750057676,,,,,0.0914001670025754,,,,,,
heavy_tail_subspace,128,10,mclust,fixed,ok,,1.1167038898970166e-05,600,3,128.0,,3.0,3.0,EII,-219921.98678949632,,3,3,bic,,5.737,6.140908457993646,,,,,,,,,-108723.18750646384,387.0,-219921.98678949632
heavy_tail_subspace,128,10,pca,fixed,ok,,0.9949958125176231,600,3,2.0,2.0,3.0,3.0,spherical,3878.3500494479135,,3,3,bic,0.0015346669970313,0.0148046660033287,0.0188035410101292,,,,,,,,,,,
heavy_tail_subspace,128,10,umap,fixed,ok,,0.9506627512865138,600,3,2.0,2.0,3.0,3.0,tied,3548.404103162897,,3,3,bic,0.794505041994853,0.0150872499943943,0.8137320419918979,,,,,,,,,,,
heavy_tail_subspace,128,11,ae_relu,fixed,ok,,0.9604810475278128,600,3,2.0,2.0,3.0,3.0,full,4023.980035563885,,3,3,bic,0.1516512920061359,0.0195763329975307,0.1739961249986663,,,,,,relu,64.0,True,,,
heavy_tail_subspace,128,11,ae_tanh,fixed,ok,,0.980096629062875,600,3,2.0,2.0,3.0,3.0,full,1192.384164143171,,3,3,bic,0.2362055420089746,0.0254785839933902,0.2662019160052296,,,,,,tanh,48.0,True,,,
heavy_tail_subspace,128,11,autog2m2,fixed,ok,,0.9365050593722852,600,3,2.0,2.0,3.0,3.0,full,-1431.1168189415057,,3,3,bic,3.1426757909939624,0.0146337500045774,3.160125624999637,2.9263210000062827,0.0140155419940128,0.0982499160018051,0.0161764999938895,,,,,,,
heavy_tail_subspace,128,11,autogmm_spectral,fixed,ok,,0.9750060396133736,600,3,2.0,2.0,3.0,3.0,full,-9970.814176525488,lse,3,3,bic,,0.0478282919939374,0.140971000000718,,,,,0.0917932089942041,,,,,,
heavy_tail_subspace,128,11,mclust,fixed,ok,,-5.555601852237657e-06,600,3,128.0,,3.0,3.0,EII,-219854.19093987293,,3,3,bic,,5.698,6.112010875003762,,,,,,,,,-108689.28958165216,387.0,-219854.19093987293
heavy_tail_subspace,128,11,pca,fixed,ok,,0.9850125211993978,600,3,2.0,2.0,3.0,3.0,tied,3907.5623599836954,,3,3,bic,0.0016076250030891,0.0156490840017795,0.020458792001591,,,,,,,,,,,
heavy_tail_subspace,128,11,umap,fixed,ok,,0.9212704345160746,600,3,2.0,2.0,3.0,3.0,tied,3571.7165323109257,,3,3,bic,0.7870450839982368,0.0166518749902024,0.8070788329932839,,,,,,,,,,,
heavy_tail_subspace,128,12,ae_relu,fixed,ok,,0.4670953706864765,600,3,2.0,2.0,3.0,3.0,diag,-610.9893797188013,,3,3,bic,0.1864175420050742,0.0434458329982589,0.2324747080128872,,,,,,relu,79.0,True,,,
heavy_tail_subspace,128,12,ae_tanh,fixed,ok,,0.955597252364904,600,3,2.0,2.0,3.0,3.0,diag,1402.6547580597953,,3,3,bic,0.2668297920026816,0.0270963750081136,0.2991057909966912,,,,,,tanh,50.0,True,,,
heavy_tail_subspace,128,12,autog2m2,fixed,ok,,1.0,600,3,2.0,2.0,3.0,3.0,full,-574.8488504952503,,3,3,bic,3.140939459000947,0.0155437089997576,3.161510749996524,2.917314334001276,0.0148106250126147,0.1050090000062482,0.0162774999917019,,,,,,,
heavy_tail_subspace,128,12,autogmm_spectral,fixed,ok,,0.955539610754077,600,3,2.0,2.0,3.0,3.0,full,-9633.70342303477,lse,3,3,bic,,0.0440028330049244,0.1368062920082593,,,,,0.0914442079956643,,,,,,
heavy_tail_subspace,128,12,mclust,fixed,ok,,-5.555601852237657e-06,600,3,128.0,,3.0,3.0,EII,-219894.8409417628,,3,3,bic,,5.8340000000000005,6.239456208000775,,,,,,,,,-108709.61458259706,387.0,-219894.8409417628
heavy_tail_subspace,128,12,pca,fixed,ok,,0.9751295644672852,600,3,2.0,2.0,3.0,3.0,tied,4027.6928435590594,,3,3,bic,0.0016021249903133,0.0145783329935511,0.0187140420021023,,,,,,,,,,,
heavy_tail_subspace,128,12,umap,fixed,ok,,0.8704053499328666,600,3,2.0,2.0,3.0,3.0,tied,3636.484780428325,,3,3,bic,0.8269815420062514,0.0202078750007785,0.8508771669876296,,,,,,,,,,,
heavy_tail_subspace,128,13,ae_relu,fixed,ok,,0.5479370095714979,600,3,2.0,2.0,3.0,3.0,diag,1690.8037370786708,,3,3,bic,0.2058168329967884,0.037026459001936,0.2461084999958984,,,,,,relu,67.0,True,,,
heavy_tail_subspace,128,13,ae_tanh,fixed,ok,,0.8929968338054227,600,3,2.0,2.0,3.0,3.0,tied,1192.1727577800891,,3,3,bic,0.4866724999883445,0.0312109579972457,0.5229204579954967,,,,,,tanh,108.0,True,,,
heavy_tail_subspace,128,13,autog2m2,fixed,ok,,0.985037604845926,600,3,2.0,2.0,3.0,3.0,full,-453.0303335238192,,3,3,bic,4.022299124990241,0.0219302089972188,4.047449417004827,3.734559124990483,0.0183208329981425,0.1350774589955108,0.020304291989305,,,,,,,
heavy_tail_subspace,128,13,autogmm_spectral,fixed,ok,,0.9508683734600007,600,3,2.0,2.0,3.0,3.0,full,-9551.741949867152,lse,3,3,bic,,0.0514988739887485,0.1419453750131651,,,,,0.0890742079936899,,,,,,
heavy_tail_subspace,128,13,mclust,fixed,ok,,1.1167038898970166e-05,600,3,128.0,,3.0,3.0,EII,-219845.29163995525,,3,3,bic,,5.739000000000001,6.145246416999726,,,,,,,,,-108684.8399316933,387.0,-219845.29163995525
heavy_tail_subspace,128,13,pca,fixed,ok,,0.9555905252121236,600,3,2.0,2.0,3.0,3.0,tied,3933.960407792106,,3,3,bic,0.0018033340020338,0.0203899579937569,0.025122499995632,,,,,,,,,,,
heavy_tail_subspace,128,13,umap,fixed,ok,,0.832558630564406,600,3,2.0,2.0,3.0,3.0,spherical,3614.095700377922,,3,3,bic,0.9483270829950924,0.0196204579988261,0.9720380830112844,,,,,,,,,,,
heavy_tail_subspace,128,14,ae_relu,fixed,ok,,0.975118174517652,600,3,2.0,2.0,3.0,3.0,full,4021.853580598935,,3,3,bic,0.1709845000004861,0.0190716249926481,0.192690500000026,,,,,,relu,67.0,True,,,
heavy_tail_subspace,128,14,ae_tanh,fixed,ok,,0.980046127139559,600,3,2.0,2.0,3.0,3.0,diag,774.2461405083868,,3,3,bic,0.211667708994355,0.0278894589864648,0.2447547920019133,,,,,,tanh,40.0,True,,,
heavy_tail_subspace,128,14,autog2m2,fixed,ok,,0.9850377307840942,600,3,2.0,2.0,3.0,3.0,spherical,-765.5341945625087,,3,3,bic,3.621644124999875,0.018698084008065,3.643169125003624,3.3636153340048622,0.0153578329918673,0.1227724170021247,0.0180145000049378,,,,,,,
heavy_tail_subspace,128,14,autogmm_spectral,fixed,ok,,0.9949958125176231,600,3,2.0,2.0,3.0,3.0,full,-10607.766806946604,lse,3,3,bic,,0.0508887909963959,0.1422406250057974,,,,,0.0899778330058325,,,,,,
heavy_tail_subspace,128,14,mclust,fixed,ok,,-5.555601852237657e-06,600,3,128.0,,3.0,3.0,EII,-219949.60457713477,,3,3,bic,,5.771,6.177636749998783,,,,,,,,,-108736.99640028304,387.0,-219949.60457713477
heavy_tail_subspace,128,14,pca,fixed,ok,,0.9949958125176231,600,3,2.0,2.0,3.0,3.0,tied,3842.8678554875023,,3,3,bic,0.0016329579957528,0.0164172920049168,0.0209316249965922,,,,,,,,,,,
heavy_tail_subspace,128,14,umap,fixed,ok,,0.985000168757628,600,3,2.0,2.0,3.0,3.0,tied,3511.109738845591,,3,3,bic,0.8348908749903785,0.0159061250014929,0.8550031250051688,,,,,,,,,,,
heavy_tail_subspace,128,15,ae_relu,fixed,ok,,0.5291000889267878,600,3,2.0,2.0,3.0,3.0,full,1774.1983128855118,,3,3,bic,0.1777700829989044,0.0373832500044954,0.2179869999963557,,,,,,relu,72.0,True,,,
heavy_tail_subspace,128,15,ae_tanh,fixed,ok,,0.965322734315595,600,3,2.0,2.0,3.0,3.0,diag,1202.8588629818817,,3,3,bic,0.3135719590063672,0.0279744590079644,0.3463469160051318,,,,,,tanh,62.0,True,,,
heavy_tail_subspace,128,15,autog2m2,fixed,ok,,0.98997916755783,600,3,2.0,2.0,3.0,3.0,full,-202.64145727108024,,3,3,bic,3.4785427500028163,0.0172034999995958,3.49880920900614,3.229696334004984,0.0156232919980539,0.1184179999982006,0.0175295829976676,,,,,,,
heavy_tail_subspace,128,15,autogmm_spectral,fixed,ok,,0.9702521723567896,600,3,2.0,2.0,3.0,3.0,full,-9854.501268066844,lse,3,3,bic,,0.0505301250086631,0.1431412090023514,,,,,0.0912624579941621,,,,,,
heavy_tail_subspace,128,15,mclust,fixed,ok,,-5.555601852237657e-06,600,3,128.0,,3.0,3.0,EII,-219925.35755149045,,3,3,bic,,5.907,6.326194957990083,,,,,,,,,-108724.87288746092,387.0,-219925.35755149045
heavy_tail_subspace,128,15,pca,fixed,ok,,0.9949958125176231,600,3,2.0,2.0,3.0,3.0,tied,3798.9945891278494,,3,3,bic,0.0021508329955395,0.015879083002801,0.0207021250098478,,,,,,,,,,,
heavy_tail_subspace,128,15,umap,fixed,ok,,0.9125639278561142,600,3,2.0,2.0,3.0,3.0,tied,3579.8241313334124,,3,3,bic,0.8217388749908423,0.0175366250041406,0.8430434580077417,,,,,,,,,,,
heavy_tail_subspace,128,16,ae_relu,fixed,ok,,0.9314066503485492,600,3,2.0,2.0,3.0,3.0,full,3320.685386537544,,3,3,bic,0.1741964170068968,0.0199311660107923,0.1969989170029293,,,,,,relu,57.0,True,,,
heavy_tail_subspace,128,16,ae_tanh,fixed,ok,,0.9700649355529968,600,3,2.0,2.0,3.0,3.0,diag,1079.347502928664,,3,3,bic,0.2756962919957004,0.0254495840054005,0.3060982919996604,,,,,,tanh,57.0,True,,,
heavy_tail_subspace,128,16,autog2m2,fixed,ok,,0.9900168347249766,600,3,2.0,2.0,3.0,3.0,full,-1298.794651142191,,3,3,bic,3.417703792001703,0.0189320829958887,3.4400187919964083,3.1629337500053225,0.0155495829967549,0.1257622919947607,0.017641291997279,,,,,,,
heavy_tail_subspace,128,16,autogmm_spectral,fixed,ok,,0.9900041668585104,600,3,2.0,2.0,3.0,3.0,full,-10505.15022915848,lse,3,3,bic,,0.0431635829881997,0.1311167910025688,,,,,0.0866260829934617,,,,,,
heavy_tail_subspace,128,16,mclust,fixed,ok,,-5.555601852237657e-06,600,3,128.0,,3.0,3.0,EII,-219907.8636224696,,3,3,bic,,5.687,6.096920625001076,,,,,,,,,-108716.1259229505,387.0,-219907.8636224696
heavy_tail_subspace,128,16,pca,fixed,ok,,0.9900041668585104,600,3,2.0,2.0,3.0,3.0,tied,3872.847153673217,,3,3,bic,0.0015274170000338,0.0150339999963762,0.0190650829899823,,,,,,,,,,,
heavy_tail_subspace,128,16,umap,fixed,ok,,0.9750671701422782,600,3,2.0,2.0,3.0,3.0,spherical,3570.839965375149,,3,3,bic,0.8037074580061017,0.0163443749916041,0.824622415995691,,,,,,,,,,,
heavy_tail_subspace,128,17,ae_relu,fixed,ok,,0.2909985264874933,600,3,2.0,2.0,3.0,3.0,diag,-848.5678389053444,,3,3,bic,0.1297074170142877,0.0571924579999176,0.1898673329997109,,,,,,relu,50.0,True,,,
heavy_tail_subspace,128,17,ae_tanh,fixed,ok,,0.9605201680350648,600,3,2.0,2.0,3.0,3.0,diag,1373.0367253447482,,3,3,bic,0.2953065839974442,0.0265000409999629,0.3269217920023948,,,,,,tanh,59.0,True,,,
heavy_tail_subspace,128,17,autog2m2,fixed,ok,,0.9314693187327592,600,3,2.0,2.0,3.0,3.0,diag,-359.66847806369094,,3,3,bic,3.403824417007854,0.0213685420021647,3.427909334001015,3.153960625000764,0.0158637499989708,0.1185285420069703,0.017545249997056,,,,,,,
heavy_tail_subspace,128,17,autogmm_spectral,fixed,ok,,0.9507379987426096,600,3,2.0,2.0,3.0,3.0,full,-9643.255854297797,lse,3,3,bic,,0.0427724579931236,0.1343845410010544,,,,,0.090230458008591,,,,,,
heavy_tail_subspace,128,17,mclust,fixed,ok,,-5.555601852237657e-06,600,3,128.0,,3.0,3.0,EII,-219743.78645155852,,3,3,bic,,5.718999999999999,6.126211916998727,,,,,,,,,-108634.08733749496,387.0,-219743.78645155852
heavy_tail_subspace,128,17,pca,fixed,ok,,0.9751173368019516,600,3,2.0,2.0,3.0,3.0,tied,4074.8392861170687,,3,3,bic,0.0019146249978803,0.0158888330042827,0.0203643749991897,,,,,,,,,,,
heavy_tail_subspace,128,17,umap,fixed,ok,,0.8563515509523872,600,3,2.0,2.0,3.0,3.0,tied,3611.882230603091,,3,3,bic,0.8171367089962587,0.0208757910004351,0.8420079580100719,,,,,,,,,,,
heavy_tail_subspace,128,18,ae_relu,fixed,ok,,0.2112850915444611,600,3,2.0,2.0,3.0,3.0,diag,1510.9614446016697,,3,3,bic,0.2604893330135382,0.0522820409969426,0.3156288750033127,,,,,,relu,92.0,True,,,
heavy_tail_subspace,128,18,ae_tanh,fixed,ok,,0.9262728266833872,600,3,2.0,2.0,3.0,3.0,diag,1399.2467625833112,,3,3,bic,0.3531726250075735,0.0310360000003129,0.3894519999885233,,,,,,tanh,72.0,True,,,
heavy_tail_subspace,128,18,autog2m2,fixed,ok,,0.9651731156333512,600,3,2.0,2.0,3.0,3.0,full,-720.5279195975471,,3,3,bic,3.573940707996371,0.0216236249980283,3.598381582996808,3.324686666994239,0.0158236659917747,0.1157802499947138,0.0170049580046907,,,,,,,
heavy_tail_subspace,128,18,autogmm_spectral,fixed,ok,,0.945657652003426,600,3,2.0,2.0,3.0,3.0,full,-9398.25527858256,lse,3,3,bic,,0.0479431260173441,0.1405647919891635,,,,,0.0912414589984109,,,,,,
heavy_tail_subspace,128,18,mclust,fixed,ok,,1.1167038898970166e-05,600,3,128.0,,3.0,3.0,EII,-219856.3637035469,,3,3,bic,,5.7410000000000005,6.14418512499833,,,,,,,,,-108690.37596348912,387.0,-219856.3637035469
heavy_tail_subspace,128,18,pca,fixed,ok,,0.9850626884924544,600,3,2.0,2.0,3.0,3.0,tied,4122.059309588643,,3,3,bic,0.0016046660020947,0.0159806669980753,0.0201556670072022,,,,,,,,,,,
heavy_tail_subspace,128,18,umap,fixed,ok,,0.8554272233613874,600,3,2.0,2.0,3.0,3.0,tied,3637.97436832144,,3,3,bic,0.8194017920031911,0.0187994580046506,0.8418271250120597,,,,,,,,,,,
heavy_tail_subspace,128,19,ae_relu,fixed,ok,,0.7433324713483717,600,3,2.0,2.0,3.0,3.0,full,4051.553372007044,,3,3,bic,0.1840414579928619,0.0257979169982718,0.2125400410004658,,,,,,relu,72.0,True,,,
heavy_tail_subspace,128,19,ae_tanh,fixed,ok,,0.9504522608331096,600,3,2.0,2.0,3.0,3.0,diag,1502.8289971636093,,3,3,bic,0.2973490000003949,0.0266777920041931,0.3288662090053549,,,,,,tanh,58.0,True,,,
heavy_tail_subspace,128,19,autog2m2,fixed,ok,,0.8974402575926511,600,3,2.0,2.0,3.0,3.0,diag,-194.38303293392647,,3,3,bic,3.463049541998771,0.0239862499875016,3.4900616249942686,3.212496000007377,0.0157643330021528,0.1173809159954544,0.0177462080027908,,,,,,,
heavy_tail_subspace,128,19,autogmm_spectral,fixed,ok,,0.92133176420903,600,3,2.0,2.0,3.0,3.0,full,-9374.014167505507,lse,3,3,bic,,0.0440704569919034,0.1340010419953614,,,,,0.0885599169996567,,,,,,
heavy_tail_subspace,128,19,mclust,fixed,ok,,-5.555601852237657e-06,600,3,128.0,,3.0,3.0,EII,-219932.4644503765,,3,3,bic,,5.736000000000001,6.144523334005498,,,,,,,,,-108728.42633690393,387.0,-219932.4644503765
heavy_tail_subspace,128,19,pca,fixed,ok,,0.9800962940103582,600,3,2.0,2.0,3.0,3.0,tied,4208.814080097134,,3,3,bic,0.0018912920058937,0.0168232500000158,0.0213887080026324,,,,,,,,,,,
heavy_tail_subspace,128,19,umap,fixed,ok,,0.8287638826798984,600,3,2.0,2.0,3.0,3.0,tied,3609.885113651764,,3,3,bic,0.8500889580027433,0.0189236250007525,0.8726892090053298,,,,,,,,,,,
heavy_tail_subspace,256,0,ae_relu,fixed,ok,,0.3056766621250051,600,3,2.0,2.0,3.0,3.0,diag,-3696.6933678408977,,3,3,bic,0.1719156250037485,0.0308415410108864,0.2056455410056514,,,,,,relu,49.0,True,,,
heavy_tail_subspace,256,0,ae_tanh,fixed,ok,,0.7891844927537052,600,3,2.0,2.0,3.0,3.0,full,1631.8360863112644,,3,3,bic,0.2851804590027313,0.0320852090080734,0.3244367080042138,,,,,,tanh,49.0,True,,,
heavy_tail_subspace,256,0,autog2m2,fixed,ok,,0.8280413302974541,600,3,2.0,2.0,3.0,3.0,full,-1872.068981911055,,3,3,bic,6.315014291001717,0.0357000420044641,6.355713541008299,5.836694458004786,0.024276458992972,0.1953972089977469,0.0272874170041177,,,,,,,
heavy_tail_subspace,256,0,autogmm_spectral,fixed,ok,,0.7726691560602804,600,3,2.0,2.0,3.0,3.0,full,-9096.662648665131,lse,3,3,bic,,0.075266375002684,0.2379752909910166,,,,,0.1604316669981926,,,,,,
heavy_tail_subspace,256,0,mclust,fixed,ok,,-5.555601852237657e-06,600,3,256.0,,3.0,3.0,EII,-440070.8426678382,,3,3,bic,,65.759,66.46195179200731,,,,,,,,,-217569.40495183328,771.0,-440070.8426678382
heavy_tail_subspace,256,0,pca,fixed,ok,,0.900273641636453,600,3,2.0,2.0,3.0,3.0,tied,4418.50471297147,,3,3,bic,0.0030443330033449,0.0327184579946333,0.0397259169985773,,,,,,,,,,,
heavy_tail_subspace,256,0,umap,fixed,ok,,0.5730248492981885,600,3,2.0,2.0,3.0,3.0,tied,3615.9520294124577,,3,3,bic,1.320324583008187,0.0313272920029703,1.3574829579883954,,,,,,,,,,,
heavy_tail_subspace,256,1,ae_relu,fixed,ok,,0.2735489708158231,600,3,2.0,2.0,3.0,3.0,full,1400.8206267797534,,3,3,bic,0.3624063750030473,0.0339368330023717,0.3990379579918226,,,,,,relu,99.0,True,,,
heavy_tail_subspace,256,1,ae_tanh,fixed,ok,,0.9071175692080188,600,3,2.0,2.0,3.0,3.0,diag,1618.9058297227195,,3,3,bic,0.2728007499972591,0.0324092500086408,0.3121362920064712,,,,,,tanh,44.0,True,,,
heavy_tail_subspace,256,1,autog2m2,fixed,ok,,0.941608956984806,600,3,2.0,2.0,3.0,3.0,full,-1622.717952876394,,3,3,bic,6.493848458994762,0.0303097079886356,6.528399290997186,6.057863833004376,0.0477112920052604,0.2147095830005128,0.0258969999995315,,,,,,,
heavy_tail_subspace,256,1,autogmm_spectral,fixed,ok,,0.8945709787296967,600,3,2.0,2.0,3.0,3.0,diag,-9299.761643543092,lse,3,3,bic,,0.0744329590088455,0.2348868330009281,,,,,0.1581734999926993,,,,,,
heavy_tail_subspace,256,1,mclust,fixed,ok,,1.1167038898970166e-05,600,3,256.0,,3.0,3.0,EII,-439967.6889823317,,3,3,bic,,66.49199999999999,67.16808358300477,,,,,,,,,-217517.82810908003,771.0,-439967.6889823317
heavy_tail_subspace,256,1,pca,fixed,ok,,0.9654251034472016,600,3,2.0,2.0,3.0,3.0,tied,4187.089187459236,,3,3,bic,0.0029625419992953,0.0510474170005181,0.058163666006294,,,,,,,,,,,
heavy_tail_subspace,256,1,umap,fixed,ok,,0.6632030399583038,600,3,2.0,2.0,3.0,3.0,tied,3573.684617798825,,3,3,bic,1.329840291000437,0.030656208997243,1.365771041993867,,,,,,,,,,,
heavy_tail_subspace,256,2,ae_relu,fixed,ok,,0.4674090685953628,600,3,2.0,2.0,3.0,3.0,full,827.2140119351985,,3,3,bic,0.2106377910095034,0.0365059999894583,0.2499835829949006,,,,,,relu,58.0,True,,,
heavy_tail_subspace,256,2,ae_tanh,fixed,ok,,0.9652613425360638,600,3,2.0,2.0,3.0,3.0,tied,1385.2612406757437,,3,3,bic,0.4482394590013427,0.0270699999964563,0.4823172920005163,,,,,,tanh,72.0,True,,,
heavy_tail_subspace,256,2,autog2m2,fixed,ok,,0.9369466678944366,600,3,2.0,2.0,3.0,3.0,full,-1170.9446211776744,,3,3,bic,6.522857417003252,0.0328739579999819,6.559973750001518,6.092524541003513,0.0481867500056978,0.208060499993735,0.026211083997623,,,,,,,
heavy_tail_subspace,256,2,autogmm_spectral,fixed,ok,,0.9407192921487288,600,3,2.0,2.0,3.0,3.0,full,-9374.945501813494,lse,3,3,bic,,0.0705431249953107,0.3074339159938972,,,,,0.2347662499960279,,,,,,
heavy_tail_subspace,256,2,mclust,fixed,ok,,-5.555601852237657e-06,600,3,256.0,,3.0,3.0,EII,-439913.16847586783,,3,3,bic,,63.951,64.6472826669924,,,,,,,,,-217490.5678558481,771.0,-439913.16847586783
heavy_tail_subspace,256,2,pca,fixed,ok,,1.0,600,3,2.0,2.0,3.0,3.0,tied,4165.128564077822,,3,3,bic,0.0028883329941891,0.0241055410006083,0.0309109590016305,,,,,,,,,,,
heavy_tail_subspace,256,2,umap,fixed,ok,,0.7647028954682192,600,3,2.0,2.0,3.0,3.0,tied,3598.152569407879,,3,3,bic,1.3454420420021052,0.030466541997157,1.3814386669982923,,,,,,,,,,,
heavy_tail_subspace,256,3,ae_relu,fixed,ok,,0.2206790492384285,600,3,2.0,2.0,3.0,3.0,diag,-1206.6000749370237,,3,3,bic,0.3063826659927144,0.0331796669925097,0.3425125840003602,,,,,,relu,83.0,True,,,
heavy_tail_subspace,256,3,ae_tanh,fixed,ok,,0.945740208176468,600,3,2.0,2.0,3.0,3.0,diag,1503.889956326224,,3,3,bic,0.3333769169985316,0.0410214169969549,0.3816717500012601,,,,,,tanh,47.0,True,,,
heavy_tail_subspace,256,3,autog2m2,fixed,ok,,0.9949958125176231,600,3,2.0,2.0,3.0,3.0,full,-2012.8854447729832,,3,3,bic,3.848367584010703,0.0146765000099549,3.866279541995027,3.6225147910008673,0.0143793339957483,0.1055372919945512,0.0163577499915845,,,,,,,
heavy_tail_subspace,256,3,autogmm_spectral,fixed,ok,,0.931183015749871,600,3,2.0,2.0,3.0,3.0,tied,-9340.400329370104,lse,3,3,bic,,0.0815577080211369,0.2433506660017883,,,,,0.1596442500012926,,,,,,
heavy_tail_subspace,256,3,mclust,fixed,ok,,-5.555601852237657e-06,600,3,256.0,,3.0,3.0,EII,-440039.78150580777,,3,3,bic,,63.38099999999999,64.03333641700738,,,,,,,,,-217553.87437081808,771.0,-440039.78150580777
heavy_tail_subspace,256,3,pca,fixed,ok,,0.9949958125176231,600,3,2.0,2.0,3.0,3.0,tied,4107.673407972383,,3,3,bic,0.0022196250065462,0.0146377079945523,0.0197245839954121,,,,,,,,,,,
heavy_tail_subspace,256,3,umap,fixed,ok,,0.8737578224358782,600,3,2.0,2.0,3.0,3.0,tied,3558.5315357247064,,3,3,bic,0.8066065419989172,0.0168544170010136,0.8269783750001807,,,,,,,,,,,
heavy_tail_subspace,256,4,ae_relu,fixed,ok,,0.4739355292410604,600,3,2.0,2.0,3.0,3.0,spherical,736.3107475008555,,3,3,bic,0.2488410829973872,0.0438500419986667,0.2977770410070661,,,,,,relu,59.0,True,,,
heavy_tail_subspace,256,4,ae_tanh,fixed,ok,,0.9504974235765884,600,3,2.0,2.0,3.0,3.0,diag,1243.40281812435,,3,3,bic,0.28771799999231,0.0283429159899242,0.3231210840021958,,,,,,tanh,49.0,True,,,
heavy_tail_subspace,256,4,autog2m2,fixed,ok,,0.9900166666666668,600,3,2.0,2.0,3.0,3.0,diag,-237.0990603011507,,3,3,bic,3.966429124993738,0.0144839580025291,3.983993375004502,3.7416625839978224,0.0142457089968957,0.1052095840132096,0.0162792080081999,,,,,,,
heavy_tail_subspace,256,4,autogmm_spectral,fixed,ok,,0.9801350059845216,600,3,2.0,2.0,3.0,3.0,full,-9530.024866193668,lse,3,3,bic,,0.07979395800794,0.2382217090053018,,,,,0.1563248339953133,,,,,,
heavy_tail_subspace,256,4,mclust,fixed,ok,,-5.555601852237657e-06,600,3,256.0,,3.0,3.0,EII,-440066.6835920591,,3,3,bic,,65.041,65.70201912499033,,,,,,,,,-217567.3254139437,771.0,-440066.6835920591
heavy_tail_subspace,256,4,pca,fixed,ok,,1.0,600,3,2.0,2.0,3.0,3.0,tied,3972.929810865919,,3,3,bic,0.0021257909975247,0.0146008750016335,0.0194351660029497,,,,,,,,,,,
heavy_tail_subspace,256,4,umap,fixed,ok,,0.8460568939140746,600,3,2.0,2.0,3.0,3.0,spherical,3605.750601619923,,3,3,bic,0.8000269160111202,0.0173042079986771,0.8222814999899128,,,,,,,,,,,
heavy_tail_subspace,256,5,ae_relu,fixed,ok,,0.3214673506457844,600,3,2.0,2.0,3.0,3.0,diag,-443.1754357952099,,3,3,bic,0.244841040999745,0.0495439589867601,0.2978362079884391,,,,,,relu,68.0,True,,,
heavy_tail_subspace,256,5,ae_tanh,fixed,ok,,0.9456590241409112,600,3,2.0,2.0,3.0,3.0,diag,1469.6020277468474,,3,3,bic,0.3052054589934414,0.030989833001513,0.3433637499983888,,,,,,tanh,51.0,True,,,
heavy_tail_subspace,256,5,autog2m2,fixed,ok,,1.0,600,3,2.0,2.0,3.0,3.0,full,-1728.7214308522518,,3,3,bic,3.980946958996355,0.0146322910004528,3.998616624987335,3.7631937919941274,0.0138346669991733,0.0991810410050675,0.0163301249995129,,,,,,,
heavy_tail_subspace,256,5,autogmm_spectral,fixed,ok,,0.9850125211993978,600,3,2.0,2.0,3.0,3.0,diag,-9446.411562263782,lse,3,3,bic,,0.0751020829920889,0.2396616670012008,,,,,0.162233874987578,,,,,,
heavy_tail_subspace,256,5,mclust,fixed,ok,,1.1167038898970166e-05,600,3,256.0,,3.0,3.0,EII,-439892.5262759522,,3,3,bic,,63.790000000000006,64.51018675000523,,,,,,,,,-217480.24675589023,771.0,-439892.5262759522
heavy_tail_subspace,256,5,pca,fixed,ok,,0.9900168347249766,600,3,2.0,2.0,3.0,3.0,tied,4048.078143065228,,3,3,bic,0.0019963329978054,0.0158543330035172,0.0208222920045955,,,,,,,,,,,
heavy_tail_subspace,256,5,umap,fixed,ok,,0.7910674253273361,600,3,2.0,2.0,3.0,3.0,spherical,3555.112596082557,,3,3,bic,0.7896855410072021,0.0177645840012701,0.8115752080047969,,,,,,,,,,,
heavy_tail_subspace,256,6,ae_relu,fixed,ok,,0.624509657721764,600,3,2.0,2.0,3.0,3.0,diag,-1049.1970607886974,,3,3,bic,0.2597879160020966,0.0450252500013448,0.3079970420076279,,,,,,relu,61.0,True,,,
heavy_tail_subspace,256,6,ae_tanh,fixed,ok,,0.955306020471457,600,3,2.0,2.0,3.0,3.0,diag,1229.916404007481,,3,3,bic,0.2826356669975212,0.0431815830088453,0.3389061670022784,,,,,,tanh,45.0,True,,,
heavy_tail_subspace,256,6,autog2m2,fixed,ok,,1.0,600,3,2.0,2.0,3.0,3.0,full,-524.3319305175679,,3,3,bic,3.9668377499911,0.0144583750079618,3.984330666993628,3.7458522910019374,0.013939707991085,0.1027734170056646,0.0161592079966794,,,,,,,
heavy_tail_subspace,256,6,autogmm_spectral,fixed,ok,,0.9800464630365684,600,3,2.0,2.0,3.0,3.0,full,-9787.88293550113,lse,3,3,bic,,0.0642337909957859,0.2246367079933406,,,,,0.1581524170032935,,,,,,
heavy_tail_subspace,256,6,mclust,fixed,ok,,-5.555601852237657e-06,600,3,256.0,,3.0,3.0,EII,-439990.187623721,,3,3,bic,,64.734,65.40124408400152,,,,,,,,,-217529.07742977468,771.0,-439990.187623721
heavy_tail_subspace,256,6,pca,fixed,ok,,1.0,600,3,2.0,2.0,3.0,3.0,tied,3905.009782317416,,3,3,bic,0.0021204579970799,0.0150825839955359,0.0203611670003738,,,,,,,,,,,
heavy_tail_subspace,256,6,umap,fixed,ok,,0.8507198889466577,600,3,2.0,2.0,3.0,3.0,tied,3589.193296263603,,3,3,bic,0.7958087500010151,0.0203642919950652,0.820696125010727,,,,,,,,,,,
heavy_tail_subspace,256,7,ae_relu,fixed,ok,,0.3323804912856795,600,3,2.0,2.0,3.0,3.0,diag,-1262.0674782473116,,3,3,bic,0.3699261660076445,0.0401285830012057,0.4128462090011453,,,,,,relu,88.0,True,,,
heavy_tail_subspace,256,7,ae_tanh,fixed,ok,,0.9122293829802882,600,3,2.0,2.0,3.0,3.0,diag,1449.034449401972,,3,3,bic,0.2491577499895356,0.0323080840025795,0.2884817919984925,,,,,,tanh,40.0,True,,,
heavy_tail_subspace,256,7,autog2m2,fixed,ok,,0.9949958125176231,600,3,2.0,2.0,3.0,3.0,full,-1153.18362745301,,3,3,bic,3.969871875000535,0.0173322080081561,3.990431209007511,3.746661708006286,0.0146340829960536,0.1025173330126563,0.0162802499980898,,,,,,,
heavy_tail_subspace,256,7,autogmm_spectral,fixed,ok,,0.9949958125176231,600,3,2.0,2.0,3.0,3.0,full,-9557.7478122285,lse,3,3,bic,,0.0487420419958652,0.1494915000075707,,,,,0.09936999999627,,,,,,
heavy_tail_subspace,256,7,mclust,fixed,ok,,-5.555601852237657e-06,600,3,256.0,,3.0,3.0,EII,-440067.2156557283,,3,3,bic,,37.222,37.636813999997685,,,,,,,,,-217567.59144577832,771.0,-440067.2156557283
heavy_tail_subspace,256,7,pca,fixed,ok,,0.9949958125176231,600,3,2.0,2.0,3.0,3.0,tied,4017.7596671928777,,3,3,bic,0.0022162500099511,0.015184957999736,0.0203669580077985,,,,,,,,,,,
heavy_tail_subspace,256,7,umap,fixed,ok,,0.782310499005437,600,3,2.0,2.0,3.0,3.0,spherical,3536.299408422603,,3,3,bic,0.792159124990576,0.0187688750011147,0.8146014579979237,,,,,,,,,,,
heavy_tail_subspace,256,8,ae_relu,fixed,ok,,0.699173809698316,600,3,2.0,2.0,3.0,3.0,full,2221.674642901331,,3,3,bic,0.3638087089930195,0.0356697499955771,0.4027750829991419,,,,,,relu,88.0,True,,,
heavy_tail_subspace,256,8,ae_tanh,fixed,ok,,0.9115991198910992,600,3,2.0,2.0,3.0,3.0,diag,1461.0954731114607,,3,3,bic,0.3237069169990718,0.0325379169953521,0.3637595829932252,,,,,,tanh,49.0,True,,,
heavy_tail_subspace,256,8,autog2m2,fixed,ok,,1.0,600,3,2.0,2.0,3.0,3.0,full,-1447.939366334654,,3,3,bic,5.132220042010886,0.016439207989606,5.152508125000168,4.891242083001998,0.0157000419858377,0.1119040830089943,0.0182844160008244,,,,,,,
heavy_tail_subspace,256,8,autogmm_spectral,fixed,ok,,0.9508498357261544,600,3,2.0,2.0,3.0,3.0,diag,-9376.85460181094,lse,3,3,bic,,0.0570782080030767,0.1596098339941818,,,,,0.1010825830016983,,,,,,
heavy_tail_subspace,256,8,mclust,fixed,ok,,-5.555601852237657e-06,600,3,256.0,,3.0,3.0,EII,-439921.1904210071,,3,3,bic,,41.295,41.72837445800542,,,,,,,,,-217494.5788284177,771.0,-439921.1904210071
heavy_tail_subspace,256,8,pca,fixed,ok,,0.9949958125176231,600,3,2.0,2.0,3.0,3.0,tied,4129.832293940994,,3,3,bic,0.0022235829965211,0.016227833009907,0.0210241669992683,,,,,,,,,,,
heavy_tail_subspace,256,8,umap,fixed,ok,,0.7477673771845362,600,3,2.0,2.0,3.0,3.0,spherical,3599.619757395765,,3,3,bic,0.9215690000128234,0.0185930000006919,0.9453023750102147,,,,,,,,,,,
heavy_tail_subspace,256,9,ae_relu,fixed,ok,,0.5792076233046122,600,3,2.0,2.0,3.0,3.0,full,-652.4991406655146,,3,3,bic,0.269066249995376,0.0616030840028543,0.3336527920037042,,,,,,relu,71.0,True,,,
heavy_tail_subspace,256,9,ae_tanh,fixed,ok,,0.9508391562243212,600,3,2.0,2.0,3.0,3.0,diag,1273.834267758656,,3,3,bic,0.5195852909964742,0.0304667499876813,0.5573789589980152,,,,,,tanh,79.0,True,,,
heavy_tail_subspace,256,9,autog2m2,fixed,ok,,1.0,600,3,2.0,2.0,3.0,3.0,full,-2056.46112671308,,3,3,bic,4.024530499998946,0.0147137499880045,4.042912290999084,3.718491790990811,0.0753592500113882,0.1215843329991912,0.0173537079972447,,,,,,,
heavy_tail_subspace,256,9,autogmm_spectral,fixed,ok,,0.9654224843015488,600,3,2.0,2.0,3.0,3.0,full,-9691.225920693962,lse,3,3,bic,,0.0439763340109493,0.1453578340006061,,,,,0.1000467919948278,,,,,,
heavy_tail_subspace,256,9,mclust,fixed,ok,,-5.555601852237657e-06,600,3,256.0,,3.0,3.0,EII,-440042.0474980497,,3,3,bic,,37.57,37.98252020899963,,,,,,,,,-217555.007366939,771.0,-440042.0474980497
heavy_tail_subspace,256,9,pca,fixed,ok,,0.985063191387914,600,3,2.0,2.0,3.0,3.0,tied,4105.429955371073,,3,3,bic,0.0019392919930396,0.0167401670041726,0.0215195409982698,,,,,,,,,,,
heavy_tail_subspace,256,9,umap,fixed,ok,,0.8402799484784351,600,3,2.0,2.0,3.0,3.0,tied,3519.8842831685856,,3,3,bic,0.8564738330023829,0.0258511249994626,0.8866739999939455,,,,,,,,,,,
heavy_tail_subspace,256,10,ae_relu,fixed,ok,,0.6861283427013125,600,3,2.0,2.0,3.0,3.0,diag,1325.8359069846786,,3,3,bic,0.24605812500522,0.03236429199751,0.2839514169900212,,,,,,relu,64.0,True,,,
heavy_tail_subspace,256,10,ae_tanh,fixed,ok,,0.985000168757628,600,3,2.0,2.0,3.0,3.0,diag,1038.9445724947288,,3,3,bic,0.2940499579999596,0.0289712920057354,0.3304149579926161,,,,,,tanh,50.0,True,,,
heavy_tail_subspace,256,10,autog2m2,fixed,ok,,1.0,600,3,2.0,2.0,3.0,3.0,diag,-1513.4057334338022,,3,3,bic,3.838566958002048,0.0170488330040825,3.859613249995163,3.603881417002413,0.0143044160067802,0.1137123749940656,0.0170229579962324,,,,,,,
heavy_tail_subspace,256,10,autogmm_spectral,fixed,ok,,0.9949958125176231,600,3,2.0,2.0,3.0,3.0,full,-9901.130904083231,lse,3,3,bic,,0.0392568759998539,0.1378604579949751,,,,,0.0971797499951208,,,,,,
heavy_tail_subspace,256,10,mclust,fixed,ok,,-5.555601852237657e-06,600,3,256.0,,3.0,3.0,EII,-439973.3415078569,,3,3,bic,,37.808,38.21565716699115,,,,,,,,,-217520.6543718426,771.0,-439973.3415078569
heavy_tail_subspace,256,10,pca,fixed,ok,,1.0,600,3,2.0,2.0,3.0,3.0,tied,3790.499493812142,,3,3,bic,0.0047692079970147,0.0290778330090688,0.0383594159939093,,,,,,,,,,,
heavy_tail_subspace,256,10,umap,fixed,ok,,0.8840067610214949,600,3,2.0,2.0,3.0,3.0,tied,3516.608973858458,,3,3,bic,0.8318185419921065,0.0187207909912103,0.8545695420034463,,,,,,,,,,,
heavy_tail_subspace,256,11,ae_relu,fixed,ok,,0.4049367843565921,600,3,2.0,2.0,3.0,3.0,diag,-1014.224242428336,,3,3,bic,0.2445073749986477,0.0554773339972598,0.3028296669945121,,,,,,relu,67.0,True,,,
heavy_tail_subspace,256,11,ae_tanh,fixed,ok,,0.9602318868107154,600,3,2.0,2.0,3.0,3.0,diag,1262.2695253791028,,3,3,bic,0.3025755830021808,0.0270850829983828,0.3367598749900935,,,,,,tanh,50.0,True,,,
heavy_tail_subspace,256,11,autog2m2,fixed,ok,,0.9949958125176231,600,3,2.0,2.0,3.0,3.0,diag,-666.7403063322882,,3,3,bic,3.881757249997463,0.0166972090082708,3.9011658750096094,3.636518750005053,0.0161617919948184,0.1092370419937651,0.016327707999153,,,,,,,
heavy_tail_subspace,256,11,autogmm_spectral,fixed,ok,,0.9850125211993978,600,3,2.0,2.0,3.0,3.0,full,-9654.05425233309,lse,3,3,bic,,0.0422873330098809,0.137183292012196,,,,,0.0935912090062629,,,,,,
heavy_tail_subspace,256,11,mclust,fixed,ok,,-5.555601852237657e-06,600,3,256.0,,3.0,3.0,EII,-439984.4748016904,,3,3,bic,,39.022,39.43115425000724,,,,,,,,,-217526.2210187594,771.0,-439984.4748016904
heavy_tail_subspace,256,11,pca,fixed,ok,,0.9900041668585104,600,3,2.0,2.0,3.0,3.0,tied,4101.413168148702,,3,3,bic,0.0019148330029565,0.0148653750075027,0.0192185420019086,,,,,,,,,,,
heavy_tail_subspace,256,11,umap,fixed,ok,,0.8292120357255892,600,3,2.0,2.0,3.0,3.0,tied,3544.048794743323,,3,3,bic,0.8104737500107149,0.0194378339947434,0.8333643330115592,,,,,,,,,,,
heavy_tail_subspace,256,12,ae_relu,fixed,ok,,0.308154157570761,600,3,2.0,2.0,3.0,3.0,diag,-3232.997676345238,,3,3,bic,0.166877249997924,0.0351495829963823,0.2048920420056674,,,,,,relu,51.0,True,,,
heavy_tail_subspace,256,12,ae_tanh,fixed,ok,,0.9029971618295628,600,3,2.0,2.0,3.0,3.0,full,1404.0308283096856,,3,3,bic,0.4088448339898605,0.0293371250008931,0.4452455410064431,,,,,,tanh,63.0,True,,,
heavy_tail_subspace,256,12,autog2m2,fixed,ok,,0.9276391858839698,600,3,2.0,2.0,3.0,3.0,full,-397.475406896604,,3,3,bic,4.070220833003987,0.0257045420003123,4.099078541999916,3.8059582079877146,0.0179153749922988,0.1274151670077117,0.0167738330055726,,,,,,,
heavy_tail_subspace,256,12,autogmm_spectral,fixed,ok,,0.8180972102213935,600,3,2.0,2.0,3.0,3.0,full,-9211.35756164616,lse,3,3,bic,,0.0583346670027822,0.1542869999975664,,,,,0.0945702919998439,,,,,,
heavy_tail_subspace,256,12,mclust,fixed,ok,,-5.555601852237657e-06,600,3,256.0,,3.0,3.0,EII,-440040.2727318504,,3,3,bic,,37.513,37.91938770799607,,,,,,,,,-217554.11998383937,771.0,-440040.2727318504
heavy_tail_subspace,256,12,pca,fixed,ok,,0.9510940930306288,600,3,2.0,2.0,3.0,3.0,tied,4202.441188825627,,3,3,bic,0.0021193330030655,0.0193457919958746,0.024381875002291,,,,,,,,,,,
heavy_tail_subspace,256,12,umap,fixed,ok,,0.6482156902927163,600,3,2.0,2.0,3.0,3.0,spherical,3595.5344248970378,,3,3,bic,0.8647248749912251,0.0186507079924922,0.8882085829973221,,,,,,,,,,,
heavy_tail_subspace,256,13,ae_relu,fixed,ok,,0.3570685847799267,600,3,2.0,2.0,3.0,3.0,full,891.3779029585448,,3,3,bic,0.3276757499988889,0.0460187080025207,0.3769946669926867,,,,,,relu,71.0,True,,,
heavy_tail_subspace,256,13,ae_tanh,fixed,ok,,0.6187690370117191,600,3,2.0,2.0,3.0,3.0,full,1793.5862974461627,,3,3,bic,0.4500986670027487,0.0359135830076411,0.4931288340012543,,,,,,tanh,72.0,True,,,
heavy_tail_subspace,256,13,autog2m2,fixed,ok,,0.8151338642730803,600,3,2.0,2.0,3.0,3.0,full,-549.7939941512284,,3,3,bic,4.905221499997424,0.0289181670086691,4.93789858299715,4.604816209001001,0.0190180420031538,0.1409678339987294,0.0213171659997897,,,,,,,
heavy_tail_subspace,256,13,autogmm_spectral,fixed,ok,,0.6117897605131883,600,3,2.0,2.0,3.0,3.0,diag,-8673.651844766007,lse,3,3,bic,,0.0493044589966302,0.1481854579906212,,,,,0.0975010830006795,,,,,,
heavy_tail_subspace,256,13,mclust,fixed,ok,,-5.555601852237657e-06,600,3,256.0,,3.0,3.0,EII,-439877.0970696566,,3,3,bic,,39.026,39.43187650000618,,,,,,,,,-217472.53215274247,771.0,-439877.0970696566
heavy_tail_subspace,256,13,pca,fixed,ok,,0.8404236329465474,600,3,2.0,2.0,3.0,3.0,tied,4520.5464288283765,,3,3,bic,0.0023371249990304,0.0244256659934762,0.0298991669988026,,,,,,,,,,,
heavy_tail_subspace,256,13,umap,fixed,ok,,0.3411362785235787,600,3,2.0,2.0,3.0,3.0,diag,3592.874019642565,,3,3,bic,1.0009451670048293,0.0222930000018095,1.0282926660001976,,,,,,,,,,,
heavy_tail_subspace,256,14,ae_relu,fixed,ok,,0.3553687718914235,600,3,2.0,2.0,3.0,3.0,diag,505.1826886100712,,3,3,bic,0.2555569999967702,0.0601400830055354,0.3196800830046413,,,,,,relu,65.0,True,,,
heavy_tail_subspace,256,14,ae_tanh,fixed,ok,,0.8885687140665685,600,3,2.0,2.0,3.0,3.0,diag,1455.9554108874397,,3,3,bic,0.4191828330076532,0.0280945000122301,0.4549128330108942,,,,,,tanh,65.0,True,,,
heavy_tail_subspace,256,14,autog2m2,fixed,ok,,0.9800961264798698,600,3,2.0,2.0,3.0,3.0,full,-1067.4215200193817,,3,3,bic,4.292262791990652,0.0190307910088449,4.314107999991393,4.033849915998871,0.0157256249949568,0.1212197089917026,0.0186835000058636,,,,,,,
heavy_tail_subspace,256,14,autogmm_spectral,fixed,ok,,0.9314746499820822,600,3,2.0,2.0,3.0,3.0,full,-9178.179069372956,lse,3,3,bic,,0.0471664999931817,0.1460858749924227,,,,,0.0975516659964341,,,,,,
heavy_tail_subspace,256,14,mclust,fixed,ok,,-5.555601852237657e-06,600,3,256.0,,3.0,3.0,EII,-440013.3754685456,,3,3,bic,,38.007,38.41321879099996,,,,,,,,,-217540.6713521869,771.0,-440013.3754685456
heavy_tail_subspace,256,14,pca,fixed,ok,,0.9850377307840942,600,3,2.0,2.0,3.0,3.0,tied,4234.0618789952205,,3,3,bic,0.0019962079968536,0.0162067920027766,0.0211292080057319,,,,,,,,,,,
heavy_tail_subspace,256,14,umap,fixed,ok,,0.6404330055249191,600,3,2.0,2.0,3.0,3.0,spherical,3601.2826372966165,,3,3,bic,0.8853457090008305,0.0255333329987479,0.9147927919984796,,,,,,,,,,,
heavy_tail_subspace,256,15,ae_relu,fixed,ok,,0.0446999348439369,600,3,2.0,2.0,3.0,3.0,diag,-1057.192952099733,,3,3,bic,0.1833273329975782,0.0608163330034585,0.2469389159959973,,,,,,relu,51.0,True,,,
heavy_tail_subspace,256,15,ae_tanh,fixed,ok,,0.6814251472685385,600,3,2.0,2.0,3.0,3.0,tied,1671.925506937103,,3,3,bic,0.5088707079994492,0.0322004999907221,0.5485735410038615,,,,,,tanh,75.0,True,,,
heavy_tail_subspace,256,15,autog2m2,fixed,ok,,0.8518747163096352,600,3,2.0,2.0,3.0,3.0,full,-559.0591577278155,,3,3,bic,4.007284125007573,0.0232969999924534,4.033618707995629,3.764905250005541,0.0160045410011662,0.112435542003368,0.0174914999952306,,,,,,,
heavy_tail_subspace,256,15,autogmm_spectral,fixed,ok,,0.5891786366258409,600,3,2.0,2.0,3.0,3.0,tied,-8560.958922946673,lse,3,3,bic,,0.0518162079970352,0.1565898340049898,,,,,0.1034124159923521,,,,,,
heavy_tail_subspace,256,15,mclust,fixed,ok,,-5.555601852237657e-06,600,3,256.0,,3.0,3.0,EII,-439848.9842157376,,3,3,bic,,37.157,37.624394415994175,,,,,,,,,-217458.47572578295,771.0,-439848.9842157376
heavy_tail_subspace,256,15,pca,fixed,ok,,0.8454549289525444,600,3,2.0,2.0,3.0,3.0,tied,4628.350661151615,,3,3,bic,0.0019984579994343,0.0206429579993709,0.0252443329954985,,,,,,,,,,,
heavy_tail_subspace,256,15,umap,fixed,ok,,0.380164049194933,600,3,2.0,2.0,3.0,3.0,diag,3617.666055351997,,3,3,bic,0.8296237499889685,0.0204384999960893,0.853861916999449,,,,,,,,,,,
heavy_tail_subspace,256,16,ae_relu,fixed,ok,,0.3096368039019793,600,3,2.0,2.0,3.0,3.0,diag,-2027.9783331730944,,3,3,bic,0.1923951670032693,0.0492959580005845,0.2446577910013729,,,,,,relu,55.0,True,,,
heavy_tail_subspace,256,16,ae_tanh,fixed,ok,,0.2180393970763124,600,3,2.0,2.0,3.0,3.0,diag,1930.697507709977,,3,3,bic,0.1961365830065915,0.0947982910001883,0.2980362079979386,,,,,,tanh,30.0,True,,,
heavy_tail_subspace,256,16,autog2m2,fixed,ok,,0.9652501176331426,600,3,2.0,2.0,3.0,3.0,full,-298.6977303734125,,3,3,bic,4.262503166988608,0.0217849999899044,4.287669707991881,3.9996655830036616,0.0152514999936101,0.1324251669866498,0.0176651669899001,,,,,,,
heavy_tail_subspace,256,16,autogmm_spectral,fixed,ok,,0.8885994229230288,600,3,2.0,2.0,3.0,3.0,full,-9015.924787135558,lse,3,3,bic,,0.0537570000014966,0.1530792499979725,,,,,0.0979975410009501,,,,,,
heavy_tail_subspace,256,16,mclust,fixed,ok,,-5.555601852237657e-06,600,3,256.0,,3.0,3.0,EII,-440064.4563934066,,3,3,bic,,37.468,37.8767326669913,,,,,,,,,-217566.21181461748,771.0,-440064.4563934066
heavy_tail_subspace,256,16,pca,fixed,ok,,0.9751548572366224,600,3,2.0,2.0,3.0,3.0,tied,4210.009930508886,,3,3,bic,0.0022984579991316,0.0180307499977061,0.0234396669984562,,,,,,,,,,,
heavy_tail_subspace,256,16,umap,fixed,ok,,0.7134039774622638,600,3,2.0,2.0,3.0,3.0,spherical,3590.2646510382183,,3,3,bic,0.9279345420072788,0.0196132919954834,0.9509095410030568,,,,,,,,,,,
heavy_tail_subspace,256,17,ae_relu,fixed,ok,,0.2101908857508584,600,3,2.0,2.0,3.0,3.0,diag,-2725.8611210776157,,3,3,bic,0.2096175000042421,0.0441366250015562,0.2568310829956317,,,,,,relu,54.0,True,,,
heavy_tail_subspace,256,17,ae_tanh,fixed,ok,,0.8108627032967681,600,3,2.0,2.0,3.0,3.0,tied,1682.455848789322,,3,3,bic,0.523015957995085,0.0344781250023515,0.5654334589926293,,,,,,tanh,78.0,True,,,
heavy_tail_subspace,256,17,autog2m2,fixed,ok,,0.9509000017524608,600,3,2.0,2.0,3.0,3.0,full,-818.7919334345794,,3,3,bic,4.20219100000395,0.0167340409971075,4.221972665996873,3.952645333003602,0.0158915420033736,0.1125794580002548,0.0176025419932557,,,,,,,
heavy_tail_subspace,256,17,autogmm_spectral,fixed,ok,,0.84215506966172,600,3,2.0,2.0,3.0,3.0,full,-8810.190342007154,lse,3,3,bic,,0.0472731670015491,0.147364042000845,,,,,0.0987174160109134,,,,,,
heavy_tail_subspace,256,17,mclust,fixed,ok,,-5.555601852237657e-06,600,3,256.0,,3.0,3.0,EII,-439814.8077354291,,3,3,bic,,39.226,39.63282050000271,,,,,,,,,-217441.38748562871,771.0,-439814.8077354291
heavy_tail_subspace,256,17,pca,fixed,ok,,0.9075542207203022,600,3,2.0,2.0,3.0,3.0,tied,4528.252202302731,,3,3,bic,0.0020598340051947,0.0182159999967552,0.0234485830005724,,,,,,,,,,,
heavy_tail_subspace,256,17,umap,fixed,ok,,0.3217255363107522,600,3,2.0,2.0,3.0,3.0,diag,3603.671618769986,,3,3,bic,0.8413824169983855,0.0224276250082766,0.8673085839982377,,,,,,,,,,,
heavy_tail_subspace,256,18,ae_relu,fixed,ok,,0.142063529680763,600,3,2.0,2.0,3.0,3.0,full,259.3228264808717,,3,3,bic,0.2144348329893546,0.0426855830010026,0.2602029580011731,,,,,,relu,52.0,True,,,
heavy_tail_subspace,256,18,ae_tanh,fixed,ok,,0.9221322294679816,600,3,2.0,2.0,3.0,3.0,diag,1481.274913388719,,3,3,bic,0.2938227919948986,0.0276968749967636,0.328613542005769,,,,,,tanh,47.0,True,,,
heavy_tail_subspace,256,18,autog2m2,fixed,ok,,0.9949958125176231,600,3,2.0,2.0,3.0,3.0,full,-262.17642949809056,,3,3,bic,4.46722525000223,0.0190374169906135,4.488948915997753,4.216634583994164,0.0157614579948131,0.1199530830053845,0.0175752079958328,,,,,,,
heavy_tail_subspace,256,18,autogmm_spectral,fixed,ok,,0.9603813807243996,600,3,2.0,2.0,3.0,3.0,full,-9472.835131925844,lse,3,3,bic,,0.0488208330061752,0.1494749999983469,,,,,0.0992842920095427,,,,,,
heavy_tail_subspace,256,18,mclust,fixed,ok,,1.1167038898970166e-05,600,3,256.0,,3.0,3.0,EII,-439939.4830363981,,3,3,bic,,38.54,38.946445209003286,,,,,,,,,-217503.7251361132,771.0,-439939.4830363981
heavy_tail_subspace,256,18,pca,fixed,ok,,0.9949958125176231,600,3,2.0,2.0,3.0,3.0,tied,3948.002180244091,,3,3,bic,0.0019743750017369,0.0156122500047786,0.0207455420022597,,,,,,,,,,,
heavy_tail_subspace,256,18,umap,fixed,ok,,0.8081341721920495,600,3,2.0,2.0,3.0,3.0,tied,3618.3141697234064,,3,3,bic,0.8235862920118961,0.0284509159973822,0.8559853330079932,,,,,,,,,,,
heavy_tail_subspace,256,19,ae_relu,fixed,ok,,0.1533006641763166,600,3,2.0,2.0,3.0,3.0,diag,-729.5748689117498,,3,3,bic,0.2478217499883612,0.0573507499939296,0.3082126250083092,,,,,,relu,60.0,True,,,
heavy_tail_subspace,256,19,ae_tanh,fixed,ok,,0.9267487593485771,600,3,2.0,2.0,3.0,3.0,diag,1381.8035652979197,,3,3,bic,0.6066713750042254,0.0302920410031219,0.6440254159970209,,,,,,tanh,95.0,True,,,
heavy_tail_subspace,256,19,autog2m2,fixed,ok,,0.6819580675199572,600,3,2.0,2.0,3.0,3.0,full,-457.8185087846375,,3,3,bic,4.446920125003089,0.0244701660121791,4.474683708001976,4.18659666700114,0.0174803340050857,0.1228999169979943,0.0182640419952804,,,,,,,
heavy_tail_subspace,256,19,autogmm_spectral,fixed,ok,,0.8530223731679856,600,3,2.0,2.0,3.0,3.0,full,-9179.319355368089,lse,3,3,bic,,0.0457259999966481,0.1459024590003537,,,,,0.0988587500032736,,,,,,
heavy_tail_subspace,256,19,mclust,fixed,ok,,-5.555601852237657e-06,600,3,256.0,,3.0,3.0,EII,-439921.8381888165,,3,3,bic,,40.136,40.541870624991134,,,,,,,,,-217494.9027123224,771.0,-439921.8381888165
heavy_tail_subspace,256,19,pca,fixed,ok,,0.9703510050251256,600,3,2.0,2.0,3.0,3.0,tied,4314.804559810995,,3,3,bic,0.0022637080110143,0.0175938330066856,0.0225941249955212,,,,,,,,,,,
heavy_tail_subspace,256,19,umap,fixed,ok,,0.6500455054617547,600,3,2.0,2.0,3.0,3.0,full,3603.380822594695,,3,3,bic,0.8318844169989461,0.0174738750065444,0.853134749995661,,,,,,,,,,,
heavy_tail_subspace,512,0,ae_relu,fixed,ok,,0.0909072616394597,600,3,2.0,2.0,3.0,3.0,spherical,-3282.374210829273,,3,3,bic,0.4683327079983428,0.0792441670782864,0.5475768750766292,,,,,,relu,32.0,True,,,
heavy_tail_subspace,512,0,ae_tanh,fixed,ok,,0.0246574718458285,600,3,2.0,2.0,3.0,3.0,diag,2110.889973738284,,3,3,BIC,0.3727456249762326,0.0688364999950863,0.4603583750431426,,,,,,tanh,25.0,True,,,
heavy_tail_subspace,512,0,autog2m2,fixed,ok,,0.9184390451069678,600,3,2.0,2.0,3.0,3.0,full,-1411.163689140102,,3,3,BIC,0.0,0.0420291670016013,0.1002985420054756,5.0112889999873005,0.0226145000196993,0.1205776669667102,0.0240312499809078,,,,,,,
heavy_tail_subspace,512,0,autogmm_spectral,fixed,ok,,0.4275927908239504,600,3,2.0,,3.0,3.0,tied,-8510.750723566414,lse,3,3,BIC,,0.0355504999752156,0.3625361250014975,,,,,0.2721724159782752,,,,,,
heavy_tail_subspace,512,0,mclust,fixed,ok,,-5.555601852237657e-06,600,3,512.0,,3.0,3.0,EII,-880041.0386743326,,3,3,BIC,,207.669,208.28386845899516,,,,,,,,,-435098.0819674775,1539.0,-880041.0386743326
heavy_tail_subspace,512,0,pca,fixed,ok,,0.802645938682848,600,3,2.0,2.0,3.0,3.0,tied,4924.416394956031,,3,3,BIC,0.0,0.0389242499950341,0.0410711669828742,,,,,,,,,,,
heavy_tail_subspace,512,0,umap,fixed,ok,,0.0303121927371212,600,3,2.0,2.0,3.0,3.0,diag,3565.5210101072043,,3,3,BIC,0.0,0.0334641250083223,0.0354318749741651,,,,,,,,,,,
heavy_tail_subspace,512,1,ae_relu,fixed,ok,,-0.0016824371396777,600,3,2.0,2.0,3.0,3.0,diag,-12183.026371151214,,3,3,bic,0.354388540959917,0.0868007499957457,0.4411892909556627,,,,,,relu,24.0,True,,,
heavy_tail_subspace,512,1,ae_tanh,fixed,ok,,0.8690869259649393,600,3,2.0,2.0,3.0,3.0,diag,1693.1185869016156,,3,3,BIC,1.1625466670375315,0.0414510419941507,1.2222194999922067,,,,,,tanh,66.0,True,,,
heavy_tail_subspace,512,1,autog2m2,fixed,ok,,1.0,600,3,2.0,2.0,3.0,3.0,full,-1496.0207244885005,,3,3,BIC,0.0,0.0296035839710384,0.0315030830097384,8.440078750019893,0.032311082992237,0.1963291660067625,0.0281637909938581,,,,,,,
heavy_tail_subspace,512,1,autogmm_spectral,fixed,ok,,0.7789658274977256,600,3,2.0,,3.0,3.0,tied,-8708.711784229085,lse,3,3,BIC,,0.0330261660274118,0.4000952909700572,,,,,0.3071352909901179,,,,,,
heavy_tail_subspace,512,1,mclust,fixed,ok,,-5.555601852237657e-06,600,3,512.0,,3.0,3.0,EII,-880139.6601803747,,3,3,BIC,,372.834,373.7579942080192,,,,,,,,,-435147.39272049855,1539.0,-880139.6601803747
heavy_tail_subspace,512,1,pca,fixed,ok,,0.9751554845839278,600,3,2.0,2.0,3.0,3.0,tied,4582.621348403425,,3,3,BIC,0.0,0.0316815839614719,0.0335782500333152,,,,,,,,,,,
heavy_tail_subspace,512,1,umap,fixed,ok,,0.0809491099024038,600,3,2.0,2.0,3.0,3.0,full,3588.6590858503664,,3,3,BIC,0.0,0.0427820829791016,0.0445714160450734,,,,,,,,,,,
heavy_tail_subspace,512,2,ae_relu,fixed,ok,,0.0033420825087625,600,3,2.0,2.0,3.0,3.0,diag,-13069.611185284872,,3,3,bic,0.3722462080186233,0.044683292042464,0.4169295000610873,,,,,,relu,25.0,True,,,
heavy_tail_subspace,512,2,ae_tanh,fixed,ok,,0.0059615620187078,600,3,2.0,2.0,3.0,3.0,diag,2144.34716964743,,3,3,BIC,0.4460112910019234,0.04014024999924,0.5037555000162683,,,,,,tanh,25.0,True,,,
heavy_tail_subspace,512,2,autog2m2,fixed,ok,,0.9556691323829516,600,3,2.0,2.0,3.0,3.0,full,-831.1194190515415,,3,3,BIC,0.0,0.032439750037156,0.0343026249902322,8.63928758300608,0.0367327500134706,0.2364732089918106,0.0338197500095702,,,,,,,
heavy_tail_subspace,512,2,autogmm_spectral,fixed,ok,,0.5117511970295562,600,3,2.0,,3.0,3.0,tied,-8531.226294239566,lse,3,3,BIC,,0.0378451669821515,0.3339411250199191,,,,,0.2408859170391224,,,,,,
heavy_tail_subspace,512,2,mclust,fixed,ok,,-5.555601852237657e-06,600,3,512.0,,3.0,3.0,EII,-880211.5376133176,,3,3,BIC,,372.484,373.3198011250352,,,,,,,,,-435183.33143697,1539.0,-880211.5376133176
heavy_tail_subspace,512,2,pca,fixed,ok,,0.8188881035267659,600,3,2.0,2.0,3.0,3.0,tied,4811.758828271841,,3,3,BIC,0.0,0.0353193329647183,0.0371897500008344,,,,,,,,,,,
heavy_tail_subspace,512,2,umap,fixed,ok,,0.1620273210707047,600,3,2.0,2.0,3.0,3.0,full,3585.030979560533,,3,3,BIC,0.0,0.0412096250220201,0.0431518749683164,,,,,,,,,,,
heavy_tail_subspace,512,3,ae_relu,fixed,ok,,0.0055533422066988,600,3,2.0,2.0,3.0,3.0,diag,-6607.928211623572,,3,3,bic,0.3553496670210734,0.0637560000177472,0.4191056670388207,,,,,,relu,24.0,True,,,
heavy_tail_subspace,512,3,ae_tanh,fixed,ok,,0.0311270496309622,600,3,2.0,2.0,3.0,3.0,diag,2150.9792380802,,3,3,BIC,0.4232512500020675,0.063480167009402,0.5019691669731401,,,,,,tanh,25.0,True,,,
heavy_tail_subspace,512,3,autog2m2,fixed,ok,,0.985037604845926,600,3,2.0,2.0,3.0,3.0,full,-1682.2434034777298,,3,3,BIC,0.0,0.0285588330007158,0.0304533750168047,7.112480041978415,0.0259317500167526,0.1384920830023475,0.0217867500032298,,,,,,,
heavy_tail_subspace,512,3,autogmm_spectral,fixed,ok,,0.6805376210491638,600,3,2.0,,3.0,3.0,tied,-8605.4012142779,lse,3,3,BIC,,0.0325064169592224,0.3153249170281924,,,,,0.2252607499831356,,,,,,
heavy_tail_subspace,512,3,mclust,fixed,ok,,1.1167038898970166e-05,600,3,512.0,,3.0,3.0,EII,-880313.7079505641,,3,3,BIC,,347.961,348.8268865419668,,,,,,,,,-435234.4166055932,1539.0,-880313.7079505641
heavy_tail_subspace,512,3,pca,fixed,ok,,0.950603163246086,600,3,2.0,2.0,3.0,3.0,tied,4743.148483561154,,3,3,BIC,0.0,0.0249460419872775,0.0272273339796811,,,,,,,,,,,
heavy_tail_subspace,512,3,umap,fixed,ok,,0.3522916501334212,600,3,2.0,2.0,3.0,3.0,diag,3602.6887205268267,,3,3,BIC,0.0,0.0335330410161986,0.0350480830529704,,,,,,,,,,,
heavy_tail_subspace,512,4,ae_relu,fixed,ok,,0.0130561925909747,600,3,2.0,2.0,3.0,3.0,spherical,-1353.0363381275724,,3,3,bic,0.4637339579639956,0.0821610409766435,0.5458949989406392,,,,,,relu,31.0,True,,,
heavy_tail_subspace,512,4,ae_tanh,fixed,ok,,0.8030974063200988,600,3,2.0,2.0,3.0,3.0,diag,1845.203020441602,,3,3,BIC,1.091653999988921,0.0384101250092498,1.147294416965451,,,,,,tanh,63.0,True,,,
heavy_tail_subspace,512,4,autog2m2,fixed,ok,,0.984987816627764,600,3,2.0,2.0,3.0,3.0,diag,-473.5885703995514,,3,3,BIC,0.0,0.0343592499848455,0.0367779579828493,6.034842374967411,0.0252200420363806,0.1484706670162268,0.0220076660043559,,,,,,,
heavy_tail_subspace,512,4,autogmm_spectral,fixed,ok,,0.7869754332782588,600,3,2.0,,3.0,3.0,diag,-8682.367719252217,lse,3,3,BIC,,0.0334351250203326,0.310801415995229,,,,,0.2185744589660316,,,,,,
heavy_tail_subspace,512,4,mclust,fixed,ok,,1.1167038898970166e-05,600,3,512.0,,3.0,3.0,EII,-880227.7357336527,,3,3,BIC,,349.141,349.8358052499825,,,,,,,,,-435191.4304971376,1539.0,-880227.7357336527
heavy_tail_subspace,512,4,pca,fixed,ok,,0.9751295644672852,600,3,2.0,2.0,3.0,3.0,tied,4711.455799967434,,3,3,BIC,0.0,0.0284495410160161,0.0305702920304611,,,,,,,,,,,
heavy_tail_subspace,512,4,umap,fixed,ok,,0.3433495091895289,600,3,2.0,2.0,3.0,3.0,full,3594.4956011965,,3,3,BIC,0.0,0.0391003749682568,0.0409695830312557,,,,,,,,,,,
heavy_tail_subspace,512,5,ae_relu,fixed,ok,,0.1366281992765098,600,3,2.0,2.0,3.0,3.0,diag,-2622.7347232344086,,3,3,bic,0.8407374589005485,0.089861209038645,0.9305986679391935,,,,,,relu,56.0,True,,,
heavy_tail_subspace,512,5,ae_tanh,fixed,ok,,0.028005544665186,600,3,2.0,2.0,3.0,3.0,diag,2050.861924287548,,3,3,BIC,0.5233613750315271,0.0710112079977989,0.6104979999945499,,,,,,tanh,25.0,True,,,
heavy_tail_subspace,512,5,autog2m2,fixed,ok,,0.9367521176397208,600,3,2.0,2.0,3.0,3.0,full,-704.1632413044822,,3,3,BIC,0.0,0.0504336250014603,0.0525173750356771,6.8422777079977095,0.0302832919987849,0.1694003330194391,0.0257849579793401,,,,,,,
heavy_tail_subspace,512,5,autogmm_spectral,fixed,ok,,0.6491721539852741,600,3,2.0,,3.0,3.0,tied,-8602.590130911878,lse,3,3,BIC,,0.0348909169551916,0.3643901250325143,,,,,0.2507038750336505,,,,,,
heavy_tail_subspace,512,5,mclust,fixed,ok,,1.1167038898970166e-05,600,3,512.0,,3.0,3.0,EII,-880148.9370720207,,3,3,BIC,,348.725,349.7803094580304,,,,,,,,,-435152.0311663216,1539.0,-880148.9370720207
heavy_tail_subspace,512,5,pca,fixed,ok,,0.9316852636889864,600,3,2.0,2.0,3.0,3.0,tied,4774.369527202844,,3,3,BIC,0.0,0.0323783340281806,0.0342694579740054,,,,,,,,,,,
heavy_tail_subspace,512,5,umap,fixed,ok,,0.0645742099412676,600,3,2.0,2.0,3.0,3.0,diag,3585.59301473754,,3,3,BIC,0.0,0.0350927920080721,0.0368922079796902,,,,,,,,,,,
heavy_tail_subspace,512,6,ae_relu,fixed,ok,,-0.001751661117721,600,3,2.0,2.0,3.0,3.0,diag,-9075.971917309196,,3,3,bic,0.4903961669187993,0.0484144169604405,0.5388105838792399,,,,,,relu,33.0,True,,,
heavy_tail_subspace,512,6,ae_tanh,fixed,ok,,0.0067000670270234,600,3,2.0,2.0,3.0,3.0,diag,2082.059920355526,,3,3,BIC,0.4183922090451233,0.0584438339574262,0.4923511669621803,,,,,,tanh,24.0,True,,,
heavy_tail_subspace,512,6,autog2m2,fixed,ok,,0.970101677444598,600,3,2.0,2.0,3.0,3.0,full,-1109.4277991044717,,3,3,BIC,0.0,0.0316462919581681,0.033565042016562,6.758544207958039,0.0285194159951061,0.1674942499957978,0.0244325830135494,,,,,,,
heavy_tail_subspace,512,6,autogmm_spectral,fixed,ok,,0.4796153072729203,600,3,2.0,,3.0,3.0,tied,-8538.283169888879,lse,3,3,BIC,,0.0392718749935738,0.3807461250107735,,,,,0.2822560420027002,,,,,,
heavy_tail_subspace,512,6,mclust,fixed,ok,,-5.555601852237657e-06,600,3,512.0,,3.0,3.0,EII,-880234.9819877398,,3,3,BIC,,345.835,346.76634816697333,,,,,,,,,-435195.0536241811,1539.0,-880234.9819877398
heavy_tail_subspace,512,6,pca,fixed,ok,,0.8131756194375828,600,3,2.0,2.0,3.0,3.0,tied,4906.554370023236,,3,3,BIC,0.0,0.0286016670288518,0.0302876249770633,,,,,,,,,,,
heavy_tail_subspace,512,6,umap,fixed,ok,,0.082653801986481,600,3,2.0,2.0,3.0,3.0,diag,3563.645832597109,,3,3,BIC,0.0,0.0341347089852206,0.0356503749499097,,,,,,,,,,,
heavy_tail_subspace,512,7,ae_relu,fixed,ok,,0.0097557064621664,600,3,2.0,2.0,3.0,3.0,full,-3046.9769283213714,,3,3,bic,0.6428798330016434,0.1174205410061404,0.7603003740077838,,,,,,relu,43.0,True,,,
heavy_tail_subspace,512,7,ae_tanh,fixed,ok,,0.8167455801213149,600,3,2.0,2.0,3.0,3.0,diag,1870.211383683336,,3,3,BIC,1.1505755410180427,0.0383584590163081,1.204741749970708,,,,,,tanh,68.0,True,,,
heavy_tail_subspace,512,7,autog2m2,fixed,ok,,0.9850377307840942,600,3,2.0,2.0,3.0,3.0,full,-801.2939456285759,,3,3,BIC,0.0,0.0312252499861642,0.0331423750030808,8.29326441604644,0.0401782079716213,0.3652406249893829,0.0447045419714413,,,,,,,
heavy_tail_subspace,512,7,autogmm_spectral,fixed,ok,,0.8325417194969271,600,3,2.0,,3.0,3.0,tied,-8726.928693001357,lse,3,3,BIC,,0.0371863750042393,0.4057552079902962,,,,,0.2887800000025891,,,,,,
heavy_tail_subspace,512,7,mclust,fixed,ok,,-5.555601852237657e-06,600,3,512.0,,3.0,3.0,EII,-880257.295597252,,3,3,BIC,,343.861,344.55478624999523,,,,,,,,,-435206.2104289372,1539.0,-880257.295597252
heavy_tail_subspace,512,7,pca,fixed,ok,,0.9751565300923696,600,3,2.0,2.0,3.0,3.0,tied,4666.164472201884,,3,3,BIC,0.0,0.0273649580194614,0.0291511669638566,,,,,,,,,,,
heavy_tail_subspace,512,7,umap,fixed,ok,,0.3056084363195588,600,3,2.0,2.0,3.0,3.0,diag,3569.274421116818,,3,3,BIC,0.0,0.0382594580296427,0.0399827500223182,,,,,,,,,,,
heavy_tail_subspace,512,8,ae_relu,fixed,ok,,-2.544086605482876e-05,600,3,2.0,2.0,3.0,3.0,diag,-5293.450318537364,,3,3,bic,0.5124920419184491,0.0729736249195411,0.5854656668379903,,,,,,relu,34.0,True,,,
heavy_tail_subspace,512,8,ae_tanh,fixed,ok,,0.0441636157304411,600,3,2.0,2.0,3.0,3.0,diag,2099.938105333684,,3,3,BIC,0.4190565419849008,0.0743956249789334,0.5086262500262819,,,,,,tanh,25.0,True,,,
heavy_tail_subspace,512,8,autog2m2,fixed,ok,,0.9504955071390156,600,3,2.0,2.0,3.0,3.0,full,-870.94695358957,,3,3,BIC,0.0,0.0340994159923866,0.0360393750015646,7.043076291040052,0.0240070409490726,0.1231557499850168,0.0190543339704163,,,,,,,
heavy_tail_subspace,512,8,autogmm_spectral,fixed,ok,,0.592905402166409,600,3,2.0,,3.0,3.0,tied,-8560.544611210293,lse,3,3,BIC,,0.0348255410208366,0.3175227500032633,,,,,0.2314696250250563,,,,,,
heavy_tail_subspace,512,8,mclust,fixed,ok,,1.1167038898970166e-05,600,3,512.0,,3.0,3.0,EII,-880222.0996546707,,3,3,BIC,,343.833,344.60072537499946,,,,,,,,,-435188.6124576465,1539.0,-880222.0996546707
heavy_tail_subspace,512,8,pca,fixed,ok,,0.8972534864298363,600,3,2.0,2.0,3.0,3.0,tied,4853.716989785818,,3,3,BIC,0.0,0.0285707080038264,0.0301145840203389,,,,,,,,,,,
heavy_tail_subspace,512,8,umap,fixed,ok,,0.1118236626070579,600,3,2.0,2.0,3.0,3.0,diag,3570.663935408348,,3,3,BIC,0.0,0.0351099169929511,0.0368193340254947,,,,,,,,,,,
heavy_tail_subspace,512,9,ae_relu,fixed,ok,,-0.0014515449556703,600,3,2.0,2.0,3.0,3.0,diag,-5394.788049824112,,3,3,bic,0.3628847500076517,0.0794490420958027,0.4423337921034544,,,,,,relu,24.0,True,,,
heavy_tail_subspace,512,9,ae_tanh,fixed,ok,,0.0068238654861345,600,3,2.0,2.0,3.0,3.0,diag,2158.0273798248536,,3,3,BIC,0.3910688330070115,0.0413097499986179,0.4491868329932913,,,,,,tanh,24.0,True,,,
heavy_tail_subspace,512,9,autog2m2,fixed,ok,,0.9949958125176231,600,3,2.0,2.0,3.0,3.0,diag,-675.7426426635463,,3,3,BIC,0.0,0.0375633750227279,0.039709375007078,7.52558954199776,0.0290611660457216,0.1709202089696191,0.024865832994692,,,,,,,
heavy_tail_subspace,512,9,autogmm_spectral,fixed,ok,,0.8054646331076167,600,3,2.0,,3.0,3.0,tied,-8707.50514034438,lse,3,3,BIC,,0.0305547919706441,0.3006554999738,,,,,0.2142787090269848,,,,,,
heavy_tail_subspace,512,9,mclust,fixed,ok,,1.1167038898970166e-05,600,3,512.0,,3.0,3.0,EII,-880230.496549241,,3,3,BIC,,325.243,325.930363750027,,,,,,,,,-435192.8109049317,1539.0,-880230.496549241
heavy_tail_subspace,512,9,pca,fixed,ok,,0.9652967750282292,600,3,2.0,2.0,3.0,3.0,tied,4460.574523316017,,3,3,BIC,0.0,0.0306459999992512,0.0325808330089785,,,,,,,,,,,
heavy_tail_subspace,512,9,umap,fixed,ok,,0.2402693416812525,600,3,2.0,2.0,3.0,3.0,full,3619.317303526625,,3,3,BIC,0.0,0.0400058749946765,0.0417569579440169,,,,,,,,,,,
heavy_tail_subspace,512,10,ae_relu,fixed,ok,,0.0169366191086305,600,3,2.0,2.0,3.0,3.0,diag,-2954.2042961097627,,3,3,bic,0.3539987090043723,0.0998065000167116,0.453805209021084,,,,,,relu,24.0,True,,,
heavy_tail_subspace,512,10,ae_tanh,fixed,ok,,0.0101025841261769,600,3,2.0,2.0,3.0,3.0,diag,2179.274951464656,,3,3,BIC,0.5649777500075288,0.0498433339525945,0.6314079170115292,,,,,,tanh,25.0,True,,,
heavy_tail_subspace,512,10,autog2m2,fixed,ok,,0.9369339369706644,600,3,2.0,2.0,3.0,3.0,spherical,-811.3178819431803,,3,3,BIC,0.0,0.0310028330422937,0.0329167080344632,12.183975958032534,0.0349926250055432,0.1992335420218296,0.0283129580202512,,,,,,,
heavy_tail_subspace,512,10,autogmm_spectral,fixed,ok,,0.5228468306794124,600,3,2.0,,3.0,3.0,tied,-8477.90839983668,lse,3,3,BIC,,0.0411331659997813,0.3436218330170959,,,,,0.2542946249595843,,,,,,
heavy_tail_subspace,512,10,mclust,fixed,ok,,-5.555601852237657e-06,600,3,512.0,,3.0,3.0,EII,-880178.1498824053,,3,3,BIC,,324.939,325.61423745797947,,,,,,,,,-435166.6375715138,1539.0,-880178.1498824053
heavy_tail_subspace,512,10,pca,fixed,ok,,0.6730521653668677,600,3,2.0,2.0,3.0,3.0,tied,4980.711463789326,,3,3,BIC,0.0,0.0428755420143716,0.0448497920297086,,,,,,,,,,,
heavy_tail_subspace,512,10,umap,fixed,ok,,0.0173839896344604,600,3,2.0,2.0,3.0,3.0,spherical,3610.465454747404,,3,3,BIC,0.0,0.0365117090404965,0.0382903330028057,,,,,,,,,,,
heavy_tail_subspace,512,11,ae_relu,fixed,ok,,0.0091158884417857,600,3,2.0,2.0,3.0,3.0,diag,-14529.36464010964,,3,3,bic,0.5067058749264106,0.0506331250071525,0.5573389999335632,,,,,,relu,31.0,True,,,
heavy_tail_subspace,512,11,ae_tanh,fixed,ok,,0.0084109805975769,600,3,2.0,2.0,3.0,3.0,diag,2170.8516530097145,,3,3,BIC,0.4408625840442255,0.0611257090349681,0.5171397919766605,,,,,,tanh,25.0,True,,,
heavy_tail_subspace,512,11,autog2m2,fixed,ok,,0.9900166666666668,600,3,2.0,2.0,3.0,3.0,diag,-723.5205576625069,,3,3,BIC,0.0,0.0328445830382406,0.034945624996908,7.088883624994196,0.0299748749821446,0.3501310829888098,0.0349176669842563,,,,,,,
heavy_tail_subspace,512,11,autogmm_spectral,fixed,ok,,0.75313454053672,600,3,2.0,,3.0,3.0,diag,-8769.228740949055,lse,3,3,BIC,,0.0337582909851335,0.3487500830087811,,,,,0.2599377080332488,,,,,,
heavy_tail_subspace,512,11,mclust,fixed,ok,,1.1167038898970166e-05,600,3,512.0,,3.0,3.0,EII,-880214.7444053522,,3,3,BIC,,325.02500000000003,325.69914395798696,,,,,,,,,-435184.93483298726,1539.0,-880214.7444053522
heavy_tail_subspace,512,11,pca,fixed,ok,,0.9800971316205,600,3,2.0,2.0,3.0,3.0,tied,4623.639133533419,,3,3,BIC,0.0,0.0301587919821031,0.0320866250549443,,,,,,,,,,,
heavy_tail_subspace,512,11,umap,fixed,ok,,0.4472977868581922,600,3,2.0,2.0,3.0,3.0,full,3592.646211809611,,3,3,BIC,0.0,0.040420334029477,0.0420967079699039,,,,,,,,,,,
heavy_tail_subspace,512,12,ae_relu,fixed,ok,,0.0330971639405067,600,3,2.0,2.0,3.0,3.0,full,-2627.35655995533,,3,3,bic,0.513105666032061,0.0803474170388653,0.5934530830709264,,,,,,relu,31.0,True,,,
heavy_tail_subspace,512,12,ae_tanh,fixed,ok,,0.347376494508202,600,3,2.0,2.0,3.0,3.0,diag,2068.103757154181,,3,3,BIC,0.7892612089635804,0.0939427499542944,0.9001883749733679,,,,,,tanh,45.0,True,,,
heavy_tail_subspace,512,12,autog2m2,fixed,ok,,1.0,600,3,2.0,2.0,3.0,3.0,full,-1307.3434059846836,,3,3,BIC,0.0,0.0291515419958159,0.031242833007127,9.989005459006876,0.0434936670353636,0.4064893330214545,0.0459285000106319,,,,,,,
heavy_tail_subspace,512,12,autogmm_spectral,fixed,ok,,0.5664632088778979,600,3,2.0,,3.0,3.0,diag,-8513.796337966727,lse,3,3,BIC,,0.03443891601637,0.3278564159991219,,,,,0.2262077500345185,,,,,,
heavy_tail_subspace,512,12,mclust,fixed,ok,,-5.555601852237657e-06,600,3,512.0,,3.0,3.0,EII,-880237.4387191321,,3,3,BIC,,325.56100000000004,326.2317826660001,,,,,,,,,-435196.2819898772,1539.0,-880237.4387191321
heavy_tail_subspace,512,12,pca,fixed,ok,,0.8213981228897322,600,3,2.0,2.0,3.0,3.0,tied,4864.905265762212,,3,3,BIC,0.0,0.0380147920222952,0.0404502089950256,,,,,,,,,,,
heavy_tail_subspace,512,12,umap,fixed,ok,,0.1180059844818372,600,3,2.0,2.0,3.0,3.0,diag,3621.485545735082,,3,3,BIC,0.0,0.0416016670060344,0.0436322079622186,,,,,,,,,,,
heavy_tail_subspace,512,13,ae_relu,fixed,ok,,0.3568612613843908,600,3,2.0,2.0,3.0,3.0,full,-1434.3223118585042,,3,3,bic,0.9452312500216068,0.0738712089369073,1.019102458958514,,,,,,relu,63.0,True,,,
heavy_tail_subspace,512,13,ae_tanh,fixed,ok,,0.8691874927143136,600,3,2.0,2.0,3.0,3.0,diag,1782.430399727392,,3,3,BIC,0.8109657079912722,0.0344675829983316,0.8620102499844506,,,,,,tanh,48.0,True,,,
heavy_tail_subspace,512,13,autog2m2,fixed,ok,,0.9850377307840942,600,3,2.0,2.0,3.0,3.0,diag,-677.9122299003244,,3,3,BIC,0.0,0.0333364169928245,0.0354038329678587,7.963586124998983,0.0320380839984864,0.1581348330364562,0.0316364169702865,,,,,,,
heavy_tail_subspace,512,13,autogmm_spectral,fixed,ok,,0.7875082939694259,600,3,2.0,,3.0,3.0,diag,-8753.002035038231,lse,3,3,BIC,,0.0298872910207137,0.2990563749917783,,,,,0.2144221669877879,,,,,,
heavy_tail_subspace,512,13,mclust,fixed,ok,,-5.555601852237657e-06,600,3,512.0,,3.0,3.0,EII,-880057.5496391215,,3,3,BIC,,326.021,326.6978050000034,,,,,,,,,-435106.33744987193,1539.0,-880057.5496391215
heavy_tail_subspace,512,13,pca,fixed,ok,,0.9703515041329708,600,3,2.0,2.0,3.0,3.0,tied,4591.4705215520025,,3,3,BIC,0.0,0.0265446249977685,0.0283307500067167,,,,,,,,,,,
heavy_tail_subspace,512,13,umap,fixed,ok,,0.0446809781476464,600,3,2.0,2.0,3.0,3.0,full,3579.928088328065,,3,3,BIC,0.0,0.0384175829822197,0.0399829169618897,,,,,,,,,,,
heavy_tail_subspace,512,14,ae_relu,fixed,ok,,0.1698357141397616,600,3,2.0,2.0,3.0,3.0,diag,1581.034276414132,,3,3,bic,0.7996676670154557,0.0822405409999191,0.8819082080153748,,,,,,relu,53.0,True,,,
heavy_tail_subspace,512,14,ae_tanh,fixed,ok,,0.3054140337442972,600,3,2.0,2.0,3.0,3.0,diag,2138.072382746544,,3,3,BIC,0.7114057909930125,0.0543859580066055,0.7818897500401363,,,,,,tanh,42.0,True,,,
heavy_tail_subspace,512,14,autog2m2,fixed,ok,,1.0,600,3,2.0,2.0,3.0,3.0,full,-839.32930196219,,3,3,BIC,0.0,0.0300994170247577,0.0324032499920576,7.683124125003815,0.0303151669795624,0.1816134999971836,0.0260093749966472,,,,,,,
heavy_tail_subspace,512,14,autogmm_spectral,fixed,ok,,0.7730483843422057,600,3,2.0,,3.0,3.0,tied,-8754.981540311015,lse,3,3,BIC,,0.0306050420040264,0.298217250034213,,,,,0.2094831659924239,,,,,,
heavy_tail_subspace,512,14,mclust,fixed,ok,,-5.555601852237657e-06,600,3,512.0,,3.0,3.0,EII,-880266.9399101527,,3,3,BIC,,325.662,326.3273548340076,,,,,,,,,-435211.0325853875,1539.0,-880266.9399101527
heavy_tail_subspace,512,14,pca,fixed,ok,,0.9750793971742288,600,3,2.0,2.0,3.0,3.0,tied,4532.2268585138,,3,3,BIC,0.0,0.0311854580068029,0.0329486660193651,,,,,,,,,,,
heavy_tail_subspace,512,14,umap,fixed,ok,,0.3298946892957607,600,3,2.0,2.0,3.0,3.0,diag,3605.410318759597,,3,3,BIC,0.0,0.0396401670295745,0.0420201669912785,,,,,,,,,,,
heavy_tail_subspace,512,15,ae_relu,fixed,ok,,0.3262070781398347,600,3,2.0,2.0,3.0,3.0,diag,-186.75351063568792,,3,3,bic,0.9910450839670376,0.0645520000252872,1.0555970839923248,,,,,,relu,66.0,True,,,
heavy_tail_subspace,512,15,ae_tanh,fixed,ok,,0.8666064694468756,600,3,2.0,2.0,3.0,3.0,diag,1597.2278028394617,,3,3,BIC,0.968864125024993,0.031132583040744,1.017858042032458,,,,,,tanh,52.0,True,,,
heavy_tail_subspace,512,15,autog2m2,fixed,ok,,0.9800962940103582,600,3,2.0,2.0,3.0,3.0,diag,-945.230677621493,,3,3,BIC,0.0,0.043224332970567,0.0455214999965392,9.098613624984864,0.0297463340102694,0.176268458017148,0.0243075410253368,,,,,,,
heavy_tail_subspace,512,15,autogmm_spectral,fixed,ok,,0.8738549398339157,600,3,2.0,,3.0,3.0,full,-9022.47771483631,lse,3,3,BIC,,0.0299370830180123,0.2973957500071265,,,,,0.2106677920091897,,,,,,
heavy_tail_subspace,512,15,mclust,fixed,ok,,-5.555601852237657e-06,600,3,512.0,,3.0,3.0,EII,-880011.451630722,,3,3,BIC,,325.819,326.4933225000277,,,,,,,,,-435083.2884456722,1539.0,-880011.451630722
heavy_tail_subspace,512,15,pca,fixed,ok,,0.9949958125176231,600,3,2.0,2.0,3.0,3.0,tied,4447.564481439415,,3,3,BIC,0.0,0.0288356669479981,0.0305962919956073,,,,,,,,,,,
heavy_tail_subspace,512,15,umap,fixed,ok,,0.595633234864956,600,3,2.0,2.0,3.0,3.0,diag,3548.2568568293727,,3,3,BIC,0.0,0.0878913750057108,0.0897844579885713,,,,,,,,,,,
heavy_tail_subspace,512,16,ae_relu,fixed,ok,,0.0074605892155766,600,3,2.0,2.0,3.0,3.0,diag,-13301.51198921586,,3,3,bic,0.3818020829930901,0.0456534590339288,0.4274555420270189,,,,,,relu,25.0,True,,,
heavy_tail_subspace,512,16,ae_tanh,fixed,ok,,0.0109103080477292,600,3,2.0,2.0,3.0,3.0,diag,2020.662691450884,,3,3,BIC,0.42985758400755,0.0669252920197323,0.5133722919854335,,,,,,tanh,25.0,True,,,
heavy_tail_subspace,512,16,autog2m2,fixed,ok,,1.0,600,3,2.0,2.0,3.0,3.0,full,-1392.459146379333,,3,3,BIC,0.0,0.0334776249947026,0.0378904580138623,6.9426696250448,0.0289201670093461,0.1678805000265129,0.0242873749812133,,,,,,,
heavy_tail_subspace,512,16,autogmm_spectral,fixed,ok,,0.3107727900744528,600,3,2.0,,3.0,3.0,tied,-8473.665591470412,lse,3,3,BIC,,0.0547162920120172,0.4277283329865895,,,,,0.3158175830030814,,,,,,
heavy_tail_subspace,512,16,mclust,fixed,ok,,-5.555601852237657e-06,600,3,512.0,,3.0,3.0,EII,-880241.6294082826,,3,3,BIC,,327.115,327.78210574999684,,,,,,,,,-435198.37733445247,1539.0,-880241.6294082826
heavy_tail_subspace,512,16,pca,fixed,ok,,0.7625772199158289,600,3,2.0,2.0,3.0,3.0,tied,4829.955679104909,,3,3,BIC,0.0,0.0366253340034745,0.0384085419937036,,,,,,,,,,,
heavy_tail_subspace,512,16,umap,fixed,ok,,0.0714083297636066,600,3,2.0,2.0,3.0,3.0,diag,3564.079054344767,,3,3,BIC,0.0,0.0387755840201862,0.0405557919875718,,,,,,,,,,,
heavy_tail_subspace,512,17,ae_relu,fixed,ok,,0.2110230922975839,600,3,2.0,2.0,3.0,3.0,full,-2784.188065857698,,3,3,bic,0.9423730840208008,0.062736332998611,1.005109417019412,,,,,,relu,61.0,True,,,
heavy_tail_subspace,512,17,ae_tanh,fixed,ok,,0.3402731500559485,600,3,2.0,2.0,3.0,3.0,diag,2079.9183067207737,,3,3,BIC,0.7501827499945648,0.0506252080085687,0.8166556669748388,,,,,,tanh,44.0,True,,,
heavy_tail_subspace,512,17,autog2m2,fixed,ok,,0.9703554963908736,600,3,2.0,2.0,3.0,3.0,full,-1090.1978518271078,,3,3,BIC,0.0,0.0289667079923674,0.0310544170206412,5.427409750001971,0.0224433749681338,0.1314453749801032,0.0197120840311981,,,,,,,
heavy_tail_subspace,512,17,autogmm_spectral,fixed,ok,,0.517092294109014,600,3,2.0,,3.0,3.0,tied,-8490.163318808482,lse,3,3,BIC,,0.0529832909815013,0.3848873329698108,,,,,0.2244192090001888,,,,,,
heavy_tail_subspace,512,17,mclust,fixed,ok,,-5.555601852237657e-06,600,3,512.0,,3.0,3.0,EII,-880027.8662264181,,3,3,BIC,,325.28900000000004,325.9697112500435,,,,,,,,,-435091.4957435202,1539.0,-880027.8662264181
heavy_tail_subspace,512,17,pca,fixed,ok,,0.8698415629427599,600,3,2.0,2.0,3.0,3.0,tied,4891.275810570862,,3,3,BIC,0.0,0.0451447910163551,0.046921957982704,,,,,,,,,,,
heavy_tail_subspace,512,17,umap,fixed,ok,,0.0524199847956379,600,3,2.0,2.0,3.0,3.0,diag,3610.959382806736,,3,3,BIC,0.0,0.0357705419883132,0.0374732500058598,,,,,,,,,,,
heavy_tail_subspace,512,18,ae_relu,fixed,ok,,0.2096547551523909,600,3,2.0,2.0,3.0,3.0,diag,-1753.9524551156749,,3,3,bic,0.9643517910735682,0.2572990419575944,1.2216508330311626,,,,,,relu,51.0,True,,,
heavy_tail_subspace,512,18,ae_tanh,fixed,ok,,0.866367431593513,600,3,2.0,2.0,3.0,3.0,diag,1644.582471068165,,3,3,BIC,0.957212959008757,0.0291993339778855,1.0015308750444092,,,,,,tanh,56.0,True,,,
heavy_tail_subspace,512,18,autog2m2,fixed,ok,,1.0,600,3,2.0,2.0,3.0,3.0,full,-504.5048370907455,,3,3,BIC,0.0,0.0268116250517778,0.0288905409979634,5.553997708018869,0.022643833013717,0.1309071249561384,0.0204433749895542,,,,,,,
heavy_tail_subspace,512,18,autogmm_spectral,fixed,ok,,0.8469541714320896,600,3,2.0,,3.0,3.0,diag,-8994.643292149109,lse,3,3,BIC,,0.0290970000205561,0.2859943750081584,,,,,0.208637915959116,,,,,,
heavy_tail_subspace,512,18,mclust,fixed,ok,,1.1167038898970166e-05,600,3,512.0,,3.0,3.0,EII,-880174.6558929989,,3,3,BIC,,324.826,325.49293350003427,,,,,,,,,-435164.8905768106,1539.0,-880174.6558929989
heavy_tail_subspace,512,18,pca,fixed,ok,,0.985000168757628,600,3,2.0,2.0,3.0,3.0,tied,4410.472937891285,,3,3,BIC,0.0,0.0248589999973773,0.0263902909937314,,,,,,,,,,,
heavy_tail_subspace,512,18,umap,fixed,ok,,0.5342848184750589,600,3,2.0,2.0,3.0,3.0,diag,3582.143099646799,,3,3,BIC,0.0,0.0306522079627029,0.0322751250350847,,,,,,,,,,,
heavy_tail_subspace,512,19,ae_relu,fixed,ok,,0.2179298033429061,600,3,2.0,2.0,3.0,3.0,diag,-6983.930757316212,,3,3,bic,1.183519458048977,0.0752566249575465,1.2587760830065235,,,,,,relu,61.0,True,,,
heavy_tail_subspace,512,19,ae_tanh,fixed,ok,,0.8558426619948459,600,3,2.0,2.0,3.0,3.0,spherical,1620.6498919610451,,3,3,BIC,1.625976792012807,0.0275382089894264,1.6696692919940688,,,,,,tanh,97.0,True,,,
heavy_tail_subspace,512,19,autog2m2,fixed,ok,,0.9752324006948598,600,3,2.0,2.0,3.0,3.0,diag,-860.8853336185884,,3,3,BIC,0.0,0.044675915967673,0.0467590829939581,5.083621666999534,0.022133125050459,0.1216503749601543,0.0183747920091263,,,,,,,
heavy_tail_subspace,512,19,autogmm_spectral,fixed,ok,,0.6392970110292021,600,3,2.0,,3.0,3.0,diag,-8661.806053851235,lse,3,3,BIC,,0.03498799999943,0.3342361249960959,,,,,0.217534874973353,,,,,,
heavy_tail_subspace,512,19,mclust,fixed,ok,,-5.555601852237657e-06,600,3,512.0,,3.0,3.0,EII,-880083.8979409593,,3,3,BIC,,319.981,320.65477808297146,,,,,,,,,-435119.5116007909,1539.0,-880083.8979409593
heavy_tail_subspace,512,19,pca,fixed,ok,,0.9458820326153988,600,3,2.0,2.0,3.0,3.0,tied,4600.199117148535,,3,3,BIC,0.0,0.0307743329904042,0.0325895830173976,,,,,,,,,,,
heavy_tail_subspace,512,19,umap,fixed,ok,,0.1052666292212632,600,3,2.0,2.0,3.0,3.0,spherical,3534.964520447372,,3,3,BIC,0.0,0.0359672919730655,0.0375720409792847,,,,,,,,,,,
heavy_tail_subspace,1024,0,ae_relu,fixed,ok,,0.0040056003933838,600,3,2.0,2.0,3.0,3.0,diag,-11957.52111923695,,3,3,bic,0.6978068329626694,0.0497576670022681,0.7475644999649376,,,,,,relu,23.0,True,,,
heavy_tail_subspace,1024,0,ae_tanh,fixed,ok,,0.0149764016565328,600,3,2.0,2.0,3.0,3.0,diag,2137.655869428673,,3,3,BIC,0.6701023330097087,0.0786095419898629,0.7845668329973705,,,,,,tanh,23.0,True,,,
heavy_tail_subspace,1024,0,autog2m2,fixed,ok,,0.9801350059845216,600,3,2.0,2.0,3.0,3.0,full,-1008.8562369654844,,3,3,BIC,0.0,0.0328227920108474,0.0870589159894734,8.857671750010923,0.0314971669577062,0.1623502920265309,0.0344287079642526,,,,,,,
heavy_tail_subspace,1024,0,autogmm_spectral,fixed,ok,,0.3479338645062125,600,3,2.0,,3.0,3.0,tied,-8436.928511167207,lse,3,3,BIC,,0.0392650000285357,0.3938469580025412,,,,,0.277532042004168,,,,,,
heavy_tail_subspace,1024,0,mclust,fixed,ok,,0.4496890052682026,600,3,1024.0,,3.0,3.0,VII,-1759238.8394771842,,3,3,BIC,,2.1860000000000004,3.258551749982871,,,,,,,,,-869777.7434640421,3077.0,-1759244.1840629228
heavy_tail_subspace,1024,0,pca,fixed,ok,,0.8211877183162647,600,3,2.0,2.0,3.0,3.0,tied,5296.164110776603,,3,3,BIC,0.0,0.0287617080030031,0.0304889159742742,,,,,,,,,,,
heavy_tail_subspace,1024,0,umap,fixed,ok,,0.0323350441024934,600,3,2.0,2.0,3.0,3.0,spherical,3523.6748356732087,,3,3,BIC,0.0,0.0352370830369181,0.036923374980688,,,,,,,,,,,
heavy_tail_subspace,1024,1,ae_relu,fixed,ok,,0.0251454926684571,600,3,2.0,2.0,3.0,3.0,diag,-6173.801071570071,,3,3,bic,0.699092666967772,0.07576233393047,0.774855000898242,,,,,,relu,23.0,True,,,
heavy_tail_subspace,1024,1,ae_tanh,fixed,ok,,0.0119627016775859,600,3,2.0,2.0,3.0,3.0,spherical,2158.957394343726,,3,3,BIC,0.7258424999890849,0.0578271249542012,0.8150895409635268,,,,,,tanh,23.0,True,,,
heavy_tail_subspace,1024,1,autog2m2,fixed,ok,,0.6155169860346755,600,3,2.0,2.0,3.0,3.0,full,-1023.213825284754,,3,3,BIC,0.0,0.046573375002481,0.0486778339836746,10.875890833034646,0.035238999989815,0.2236640419578179,0.0317807090468704,,,,,,,
heavy_tail_subspace,1024,1,autogmm_spectral,fixed,ok,,0.112983751505651,600,3,2.0,,3.0,3.0,tied,-8370.32433043484,lse,3,3,BIC,,0.041421249974519,0.3791117499931715,,,,,0.2872696670237928,,,,,,
heavy_tail_subspace,1024,1,mclust,fixed,ok,,0.1431770926337377,600,3,1024.0,,3.0,3.0,EII,-1760111.40978916,,3,3,BIC,,2.336,3.152015333995223,,,,,,,,,-870220.4255496853,3075.0,-1760119.5972978196
heavy_tail_subspace,1024,1,pca,fixed,ok,,0.5061479483079827,600,3,2.0,2.0,3.0,3.0,spherical,5494.556658271553,,3,3,BIC,0.0,0.0381231250357814,0.0398414160008542,,,,,,,,,,,
heavy_tail_subspace,1024,1,umap,fixed,ok,,0.0069088544896898,600,3,2.0,2.0,3.0,3.0,full,3509.7916457681827,,3,3,BIC,0.0,0.0347843749914318,0.0363570420304313,,,,,,,,,,,
heavy_tail_subspace,1024,2,ae_relu,fixed,ok,,0.0059875085466314,600,3,2.0,2.0,3.0,3.0,diag,-8996.859541917811,,3,3,bic,0.891291584004648,0.0566724999807775,0.9479640839854256,,,,,,relu,23.0,True,,,
heavy_tail_subspace,1024,2,ae_tanh,fixed,ok,,0.0038497525509217,600,3,2.0,2.0,3.0,3.0,diag,2090.8588552330766,,3,3,BIC,0.7390746250166558,0.0758190419874154,0.8480125830392353,,,,,,tanh,23.0,True,,,
heavy_tail_subspace,1024,2,autog2m2,fixed,ok,,0.9356439470218852,600,3,2.0,2.0,3.0,3.0,full,-1241.0860325326885,,3,3,BIC,0.0,0.0381425830419175,0.0407501659938134,10.867686167010106,0.0336190409725531,0.2054126249859109,0.0283688749768771,,,,,,,
heavy_tail_subspace,1024,2,autogmm_spectral,fixed,ok,,0.1221118934311109,600,3,2.0,,3.0,3.0,tied,-8395.259656411221,lse,3,3,BIC,,0.0399153330363333,0.4023959169862792,,,,,0.3079916249844245,,,,,,
heavy_tail_subspace,1024,2,mclust,fixed,ok,,0.2108533967384173,600,3,1024.0,,3.0,3.0,VII,-1760237.3543722688,,3,3,BIC,,2.894,4.013338791031856,,,,,,,,,-870277.0009115844,3077.0,-1760246.6471630498
heavy_tail_subspace,1024,2,pca,fixed,ok,,0.481161788893241,600,3,2.0,2.0,3.0,3.0,tied,5482.798672164132,,3,3,BIC,0.0,0.0579230000148527,0.0596936249639838,,,,,,,,,,,
heavy_tail_subspace,1024,2,umap,fixed,ok,,0.0114404454209188,600,3,2.0,2.0,3.0,3.0,diag,3512.637538074505,,3,3,BIC,0.0,0.04277129098773,0.0549298329860903,,,,,,,,,,,
heavy_tail_subspace,1024,3,ae_relu,fixed,ok,,0.0013677686715932,600,3,2.0,2.0,3.0,3.0,diag,-12619.4923956886,,3,3,bic,0.8932629170594737,0.0429146670503541,0.936177584109828,,,,,,relu,23.0,True,,,
heavy_tail_subspace,1024,3,ae_tanh,fixed,ok,,0.0064122665983246,600,3,2.0,2.0,3.0,3.0,diag,2104.510573262825,,3,3,BIC,0.7121006669476628,0.0734116659732535,0.8222614169935696,,,,,,tanh,23.0,True,,,
heavy_tail_subspace,1024,3,autog2m2,fixed,ok,,0.8401067959317816,600,3,2.0,2.0,3.0,3.0,tied,-1398.1079159823812,,3,3,BIC,0.0,0.0282957919989712,0.0303683339734561,8.266900542017538,0.026266333006788,0.1430902910069562,0.0216129589825868,,,,,,,
heavy_tail_subspace,1024,3,autogmm_spectral,fixed,ok,,0.2080787764570077,600,3,2.0,,3.0,3.0,tied,-8377.467962158264,lse,3,3,BIC,,0.0513622920261696,0.4535963329835795,,,,,0.3357276669703424,,,,,,
heavy_tail_subspace,1024,3,mclust,fixed,ok,,0.2451120671650616,600,3,1024.0,,3.0,3.0,EII,-1759706.5673038657,,3,3,BIC,,2.851,3.768076749984175,,,,,,,,,-870018.004307038,3075.0,-1759720.6467987164
heavy_tail_subspace,1024,3,pca,fixed,ok,,0.5607870760731928,600,3,2.0,2.0,3.0,3.0,tied,5461.093992455573,,3,3,BIC,0.0,0.0351145830354653,0.0366162079735659,,,,,,,,,,,
heavy_tail_subspace,1024,3,umap,fixed,ok,,0.0083955049702026,600,3,2.0,2.0,3.0,3.0,diag,3473.746761953304,,3,3,BIC,0.0,0.0372775829746387,0.0388285829685628,,,,,,,,,,,
heavy_tail_subspace,1024,4,ae_relu,fixed,ok,,-0.0014271914779255,600,3,2.0,2.0,3.0,3.0,diag,-9419.134387284805,,3,3,bic,0.6712348340079188,0.0823698750464245,0.7536047090543434,,,,,,relu,23.0,True,,,
heavy_tail_subspace,1024,4,ae_tanh,fixed,ok,,0.0047214763579042,600,3,2.0,2.0,3.0,3.0,diag,2126.439677294728,,3,3,BIC,0.6837612080271356,0.0518833330133929,0.765341582999099,,,,,,tanh,23.0,True,,,
heavy_tail_subspace,1024,4,autog2m2,fixed,ok,,0.9949958125176231,600,3,2.0,2.0,3.0,3.0,full,-1586.1939693339125,,3,3,BIC,0.0,0.0290437499643303,0.0310269159963354,7.464279667008668,0.0236054170527495,0.1394261669483967,0.0202313330373726,,,,,,,
heavy_tail_subspace,1024,4,autogmm_spectral,fixed,ok,,0.4669752556961148,600,3,2.0,,3.0,3.0,tied,-8483.963086618802,lse,3,3,BIC,,0.0359060419723391,0.3773035409976728,,,,,0.2715885410434566,,,,,,
heavy_tail_subspace,1024,4,mclust,fixed,ok,,0.897740428533958,600,3,1024.0,,3.0,3.0,EII,-1757839.3613743994,,3,3,BIC,,2.322,3.390532250050456,,,,,,,,,-869084.4013423049,3075.0,-1757842.5759999268
heavy_tail_subspace,1024,4,pca,fixed,ok,,0.8740456494508212,600,3,2.0,2.0,3.0,3.0,tied,5218.603133950302,,3,3,BIC,0.0,0.0322605000110343,0.0341464579687453,,,,,,,,,,,
heavy_tail_subspace,1024,4,umap,fixed,ok,,0.0642646914128262,600,3,2.0,2.0,3.0,3.0,diag,3557.701446239272,,3,3,BIC,0.0,0.037740790983662,0.0394469160237349,,,,,,,,,,,
heavy_tail_subspace,1024,5,ae_relu,fixed,ok,,0.0019495996780834,600,3,2.0,2.0,3.0,3.0,diag,-11848.260420606912,,3,3,bic,0.6626883749850094,0.0555310830241069,0.7182194580091164,,,,,,relu,23.0,True,,,
heavy_tail_subspace,1024,5,ae_tanh,fixed,ok,,0.0170236753731935,600,3,2.0,2.0,3.0,3.0,diag,2134.66256182075,,3,3,BIC,0.7027778750052676,0.0596830419963225,0.7954343329765834,,,,,,tanh,24.0,True,,,
heavy_tail_subspace,1024,5,autog2m2,fixed,ok,,0.8674490103905477,600,3,2.0,2.0,3.0,3.0,full,-1371.817863059729,,3,3,BIC,0.0,0.0406330419937148,0.0424765000352636,9.0426015839912,0.0313428750378079,0.1675076670362614,0.0248445409815758,,,,,,,
heavy_tail_subspace,1024,5,autogmm_spectral,fixed,ok,,0.1591854289154499,600,3,2.0,,3.0,3.0,tied,-8397.355938999692,lse,3,3,BIC,,0.0394282920169644,0.3839122499921359,,,,,0.2915696669952012,,,,,,
heavy_tail_subspace,1024,5,mclust,fixed,ok,,0.1011968354649173,600,3,1024.0,,3.0,3.0,VII,-1760183.235783535,,3,3,BIC,,2.2620000000000005,3.215134666010272,,,,,,,,,-870249.9416172175,3077.0,-1760195.139415783
heavy_tail_subspace,1024,5,pca,fixed,ok,,0.7824895374307427,600,3,2.0,2.0,3.0,3.0,tied,5460.398507951511,,3,3,BIC,0.0,0.0302822910016402,0.032038957986515,,,,,,,,,,,
heavy_tail_subspace,1024,5,umap,fixed,ok,,0.002420668539204,600,3,2.0,2.0,3.0,3.0,full,3542.9175397076897,,3,3,BIC,0.0,0.0408202090184204,0.0426206669653765,,,,,,,,,,,
heavy_tail_subspace,1024,6,ae_relu,fixed,ok,,-0.0003124508176087,600,3,2.0,2.0,3.0,3.0,diag,-11822.681529483209,,3,3,bic,0.6496070409193635,0.058339292067103,0.7079463329864666,,,,,,relu,23.0,True,,,
heavy_tail_subspace,1024,6,ae_tanh,fixed,ok,,0.0089392953827135,600,3,2.0,2.0,3.0,3.0,diag,2144.842996923262,,3,3,BIC,0.7126819170080125,0.0564394590328447,0.8025939590297639,,,,,,tanh,23.0,True,,,
heavy_tail_subspace,1024,6,autog2m2,fixed,ok,,0.9949958125176231,600,3,2.0,2.0,3.0,3.0,spherical,-1008.0309172388584,,3,3,BIC,0.0,0.0310262090060859,0.0330731249996461,8.984215417003725,0.0269825420109555,0.1668662499869242,0.0234349579550325,,,,,,,
heavy_tail_subspace,1024,6,autogmm_spectral,fixed,ok,,0.5645362778706957,600,3,2.0,,3.0,3.0,tied,-8541.301091684665,lse,3,3,BIC,,0.0366209160420112,0.3792353330063633,,,,,0.2853227910236455,,,,,,
heavy_tail_subspace,1024,6,mclust,fixed,ok,,0.4900867221027463,600,3,1024.0,,3.0,3.0,EII,-1758569.6065937553,,3,3,BIC,,2.275,3.228962082997896,,,,,,,,,-869449.5239519828,3075.0,-1758570.875193063
heavy_tail_subspace,1024,6,pca,fixed,ok,,0.9652967750282292,600,3,2.0,2.0,3.0,3.0,tied,5024.313598045756,,3,3,BIC,0.0,0.030357957992237,0.0320585000445134,,,,,,,,,,,
heavy_tail_subspace,1024,6,umap,fixed,ok,,0.0456726787797631,600,3,2.0,2.0,3.0,3.0,full,3518.289354996878,,3,3,BIC,0.0,0.0395467079943046,0.0413450000341981,,,,,,,,,,,
heavy_tail_subspace,1024,7,ae_relu,fixed,ok,,0.009833724434164,600,3,2.0,2.0,3.0,3.0,diag,-4819.472187097552,,3,3,bic,0.6582335829734802,0.084317791974172,0.7425513749476522,,,,,,relu,23.0,True,,,
heavy_tail_subspace,1024,7,ae_tanh,fixed,ok,,0.0078303831209533,600,3,2.0,2.0,3.0,3.0,diag,2112.6774553091504,,3,3,BIC,0.7992144169984385,0.039690832956694,0.8706151249934919,,,,,,tanh,23.0,True,,,
heavy_tail_subspace,1024,7,autog2m2,fixed,ok,,1.0,600,3,2.0,2.0,3.0,3.0,full,-1267.1531774743812,,3,3,BIC,0.0,0.0269352499744854,0.028821500018239,10.49653283302905,0.0301830830285325,0.1650104579748585,0.0245586669771,,,,,,,
heavy_tail_subspace,1024,7,autogmm_spectral,fixed,ok,,0.1866514857839011,600,3,2.0,,3.0,3.0,tied,-8439.131615758284,lse,3,3,BIC,,0.0383823330048471,0.4046069580363109,,,,,0.3162377499975264,,,,,,
heavy_tail_subspace,1024,7,mclust,fixed,ok,,0.0111071009842363,600,3,1024.0,,3.0,3.0,VII,-1760757.057464203,,3,3,BIC,,1.572,2.2463441669824533,,,,,,,,,-870536.8524575515,3077.0,-1760771.763674197
heavy_tail_subspace,1024,7,pca,fixed,ok,,0.7462258477902401,600,3,2.0,2.0,3.0,3.0,tied,5384.275244248593,,3,3,BIC,0.0,0.0322502919589169,0.0339629999944008,,,,,,,,,,,
heavy_tail_subspace,1024,7,umap,fixed,ok,,0.0082920055926092,600,3,2.0,2.0,3.0,3.0,diag,3534.285369513688,,3,3,BIC,0.0,0.0337324580177664,0.0353549999999813,,,,,,,,,,,
heavy_tail_subspace,1024,8,ae_relu,fixed,ok,,0.0027149068417498,600,3,2.0,2.0,3.0,3.0,diag,-6011.3750273908345,,3,3,bic,0.65582758304663,0.0623719589784741,0.7181995420251042,,,,,,relu,23.0,True,,,
heavy_tail_subspace,1024,8,ae_tanh,fixed,ok,,0.0117921006671985,600,3,2.0,2.0,3.0,3.0,diag,2136.1974990312688,,3,3,BIC,0.7712618749937974,0.0663423749501816,0.8685229579568841,,,,,,tanh,23.0,True,,,
heavy_tail_subspace,1024,8,autog2m2,fixed,ok,,0.9949958125176231,600,3,2.0,2.0,3.0,3.0,full,-611.4633869236804,,3,3,BIC,0.0,0.0326958750374615,0.0347709579509682,9.167213207983878,0.0326107910368591,0.1585891669965349,0.0316637919750064,,,,,,,
heavy_tail_subspace,1024,8,autogmm_spectral,fixed,ok,,0.4999517226922992,600,3,2.0,,3.0,3.0,tied,-8507.556431017185,lse,3,3,BIC,,0.0407499999855645,0.5488761669839732,,,,,0.4419101249659434,,,,,,
heavy_tail_subspace,1024,8,mclust,fixed,ok,,0.9554677338922788,600,3,1024.0,,3.0,3.0,EII,-1757685.564748444,,3,3,BIC,,1.846,2.55855033302214,,,,,,,,,-869007.5030293271,3075.0,-1757688.635466169
heavy_tail_subspace,1024,8,pca,fixed,ok,,0.9363022242310796,600,3,2.0,2.0,3.0,3.0,tied,5243.778273584651,,3,3,BIC,0.0,0.0307258330285549,0.0324545829789713,,,,,,,,,,,
heavy_tail_subspace,1024,8,umap,fixed,ok,,0.0554712087227164,600,3,2.0,2.0,3.0,3.0,full,3520.5776153682823,,3,3,BIC,0.0,0.0373222500202246,0.0388849999872036,,,,,,,,,,,
heavy_tail_subspace,1024,9,ae_relu,fixed,ok,,-0.000756047969254,600,3,2.0,2.0,3.0,3.0,spherical,-5284.422503125851,,3,3,bic,0.6620365830603987,0.0659286249428987,0.7279652080032974,,,,,,relu,23.0,True,,,
heavy_tail_subspace,1024,9,ae_tanh,fixed,ok,,0.0392413030956617,600,3,2.0,2.0,3.0,3.0,diag,2174.0310784744697,,3,3,BIC,0.6716486670193262,0.048619458975736,0.7519395829876885,,,,,,tanh,23.0,True,,,
heavy_tail_subspace,1024,9,autog2m2,fixed,ok,,1.0,600,3,2.0,2.0,3.0,3.0,full,-1708.6330041154856,,3,3,BIC,0.0,0.0262419999926351,0.0282120840274728,9.275264791038351,0.0304805419873446,0.1627196670160628,0.0257721249945461,,,,,,,
heavy_tail_subspace,1024,9,autogmm_spectral,fixed,ok,,0.461123455176976,600,3,2.0,,3.0,3.0,tied,-8445.156348621575,lse,3,3,BIC,,0.0361730410368181,0.3643888750229962,,,,,0.2769710419815965,,,,,,
heavy_tail_subspace,1024,9,mclust,fixed,ok,,0.1184069258110657,600,3,1024.0,,3.0,3.0,VII,-1760044.4273488056,,3,3,BIC,,2.0,2.6714542920235544,,,,,,,,,-870180.5373998528,3077.0,-1760053.9262522403
heavy_tail_subspace,1024,9,pca,fixed,ok,,0.9082237985517276,600,3,2.0,2.0,3.0,3.0,tied,5195.219968904874,,3,3,BIC,0.0,0.0287047499441541,0.0303130830288864,,,,,,,,,,,
heavy_tail_subspace,1024,9,umap,fixed,ok,,0.0044548441501934,600,3,2.0,2.0,3.0,3.0,diag,3532.1683599077005,,3,3,BIC,0.0,0.0397987079923041,0.0414742089924402,,,,,,,,,,,
heavy_tail_subspace,1024,10,ae_relu,fixed,ok,,0.0046899228762873,600,3,2.0,2.0,3.0,3.0,diag,-5326.320120520134,,3,3,bic,0.6629132080124691,0.076962708029896,0.7398759160423651,,,,,,relu,23.0,True,,,
heavy_tail_subspace,1024,10,ae_tanh,fixed,ok,,0.0125093457662937,600,3,2.0,2.0,3.0,3.0,full,2228.9220679115742,,3,3,BIC,0.6847794170025736,0.0592230830225162,0.7741905419970863,,,,,,tanh,23.0,True,,,
heavy_tail_subspace,1024,10,autog2m2,fixed,ok,,0.861011204368563,600,3,2.0,2.0,3.0,3.0,diag,-1435.2206738907546,,3,3,BIC,0.0,0.0419710829737596,0.0439555839984677,9.512015208019877,0.0363403749652206,0.1745000419905409,0.0252952919690869,,,,,,,
heavy_tail_subspace,1024,10,autogmm_spectral,fixed,ok,,0.0213368430044452,600,3,2.0,,3.0,3.0,spherical,-8401.319479726786,lse,3,3,BIC,,0.0389618329936638,0.4162749579991214,,,,,0.3117610409972258,,,,,,
heavy_tail_subspace,1024,10,mclust,fixed,ok,,0.0745217589929344,600,3,1024.0,,3.0,3.0,EII,-1760460.205667181,,3,3,BIC,,1.703,2.4165147920139134,,,,,,,,,-870394.8234886957,3075.0,-1760471.581558125
heavy_tail_subspace,1024,10,pca,fixed,ok,,0.2747620505652697,600,3,2.0,2.0,3.0,3.0,tied,5492.166537434269,,3,3,BIC,0.0,0.0401276249904185,0.0418302910402417,,,,,,,,,,,
heavy_tail_subspace,1024,10,umap,fixed,ok,,0.0141209015622454,600,3,2.0,2.0,3.0,3.0,diag,3502.545941034018,,3,3,BIC,0.0,0.0346162500209175,0.0361434589722193,,,,,,,,,,,
heavy_tail_subspace,1024,11,ae_relu,fixed,ok,,0.001264408318105,600,3,2.0,2.0,3.0,3.0,diag,-11806.406040175792,,3,3,bic,0.6667013330152258,0.0497629169840365,0.7164642499992624,,,,,,relu,23.0,True,,,
heavy_tail_subspace,1024,11,ae_tanh,fixed,ok,,0.0404898866640638,600,3,2.0,2.0,3.0,3.0,diag,2194.8258738748946,,3,3,BIC,0.91332033299841,0.0477532920194789,0.9945156669709831,,,,,,tanh,24.0,True,,,
heavy_tail_subspace,1024,11,autog2m2,fixed,ok,,0.9949958125176231,600,3,2.0,2.0,3.0,3.0,full,-2036.651208762963,,3,3,BIC,0.0,0.0557422920246608,0.0580393749987706,10.863285500032362,0.0298162919934839,0.1744232079945504,0.0257847910397686,,,,,,,
heavy_tail_subspace,1024,11,autogmm_spectral,fixed,ok,,0.5125343142034353,600,3,2.0,,3.0,3.0,tied,-8475.799518174,lse,3,3,BIC,,0.0371599999489262,0.402140500023961,,,,,0.3016346249496564,,,,,,
heavy_tail_subspace,1024,11,mclust,fixed,ok,,0.950563253529662,600,3,1024.0,,3.0,3.0,EII,-1757614.47077405,,3,3,BIC,,1.882,2.549199959030375,,,,,,,,,-868971.9560421302,3075.0,-1757617.4867077076
heavy_tail_subspace,1024,11,pca,fixed,ok,,0.90284625471344,600,3,2.0,2.0,3.0,3.0,tied,5020.471212374589,,3,3,BIC,0.0,0.0347439170000143,0.0373621669714339,,,,,,,,,,,
heavy_tail_subspace,1024,11,umap,fixed,ok,,0.0240507129312698,600,3,2.0,2.0,3.0,3.0,tied,3500.084318104652,,3,3,BIC,0.0,0.0440202919999137,0.0458751670084893,,,,,,,,,,,
heavy_tail_subspace,1024,12,ae_relu,fixed,ok,,-0.0013815707616558,600,3,2.0,2.0,3.0,3.0,diag,-13977.281969011545,,3,3,bic,0.6644237500149757,0.0589614589698612,0.7233852089848369,,,,,,relu,23.0,True,,,
heavy_tail_subspace,1024,12,ae_tanh,fixed,ok,,0.0097837970821089,600,3,2.0,2.0,3.0,3.0,diag,2145.680949814713,,3,3,BIC,0.8331562920357101,0.0736985830008052,0.9378044169861824,,,,,,tanh,24.0,True,,,
heavy_tail_subspace,1024,12,autog2m2,fixed,ok,,0.7880960777179328,600,3,2.0,2.0,3.0,3.0,full,-855.6413862531368,,3,3,BIC,0.0,0.0413087499910034,0.0432264580158516,11.120879583002534,0.0314340000040829,0.1928879999904893,0.0271998329553753,,,,,,,
heavy_tail_subspace,1024,12,autogmm_spectral,fixed,ok,,0.2753769076535688,600,3,2.0,,3.0,3.0,tied,-8381.715139484304,lse,3,3,BIC,,0.0461563750286586,0.4266982079716399,,,,,0.3192259999923408,,,,,,
heavy_tail_subspace,1024,12,mclust,fixed,ok,,0.0438368788012781,600,3,1024.0,,3.0,3.0,EII,-1760501.188437624,,3,3,BIC,,1.5829999999999995,2.2932600830099545,,,,,,,,,-870415.3148739173,3075.0,-1760505.3284569576
heavy_tail_subspace,1024,12,pca,fixed,ok,,0.6476735560765549,600,3,2.0,2.0,3.0,3.0,tied,5463.156517391444,,3,3,BIC,0.0,0.0397239580051973,0.0414199159713462,,,,,,,,,,,
heavy_tail_subspace,1024,12,umap,fixed,ok,,0.0079716841024226,600,3,2.0,2.0,3.0,3.0,diag,3518.5281262377675,,3,3,BIC,0.0,0.0336251669796183,0.0351117090322077,,,,,,,,,,,
heavy_tail_subspace,1024,13,ae_relu,fixed,ok,,0.0070254908001901,600,3,2.0,2.0,3.0,3.0,diag,-11549.141614821225,,3,3,bic,0.6559854160295799,0.048543291981332,0.7045287080109119,,,,,,relu,23.0,True,,,
heavy_tail_subspace,1024,13,ae_tanh,fixed,ok,,0.008346575973767,600,3,2.0,2.0,3.0,3.0,diag,2112.854010235179,,3,3,BIC,0.6630445419577882,0.1215966249583289,0.8255249169887975,,,,,,tanh,23.0,True,,,
heavy_tail_subspace,1024,13,autog2m2,fixed,ok,,0.9554718562970274,600,3,2.0,2.0,3.0,3.0,full,-1266.3531124072076,,3,3,BIC,0.0,0.0298774160328321,0.0319755419623106,9.650997082993854,0.0264865410281345,0.1416840830352157,0.0207325409865006,,,,,,,
heavy_tail_subspace,1024,13,autogmm_spectral,fixed,ok,,0.2149904899046071,600,3,2.0,,3.0,3.0,spherical,-8386.613091564031,lse,3,3,BIC,,0.0425373750040307,0.454757375002373,,,,,0.3395426670322194,,,,,,
heavy_tail_subspace,1024,13,mclust,fixed,ok,,0.2518034615974672,600,3,1024.0,,3.0,3.0,VII,-1759516.0639467756,,3,3,BIC,,2.0170000000000003,2.6802624170086347,,,,,,,,,-869916.3556988378,3077.0,-1759520.3864094396
heavy_tail_subspace,1024,13,pca,fixed,ok,,0.7732079849899555,600,3,2.0,2.0,3.0,3.0,tied,5359.159758788324,,3,3,BIC,0.0,0.0336132500087842,0.0353234170470386,,,,,,,,,,,
heavy_tail_subspace,1024,13,umap,fixed,ok,,0.0467122336538633,600,3,2.0,2.0,3.0,3.0,full,3536.150842789903,,3,3,BIC,0.0,0.035733499971684,0.0373478339752182,,,,,,,,,,,
heavy_tail_subspace,1024,14,ae_relu,fixed,ok,,-0.0011735117415017,600,3,2.0,2.0,3.0,3.0,diag,-6044.189449476473,,3,3,bic,0.6652933749137446,0.0586386659415438,0.7239320408552885,,,,,,relu,23.0,True,,,
heavy_tail_subspace,1024,14,ae_tanh,fixed,ok,,0.0046168610637518,600,3,2.0,2.0,3.0,3.0,diag,2122.6731928576773,,3,3,BIC,0.6746592500130646,0.095153999980539,0.8018157919868827,,,,,,tanh,23.0,True,,,
heavy_tail_subspace,1024,14,autog2m2,fixed,ok,,0.9509888639112192,600,3,2.0,2.0,3.0,3.0,full,-1145.6578924131268,,3,3,BIC,0.0,0.0364452499779872,0.0383531249826774,10.057667416986078,0.0340186249813996,0.1569263749988749,0.0309833750361576,,,,,,,
heavy_tail_subspace,1024,14,autogmm_spectral,fixed,ok,,0.1425917076691096,600,3,2.0,,3.0,3.0,spherical,-8387.506751588544,lse,3,3,BIC,,0.0441319170058704,0.4168258330319077,,,,,0.3226705419947393,,,,,,
heavy_tail_subspace,1024,14,mclust,fixed,ok,,0.8475521514792598,600,3,1024.0,,3.0,3.0,VII,-1758393.745266578,,3,3,BIC,,2.112,2.8255467080161907,,,,,,,,,-869355.1963587389,3077.0,-1758396.049876337
heavy_tail_subspace,1024,14,pca,fixed,ok,,0.7714753602014277,600,3,2.0,2.0,3.0,3.0,tied,5354.052493242405,,3,3,BIC,0.0,0.0303486670018173,0.0320515839848667,,,,,,,,,,,
heavy_tail_subspace,1024,14,umap,fixed,ok,,0.0710314407950089,600,3,2.0,2.0,3.0,3.0,full,3576.047480030664,,3,3,BIC,0.0,0.0330778330098837,0.0345417500357143,,,,,,,,,,,
heavy_tail_subspace,1024,15,ae_relu,fixed,ok,,0.0011000369030876,600,3,2.0,2.0,3.0,3.0,diag,-13942.138920573743,,3,3,bic,0.652912582969293,0.0414651249302551,0.6943777078995481,,,,,,relu,23.0,True,,,
heavy_tail_subspace,1024,15,ae_tanh,fixed,ok,,0.0097415731563317,600,3,2.0,2.0,3.0,3.0,diag,2154.029061933742,,3,3,BIC,0.6496031249989755,0.0416546249762177,0.7202293330337852,,,,,,tanh,23.0,True,,,
heavy_tail_subspace,1024,15,autog2m2,fixed,ok,,0.9801350059845216,600,3,2.0,2.0,3.0,3.0,full,-1255.11492543566,,3,3,BIC,0.0,0.0270949169644154,0.0290767909609712,8.973585416970309,0.0278946249745786,0.165757541952189,0.0255979999783448,,,,,,,
heavy_tail_subspace,1024,15,autogmm_spectral,fixed,ok,,0.4552580361030484,600,3,2.0,,3.0,3.0,tied,-8478.35901137618,lse,3,3,BIC,,0.0405430829850956,0.3858005000511184,,,,,0.2776883749756962,,,,,,
heavy_tail_subspace,1024,15,mclust,fixed,ok,,0.8646462964877576,600,3,1024.0,,3.0,3.0,EII,-1757964.2464146465,,3,3,BIC,,1.868,2.539211666968185,,,,,,,,,-869146.8438624283,3075.0,-1757966.3223192235
heavy_tail_subspace,1024,15,pca,fixed,ok,,0.9082203007877522,600,3,2.0,2.0,3.0,3.0,tied,5301.051424040368,,3,3,BIC,0.0,0.0283617909881286,0.0301390420063398,,,,,,,,,,,
heavy_tail_subspace,1024,15,umap,fixed,ok,,0.0698630300063931,600,3,2.0,2.0,3.0,3.0,diag,3571.8373472369112,,3,3,BIC,0.0,0.033434958953876,0.0348929580068215,,,,,,,,,,,
heavy_tail_subspace,1024,16,ae_relu,fixed,ok,,0.0004672539351176,600,3,2.0,2.0,3.0,3.0,diag,-3264.066690073902,,3,3,bic,0.660263083060272,0.0901986249955371,0.7504617080558091,,,,,,relu,23.0,True,,,
heavy_tail_subspace,1024,16,ae_tanh,fixed,ok,,0.0087869605814618,600,3,2.0,2.0,3.0,3.0,diag,2124.718690306793,,3,3,BIC,0.7461608340381645,0.0697929160087369,0.8469320829608478,,,,,,tanh,24.0,True,,,
heavy_tail_subspace,1024,16,autog2m2,fixed,ok,,0.9949958125176231,600,3,2.0,2.0,3.0,3.0,full,-1826.1738939534168,,3,3,BIC,0.0,0.029343208996579,0.0314472920144908,8.325568499974906,0.0238529170164838,0.1358802909962833,0.024413832987193,,,,,,,
heavy_tail_subspace,1024,16,autogmm_spectral,fixed,ok,,0.6378919188592245,600,3,2.0,,3.0,3.0,full,-8603.632912030655,lse,3,3,BIC,,0.0335956670460291,0.3717119169887155,,,,,0.2836044580326415,,,,,,
heavy_tail_subspace,1024,16,mclust,fixed,ok,,0.980046127139559,600,3,1024.0,,3.0,3.0,EII,-1756922.6667108473,,3,3,BIC,,1.823,2.529945917020086,,,,,,,,,-868626.0540105288,3075.0,-1756923.3967544315
heavy_tail_subspace,1024,16,pca,fixed,ok,,0.9750793971742288,600,3,2.0,2.0,3.0,3.0,tied,4936.353591537218,,3,3,BIC,0.0,0.0255954999593086,0.0270798749988898,,,,,,,,,,,
heavy_tail_subspace,1024,16,umap,fixed,ok,,0.2166740597584725,600,3,2.0,2.0,3.0,3.0,full,3559.6499383186515,,3,3,BIC,0.0,0.0333646249491721,0.0347872079582884,,,,,,,,,,,
heavy_tail_subspace,1024,17,ae_relu,fixed,ok,,-0.001539653096479,600,3,2.0,2.0,3.0,3.0,spherical,-12841.224566612937,,3,3,bic,0.6696465000277385,0.0473509579896926,0.7169974580174312,,,,,,relu,23.0,True,,,
heavy_tail_subspace,1024,17,ae_tanh,fixed,ok,,0.0033417982851192,600,3,2.0,2.0,3.0,3.0,diag,2171.9800729670897,,3,3,BIC,0.8542962080100551,0.0607955830055289,0.9464646250125952,,,,,,tanh,23.0,True,,,
heavy_tail_subspace,1024,17,autog2m2,fixed,ok,,1.0,600,3,2.0,2.0,3.0,3.0,full,-1768.8435908200288,,3,3,BIC,0.0,0.0249038329930044,0.0265351660200394,6.970386874978431,0.0223557500285096,0.1229091249988414,0.0190004580072127,,,,,,,
heavy_tail_subspace,1024,17,autogmm_spectral,fixed,ok,,0.5065276556088333,600,3,2.0,,3.0,3.0,diag,-8541.556896684358,lse,3,3,BIC,,0.0349999159807339,0.3904444579966366,,,,,0.2991703749867156,,,,,,
heavy_tail_subspace,1024,17,mclust,fixed,ok,,0.984987816627764,600,3,1024.0,,3.0,3.0,EII,-1757087.6702336904,,3,3,BIC,,1.581,2.246909874957055,,,,,,,,,-868708.5557719504,3075.0,-1757088.3355464968
heavy_tail_subspace,1024,17,pca,fixed,ok,,0.9750549434190664,600,3,2.0,2.0,3.0,3.0,tied,4985.488670506959,,3,3,BIC,0.0,0.0251310840249061,0.026751208002679,,,,,,,,,,,
heavy_tail_subspace,1024,17,umap,fixed,ok,,0.0373070150318483,600,3,2.0,2.0,3.0,3.0,diag,3543.1906479617846,,3,3,BIC,0.0,0.0345998749835416,0.0360259159933775,,,,,,,,,,,
heavy_tail_subspace,1024,18,ae_relu,fixed,ok,,-0.0010944017714816,600,3,2.0,2.0,3.0,3.0,diag,-13017.721801614594,,3,3,bic,0.6742189159849659,0.058741790940985,0.7329607069259509,,,,,,relu,23.0,True,,,
heavy_tail_subspace,1024,18,ae_tanh,fixed,ok,,0.0049810510363232,600,3,2.0,2.0,3.0,3.0,diag,2146.147450460282,,3,3,BIC,0.8214275420177728,0.0564925409853458,0.9119492919999176,,,,,,tanh,24.0,True,,,
heavy_tail_subspace,1024,18,autog2m2,fixed,ok,,0.9183676728626072,600,3,2.0,2.0,3.0,3.0,full,-1019.361076368388,,3,3,BIC,0.0,0.0374672500183805,0.0392151669948361,6.830082207976375,0.0214492920204065,0.1219925839686766,0.0190116660087369,,,,,,,
heavy_tail_subspace,1024,18,autogmm_spectral,fixed,ok,,0.2651009891655425,600,3,2.0,,3.0,3.0,diag,-8468.06129178295,lse,3,3,BIC,,0.0422184580238536,0.4045574159827083,,,,,0.3033109580283053,,,,,,
heavy_tail_subspace,1024,18,mclust,fixed,ok,,0.1401074834890814,600,3,1024.0,,3.0,3.0,VII,-1760014.962838192,,3,3,BIC,,1.708,2.424477541004308,,,,,,,,,-870165.805144546,3077.0,-1760023.4356268146
heavy_tail_subspace,1024,18,pca,fixed,ok,,0.8784689326915959,600,3,2.0,2.0,3.0,3.0,tied,5238.449028453524,,3,3,BIC,0.0,0.03199033299461,0.0337580000050365,,,,,,,,,,,
heavy_tail_subspace,1024,18,umap,fixed,ok,,0.0527561309959054,600,3,2.0,2.0,3.0,3.0,diag,3541.270030117631,,3,3,BIC,0.0,0.0326179160038009,0.0341200829716399,,,,,,,,,,,
heavy_tail_subspace,1024,19,ae_relu,fixed,ok,,0.0153749163390239,600,3,2.0,2.0,3.0,3.0,diag,-10002.86936812987,,3,3,bic,0.6635623750044033,0.0494712080108001,0.7130335830152035,,,,,,relu,23.0,True,,,
heavy_tail_subspace,1024,19,ae_tanh,fixed,ok,,0.0111059634531993,600,3,2.0,2.0,3.0,3.0,diag,2031.0058184033371,,3,3,BIC,0.6805056660086848,0.0703811660059727,0.7805865000118501,,,,,,tanh,23.0,True,,,
heavy_tail_subspace,1024,19,autog2m2,fixed,ok,,0.9949958125176231,600,3,2.0,2.0,3.0,3.0,full,-779.5630565219975,,3,3,BIC,0.0,0.0255895829759538,0.0273855000268667,6.6222875420353375,0.0221624999539926,0.1192483339691534,0.0182343749911524,,,,,,,
heavy_tail_subspace,1024,19,autogmm_spectral,fixed,ok,,0.5617282219214043,600,3,2.0,,3.0,3.0,full,-8536.754835768203,lse,3,3,BIC,,0.0576942920451983,0.3941160420072265,,,,,0.2633752909605391,,,,,,
heavy_tail_subspace,1024,19,mclust,fixed,ok,,0.9750793971742288,600,3,1024.0,,3.0,3.0,EII,-1757145.857795937,,3,3,BIC,,1.629,2.290336042002309,,,,,,,,,-868737.6495530737,3075.0,-1757147.268017273
heavy_tail_subspace,1024,19,pca,fixed,ok,,0.9750549434190664,600,3,2.0,2.0,3.0,3.0,spherical,5016.620462486791,,3,3,BIC,0.0,0.0270908750244416,0.0288422919693402,,,,,,,,,,,
heavy_tail_subspace,1024,19,umap,fixed,ok,,0.0784396586547625,600,3,2.0,2.0,3.0,3.0,diag,3545.602530469373,,3,3,BIC,0.0,0.0347157079959288,0.0363615420064888,,,,,,,,,,,
heavy_tail_subspace,2048,0,ae_relu,fixed,ok,,0.0037967552958268,600,3,2.0,2.0,3.0,3.0,diag,-12448.634330009489,,3,3,bic,1.3359568750020117,0.0592170000309124,1.395173875032924,,,,,,relu,22.0,True,,,
heavy_tail_subspace,2048,0,ae_tanh,fixed,ok,,0.007476433959299,600,3,2.0,2.0,3.0,3.0,diag,2083.001686063459,,3,3,BIC,1.305102166952565,0.0845386669971048,1.512920958979521,,,,,,tanh,22.0,True,,,
heavy_tail_subspace,2048,0,autog2m2,fixed,ok,,0.9900168347249766,600,3,2.0,2.0,3.0,3.0,full,-1705.6926618247542,,3,3,BIC,0.0,0.0326326659996993,0.0348267079680226,11.989584917027967,0.0253737499588169,0.1429375829757191,0.021903957996983,,,,,,,
heavy_tail_subspace,2048,0,autogmm_spectral,fixed,ok,,0.0971285593194962,600,3,2.0,,3.0,3.0,spherical,-8389.214255841707,lse,3,3,BIC,,0.0396224170108325,0.587136666988954,,,,,0.4932706250110641,,,,,,
heavy_tail_subspace,2048,0,mclust,fixed,ok,,0.0026747324105921,600,3,2048.0,,3.0,3.0,EII,-3521494.348241113,,3,3,BIC,,3.2990000000000004,4.35666458401829,,,,,,,,,-1741086.2108252498,6147.0,-3521498.7906794576
heavy_tail_subspace,2048,0,pca,fixed,ok,,0.6187786789401807,600,3,2.0,2.0,3.0,3.0,tied,5938.093567332422,,3,3,BIC,0.0,0.0472908340161666,0.0492500419495627,,,,,,,,,,,
heavy_tail_subspace,2048,0,umap,fixed,ok,,0.0178299098903371,600,3,2.0,2.0,3.0,3.0,tied,3520.7598847215645,,3,3,BIC,0.0,0.0390531669836491,0.0409969160100445,,,,,,,,,,,
heavy_tail_subspace,2048,1,ae_relu,fixed,ok,,-0.0009286314808288,600,3,2.0,2.0,3.0,3.0,diag,-12488.461535823568,,3,3,bic,1.31894166697748,0.0964937079697847,1.4154353749472648,,,,,,relu,22.0,True,,,
heavy_tail_subspace,2048,1,ae_tanh,fixed,ok,,0.0121186642636809,600,3,2.0,2.0,3.0,3.0,diag,2088.800621477411,,3,3,BIC,1.3604645839659495,0.0889839999726973,1.5152061670087278,,,,,,tanh,22.0,True,,,
heavy_tail_subspace,2048,1,autog2m2,fixed,ok,,0.8684852484392267,600,3,2.0,2.0,3.0,3.0,full,-1717.548487744038,,3,3,BIC,0.0,0.0418352499837055,0.0450003329897299,14.34292299998924,0.038158957962878,0.2171187920030206,0.0324781669769436,,,,,,,
heavy_tail_subspace,2048,1,autogmm_spectral,fixed,ok,,0.043288854116649,600,3,2.0,,3.0,3.0,spherical,-8367.541494411053,lse,3,3,BIC,,0.0442720839637331,0.5013381249736995,,,,,0.4093669170397334,,,,,,
heavy_tail_subspace,2048,1,mclust,fixed,ok,,0.0172794848130063,600,3,2048.0,,3.0,3.0,EII,-3521825.017842766,,3,3,BIC,,3.795,4.59972470800858,,,,,,,,,-1741251.5456260762,6147.0,-3521828.365571401
heavy_tail_subspace,2048,1,pca,fixed,ok,,0.3500436911025495,600,3,2.0,2.0,3.0,3.0,tied,5942.86001262338,,3,3,BIC,0.0,0.0431890829931944,0.0449874170008115,,,,,,,,,,,
heavy_tail_subspace,2048,1,umap,fixed,ok,,0.0156351343465597,600,3,2.0,2.0,3.0,3.0,full,3473.131418180246,,3,3,BIC,0.0,0.0404970420058816,0.0424166669836267,,,,,,,,,,,
heavy_tail_subspace,2048,2,ae_relu,fixed,ok,,-0.0025309664157301,600,3,2.0,2.0,3.0,3.0,diag,-10112.481510849271,,3,3,bic,1.4865917500574142,0.0724162079859525,1.559007958043367,,,,,,relu,22.0,True,,,
heavy_tail_subspace,2048,2,ae_tanh,fixed,ok,,-0.0014238669155773,600,3,2.0,2.0,3.0,3.0,diag,2178.0292435247325,,3,3,BIC,1.319134707970079,0.0777526249876245,1.4615624580183066,,,,,,tanh,22.0,True,,,
heavy_tail_subspace,2048,2,autog2m2,fixed,ok,,0.9751552754716796,600,3,2.0,2.0,3.0,3.0,full,-1911.123979554167,,3,3,BIC,0.0,0.031368541996926,0.0334590409765951,13.71516562497709,0.0402489170082844,0.2158977909712121,0.0315391669864766,,,,,,,
heavy_tail_subspace,2048,2,autogmm_spectral,fixed,ok,,0.0122290740900823,600,3,2.0,,3.0,3.0,spherical,-8371.268342402742,lse,3,3,BIC,,0.0441478749853558,0.5104490410303697,,,,,0.4014846250065602,,,,,,
heavy_tail_subspace,2048,2,mclust,fixed,ok,,0.0331262111732376,600,3,2048.0,,3.0,3.0,EII,-3521665.894073198,,3,3,BIC,,4.237,5.344685874995776,,,,,,,,,-1741171.9837412925,6147.0,-3521667.286354145
heavy_tail_subspace,2048,2,pca,fixed,ok,,0.3814651896645188,600,3,2.0,2.0,3.0,3.0,tied,5956.365875490217,,3,3,BIC,0.0,0.0453943749889731,0.0472479590098373,,,,,,,,,,,
heavy_tail_subspace,2048,2,umap,fixed,ok,,0.0135335134450371,600,3,2.0,2.0,3.0,3.0,diag,3507.4110472102266,,3,3,BIC,0.0,0.0410667500109411,0.0427397500025108,,,,,,,,,,,
heavy_tail_subspace,2048,3,ae_relu,fixed,ok,,0.0120709087054933,600,3,2.0,2.0,3.0,3.0,diag,-12753.546696212714,,3,3,bic,1.3796260830713436,0.0528180840192362,1.43244416709058,,,,,,relu,22.0,True,,,
heavy_tail_subspace,2048,3,ae_tanh,fixed,ok,,0.0032454072354123,600,3,2.0,2.0,3.0,3.0,diag,2095.537892289024,,3,3,BIC,1.3768647080287335,0.0508121250313706,1.4875292910146527,,,,,,tanh,22.0,True,,,
heavy_tail_subspace,2048,3,autog2m2,fixed,ok,,0.9800464630365684,600,3,2.0,2.0,3.0,3.0,diag,-2218.329274139272,,3,3,BIC,0.0,0.0294662080123089,0.0315549579681828,9.75811216700822,0.0260995420394465,0.1385144590167328,0.0218633749755099,,,,,,,
heavy_tail_subspace,2048,3,autogmm_spectral,fixed,ok,,0.0617575518545838,600,3,2.0,,3.0,3.0,tied,-8387.62788559695,lse,3,3,BIC,,0.0453634589794091,0.5103886669967324,,,,,0.4155336249968968,,,,,,
heavy_tail_subspace,2048,3,mclust,fixed,ok,,0.013016583823468,600,3,2048.0,,3.0,3.0,EII,-3521436.252072249,,3,3,BIC,,3.047,3.8232581249903888,,,,,,,,,-1741057.162740818,6147.0,-3521439.178572619
heavy_tail_subspace,2048,3,pca,fixed,ok,,0.3044791690259671,600,3,2.0,2.0,3.0,3.0,tied,5973.642614603828,,3,3,BIC,0.0,0.0361939579597674,0.0384260410210117,,,,,,,,,,,
heavy_tail_subspace,2048,3,umap,fixed,ok,,0.0159389692732155,600,3,2.0,2.0,3.0,3.0,diag,3476.419372603504,,3,3,BIC,0.0,0.035364874987863,0.0368629160220734,,,,,,,,,,,
heavy_tail_subspace,2048,4,ae_relu,fixed,ok,,-0.0006887585649643,600,3,2.0,2.0,3.0,3.0,diag,-12543.481554218886,,3,3,bic,1.3019272499950605,0.0568947079591453,1.3588219579542056,,,,,,relu,22.0,True,,,
heavy_tail_subspace,2048,4,ae_tanh,fixed,ok,,0.0061131978697635,600,3,2.0,2.0,3.0,3.0,diag,2116.502215266177,,3,3,BIC,1.4098770000273362,0.0651334169670008,1.5333518339903094,,,,,,tanh,22.0,True,,,
heavy_tail_subspace,2048,4,autog2m2,fixed,ok,,0.980096629062875,600,3,2.0,2.0,3.0,3.0,spherical,-1363.3352235186571,,3,3,BIC,0.0,0.0332236249814741,0.0354129999759607,9.446828333020676,0.0247747909743338,0.140444041986484,0.0308637919952161,,,,,,,
heavy_tail_subspace,2048,4,autogmm_spectral,fixed,ok,,0.1267707670426999,600,3,2.0,,3.0,3.0,spherical,-8379.884129503469,lse,3,3,BIC,,0.0399659170070663,0.4860526249976828,,,,,0.394644167041406,,,,,,
heavy_tail_subspace,2048,4,mclust,fixed,ok,,-0.0012311056407257,600,3,2048.0,,3.0,3.0,VII,-3521844.03386161,,3,3,BIC,,4.237,5.193880292004906,,,,,,,,,-1741254.656705843,6149.0,-3521846.168823862
heavy_tail_subspace,2048,4,pca,fixed,ok,,0.2982246792574482,600,3,2.0,2.0,3.0,3.0,tied,5934.042059411625,,3,3,BIC,0.0,0.0523403330007568,0.054008041974157,,,,,,,,,,,
heavy_tail_subspace,2048,4,umap,fixed,ok,,0.0070840915046117,600,3,2.0,2.0,3.0,3.0,diag,3517.253628236167,,3,3,BIC,0.0,0.0326407499960623,0.0342725419905036,,,,,,,,,,,
heavy_tail_subspace,2048,5,ae_relu,fixed,ok,,-0.0016250527228597,600,3,2.0,2.0,3.0,3.0,spherical,-10937.050348347508,,3,3,bic,1.309062417014502,0.0486761659849435,1.3577385829994455,,,,,,relu,22.0,True,,,
heavy_tail_subspace,2048,5,ae_tanh,fixed,ok,,-0.0011311245797986,600,3,2.0,2.0,3.0,3.0,diag,2170.758001340245,,3,3,BIC,1.281753666989971,0.1060433749807998,1.4483260409906509,,,,,,tanh,22.0,True,,,
heavy_tail_subspace,2048,5,autog2m2,fixed,ok,,0.7461649040646634,600,3,2.0,2.0,3.0,3.0,full,-1272.878911625196,,3,3,BIC,0.0,0.0303326250286772,0.0322874159901402,11.591300541011153,0.0278624579659663,0.1649599160300567,0.023702458012849,,,,,,,
heavy_tail_subspace,2048,5,autogmm_spectral,fixed,ok,,0.0255087734402537,600,3,2.0,,3.0,3.0,spherical,-8390.270582787869,lse,3,3,BIC,,0.0405861249892041,0.5240767920040525,,,,,0.4164570829598233,,,,,,
heavy_tail_subspace,2048,5,mclust,fixed,ok,,0.0295402204082569,600,3,2048.0,,3.0,3.0,EII,-3521805.328498757,,3,3,BIC,,4.062,5.025016791012604,,,,,,,,,-1741241.7009540717,6147.0,-3521807.9430131787
heavy_tail_subspace,2048,5,pca,fixed,ok,,0.3581154993217318,600,3,2.0,2.0,3.0,3.0,tied,5962.961749469481,,3,3,BIC,0.0,0.0458429169957526,0.0473352079861797,,,,,,,,,,,
heavy_tail_subspace,2048,5,umap,fixed,ok,,0.0084294370581586,600,3,2.0,2.0,3.0,3.0,full,3520.2939928721685,,3,3,BIC,0.0,0.0357791659771464,0.0374719170504249,,,,,,,,,,,
heavy_tail_subspace,2048,6,ae_relu,fixed,ok,,5.271866547707655e-05,600,3,2.0,2.0,3.0,3.0,diag,-13910.824363615331,,3,3,bic,1.2742823750013486,0.040157958981581,1.3144403339829296,,,,,,relu,22.0,True,,,
heavy_tail_subspace,2048,6,ae_tanh,fixed,ok,,0.0008383163634052,600,3,2.0,2.0,3.0,3.0,diag,2211.0270538486684,,3,3,BIC,1.2772606249782257,0.040054791024886,1.3756766250007786,,,,,,tanh,22.0,True,,,
heavy_tail_subspace,2048,6,autog2m2,fixed,ok,,0.9801350059845216,600,3,2.0,2.0,3.0,3.0,diag,-1211.4803565802974,,3,3,BIC,0.0,0.0336539999698288,0.0360099999816156,11.97570370795438,0.0335616249940358,0.1973608749685809,0.0256281659821979,,,,,,,
heavy_tail_subspace,2048,6,autogmm_spectral,fixed,ok,,0.0679229293080605,600,3,2.0,,3.0,3.0,spherical,-8335.244410996656,lse,3,3,BIC,,0.0413783330004662,0.4879279580200091,,,,,0.3891528330277651,,,,,,
heavy_tail_subspace,2048,6,mclust,fixed,ok,,0.0005240124563514,600,3,2048.0,,3.0,3.0,VII,-3521792.3415766545,,3,3,BIC,,2.774,3.4694364580209367,,,,,,,,,-1741228.8105633652,6149.0,-3521794.190249756
heavy_tail_subspace,2048,6,pca,fixed,ok,,0.5605476225150646,600,3,2.0,2.0,3.0,3.0,tied,5923.510266075033,,3,3,BIC,0.0,0.0375956250354647,0.0394394589820876,,,,,,,,,,,
heavy_tail_subspace,2048,6,umap,fixed,ok,,0.0035989201606785,600,3,2.0,2.0,3.0,3.0,full,3541.1628570747416,,3,3,BIC,0.0,0.0353622089605778,0.0370264999801293,,,,,,,,,,,
heavy_tail_subspace,2048,7,ae_relu,fixed,ok,,0.0011939291283122,600,3,2.0,2.0,3.0,3.0,diag,-8840.435984741296,,3,3,bic,1.30477249994874,0.0731429159641265,1.3779154159128666,,,,,,relu,22.0,True,,,
heavy_tail_subspace,2048,7,ae_tanh,fixed,ok,,0.0034199737182896,600,3,2.0,2.0,3.0,3.0,diag,2168.416656067282,,3,3,BIC,1.292045334004797,0.0439567499561235,1.3966093339840882,,,,,,tanh,22.0,True,,,
heavy_tail_subspace,2048,7,autog2m2,fixed,ok,,0.9800845066199756,600,3,2.0,2.0,3.0,3.0,diag,-1193.459845903763,,3,3,BIC,0.0,0.0314947500010021,0.0339634160045534,11.921925792004911,0.0300762920523993,0.1717139170505106,0.0250967500032857,,,,,,,
heavy_tail_subspace,2048,7,autogmm_spectral,fixed,ok,,0.0125561568992724,600,3,2.0,,3.0,3.0,spherical,-8395.14435786967,lse,3,3,BIC,,0.0436199579853564,0.4989786249934695,,,,,0.3909130829852074,,,,,,
heavy_tail_subspace,2048,7,mclust,fixed,ok,,0.0064683377938931,600,3,2048.0,,3.0,3.0,EII,-3521690.896321665,,3,3,BIC,,2.78,3.472660041996278,,,,,,,,,-1741184.4848655255,6147.0,-3521691.867879415
heavy_tail_subspace,2048,7,pca,fixed,ok,,0.3392740836859844,600,3,2.0,2.0,3.0,3.0,tied,5942.836615993541,,3,3,BIC,0.0,0.0415625409805215,0.0433632080093957,,,,,,,,,,,
heavy_tail_subspace,2048,7,umap,fixed,ok,,0.0097690150842931,600,3,2.0,2.0,3.0,3.0,diag,3499.4616694862248,,3,3,BIC,0.0,0.0393215829972177,0.0411352919763885,,,,,,,,,,,
heavy_tail_subspace,2048,8,ae_relu,fixed,ok,,0.0002752593669849,600,3,2.0,2.0,3.0,3.0,diag,-12673.338954598928,,3,3,bic,1.381836334010586,0.0669627089519053,1.4487990429624915,,,,,,relu,22.0,True,,,
heavy_tail_subspace,2048,8,ae_tanh,fixed,ok,,-0.0013710745528083,600,3,2.0,2.0,3.0,3.0,diag,2123.3474138376405,,3,3,BIC,1.480514499999117,0.073237250035163,1.6149327080347575,,,,,,tanh,22.0,True,,,
heavy_tail_subspace,2048,8,autog2m2,fixed,ok,,0.9949958125176231,600,3,2.0,2.0,3.0,3.0,full,-2500.962637120504,,3,3,BIC,0.0,0.0299885839922353,0.032632916001603,11.668414250016212,0.0292024170048534,0.1684490420157089,0.0244945000158622,,,,,,,
heavy_tail_subspace,2048,8,autogmm_spectral,fixed,ok,,0.0227196076702493,600,3,2.0,,3.0,3.0,spherical,-8370.545372694301,lse,3,3,BIC,,0.0409891249728389,0.4618259589769877,,,,,0.369635917013511,,,,,,
heavy_tail_subspace,2048,8,mclust,fixed,ok,,0.0104721640888305,600,3,2048.0,,3.0,3.0,VII,-3521698.633020179,,3,3,BIC,,3.123,3.8124422499677166,,,,,,,,,-1741181.9562851274,6149.0,-3521702.2872371566
heavy_tail_subspace,2048,8,pca,fixed,ok,,0.5915970055164808,600,3,2.0,2.0,3.0,3.0,tied,5981.639847403916,,3,3,BIC,0.0,0.0402530419523827,0.0425476660020649,,,,,,,,,,,
heavy_tail_subspace,2048,8,umap,fixed,ok,,0.0105297860366558,600,3,2.0,2.0,3.0,3.0,diag,3489.405336705743,,3,3,BIC,0.0,0.0385762919904664,0.0403256250428967,,,,,,,,,,,
heavy_tail_subspace,2048,9,ae_relu,fixed,ok,,0.0010167278572825,600,3,2.0,2.0,3.0,3.0,diag,-9148.14668673617,,3,3,bic,1.3640029169619083,0.074040166917257,1.4380430838791654,,,,,,relu,22.0,True,,,
heavy_tail_subspace,2048,9,ae_tanh,fixed,ok,,0.0035433842481513,600,3,2.0,2.0,3.0,3.0,diag,2069.306971829962,,3,3,BIC,1.4217892090091482,0.0643660000059753,1.5470749579835683,,,,,,tanh,22.0,True,,,
heavy_tail_subspace,2048,9,autog2m2,fixed,ok,,0.9128964119595172,600,3,2.0,2.0,3.0,3.0,full,-999.3803537195944,,3,3,BIC,0.0,0.0353579999646171,0.0373912080540321,17.260053624981083,0.0426451659877784,0.2426994999987073,0.0519169170293025,,,,,,,
heavy_tail_subspace,2048,9,autogmm_spectral,fixed,ok,,0.0436194809064505,600,3,2.0,,3.0,3.0,spherical,-8380.732723856165,lse,3,3,BIC,,0.0431599169969558,0.5063425420084968,,,,,0.4061216669506393,,,,,,
heavy_tail_subspace,2048,9,mclust,fixed,ok,,0.0690499016596732,600,3,2048.0,,3.0,3.0,EII,-3521508.0817442066,,3,3,BIC,,3.019,3.712903000006918,,,,,,,,,-1741093.0775767963,6147.0,-3521512.0879756664
heavy_tail_subspace,2048,9,pca,fixed,ok,,0.4702525336988515,600,3,2.0,2.0,3.0,3.0,tied,5970.031822466712,,3,3,BIC,0.0,0.0380761660053394,0.0397692919941619,,,,,,,,,,,
heavy_tail_subspace,2048,9,umap,fixed,ok,,0.0121793636625575,600,3,2.0,2.0,3.0,3.0,full,3482.878470196892,,3,3,BIC,0.0,0.0350866669905371,0.0365919590112753,,,,,,,,,,,
heavy_tail_subspace,2048,10,ae_relu,fixed,ok,,-0.0021290852470184,600,3,2.0,2.0,3.0,3.0,diag,-10334.985214218985,,3,3,bic,1.331725874915719,0.0672168330056592,1.3989427079213783,,,,,,relu,22.0,True,,,
heavy_tail_subspace,2048,10,ae_tanh,fixed,ok,,0.0070974708409769,600,3,2.0,2.0,3.0,3.0,diag,2130.992039069953,,3,3,BIC,1.2739773750072343,0.0393540840013884,1.3706592500093393,,,,,,tanh,22.0,True,,,
heavy_tail_subspace,2048,10,autog2m2,fixed,ok,,1.0,600,3,2.0,2.0,3.0,3.0,full,-2016.975811736896,,3,3,BIC,0.0,0.0245687499991618,0.026485959009733,13.128415999992283,0.025815374974627,0.1402135829557664,0.0231786670046858,,,,,,,
heavy_tail_subspace,2048,10,autogmm_spectral,fixed,ok,,0.2169016386473302,600,3,2.0,,3.0,3.0,tied,-8411.498742651942,lse,3,3,BIC,,0.0393322079908102,0.4878138750209473,,,,,0.392984542006161,,,,,,
heavy_tail_subspace,2048,10,mclust,fixed,ok,,0.0943736841755996,600,3,2048.0,,3.0,3.0,VII,-3520865.3514432004,,3,3,BIC,,3.144,3.827309916960076,,,,,,,,,-1740765.3154966382,6149.0,-3520868.213120004
heavy_tail_subspace,2048,10,pca,fixed,ok,,0.7297129160067088,600,3,2.0,2.0,3.0,3.0,tied,5903.977067525254,,3,3,BIC,0.0,0.0353414589772,0.0369208329939283,,,,,,,,,,,
heavy_tail_subspace,2048,10,umap,fixed,ok,,-0.0009065331751641,600,3,2.0,2.0,3.0,3.0,full,3502.2483719278302,,3,3,BIC,0.0,0.0350778750143945,0.0366098749800585,,,,,,,,,,,
heavy_tail_subspace,2048,11,ae_relu,fixed,ok,,-0.0020170043509964,600,3,2.0,2.0,3.0,3.0,diag,-4492.293449071152,,3,3,bic,1.3356860000640154,0.0827029580250382,1.4183889580890536,,,,,,relu,22.0,True,,,
heavy_tail_subspace,2048,11,ae_tanh,fixed,ok,,0.0062258966966474,600,3,2.0,2.0,3.0,3.0,diag,2126.371916731025,,3,3,BIC,1.5279048749944195,0.0708515419973991,1.6594530000002123,,,,,,tanh,22.0,True,,,
heavy_tail_subspace,2048,11,autog2m2,fixed,ok,,0.7424077868275275,600,3,2.0,2.0,3.0,3.0,full,-1036.5021392510664,,3,3,BIC,0.0,0.0448875839938409,0.0470373750431463,15.05635904200608,0.0451074169832281,0.2785577080212533,0.0401157499873079,,,,,,,
heavy_tail_subspace,2048,11,autogmm_spectral,fixed,ok,,0.0316864928817471,600,3,2.0,,3.0,3.0,tied,-8352.934906070273,lse,3,3,BIC,,0.0431282499921508,0.4893855839618481,,,,,0.3887641250039451,,,,,,
heavy_tail_subspace,2048,11,mclust,fixed,ok,,9.507653453655115e-05,600,3,2048.0,,3.0,3.0,EII,-3521763.708352373,,3,3,BIC,,2.922,3.6034161249990575,,,,,,,,,-1741220.89088088,6147.0,-3521765.2047595456
heavy_tail_subspace,2048,11,pca,fixed,ok,,0.2645395437283448,600,3,2.0,2.0,3.0,3.0,tied,5970.441400550471,,3,3,BIC,0.0,0.0427785000065341,0.0446049589663744,,,,,,,,,,,
heavy_tail_subspace,2048,11,umap,fixed,ok,,0.0018591972846563,600,3,2.0,2.0,3.0,3.0,diag,3530.277238059481,,3,3,BIC,0.0,0.0347676249803043,0.0362845829804427,,,,,,,,,,,
heavy_tail_subspace,2048,12,ae_relu,fixed,ok,,0.0004837430429768,600,3,2.0,2.0,3.0,3.0,diag,-6839.05854647648,,3,3,bic,1.3546060419175774,0.073068083031103,1.4276741249486804,,,,,,relu,22.0,True,,,
heavy_tail_subspace,2048,12,ae_tanh,fixed,ok,,0.0003055407604994,600,3,2.0,2.0,3.0,3.0,diag,2232.122604435788,,3,3,BIC,1.3734675829764456,0.0411877500009723,1.4852281250059605,,,,,,tanh,22.0,True,,,
heavy_tail_subspace,2048,12,autog2m2,fixed,ok,,0.5976977595784234,600,3,2.0,2.0,3.0,3.0,spherical,-1323.953608305803,,3,3,BIC,0.0,0.0874276669928804,0.0897043330478482,13.719405625015495,0.0313551250146701,0.1978180420119315,0.0307172079919837,,,,,,,
heavy_tail_subspace,2048,12,autogmm_spectral,fixed,ok,,0.0100915644664586,600,3,2.0,,3.0,3.0,spherical,-8380.096208315379,lse,3,3,BIC,,0.0398264169925823,0.5007772500393912,,,,,0.4034181669703685,,,,,,
heavy_tail_subspace,2048,12,mclust,fixed,ok,,0.0051527824194373,600,3,2048.0,,3.0,3.0,EII,-3521620.633278623,,3,3,BIC,,3.083,3.766273832996376,,,,,,,,,-1741149.3533440048,6147.0,-3521623.966772974
heavy_tail_subspace,2048,12,pca,fixed,ok,,0.1131655792611228,600,3,2.0,2.0,3.0,3.0,tied,5959.249909054835,,3,3,BIC,0.0,0.0499867919716052,0.0519092500326223,,,,,,,,,,,
heavy_tail_subspace,2048,12,umap,fixed,ok,,0.0010634082496303,600,3,2.0,2.0,3.0,3.0,diag,3486.78266494048,,3,3,BIC,0.0,0.0444550840184092,0.0463999999919906,,,,,,,,,,,
heavy_tail_subspace,2048,13,ae_relu,fixed,ok,,0.0015982713992574,600,3,2.0,2.0,3.0,3.0,full,-1975.500115624852,,3,3,bic,1.319089624914341,0.0993234999477863,1.418413124862127,,,,,,relu,22.0,True,,,
heavy_tail_subspace,2048,13,ae_tanh,fixed,ok,,0.004097715150775,600,3,2.0,2.0,3.0,3.0,diag,2176.12996543032,,3,3,BIC,1.3997424580156803,0.055258208012674,1.5123980829957873,,,,,,tanh,22.0,True,,,
heavy_tail_subspace,2048,13,autog2m2,fixed,ok,,0.7929900094708212,600,3,2.0,2.0,3.0,3.0,full,-1112.6503985359664,,3,3,BIC,0.0,0.0329564170097,0.0349049170035868,12.002769124985209,0.0295866670203395,0.1863284159917384,0.0251108750235289,,,,,,,
heavy_tail_subspace,2048,13,autogmm_spectral,fixed,ok,,0.0270518231211305,600,3,2.0,,3.0,3.0,spherical,-8371.020224737395,lse,3,3,BIC,,0.0367802919936366,0.4773486659978516,,,,,0.3812317909905687,,,,,,
heavy_tail_subspace,2048,13,mclust,fixed,ok,,0.0263664079080005,600,3,2048.0,,3.0,3.0,EII,-3521663.358511394,,3,3,BIC,,3.053,3.7334290000144392,,,,,,,,,-1741170.7159603902,6147.0,-3521668.354453925
heavy_tail_subspace,2048,13,pca,fixed,ok,,0.4468353615677845,600,3,2.0,2.0,3.0,3.0,tied,5963.669403772485,,3,3,BIC,0.0,0.0367298750206828,0.0383005000185221,,,,,,,,,,,
heavy_tail_subspace,2048,13,umap,fixed,ok,,-0.0009372776834271,600,3,2.0,2.0,3.0,3.0,diag,3540.0008818905817,,3,3,BIC,0.0,0.0340929999947547,0.0357237079879269,,,,,,,,,,,
heavy_tail_subspace,2048,14,ae_relu,fixed,ok,,0.0007480916294704,600,3,2.0,2.0,3.0,3.0,diag,-11287.756620914872,,3,3,bic,1.3032407499849796,0.0715859999181702,1.37482674990315,,,,,,relu,22.0,True,,,
heavy_tail_subspace,2048,14,ae_tanh,fixed,ok,,-0.0016231872035931,600,3,2.0,2.0,3.0,3.0,diag,2141.076823842088,,3,3,BIC,1.4022318340139464,0.0657311659888364,1.5284962080186233,,,,,,tanh,22.0,True,,,
heavy_tail_subspace,2048,14,autog2m2,fixed,ok,,0.9125354535332608,600,3,2.0,2.0,3.0,3.0,full,-995.44685528907,,3,3,BIC,0.0,0.0319915830041281,0.0340525420033372,12.937292999995408,0.0302960830158554,0.4203602920169942,0.0609586250502616,,,,,,,
heavy_tail_subspace,2048,14,autogmm_spectral,fixed,ok,,0.1053378633886976,600,3,2.0,,3.0,3.0,spherical,-8371.275893868977,lse,3,3,BIC,,0.0395445839967578,0.5603264999808744,,,,,0.4599863750045188,,,,,,
heavy_tail_subspace,2048,14,mclust,fixed,ok,,0.0318940784496737,600,3,2048.0,,3.0,3.0,EII,-3521805.9467987022,,3,3,BIC,,2.592,3.298750000016298,,,,,,,,,-1741242.0101040443,6147.0,-3521808.174634113
heavy_tail_subspace,2048,14,pca,fixed,ok,,0.3480909669198856,600,3,2.0,2.0,3.0,3.0,tied,5961.586716119045,,3,3,BIC,0.0,0.0446600830182433,0.0465132500394247,,,,,,,,,,,
heavy_tail_subspace,2048,14,umap,fixed,ok,,0.0100656935923165,600,3,2.0,2.0,3.0,3.0,diag,3515.1334143330014,,3,3,BIC,0.0,0.0325441249879077,0.0340992920100688,,,,,,,,,,,
heavy_tail_subspace,2048,15,ae_relu,fixed,ok,,0.0012227561198427,600,3,2.0,2.0,3.0,3.0,diag,-4292.76810296202,,3,3,bic,1.315914792008698,0.079649084014818,1.395563876023516,,,,,,relu,22.0,True,,,
heavy_tail_subspace,2048,15,ae_tanh,fixed,ok,,0.0016880305152473,600,3,2.0,2.0,3.0,3.0,diag,2121.260657144393,,3,3,BIC,1.2590565420105122,0.0636365829850547,1.3817258749622852,,,,,,tanh,22.0,True,,,
heavy_tail_subspace,2048,15,autog2m2,fixed,ok,,0.9900168347249766,600,3,2.0,2.0,3.0,3.0,full,-1378.761036928593,,3,3,BIC,0.0,0.0324101659934967,0.0344230419723317,12.0021584170172,0.0288532080012373,0.1696316250017844,0.0243798330193385,,,,,,,
heavy_tail_subspace,2048,15,autogmm_spectral,fixed,ok,,0.1030996395885828,600,3,2.0,,3.0,3.0,spherical,-8341.971738697228,lse,3,3,BIC,,0.0411842499743215,0.5847069580340758,,,,,0.4817205839790404,,,,,,
heavy_tail_subspace,2048,15,mclust,fixed,ok,,0.0449772085349606,600,3,2048.0,,3.0,3.0,EII,-3521662.647630388,,3,3,BIC,,2.901,3.585106917016674,,,,,,,,,-1741170.3605198872,6147.0,-3521668.821965805
heavy_tail_subspace,2048,15,pca,fixed,ok,,0.5354803700833838,600,3,2.0,2.0,3.0,3.0,tied,5964.21896388342,,3,3,BIC,0.0,0.0376120000146329,0.0392074999981559,,,,,,,,,,,
heavy_tail_subspace,2048,15,umap,fixed,ok,,0.0055941113024936,600,3,2.0,2.0,3.0,3.0,diag,3517.2249416281647,,3,3,BIC,0.0,0.0364204999641515,0.038028541021049,,,,,,,,,,,
heavy_tail_subspace,2048,16,ae_relu,fixed,ok,,0.0035815897789002,600,3,2.0,2.0,3.0,3.0,diag,-8757.667113509722,,3,3,bic,1.3970194170251489,0.0640700419899076,1.4610894590150565,,,,,,relu,22.0,True,,,
heavy_tail_subspace,2048,16,ae_tanh,fixed,ok,,0.0018585644281751,600,3,2.0,2.0,3.0,3.0,diag,2157.076321616678,,3,3,BIC,1.3344063329859637,0.0751280830008909,1.469762875000015,,,,,,tanh,22.0,True,,,
heavy_tail_subspace,2048,16,autog2m2,fixed,ok,,0.9557728068599312,600,3,2.0,2.0,3.0,3.0,full,-1923.560774461084,,3,3,BIC,0.0,0.0322066660155542,0.0342366669792681,9.99911279103253,0.0242402080330066,0.1324952919967472,0.020380915957503,,,,,,,
heavy_tail_subspace,2048,16,autogmm_spectral,fixed,ok,,-0.0006429741195543,600,3,2.0,,3.0,3.0,tied,-8385.367638569642,lse,3,3,BIC,,0.0403735419968143,0.4942758330143988,,,,,0.4065288339625112,,,,,,
heavy_tail_subspace,2048,16,mclust,fixed,ok,,0.0064293132526534,600,3,2048.0,,3.0,3.0,VII,-3522017.02104284,,3,3,BIC,,2.626,3.3250989170046523,,,,,,,,,-1741341.150296458,6149.0,-3522025.717941824
heavy_tail_subspace,2048,16,pca,fixed,ok,,0.4010838355738543,600,3,2.0,2.0,3.0,3.0,tied,5941.352689428291,,3,3,BIC,0.0,0.0380510000395588,0.0395692499587312,,,,,,,,,,,
heavy_tail_subspace,2048,16,umap,fixed,ok,,0.002323691530072,600,3,2.0,2.0,3.0,3.0,diag,3494.310025827613,,3,3,BIC,0.0,0.0333507909672334,0.0348629169748164,,,,,,,,,,,
heavy_tail_subspace,2048,17,ae_relu,fixed,ok,,0.0025844554191673,600,3,2.0,2.0,3.0,3.0,diag,-13417.681020086366,,3,3,bic,1.4062905840110034,0.0498428330756723,1.4561334170866758,,,,,,relu,22.0,True,,,
heavy_tail_subspace,2048,17,ae_tanh,fixed,ok,,0.0017467920449613,600,3,2.0,2.0,3.0,3.0,diag,2170.6628051526586,,3,3,BIC,1.314923291967716,0.0449067080044187,1.4225680839736017,,,,,,tanh,22.0,True,,,
heavy_tail_subspace,2048,17,autog2m2,fixed,ok,,0.9752324006948598,600,3,2.0,2.0,3.0,3.0,full,-2733.227142007802,,3,3,BIC,0.0,0.0755665419856086,0.0882439579581841,8.258047832990997,0.022765707981307,0.1207772910129278,0.0194194170180708,,,,,,,
heavy_tail_subspace,2048,17,autogmm_spectral,fixed,ok,,0.1402959624620166,600,3,2.0,,3.0,3.0,tied,-8375.959400019572,lse,3,3,BIC,,0.0363290000241249,0.4876055829809047,,,,,0.3958291249582544,,,,,,
heavy_tail_subspace,2048,17,mclust,fixed,ok,,0.0262890423713437,600,3,2048.0,,3.0,3.0,VII,-3521790.0296883653,,3,3,BIC,,2.727,3.408995124977082,,,,,,,,,-1741227.6546192206,6149.0,-3521791.95513752
heavy_tail_subspace,2048,17,pca,fixed,ok,,0.4797364853445318,600,3,2.0,2.0,3.0,3.0,tied,5912.590980425845,,3,3,BIC,0.0,0.0533873329986818,0.0557285829563625,,,,,,,,,,,
heavy_tail_subspace,2048,17,umap,fixed,ok,,0.0089303798899507,600,3,2.0,2.0,3.0,3.0,full,3551.2604803910317,,3,3,BIC,0.0,0.0477712919819168,0.0498470840393565,,,,,,,,,,,
heavy_tail_subspace,2048,18,ae_relu,fixed,ok,,0.010833302510869,600,3,2.0,2.0,3.0,3.0,diag,-12117.985000448834,,3,3,bic,1.32081429194659,0.0533142080530524,1.3741284999996424,,,,,,relu,22.0,True,,,
heavy_tail_subspace,2048,18,ae_tanh,fixed,ok,,0.0014881348723691,600,3,2.0,2.0,3.0,3.0,diag,2198.2513523715425,,3,3,BIC,1.4235497080371715,0.0477477079839445,1.53158179204911,,,,,,tanh,22.0,True,,,
heavy_tail_subspace,2048,18,autog2m2,fixed,ok,,0.6715896274685556,600,3,2.0,2.0,3.0,3.0,diag,-1430.594781286585,,3,3,BIC,0.0,0.0362602079985663,0.0382901249686256,8.575608999992255,0.0242952500120736,0.1298324589733965,0.0191512909950688,,,,,,,
heavy_tail_subspace,2048,18,autogmm_spectral,fixed,ok,,0.0043076442355157,600,3,2.0,,3.0,3.0,spherical,-8392.938981344389,lse,3,3,BIC,,0.0372772500268183,0.4802430000272579,,,,,0.3838031659834087,,,,,,
heavy_tail_subspace,2048,18,mclust,fixed,ok,,-0.0013913567837805,600,3,2048.0,,3.0,3.0,VII,-3521797.957417222,,3,3,BIC,,2.845,3.525458750023972,,,,,,,,,-1741231.618483649,6149.0,-3521799.936186826
heavy_tail_subspace,2048,18,pca,fixed,ok,,0.0847836736910316,600,3,2.0,2.0,3.0,3.0,tied,5931.828262806148,,3,3,BIC,0.0,0.041746917006094,0.0433548330329358,,,,,,,,,,,
heavy_tail_subspace,2048,18,umap,fixed,ok,,0.0028893631807387,600,3,2.0,2.0,3.0,3.0,diag,3516.746628030679,,3,3,BIC,0.0,0.0334430839866399,0.0349334999918937,,,,,,,,,,,
heavy_tail_subspace,2048,19,ae_relu,fixed,ok,,0.0002759172699185,600,3,2.0,2.0,3.0,3.0,full,-9760.545327738471,,3,3,bic,1.359878416988067,0.1481036250479519,1.5079820420360193,,,,,,relu,22.0,True,,,
heavy_tail_subspace,2048,19,ae_tanh,fixed,ok,,-0.0027504955232144,600,3,2.0,2.0,3.0,3.0,diag,2039.037946655386,,3,3,BIC,1.1554716670070777,0.0533384999725967,1.265088249987457,,,,,,tanh,22.0,True,,,
heavy_tail_subspace,2048,19,autog2m2,fixed,ok,,0.9800845066199756,600,3,2.0,2.0,3.0,3.0,spherical,-859.7419269314495,,3,3,BIC,0.0,0.0323055000044405,0.0399484580266289,7.864014166989364,0.0182388329994864,0.0999862920143641,0.016017209040001,,,,,,,
heavy_tail_subspace,2048,19,autogmm_spectral,fixed,ok,,0.0568429713677546,600,3,2.0,,3.0,3.0,spherical,-8360.15656828646,lse,3,3,BIC,,0.0381526250275783,0.4385810839594342,,,,,0.3541844579740427,,,,,,
heavy_tail_subspace,2048,19,mclust,fixed,ok,,0.0101052495462877,600,3,2048.0,,3.0,3.0,EII,-3521574.371878662,,3,3,BIC,,2.85,3.5287755000172183,,,,,,,,,-1741126.2226440243,6147.0,-3521578.761657577
heavy_tail_subspace,2048,19,pca,fixed,ok,,0.4275289546504133,600,3,2.0,2.0,3.0,3.0,tied,5972.139968387312,,3,3,BIC,0.0,0.0506855410058051,0.0533722499967552,,,,,,,,,,,
heavy_tail_subspace,2048,19,umap,fixed,ok,,0.0076279580043876,600,3,2.0,2.0,3.0,3.0,full,3504.786911742521,,3,3,BIC,0.0,0.0405892079579643,0.0421909170108847,,,,,,,,,,,
swiss_roll,8,0,ae_relu,fixed,ok,,0.0182890243767137,600,3,2.0,2.0,3.0,3.0,full,4577.999953614435,,3,3,bic,0.2974851250037318,0.0408541669894475,0.3411878750048345,,,,,,relu,207.0,True,,,
swiss_roll,8,0,ae_tanh,fixed,ok,,0.0278270636658606,600,3,2.0,2.0,3.0,3.0,spherical,1574.5441906212566,,3,3,bic,0.2383313339960295,0.0480861670075682,0.2889109160023508,,,,,,tanh,91.0,True,,,
swiss_roll,8,0,autog2m2,fixed,ok,,0.1018452353986399,600,3,2.0,2.0,3.0,3.0,full,-748.9870533352607,,3,3,bic,1.908538500007125,0.0216873749886872,1.933554916991852,1.7149961660034023,0.0106124589947285,0.1016407080023782,0.0162480419967323,,,,,,,
swiss_roll,8,0,autogmm_spectral,fixed,ok,,0.1314684698552152,600,3,2.0,2.0,3.0,3.0,full,-8579.573705438062,lse,3,3,bic,,0.1320676670002285,0.2551365420076763,,,,,0.1207833749940618,,,,,,
swiss_roll,8,0,mclust,fixed,ok,,0.0038355427228967,600,3,8.0,,3.0,3.0,EEE,15322.501074424155,,3,3,bic,,0.5870000000000001,1.288498249996337,,,,,,,,,7859.555356523779,62.0,15066.7081149503
swiss_roll,8,0,pca,fixed,ok,,0.0249684317256237,600,3,2.0,2.0,3.0,3.0,diag,4930.491809572153,,3,3,bic,0.000831792000099,0.0238806669949553,0.0271424999955343,,,,,,,,,,,
swiss_roll,8,0,umap,fixed,ok,,0.20285535338193,600,3,2.0,2.0,3.0,3.0,full,6044.467118854542,,3,3,bic,0.6225610840047011,0.0209843329939758,0.6472325420036213,,,,,,,,,,,
swiss_roll,8,1,ae_relu,fixed,ok,,0.212337209985203,600,3,2.0,2.0,3.0,3.0,full,4363.138114820092,,3,3,bic,1.271686416992452,0.0258987089910078,1.3006678340025246,,,,,,relu,883.0,True,,,
swiss_roll,8,1,ae_tanh,fixed,ok,,0.3112403150732084,600,3,2.0,2.0,3.0,3.0,full,1149.3514728946327,,3,3,bic,0.3890528750052908,0.0830951659881975,0.4744172079954296,,,,,,tanh,149.0,True,,,
swiss_roll,8,1,autog2m2,fixed,ok,,0.1015487557343135,600,3,2.0,2.0,3.0,3.0,full,1625.6233897349302,,3,3,bic,1.949472499996773,0.037485207998543,1.9896775419911137,1.7469623329961903,0.0103360830107703,0.1017656659969361,0.0161137079994659,,,,,,,
swiss_roll,8,1,autogmm_spectral,fixed,ok,,0.7279375384983922,600,3,2.0,2.0,3.0,3.0,full,-9674.223144278698,lse,3,3,bic,,0.0933539580000797,0.2067200000019511,,,,,0.111109083998599,,,,,,
swiss_roll,8,1,mclust,fixed,ok,,0.2313739426121731,600,3,8.0,,3.0,3.0,VVE,13373.040078395212,,3,3,bic,,0.522,1.2074097909935515,,,,,,,,,6936.000295751036,78.0,13344.387945264432
swiss_roll,8,1,pca,fixed,ok,,0.2852175063923418,600,3,2.0,2.0,3.0,3.0,full,4409.149137155977,,3,3,bic,0.0013422909978544,0.037273499998264,0.041494250006508,,,,,,,,,,,
swiss_roll,8,1,umap,fixed,ok,,0.8539887258139213,600,3,2.0,2.0,3.0,3.0,full,6052.929102316692,,3,3,bic,0.6546539999981178,0.0175318330002482,0.6757919160008896,,,,,,,,,,,
swiss_roll,8,2,ae_relu,fixed,ok,,0.3483056525979008,600,3,2.0,2.0,3.0,3.0,full,4304.794216957699,,3,3,bic,0.3527303330047289,0.1024370419909246,0.4587421250034822,,,,,,relu,245.0,True,,,
swiss_roll,8,2,ae_tanh,fixed,ok,,0.1619952984873581,600,3,2.0,2.0,3.0,3.0,full,1126.281481247427,,3,3,bic,0.3398383749881759,0.0472833329986315,0.3894312079937663,,,,,,tanh,133.0,True,,,
swiss_roll,8,2,autog2m2,fixed,ok,,0.4097331613054629,600,3,2.0,2.0,3.0,3.0,full,434.4974789980785,,3,3,bic,1.8801856670033883,0.0256618749990593,1.908779958001105,1.6726427919929847,0.0101011249935254,0.1121057080017635,0.0162152090051677,,,,,,,
swiss_roll,8,2,autogmm_spectral,fixed,ok,,0.18448617183991,600,3,2.0,2.0,3.0,3.0,diag,-8509.350610086809,lse,3,3,bic,,0.0839822920097503,0.19982016699214,,,,,0.1134051670087501,,,,,,
swiss_roll,8,2,mclust,fixed,ok,,0.3945683595949132,600,3,8.0,,3.0,3.0,EEE,15615.260037564623,,3,3,bic,,0.7939999999999999,1.4980014159955315,,,,,,,,,8005.934838094012,62.0,15464.214986784937
swiss_roll,8,2,pca,fixed,ok,,0.2245940356111286,600,3,2.0,2.0,3.0,3.0,diag,4985.888268238743,,3,3,bic,0.0010117920028278,0.0222022080124588,0.0257629580009961,,,,,,,,,,,
swiss_roll,8,2,umap,fixed,ok,,0.3124790511362026,600,3,2.0,2.0,3.0,3.0,full,5849.76307089406,,3,3,bic,0.6575661249953555,0.0281972079974366,0.6897230829927139,,,,,,,,,,,
swiss_roll,8,3,ae_relu,fixed,ok,,0.2696799480825124,600,3,2.0,1.0,3.0,3.0,diag,-7333.102651397386,,3,3,bic,0.0,0.0812624590034829,0.1680950409936485,,,,,,relu,427.0,True,,,
swiss_roll,8,3,ae_tanh,fixed,ok,,0.2481187883861025,600,3,2.0,2.0,3.0,3.0,full,1308.0094609745547,,3,3,bic,0.4114222500065807,0.0554462910076836,0.4696057080000173,,,,,,tanh,131.0,True,,,
swiss_roll,8,3,autog2m2,fixed,ok,,0.2943026020859733,600,3,2.0,2.0,3.0,3.0,full,193.5836957906864,,3,3,bic,1.9961008340033004,0.0300807080056983,2.028923417004989,1.7824784999975236,0.0110009579948382,0.1068119580013444,0.01640279199637,,,,,,,
swiss_roll,8,3,autogmm_spectral,fixed,ok,,0.3701082879526991,600,3,2.0,2.0,3.0,3.0,full,-8936.850261279884,lse,3,3,bic,,0.1108262500056298,0.2279862499999581,,,,,0.114859624998644,,,,,,
swiss_roll,8,3,mclust,fixed,ok,,0.1924691414585842,600,3,8.0,,3.0,3.0,VVE,14645.249490732896,,3,3,bic,,0.3299999999999999,1.0279741660051511,,,,,,,,,7572.105001919878,78.0,14572.430119002189
swiss_roll,8,3,pca,fixed,ok,,0.2278120523888193,600,3,2.0,2.0,3.0,3.0,full,4612.937644642208,,3,3,bic,0.0008803749951766,0.0287793749885167,0.0323932079918449,,,,,,,,,,,
swiss_roll,8,3,umap,fixed,ok,,0.7928979168294762,600,3,2.0,2.0,3.0,3.0,full,5920.064159388514,,3,3,bic,0.6780523339984939,0.0242690410086652,0.7059428750071675,,,,,,,,,,,
swiss_roll,8,4,ae_relu,fixed,ok,,0.1586968266321093,600,3,2.0,1.0,3.0,3.0,diag,-7838.2632850796035,,3,3,bic,0.0,0.0631319579988485,0.0655519580031978,,,,,,relu,655.0,True,,,
swiss_roll,8,4,ae_tanh,fixed,ok,,0.071022085464517,600,3,2.0,2.0,3.0,3.0,tied,1378.0645640355451,,3,3,bic,0.3523416660027578,0.0461791249981615,0.4009116250090301,,,,,,tanh,134.0,True,,,
swiss_roll,8,4,autog2m2,fixed,ok,,0.3905261078130171,600,3,2.0,2.0,3.0,3.0,full,1013.2613118163772,,3,3,bic,1.9232908749982016,0.021141165998415,1.947126458006096,1.7102781249996042,0.0110682499944232,0.1038622909982223,0.0164086669974494,,,,,,,
swiss_roll,8,4,autogmm_spectral,fixed,ok,,0.168991600071521,600,3,2.0,2.0,3.0,3.0,full,-8514.072125609422,lse,3,3,bic,,0.0933671659877291,0.2119978750124573,,,,,0.1164130410033976,,,,,,
swiss_roll,8,4,mclust,fixed,ok,,0.2328625419285115,600,3,8.0,,3.0,3.0,EVE,16744.702649772375,,3,3,bic,,0.597,1.2566712919942802,,,,,,,,,8615.4346517844,76.0,16689.63990919136
swiss_roll,8,4,pca,fixed,ok,,0.100324187674364,600,3,2.0,2.0,3.0,3.0,tied,4824.818887806942,,3,3,bic,0.0008146249892888,0.0256636249978328,0.0291107500088401,,,,,,,,,,,
swiss_roll,8,4,umap,fixed,ok,,0.5706657101505822,600,3,2.0,2.0,3.0,3.0,full,6114.084001504345,,3,3,bic,0.6589245829964057,0.0267716660018777,0.6896991249959683,,,,,,,,,,,
swiss_roll,8,5,ae_relu,fixed,ok,,0.1690471556886074,600,3,2.0,1.0,3.0,3.0,tied,-7975.428144443376,,3,3,bic,0.0,0.0300359999964712,0.0320132500055478,,,,,,relu,450.0,True,,,
swiss_roll,8,5,ae_tanh,fixed,ok,,0.0911171063410817,600,3,2.0,2.0,3.0,3.0,full,1407.4031739161353,,3,3,bic,0.2507809579983586,0.0742494579899357,0.3282609169982606,,,,,,tanh,95.0,True,,,
swiss_roll,8,5,autog2m2,fixed,ok,,0.1911723762568756,600,3,2.0,2.0,3.0,3.0,full,-189.24848298029667,,3,3,bic,1.9409089160035364,0.0230027080106083,1.967105250005261,1.7109457920014393,0.0119419999973615,0.1170852500072214,0.0166114579915301,,,,,,,
swiss_roll,8,5,autogmm_spectral,fixed,ok,,0.2288291731266405,600,3,2.0,2.0,3.0,3.0,full,-8624.116515558864,lse,3,3,bic,,0.1095441249781288,0.2330294580024201,,,,,0.1212110000051325,,,,,,
swiss_roll,8,5,mclust,fixed,ok,,0.020754684359187,600,3,8.0,,3.0,3.0,EEE,14909.462896205714,,3,3,bic,,0.3820000000000001,1.069280499999877,,,,,,,,,7653.036267414557,62.0,14689.83328636013
swiss_roll,8,5,pca,fixed,ok,,0.1709942839912434,600,3,2.0,2.0,3.0,3.0,full,4804.9367554588025,,3,3,bic,0.0011380000069038,0.0312051660002907,0.0350653330096975,,,,,,,,,,,
swiss_roll,8,5,umap,fixed,ok,,0.4540285427279106,600,3,2.0,2.0,3.0,3.0,full,6028.091071956868,,3,3,bic,0.6396363339881646,0.0326841250061988,0.6769413750007516,,,,,,,,,,,
swiss_roll,8,6,ae_relu,fixed,ok,,0.2722559993783376,600,3,2.0,2.0,3.0,3.0,full,4402.561470335489,,3,3,bic,0.8380456669983687,0.0201773330045398,0.8610782909963746,,,,,,relu,558.0,True,,,
swiss_roll,8,6,ae_tanh,fixed,ok,,0.1733009417155446,600,3,2.0,2.0,3.0,3.0,full,1463.2661031103958,,3,3,bic,0.3008582500042394,0.0464024590037297,0.3496899169986136,,,,,,tanh,105.0,True,,,
swiss_roll,8,6,autog2m2,fixed,ok,,0.2378194782056743,600,3,2.0,2.0,3.0,3.0,full,985.3360068853711,,3,3,bic,1.8718832090089563,0.0196710840100422,1.8943245000118625,1.6751512909977464,0.0095392500079469,0.1059862910042284,0.017103499994846,,,,,,,
swiss_roll,8,6,autogmm_spectral,fixed,ok,,0.8552830139753,600,3,2.0,2.0,3.0,3.0,full,-10066.085428347324,lse,3,3,bic,,0.0764984989946242,0.1917940410057781,,,,,0.1131753329973435,,,,,,
swiss_roll,8,6,mclust,fixed,ok,,0.2176891634989598,600,3,8.0,,3.0,3.0,EVE,17094.607629543116,,3,3,bic,,0.268,0.9614250830054516,,,,,,,,,8790.387141669771,76.0,16967.302898306716
swiss_roll,8,6,pca,fixed,ok,,0.152655666772033,600,3,2.0,2.0,3.0,3.0,full,4517.220934890997,,3,3,bic,0.0008401669911108,0.0325279160024365,0.0360209580103401,,,,,,,,,,,
swiss_roll,8,6,umap,fixed,ok,,0.724197138283006,600,3,2.0,2.0,3.0,3.0,full,5917.402520385781,,3,3,bic,0.6215864999976475,0.0149011250032344,0.6408303330099443,,,,,,,,,,,
swiss_roll,8,7,ae_relu,fixed,ok,,0.0351990772687313,600,3,2.0,2.0,3.0,3.0,full,4377.061386154076,,3,3,bic,1.1149562089995015,0.0444792920025065,1.167335042002378,,,,,,relu,759.0,True,,,
swiss_roll,8,7,ae_tanh,fixed,ok,,0.1376698329537325,600,3,2.0,2.0,3.0,3.0,full,1310.848433010338,,3,3,bic,0.2593468339910032,0.0459636670129839,0.308082875009859,,,,,,tanh,98.0,True,,,
swiss_roll,8,7,autog2m2,fixed,ok,,0.2062394508556385,600,3,2.0,2.0,3.0,3.0,full,28.22081748478,,3,3,bic,1.957951749995118,0.0270593330060364,1.9885858749912584,1.7518495000113037,0.0094472079945262,0.1163310420088237,0.0180850420001661,,,,,,,
swiss_roll,8,7,autogmm_spectral,fixed,ok,,0.2490339658249412,600,3,2.0,2.0,3.0,3.0,full,-9565.349519886138,lse,3,3,bic,,0.0574102910031797,0.1323599589959485,,,,,0.073535957999411,,,,,,
swiss_roll,8,7,mclust,fixed,ok,,0.1174643158182011,600,3,8.0,,3.0,3.0,VVE,16925.03063457739,,3,3,bic,,0.245,0.6556750839954475,,,,,,,,,8711.995573842125,78.0,16845.424356100204
swiss_roll,8,7,pca,fixed,ok,,0.1551767456467165,600,3,2.0,2.0,3.0,3.0,full,4644.419411887904,,3,3,bic,0.0010463750077178,0.0306623750075232,0.0349109999951906,,,,,,,,,,,
swiss_roll,8,7,umap,fixed,ok,,0.5411030871397203,600,3,2.0,2.0,3.0,3.0,full,5842.898486966178,,3,3,bic,0.6670686249999562,0.0335390830005053,0.7048854169988772,,,,,,,,,,,
swiss_roll,8,8,ae_relu,fixed,ok,,0.1541161363236991,600,3,2.0,2.0,3.0,3.0,full,4942.978950337576,,3,3,bic,0.5302332919964101,0.0474828750011511,0.5807159999967553,,,,,,relu,329.0,True,,,
swiss_roll,8,8,ae_tanh,fixed,ok,,0.1853532856583566,600,3,2.0,2.0,3.0,3.0,diag,1225.097980942911,,3,3,bic,0.3619437499874038,0.0726204160018824,0.4372269169980427,,,,,,tanh,139.0,True,,,
swiss_roll,8,8,autog2m2,fixed,ok,,0.2217375916300758,600,3,2.0,2.0,3.0,3.0,full,1152.3863413794363,,3,3,bic,2.0750418749958044,0.0254094170086318,2.104238333995454,1.845759833988268,0.0157420839968835,0.1145379999943543,0.018375665997155,,,,,,,
swiss_roll,8,8,autogmm_spectral,fixed,ok,,0.2051642365575856,600,3,2.0,2.0,3.0,3.0,full,-8795.765031850813,lse,3,3,bic,,0.0726928749936632,0.1483975839946651,,,,,0.074235416992451,,,,,,
swiss_roll,8,8,mclust,fixed,ok,,0.2095300636612091,600,3,8.0,,3.0,3.0,EVE,16565.167918816103,,3,3,bic,,0.3189999999999999,0.7470907500101021,,,,,,,,,8525.667286306265,76.0,16443.116549628045
swiss_roll,8,8,pca,fixed,ok,,0.2161468174392349,600,3,2.0,2.0,3.0,3.0,full,4883.134583381874,,3,3,bic,0.0009279590012738,0.0369422090006992,0.040694708994124,,,,,,,,,,,
swiss_roll,8,8,umap,fixed,ok,,0.5233414402061131,600,3,2.0,2.0,3.0,3.0,full,6061.131849615978,,3,3,bic,0.6557624159904663,0.0244635409908369,0.6837401660013711,,,,,,,,,,,
swiss_roll,8,9,ae_relu,fixed,ok,,0.1623251770055635,600,3,2.0,2.0,3.0,3.0,full,5520.62935107404,,3,3,bic,0.8050338330067461,0.0288702079997165,0.8367481250024866,,,,,,relu,528.0,True,,,
swiss_roll,8,9,ae_tanh,fixed,ok,,0.0458209523373532,600,3,2.0,2.0,3.0,3.0,tied,1332.4178899159333,,3,3,bic,0.291248291003285,0.0394037910009501,0.333192333986517,,,,,,tanh,113.0,True,,,
swiss_roll,8,9,autog2m2,fixed,ok,,0.3618654022764089,600,3,2.0,2.0,3.0,3.0,full,1220.3536975572265,,3,3,bic,2.096520374994725,0.0319294170039938,2.132280375008122,1.8634154580067843,0.0124107909941812,0.1104988330043852,0.0182627920003142,,,,,,,
swiss_roll,8,9,autogmm_spectral,fixed,ok,,0.2557478662845681,600,3,2.0,2.0,3.0,3.0,full,-9300.40682502028,lse,3,3,bic,,0.0564075830043293,0.1286295000027166,,,,,0.0708096660091541,,,,,,
swiss_roll,8,9,mclust,fixed,ok,,0.191073726282945,600,3,8.0,,3.0,3.0,VVE,17576.619667071453,,3,3,bic,,0.272,0.6815327499934938,,,,,,,,,9037.790090089156,78.0,17555.560028971686
swiss_roll,8,9,pca,fixed,ok,,0.0180015262918567,600,3,2.0,2.0,3.0,3.0,tied,4800.192263155139,,3,3,bic,0.0008802080119494,0.0254234169988194,0.0288700000091921,,,,,,,,,,,
swiss_roll,8,9,umap,fixed,ok,,0.5309572265803513,600,3,2.0,2.0,3.0,3.0,full,5863.691583142768,,3,3,bic,0.6492545410001185,0.0171301660011522,0.6704217499936931,,,,,,,,,,,
swiss_roll,8,10,ae_relu,fixed,ok,,0.2443705203683846,600,3,2.0,2.0,3.0,3.0,full,4947.87303760886,,3,3,bic,0.6394734580098884,0.0291562909987987,0.6715950419893488,,,,,,relu,434.0,True,,,
swiss_roll,8,10,ae_tanh,fixed,ok,,0.0489284726653523,600,3,2.0,2.0,3.0,3.0,diag,1362.0345236095177,,3,3,bic,0.3021843329916009,0.0412698750005802,0.3461547080078162,,,,,,tanh,114.0,True,,,
swiss_roll,8,10,autog2m2,fixed,ok,,0.3266035901612246,600,3,2.0,2.0,3.0,3.0,full,761.149532695577,,3,3,bic,1.962782208996941,0.0443307919922517,2.011298708006507,1.741890749995946,0.0110556670115329,0.1084832920023473,0.0210775000014109,,,,,,,
swiss_roll,8,10,autogmm_spectral,fixed,ok,,0.179530610356462,600,3,2.0,2.0,3.0,3.0,full,-9050.894054428329,lse,3,3,bic,,0.048957124017761,0.1232072090060683,,,,,0.0728322920040227,,,,,,
swiss_roll,8,10,mclust,fixed,ok,,0.2061603665424169,600,3,8.0,,3.0,3.0,VVE,15470.84507721679,,3,3,bic,,0.245,0.6498409580090083,,,,,,,,,7984.902795161825,78.0,15413.477760510234
swiss_roll,8,10,pca,fixed,ok,,0.074057099874177,600,3,2.0,2.0,3.0,3.0,diag,4838.147000334536,,3,3,bic,0.0010788749932544,0.0241010000027017,0.0278678750037215,,,,,,,,,,,
swiss_roll,8,10,umap,fixed,ok,,0.5899428795321067,600,3,2.0,2.0,3.0,3.0,full,5875.886925952888,,3,3,bic,0.6226720419945195,0.0147129580000182,0.6424639169999864,,,,,,,,,,,
swiss_roll,8,11,ae_relu,fixed,ok,,0.0287781423225853,600,3,2.0,2.0,3.0,3.0,full,5189.907599547427,,3,3,bic,0.2061099999991711,0.0216482919931877,0.2312839999940479,,,,,,relu,140.0,True,,,
swiss_roll,8,11,ae_tanh,fixed,ok,,0.0209470381864574,600,3,2.0,2.0,3.0,3.0,diag,1420.7361532045163,,3,3,bic,0.2630814580043079,0.0422009169997181,0.3081182909954805,,,,,,tanh,101.0,True,,,
swiss_roll,8,11,autog2m2,fixed,ok,,0.4058265673574128,600,3,2.0,2.0,3.0,3.0,full,933.9455569532632,,3,3,bic,1.9620510829990965,0.028686125006061,1.993322000009357,1.7544898750056743,0.0109234580013435,0.1033187499997438,0.0162178339960519,,,,,,,
swiss_roll,8,11,autogmm_spectral,fixed,ok,,0.2208140931455917,600,3,2.0,2.0,3.0,3.0,full,-9012.10946808431,lse,3,3,bic,,0.0593727909872541,0.131183499994222,,,,,0.0704229590046452,,,,,,
swiss_roll,8,11,mclust,fixed,ok,,0.0646823130682906,600,3,8.0,,3.0,3.0,VVE,14716.033910652932,,3,3,bic,,0.188,0.5942895830085035,,,,,,,,,7607.497211879896,78.0,14651.983132976997
swiss_roll,8,11,pca,fixed,ok,,0.0244891035491209,600,3,2.0,2.0,3.0,3.0,tied,4721.709640020821,,3,3,bic,0.0012582080089487,0.0222002500086091,0.0260759999946458,,,,,,,,,,,
swiss_roll,8,11,umap,fixed,ok,,0.454260707322515,600,3,2.0,2.0,3.0,3.0,full,5939.294954744526,,3,3,bic,0.6226664170098957,0.0275897499959683,0.6555164999881526,,,,,,,,,,,
swiss_roll,8,12,ae_relu,fixed,ok,,0.2044105932204847,600,3,2.0,2.0,3.0,3.0,full,4655.925320421145,,3,3,bic,1.042012292004074,0.0202776669902959,1.0651242500025546,,,,,,relu,729.0,True,,,
swiss_roll,8,12,ae_tanh,fixed,ok,,0.2202563426475867,600,3,2.0,2.0,3.0,3.0,full,1033.7159917719655,,3,3,bic,0.4217463329987367,0.0547040829987963,0.4788590829994064,,,,,,tanh,163.0,True,,,
swiss_roll,8,12,autog2m2,fixed,ok,,0.2987294916198189,600,3,2.0,2.0,3.0,3.0,full,1125.5923270546728,,3,3,bic,1.882031333996565,0.0174824589921627,1.9022876669914697,1.6823822080041282,0.0101494590053334,0.1019870409945724,0.016390083997976,,,,,,,
swiss_roll,8,12,autogmm_spectral,fixed,ok,,0.4211801429340322,600,3,2.0,2.0,3.0,3.0,full,-8749.40310598412,lse,3,3,bic,,0.0473022499936632,0.1254225000011501,,,,,0.0767169589962577,,,,,,
swiss_roll,8,12,mclust,fixed,ok,,0.1379202450737273,600,3,8.0,,3.0,3.0,EVE,15967.922991119056,,3,3,bic,,0.318,0.722653500008164,,,,,,,,,8227.044822457741,76.0,15891.48278515254
swiss_roll,8,12,pca,fixed,ok,,0.2065718848850095,600,3,2.0,2.0,3.0,3.0,diag,4750.054884633155,,3,3,bic,0.0009013329981826,0.035703999994439,0.0393730419891653,,,,,,,,,,,
swiss_roll,8,12,umap,fixed,ok,,0.7203390210221351,600,3,2.0,2.0,3.0,3.0,full,5898.613039189022,,3,3,bic,0.6297948329884093,0.0170385410019662,0.6506981250131503,,,,,,,,,,,
swiss_roll,8,13,ae_relu,fixed,ok,,0.2045899627920288,600,3,2.0,2.0,3.0,3.0,full,4554.815261854144,,3,3,bic,0.2510685409943107,0.0329598750104196,0.2869430409919005,,,,,,relu,145.0,True,,,
swiss_roll,8,13,ae_tanh,fixed,ok,,0.1787737767658599,600,3,2.0,2.0,3.0,3.0,diag,1256.4843777557976,,3,3,bic,0.2953424169973004,0.0489476670045405,0.3466388749948237,,,,,,tanh,113.0,True,,,
swiss_roll,8,13,autog2m2,fixed,ok,,0.4984210294978186,600,3,2.0,2.0,3.0,3.0,full,78.00384318818702,,3,3,bic,2.453850125006284,0.0389052919927053,2.495824375000666,2.215159166997182,0.0117484590009553,0.1341669999965233,0.0189634999987902,,,,,,,
swiss_roll,8,13,autogmm_spectral,fixed,ok,,0.2376025245597099,600,3,2.0,2.0,3.0,3.0,full,-9069.997155200195,lse,3,3,bic,,0.0485095830081263,0.1189829579961951,,,,,0.0690690830087987,,,,,,
swiss_roll,8,13,mclust,fixed,ok,,0.2045689472834838,600,3,8.0,,3.0,3.0,EEE,16840.804010698972,,3,3,bic,,0.266,0.6718227499950444,,,,,,,,,8618.706824661187,62.0,16702.839455575282
swiss_roll,8,13,pca,fixed,ok,,0.1329300271115456,600,3,2.0,2.0,3.0,3.0,tied,4732.192417468478,,3,3,bic,0.0010796669957926,0.0269320410006912,0.0312184170034015,,,,,,,,,,,
swiss_roll,8,13,umap,fixed,ok,,0.4868014876107181,600,3,2.0,2.0,3.0,3.0,full,5779.08335522878,,3,3,bic,0.7996364580030786,0.0322163749951869,0.8363568749919068,,,,,,,,,,,
swiss_roll,8,14,ae_relu,fixed,ok,,0.2690063129571427,600,3,2.0,2.0,3.0,3.0,full,5157.04402160594,,3,3,bic,0.7110858329979237,0.0495837089983979,0.7636730829981389,,,,,,relu,468.0,True,,,
swiss_roll,8,14,ae_tanh,fixed,ok,,0.0661257473527402,600,3,2.0,2.0,3.0,3.0,tied,1305.2974943456486,,3,3,bic,0.3415961670107208,0.0414663330011535,0.3854288750007981,,,,,,tanh,129.0,True,,,
swiss_roll,8,14,autog2m2,fixed,ok,,0.2552142267243785,600,3,2.0,2.0,3.0,3.0,full,796.1193695561891,,3,3,bic,2.20254825000302,0.0233090419933432,2.228723624997656,1.9582883750117617,0.0128214579890482,0.1220459579926682,0.0183922080032061,,,,,,,
swiss_roll,8,14,autogmm_spectral,fixed,ok,,0.3346344779514412,600,3,2.0,2.0,3.0,3.0,full,-8835.72929518434,lse,3,3,bic,,0.0533512080000946,0.12424808301148,,,,,0.0694999999977881,,,,,,
swiss_roll,8,14,mclust,fixed,ok,,0.3518725318876899,600,3,8.0,,3.0,3.0,VVE,14892.918105261298,,3,3,bic,,0.186,0.5916191249998519,,,,,,,,,7695.939309184079,78.0,14811.619053317268
swiss_roll,8,14,pca,fixed,ok,,0.0710389083116129,600,3,2.0,2.0,3.0,3.0,tied,4874.190800526961,,3,3,bic,0.0009409169870195,0.02572574999067,0.0294523330085212,,,,,,,,,,,
swiss_roll,8,14,umap,fixed,ok,,0.6663659940886761,600,3,2.0,2.0,3.0,3.0,full,5984.62277770387,,3,3,bic,0.6802236670046113,0.0154647500021383,0.699932749994332,,,,,,,,,,,
swiss_roll,8,15,ae_relu,fixed,ok,,0.2193646582547477,600,3,2.0,1.0,3.0,3.0,diag,-8417.893964845007,,3,3,bic,0.0,0.03498799999943,0.0371682920085731,,,,,,relu,457.0,True,,,
swiss_roll,8,15,ae_tanh,fixed,ok,,0.2202553419768591,600,3,2.0,2.0,3.0,3.0,full,1147.6285925533011,,3,3,bic,0.3467548329936107,0.0501943330018548,0.3998581250052666,,,,,,tanh,134.0,True,,,
swiss_roll,8,15,autog2m2,fixed,ok,,0.2186753311848039,600,3,2.0,2.0,3.0,3.0,full,781.1886791913417,,3,3,bic,2.131455875001848,0.0480385830014711,2.183395542000653,1.897300249998807,0.0118739579920656,0.1178982500132406,0.017134541994892,,,,,,,
swiss_roll,8,15,autogmm_spectral,fixed,ok,,0.1960747762608461,600,3,2.0,2.0,3.0,3.0,full,-8605.983609516425,lse,3,3,bic,,0.0632873339927755,0.1345982919883681,,,,,0.0698938749992521,,,,,,
swiss_roll,8,15,mclust,fixed,ok,,0.1951910232617911,600,3,8.0,,3.0,3.0,VVE,16218.131034880776,,3,3,bic,,0.189,0.6032914999959758,,,,,,,,,8358.545773993817,78.0,16121.051303556573
swiss_roll,8,15,pca,fixed,ok,,0.2249671390195718,600,3,2.0,2.0,3.0,3.0,full,4836.224702766032,,3,3,bic,0.0010907500109169,0.0364782090036897,0.0401812089985469,,,,,,,,,,,
swiss_roll,8,15,umap,fixed,ok,,0.4037453568796073,600,3,2.0,2.0,3.0,3.0,full,5905.882080152431,,3,3,bic,0.6537013329943875,0.015920375008136,0.6739105839951662,,,,,,,,,,,
swiss_roll,8,16,ae_relu,fixed,ok,,0.1705080062766542,600,3,2.0,2.0,3.0,3.0,full,5354.294660655885,,3,3,bic,0.994009707996156,0.0261767499905545,1.022843250000733,,,,,,relu,660.0,True,,,
swiss_roll,8,16,ae_tanh,fixed,ok,,0.214018152396636,600,3,2.0,2.0,3.0,3.0,diag,1243.990878202061,,3,3,bic,0.396587167007965,0.0418796250014565,0.4410734999983106,,,,,,tanh,142.0,True,,,
swiss_roll,8,16,autog2m2,fixed,ok,,0.2867625862150306,600,3,2.0,2.0,3.0,3.0,full,118.77968638219782,,3,3,bic,2.079935374989873,0.0232608749938663,2.1063728329900187,1.8381564169976627,0.0127130829932866,0.1248651670030085,0.0180036669917171,,,,,,,
swiss_roll,8,16,autogmm_spectral,fixed,ok,,0.1942343754226006,600,3,2.0,2.0,3.0,3.0,full,-8577.354991821376,lse,3,3,bic,,0.0379795420012669,0.1123382079967996,,,,,0.0729534590063849,,,,,,
swiss_roll,8,16,mclust,fixed,ok,,0.3882733073992748,600,3,8.0,,3.0,3.0,EEE,14705.544368071676,,3,3,bic,,0.271,0.6831732919963542,,,,,,,,,7551.077003347538,62.0,14630.557524229358
swiss_roll,8,16,pca,fixed,ok,,0.2090889036540344,600,3,2.0,2.0,3.0,3.0,full,4776.861292548644,,3,3,bic,0.0008954590011853,0.0255188330047531,0.0293935829977272,,,,,,,,,,,
swiss_roll,8,16,umap,fixed,ok,,0.3012225776231665,600,3,2.0,2.0,3.0,3.0,full,5970.834621891037,,3,3,bic,0.7059907090006163,0.0223529170034453,0.7320014589931816,,,,,,,,,,,
swiss_roll,8,17,ae_relu,fixed,ok,,0.30285534195188,600,3,2.0,2.0,3.0,3.0,full,4808.041643363368,,3,3,bic,0.4607640829926822,0.0305960840050829,0.4941428750025807,,,,,,relu,303.0,True,,,
swiss_roll,8,17,ae_tanh,fixed,ok,,0.1297247228300516,600,3,2.0,2.0,3.0,3.0,full,1382.8424606890117,,3,3,bic,0.3196276669914368,0.0670169999939389,0.3891418749990407,,,,,,tanh,122.0,True,,,
swiss_roll,8,17,autog2m2,fixed,ok,,0.2350029928080922,600,3,2.0,2.0,3.0,3.0,full,510.4380756028109,,3,3,bic,2.0824769159953576,0.0233524590003071,2.109605040997849,1.8427616249973653,0.0130101249960716,0.1181881670054281,0.0189679169998271,,,,,,,
swiss_roll,8,17,autogmm_spectral,fixed,ok,,0.4155201370986223,600,3,2.0,2.0,3.0,3.0,full,-8570.14957359841,lse,3,3,bic,,0.0472166669933358,0.1222387080051703,,,,,0.0736439159954898,,,,,,
swiss_roll,8,17,mclust,fixed,ok,,0.2433598862445269,600,3,8.0,,3.0,3.0,EVE,15652.7860227226,,3,3,bic,,0.347,0.751973459002329,,,,,,,,,8069.476338259513,76.0,15606.999578526444
swiss_roll,8,17,pca,fixed,ok,,0.2235051566177328,600,3,2.0,2.0,3.0,3.0,spherical,4777.455371458911,,3,3,bic,0.0008806659898255,0.02598916599527,0.0297653750021709,,,,,,,,,,,
swiss_roll,8,17,umap,fixed,ok,,0.5653876419740168,600,3,2.0,2.0,3.0,3.0,full,5814.016739551013,,3,3,bic,0.6534708339895587,0.0179194590018596,0.6751054170017596,,,,,,,,,,,
swiss_roll,8,18,ae_relu,fixed,ok,,0.1596632533793861,600,3,2.0,2.0,3.0,3.0,full,4263.486677350518,,3,3,bic,0.1781912089936668,0.0384412909916136,0.2196094169921707,,,,,,relu,111.0,True,,,
swiss_roll,8,18,ae_tanh,fixed,ok,,0.1624942233368361,600,3,2.0,2.0,3.0,3.0,diag,1287.213277998641,,3,3,bic,0.3483789999881992,0.0390607919980539,0.3896344999957364,,,,,,tanh,129.0,True,,,
swiss_roll,8,18,autog2m2,fixed,ok,,0.261554788571489,600,3,2.0,2.0,3.0,3.0,diag,-42.34274178345648,,3,3,bic,2.054160457992112,0.0204264589992817,2.0773167079896666,1.8140997090085875,0.013320708007086,0.1256439159915316,0.0175338330009253,,,,,,,
swiss_roll,8,18,autogmm_spectral,fixed,ok,,0.1513814477482453,600,3,2.0,2.0,3.0,3.0,full,-8978.924241908137,lse,3,3,bic,,0.0629751249944092,0.1389685419999295,,,,,0.0745860000024549,,,,,,
swiss_roll,8,18,mclust,fixed,ok,,0.1528765107320306,600,3,8.0,,3.0,3.0,VVE,15520.270064047532,,3,3,bic,,0.2309999999999999,0.636806250011432,,,,,,,,,8009.615288577196,78.0,15382.3551037225
swiss_roll,8,18,pca,fixed,ok,,0.1573374284839482,600,3,2.0,2.0,3.0,3.0,full,4715.930030862824,,3,3,bic,0.0008213749970309,0.0274402500072028,0.0309137910080607,,,,,,,,,,,
swiss_roll,8,18,umap,fixed,ok,,0.2662980195043357,600,3,2.0,2.0,3.0,3.0,full,5786.03351851498,,3,3,bic,0.6745562500000233,0.0327625420031836,0.7114587500109337,,,,,,,,,,,
swiss_roll,8,19,ae_relu,fixed,ok,,0.3500211798116964,600,3,2.0,2.0,3.0,3.0,full,5520.534264644976,,3,3,bic,0.295731040998362,0.0294973330019274,0.3280757079919567,,,,,,relu,195.0,True,,,
swiss_roll,8,19,ae_tanh,fixed,ok,,0.2379265282355604,600,3,2.0,2.0,3.0,3.0,diag,1289.437500247716,,3,3,bic,0.2637278750044061,0.0525412499991944,0.3188802499935264,,,,,,tanh,101.0,True,,,
swiss_roll,8,19,autog2m2,fixed,ok,,0.3710801571887508,600,3,2.0,2.0,3.0,3.0,full,942.5345288590868,,3,3,bic,2.1681797089986503,0.0301733340020291,2.2013839580031345,1.9188350420008649,0.0128596660069888,0.1236676250118762,0.0193537500017555,,,,,,,
swiss_roll,8,19,autogmm_spectral,fixed,ok,,0.3111326682649864,600,3,2.0,2.0,3.0,3.0,full,-8589.191829931353,lse,3,3,bic,,0.0670022499980405,0.1400813749933149,,,,,0.0716813750041183,,,,,,
swiss_roll,8,19,mclust,fixed,ok,,0.2378256517282839,600,3,8.0,,3.0,3.0,VEE,15167.860616952405,,3,3,bic,,0.237,0.6411981249984819,,,,,,,,,7788.632057443118,64.0,15063.829343574886
swiss_roll,8,19,pca,fixed,ok,,0.4444120538799949,600,3,2.0,2.0,3.0,3.0,tied,4758.918792050528,,3,3,bic,0.0008975420059869,0.0340812920039752,0.0378722079913131,,,,,,,,,,,
swiss_roll,8,19,umap,fixed,ok,,0.4334522086796158,600,3,2.0,2.0,3.0,3.0,full,5967.067840924392,,3,3,bic,0.643018792005023,0.01754158300173,0.6657339590019546,,,,,,,,,,,
swiss_roll,16,0,ae_relu,fixed,ok,,0.0293181419016906,600,3,2.0,2.0,3.0,3.0,full,6285.178423237265,,3,3,bic,0.5914718330022879,0.0301011249975999,0.6267634999967413,,,,,,relu,387.0,True,,,
swiss_roll,16,0,ae_tanh,fixed,ok,,0.0583138230060075,600,3,2.0,2.0,3.0,3.0,diag,1463.1849550258455,,3,3,bic,0.3681220409926027,0.0409209159988677,0.4117939169955207,,,,,,tanh,135.0,True,,,
swiss_roll,16,0,autog2m2,fixed,ok,,0.4852615871262635,600,3,2.0,2.0,3.0,3.0,full,1382.4914049551414,,3,3,bic,2.351555667002686,0.0353250420012045,2.389766832988244,2.1365322499914328,0.0095980830083135,0.1196118340012617,0.01617304199317,,,,,,,
swiss_roll,16,0,autogmm_spectral,fixed,ok,,0.228673632603903,600,3,2.0,2.0,3.0,3.0,full,-8961.895623651038,lse,3,3,bic,,0.0778284999978495,0.2034288750000996,,,,,0.1234552910027559,,,,,,
swiss_roll,16,0,mclust,fixed,ok,,0.0109017933118179,600,3,16.0,,3.0,3.0,EEE,48241.306233612304,,3,3,bic,,1.009,1.692180832993472,,,,,,,,,24715.567574741253,186.0,48044.99616466525
swiss_roll,16,0,pca,fixed,ok,,0.0758888421669017,600,3,2.0,2.0,3.0,3.0,full,5568.743484205486,,3,3,bic,0.0011889590095961,0.0311538329988252,0.0350244160072179,,,,,,,,,,,
swiss_roll,16,0,umap,fixed,ok,,0.4290090310348713,600,3,2.0,2.0,3.0,3.0,full,5991.815395155746,,3,3,bic,0.6207714170013787,0.0238776250043883,0.6497166249901056,,,,,,,,,,,
swiss_roll,16,1,ae_relu,fixed,ok,,0.2092789573681095,600,3,2.0,2.0,3.0,3.0,tied,4798.7832716498,,3,3,bic,0.1422838330036029,0.035890917002689,0.1819019579997984,,,,,,relu,93.0,True,,,
swiss_roll,16,1,ae_tanh,fixed,ok,,0.0495329241593143,600,3,2.0,2.0,3.0,3.0,diag,1577.5278309355838,,3,3,bic,0.2610079169971868,0.0902190409979084,0.3538560419983696,,,,,,tanh,93.0,True,,,
swiss_roll,16,1,autog2m2,fixed,ok,,0.3851792316405172,600,3,2.0,2.0,3.0,3.0,full,1172.2962968853742,,3,3,bic,2.468171957996674,0.016812290996313,2.487720082994201,2.2721204580011545,0.0097772080043796,0.0994709999940823,0.016279959003441,,,,,,,
swiss_roll,16,1,autogmm_spectral,fixed,ok,,0.0251029367033759,600,3,2.0,2.0,3.0,3.0,diag,-8550.914280431685,lse,3,3,bic,,0.1039645829878281,0.2282364999991841,,,,,0.1220117080083582,,,,,,
swiss_roll,16,1,mclust,fixed,ok,,0.0234676955355104,600,3,16.0,,3.0,3.0,EEE,44758.79127426975,,3,3,bic,,1.407,2.075283832993591,,,,,,,,,22974.310095069977,186.0,44600.08052057281
swiss_roll,16,1,pca,fixed,ok,,0.0684043270614835,600,3,2.0,2.0,3.0,3.0,full,5496.969456139516,,3,3,bic,0.0008999999990919,0.0293749590055085,0.0327894999936688,,,,,,,,,,,
swiss_roll,16,1,umap,fixed,ok,,0.4893109037045821,600,3,2.0,2.0,3.0,3.0,full,5856.532648066632,,3,3,bic,0.6251044579985319,0.0202947919897269,0.6514761250000447,,,,,,,,,,,
swiss_roll,16,2,ae_relu,fixed,ok,,0.1131427055187103,600,3,2.0,2.0,3.0,3.0,full,5551.832063796619,,3,3,bic,0.4251142919965787,0.0357642909948481,0.4635878749977564,,,,,,relu,274.0,True,,,
swiss_roll,16,2,ae_tanh,fixed,ok,,0.0893508777599419,600,3,2.0,2.0,3.0,3.0,tied,1219.1676302838844,,3,3,bic,0.3850937499955762,0.049081290999311,0.4368567909987177,,,,,,tanh,141.0,True,,,
swiss_roll,16,2,autog2m2,fixed,ok,,0.1747520920440573,600,3,2.0,2.0,3.0,3.0,full,542.6814124838237,,3,3,bic,2.3941442079958506,0.0218720419943565,2.418821333005326,2.1743681660009315,0.0101218329946277,0.100485375005519,0.0324809589947108,,,,,,,
swiss_roll,16,2,autogmm_spectral,fixed,ok,,0.298443947310495,600,3,2.0,2.0,3.0,3.0,full,-8963.157228463913,lse,3,3,bic,,0.0936087500012945,0.2123843750014202,,,,,0.1165455409936839,,,,,,
swiss_roll,16,2,mclust,fixed,ok,,0.0022009644203282,600,3,16.0,,3.0,3.0,EEE,49717.587467118734,,3,3,bic,,1.0750000000000002,1.7570783330011182,,,,,,,,,25453.70819149447,186.0,49516.88542520886
swiss_roll,16,2,pca,fixed,ok,,0.0581902066550074,600,3,2.0,2.0,3.0,3.0,tied,5614.752062253494,,3,3,bic,0.001003083991236,0.0263512499950593,0.0300632919970667,,,,,,,,,,,
swiss_roll,16,2,umap,fixed,ok,,0.4728685644804744,600,3,2.0,2.0,3.0,3.0,full,5890.973393480324,,3,3,bic,0.6282137910020538,0.0227483329945243,0.6545525419933256,,,,,,,,,,,
swiss_roll,16,3,ae_relu,fixed,ok,,0.263262661861004,600,3,2.0,2.0,3.0,3.0,full,5159.027762769372,,3,3,bic,0.6776699580077548,0.0259516249934677,0.7065386670001317,,,,,,relu,446.0,True,,,
swiss_roll,16,3,ae_tanh,fixed,ok,,0.1980301939279801,600,3,2.0,2.0,3.0,3.0,full,1375.841860362258,,3,3,bic,0.4693639999895822,0.0492676659923745,0.5212267910101218,,,,,,tanh,150.0,True,,,
swiss_roll,16,3,autog2m2,fixed,ok,,0.1586766676457435,600,3,2.0,2.0,3.0,3.0,full,1644.285475488316,,3,3,bic,2.367416958004469,0.0264659999957075,2.396904624998569,2.175501624995377,0.0091269169934093,0.0981793329992797,0.016189125002711,,,,,,,
swiss_roll,16,3,autogmm_spectral,fixed,ok,,0.6427849453620511,600,3,2.0,2.0,3.0,3.0,full,-9323.51313877579,lse,3,3,bic,,0.0872690000105649,0.204378791997442,,,,,0.1149373749940423,,,,,,
swiss_roll,16,3,mclust,fixed,ok,,0.2365316723682699,600,3,16.0,,3.0,3.0,EEE,50758.325703309725,,3,3,bic,,1.083,1.743798167008208,,,,,,,,,25974.077309589964,186.0,50569.33534085846
swiss_roll,16,3,pca,fixed,ok,,0.1784931224974229,600,3,2.0,2.0,3.0,3.0,full,5501.446781354791,,3,3,bic,0.0010487499966984,0.0298544169927481,0.0335870830022031,,,,,,,,,,,
swiss_roll,16,3,umap,fixed,ok,,0.7959755156060209,600,3,2.0,2.0,3.0,3.0,full,5997.101466562126,,3,3,bic,0.6350722920033149,0.0241419999947538,0.6631334580015391,,,,,,,,,,,
swiss_roll,16,4,ae_relu,fixed,ok,,0.3506521421564261,600,3,2.0,2.0,3.0,3.0,full,4316.129834317914,,3,3,bic,0.8372799170028884,0.0208254169992869,0.8613535829936154,,,,,,relu,552.0,True,,,
swiss_roll,16,4,ae_tanh,fixed,ok,,0.2549346211586082,600,3,2.0,2.0,3.0,3.0,full,1580.488206855406,,3,3,bic,0.2097145000007003,0.049116583992145,0.2617539589991793,,,,,,tanh,76.0,True,,,
swiss_roll,16,4,autog2m2,fixed,ok,,0.2058288573571132,600,3,2.0,2.0,3.0,3.0,full,1349.2710939678018,,3,3,bic,2.367411875005928,0.0199547499942127,2.390463042000192,2.157645333005348,0.0104431660001864,0.103898332992685,0.016265000012936,,,,,,,
swiss_roll,16,4,autogmm_spectral,fixed,ok,,0.387522742339171,600,3,2.0,2.0,3.0,3.0,full,-8957.960240076465,lse,3,3,bic,,0.078761499011307,0.1979759999958332,,,,,0.1170339999953284,,,,,,
swiss_roll,16,4,mclust,fixed,ok,,0.0935635345099648,600,3,16.0,,3.0,3.0,VVE,50655.024053207206,,3,3,bic,,1.472,2.1318774160026805,,,,,,,,,26024.77735902216,218.0,50617.92442496867
swiss_roll,16,4,pca,fixed,ok,,0.17105911816481,600,3,2.0,2.0,3.0,3.0,full,5416.116327436628,,3,3,bic,0.0012172910064691,0.0344723329908447,0.0383987499953946,,,,,,,,,,,
swiss_roll,16,4,umap,fixed,ok,,0.60611066539878,600,3,2.0,2.0,3.0,3.0,full,5890.801651902488,,3,3,bic,0.6328832089930074,0.0259016249910928,0.662405957991723,,,,,,,,,,,
swiss_roll,16,5,ae_relu,fixed,ok,,0.1444380452503342,600,3,2.0,2.0,3.0,3.0,full,5528.41022180009,,3,3,bic,0.3950338330032537,0.0300423749868059,0.4279716249875491,,,,,,relu,244.0,True,,,
swiss_roll,16,5,ae_tanh,fixed,ok,,0.1521830201846418,600,3,2.0,2.0,3.0,3.0,full,1428.2785312881997,,3,3,bic,0.3227360000018962,0.0654845419921912,0.3908334169973386,,,,,,tanh,119.0,True,,,
swiss_roll,16,5,autog2m2,fixed,ok,,0.292809019237604,600,3,2.0,2.0,3.0,3.0,full,1758.71985372781,,3,3,bic,2.2981458750000456,0.018806082996889,2.3203868749988037,2.0983367080043536,0.0099113750038668,0.1030065000086324,0.0163068330002715,,,,,,,
swiss_roll,16,5,autogmm_spectral,fixed,ok,,0.252777810370681,600,3,2.0,2.0,3.0,3.0,full,-8824.06093447137,lse,3,3,bic,,0.0778162920032627,0.195809165990795,,,,,0.115854624993517,,,,,,
swiss_roll,16,5,mclust,fixed,ok,,0.3856668102795125,600,3,16.0,,3.0,3.0,EEE,50360.13165877413,,3,3,bic,,0.905,1.570908416993916,,,,,,,,,25774.980287322163,186.0,50201.24899541796
swiss_roll,16,5,pca,fixed,ok,,0.1649251119508073,600,3,2.0,2.0,3.0,3.0,full,5597.090094849529,,3,3,bic,0.0010299169953214,0.0326050419971579,0.0361767919966951,,,,,,,,,,,
swiss_roll,16,5,umap,fixed,ok,,0.8001954070820613,600,3,2.0,2.0,3.0,3.0,full,5887.594829961808,,3,3,bic,0.6281117500038818,0.0220154169946908,0.6539890410058433,,,,,,,,,,,
swiss_roll,16,6,ae_relu,fixed,ok,,0.2928447053472438,600,3,2.0,2.0,3.0,3.0,full,4674.688368730094,,3,3,bic,1.0319883750053125,0.0232634999993024,1.0586826669896254,,,,,,relu,671.0,True,,,
swiss_roll,16,6,ae_tanh,fixed,ok,,0.1605269236815519,600,3,2.0,2.0,3.0,3.0,full,1373.1774617357803,,3,3,bic,0.3732540829951176,0.0502919589926023,0.4261530420044437,,,,,,tanh,135.0,True,,,
swiss_roll,16,6,autog2m2,fixed,ok,,0.3430917471529297,600,3,2.0,2.0,3.0,3.0,full,519.4597052759814,,3,3,bic,2.247506166007952,0.0298272079962771,2.280314499992528,2.050975624995772,0.0099323329923208,0.1028320839977823,0.0162936670094495,,,,,,,
swiss_roll,16,6,autogmm_spectral,fixed,ok,,0.4463545776436197,600,3,2.0,2.0,3.0,3.0,full,-8878.890696962648,lse,3,3,bic,,0.0914292509987717,0.215480375001789,,,,,0.1216142500052228,,,,,,
swiss_roll,16,6,mclust,fixed,ok,,0.3469926837573772,600,3,16.0,,3.0,3.0,EEE,50505.16525309373,,3,3,bic,,0.802,1.4594615830137627,,,,,,,,,25847.497084481965,186.0,50352.68518120504
swiss_roll,16,6,pca,fixed,ok,,0.183333835414939,600,3,2.0,2.0,3.0,3.0,diag,5436.072018792513,,3,3,bic,0.0009551669936627,0.0282819170097354,0.0321224580111447,,,,,,,,,,,
swiss_roll,16,6,umap,fixed,ok,,0.8588371591864219,600,3,2.0,2.0,3.0,3.0,full,5860.956268065411,,3,3,bic,0.6379573750018608,0.0153527499933261,0.6567508750013076,,,,,,,,,,,
swiss_roll,16,7,ae_relu,fixed,ok,,0.0914190434495982,600,3,2.0,2.0,3.0,3.0,full,4584.415156206631,,3,3,bic,0.6227451250015292,0.0377615000033983,0.6639439170103287,,,,,,relu,379.0,True,,,
swiss_roll,16,7,ae_tanh,fixed,ok,,0.1856153499107554,600,3,2.0,2.0,3.0,3.0,diag,1681.1473192769051,,3,3,bic,0.1506701670004986,0.0758432500006165,0.2292122920043766,,,,,,tanh,55.0,True,,,
swiss_roll,16,7,autog2m2,fixed,ok,,0.2709341235354253,600,3,2.0,2.0,3.0,3.0,full,1147.5722492971058,,3,3,bic,2.464666750005563,0.0178036669967696,2.487088499998208,2.255409250006778,0.011383624994778,0.1025247500074328,0.0162873749941354,,,,,,,
swiss_roll,16,7,autogmm_spectral,fixed,ok,,0.3787365827572197,600,3,2.0,2.0,3.0,3.0,full,-8576.103907006942,lse,3,3,bic,,0.0448069580015726,0.1216476670088013,,,,,0.075386290991446,,,,,,
swiss_roll,16,7,mclust,fixed,ok,,0.0645869177575983,600,3,16.0,,3.0,3.0,VVE,48641.51842398993,,3,3,bic,,2.927,3.3445072500035167,,,,,,,,,25018.024544413525,218.0,48557.01797294058
swiss_roll,16,7,pca,fixed,ok,,0.1887809268237771,600,3,2.0,2.0,3.0,3.0,diag,5391.011140365254,,3,3,bic,0.0009582500060787,0.0304624170094029,0.0342048330057878,,,,,,,,,,,
swiss_roll,16,7,umap,fixed,ok,,0.536706276390247,600,3,2.0,2.0,3.0,3.0,full,5776.005334880212,,3,3,bic,0.6686119170044549,0.0245093330013332,0.7021000829990953,,,,,,,,,,,
swiss_roll,16,8,ae_relu,fixed,ok,,0.1118885275457918,600,3,2.0,2.0,3.0,3.0,full,4981.405218877542,,3,3,bic,0.8385138330049813,0.0364473329973407,0.8782634170056554,,,,,,relu,411.0,True,,,
swiss_roll,16,8,ae_tanh,fixed,ok,,0.1143728985491307,600,3,2.0,2.0,3.0,3.0,full,1349.5951184784276,,3,3,bic,0.2592100839974591,0.0608651670045219,0.3227971250016708,,,,,,tanh,95.0,True,,,
swiss_roll,16,8,autog2m2,fixed,ok,,0.3857057448084031,600,3,2.0,2.0,3.0,3.0,full,1722.8533897778018,,3,3,bic,3.291015334005351,0.035749582995777,3.3301086669962388,3.075813084011316,0.0117355419934028,0.0978231250046519,0.0195192499959375,,,,,,,
swiss_roll,16,8,autogmm_spectral,fixed,ok,,0.2927599102632925,600,3,2.0,2.0,3.0,3.0,full,-9130.179489843293,lse,3,3,bic,,0.0376212510018376,0.1127497919951565,,,,,0.0736406250071013,,,,,,
swiss_roll,16,8,mclust,fixed,ok,,0.0558347475228796,600,3,16.0,,3.0,3.0,VVE,54364.73419920536,,3,3,bic,,1.23,1.6637423329957528,,,,,,,,,27879.63243202124,218.0,54321.03198326661
swiss_roll,16,8,pca,fixed,ok,,0.0951072646626635,600,3,2.0,2.0,3.0,3.0,full,5267.980579261294,,3,3,bic,0.0011766250099753,0.0403113749925978,0.0442565830016974,,,,,,,,,,,
swiss_roll,16,8,umap,fixed,ok,,0.5300504558333,600,3,2.0,2.0,3.0,3.0,full,5926.509976172752,,3,3,bic,0.6708860840008128,0.0332682500011287,0.7077501250023488,,,,,,,,,,,
swiss_roll,16,9,ae_relu,fixed,ok,,0.1211006437597939,600,3,2.0,2.0,3.0,3.0,full,5256.893871382632,,3,3,bic,0.7745070829987526,0.0471644579956773,0.8294632500037551,,,,,,relu,453.0,True,,,
swiss_roll,16,9,ae_tanh,fixed,ok,,0.3126005702687139,600,3,2.0,2.0,3.0,3.0,full,1116.8494179086222,,3,3,bic,0.5107605419907486,0.0446605000033741,0.5583286250039237,,,,,,tanh,183.0,True,,,
swiss_roll,16,9,autog2m2,fixed,ok,,0.3709465197486419,600,3,2.0,2.0,3.0,3.0,full,1424.4502274801769,,3,3,bic,2.52113824999833,0.044089624992921,2.5682871250028256,2.3035065830044914,0.0110956249991431,0.1100279590027639,0.0166198339866241,,,,,,,
swiss_roll,16,9,autogmm_spectral,fixed,ok,,0.3754847537673315,600,3,2.0,2.0,3.0,3.0,full,-8953.56559481104,lse,3,3,bic,,0.0641350420046364,0.1402761659992393,,,,,0.0747501659934641,,,,,,
swiss_roll,16,9,mclust,fixed,ok,,0.1497347355095312,600,3,16.0,,3.0,3.0,VVE,50722.18805331906,,3,3,bic,,0.813,1.2332371670054272,,,,,,,,,26058.35935907809,218.0,50676.211804749546
swiss_roll,16,9,pca,fixed,ok,,0.3105327135489276,600,3,2.0,2.0,3.0,3.0,full,5482.532582136671,,3,3,bic,0.0009962500043911,0.0243166669970378,0.0279808749910444,,,,,,,,,,,
swiss_roll,16,9,umap,fixed,ok,,0.5511698970909125,600,3,2.0,2.0,3.0,3.0,full,5847.966751157983,,3,3,bic,0.661307291011326,0.0197807500080671,0.6847719999932451,,,,,,,,,,,
swiss_roll,16,10,ae_relu,fixed,ok,,0.1874377462373774,600,3,2.0,2.0,3.0,3.0,full,4739.250361263219,,3,3,bic,0.7534643749968382,0.0381766250065993,0.7944549580133753,,,,,,relu,486.0,True,,,
swiss_roll,16,10,ae_tanh,fixed,ok,,0.1776159375525131,600,3,2.0,2.0,3.0,3.0,diag,1489.9613378344536,,3,3,bic,0.3972500840027351,0.0514654169965069,0.4514280419971328,,,,,,tanh,136.0,True,,,
swiss_roll,16,10,autog2m2,fixed,ok,,0.1493089613717252,600,3,2.0,2.0,3.0,3.0,full,395.829845032669,,3,3,bic,2.2852662920049625,0.0218398330034688,2.310412708000513,2.0798095840000315,0.0100758330081589,0.1084343749971594,0.0162134169950149,,,,,,,
swiss_roll,16,10,autogmm_spectral,fixed,ok,,0.4134283196275901,600,3,2.0,2.0,3.0,3.0,full,-8536.657529139988,lse,3,3,bic,,0.0484114170103566,0.1231250829878263,,,,,0.0733330840012058,,,,,,
swiss_roll,16,10,mclust,fixed,ok,,0.1330747921605663,600,3,16.0,,3.0,3.0,VVE,48642.87866747729,,3,3,bic,,1.352,1.760602167007164,,,,,,,,,25018.70466615721,218.0,48571.64909234214
swiss_roll,16,10,pca,fixed,ok,,0.1908203468586909,600,3,2.0,2.0,3.0,3.0,full,5467.712968746023,,3,3,bic,0.0013539580104406,0.0310622499964665,0.0351280419999966,,,,,,,,,,,
swiss_roll,16,10,umap,fixed,ok,,0.6229544673427352,600,3,2.0,2.0,3.0,3.0,full,5879.826510183397,,3,3,bic,0.6379627090063877,0.0246389579988317,0.6664793749951059,,,,,,,,,,,
swiss_roll,16,11,ae_relu,fixed,ok,,0.1933550995732635,600,3,2.0,2.0,3.0,3.0,full,5471.996207458379,,3,3,bic,0.7159290839917958,0.0230093330028466,0.7417209999985062,,,,,,relu,477.0,True,,,
swiss_roll,16,11,ae_tanh,fixed,ok,,0.1665239639324513,600,3,2.0,2.0,3.0,3.0,diag,1580.9345574269798,,3,3,bic,0.2705994160060072,0.0563756249903235,0.3295712920080405,,,,,,tanh,96.0,True,,,
swiss_roll,16,11,autog2m2,fixed,ok,,0.3258187648706414,600,3,2.0,2.0,3.0,3.0,diag,742.0601561056608,,3,3,bic,2.315509584004758,0.0198928330064518,2.338097582993214,2.10907370899804,0.0105790410016197,0.1049516250059241,0.0162221249920548,,,,,,,
swiss_roll,16,11,autogmm_spectral,fixed,ok,,0.2869314471032399,600,3,2.0,2.0,3.0,3.0,full,-8816.846299186409,lse,3,3,bic,,0.0730943329981528,0.1473124999902211,,,,,0.0729191660066135,,,,,,
swiss_roll,16,11,mclust,fixed,ok,,-7.027244381329985e-06,600,3,16.0,,3.0,3.0,EEE,48796.18727747438,,3,3,bic,,0.678,1.0855413750105072,,,,,,,,,24993.008096672293,186.0,48626.63671994711
swiss_roll,16,11,pca,fixed,ok,,0.2179756197267454,600,3,2.0,2.0,3.0,3.0,full,5499.695882637289,,3,3,bic,0.0009331670007668,0.0339719589974265,0.0378316249989438,,,,,,,,,,,
swiss_roll,16,11,umap,fixed,ok,,0.5767556852722151,600,3,2.0,2.0,3.0,3.0,full,5959.066305806147,,3,3,bic,0.6361412090045633,0.0312243329972261,0.6708707920042798,,,,,,,,,,,
swiss_roll,16,12,ae_relu,fixed,ok,,0.1590537749586662,600,3,2.0,2.0,3.0,3.0,full,5261.649624177762,,3,3,bic,0.5838167499896372,0.0370459590048994,0.623638832999859,,,,,,relu,384.0,True,,,
swiss_roll,16,12,ae_tanh,fixed,ok,,0.1598626980360095,600,3,2.0,2.0,3.0,3.0,full,1261.6435986614931,,3,3,bic,0.404300708003575,0.057681042002514,0.4648143750091549,,,,,,tanh,137.0,True,,,
swiss_roll,16,12,autog2m2,fixed,ok,,0.1966829340420006,600,3,2.0,2.0,3.0,3.0,full,1414.5710403043686,,3,3,bic,2.3014129170042,0.0297274999902583,2.3339112919929903,2.094208875001641,0.0105538749921834,0.1053286250098608,0.0162002079887315,,,,,,,
swiss_roll,16,12,autogmm_spectral,fixed,ok,,0.2591523099822068,600,3,2.0,2.0,3.0,3.0,full,-8570.745308493486,lse,3,3,bic,,0.0736220829858211,0.1493632500059902,,,,,0.0743085419962881,,,,,,
swiss_roll,16,12,mclust,fixed,ok,,0.2111701812334206,600,3,16.0,,3.0,3.0,EEE,48224.96788461189,,3,3,bic,,0.843,1.2480569159961306,,,,,,,,,24707.398400241043,186.0,48042.3104630277
swiss_roll,16,12,pca,fixed,ok,,0.1441106273073052,600,3,2.0,2.0,3.0,3.0,full,5593.198716676977,,3,3,bic,0.0010156249918509,0.0365657090005697,0.0401480830041691,,,,,,,,,,,
swiss_roll,16,12,umap,fixed,ok,,0.1937251435939487,600,3,2.0,2.0,3.0,3.0,full,6167.561219743362,,3,3,bic,0.6356984580052085,0.0203046249953331,0.6598276669974439,,,,,,,,,,,
swiss_roll,16,13,ae_relu,fixed,ok,,0.0151530688706407,600,3,2.0,2.0,3.0,3.0,full,4638.598981315445,,3,3,bic,0.9459909170109312,0.0299127500038594,0.9789427920040908,,,,,,relu,530.0,True,,,
swiss_roll,16,13,ae_tanh,fixed,ok,,0.0311870399708379,600,3,2.0,2.0,3.0,3.0,tied,1318.1575255100342,,3,3,bic,0.3060669589904137,0.0430339580052532,0.3516966250026598,,,,,,tanh,110.0,True,,,
swiss_roll,16,13,autog2m2,fixed,ok,,0.159496314569142,600,3,2.0,2.0,3.0,3.0,spherical,710.4533767840652,,3,3,bic,2.8764160419959808,0.0455424999963725,2.925778624994564,2.5633422499959124,0.0130650419887388,0.1816608750086743,0.0217563329933909,,,,,,,
swiss_roll,16,13,autogmm_spectral,fixed,ok,,0.3905206485247488,600,3,2.0,2.0,3.0,3.0,full,-8992.788417802905,lse,3,3,bic,,0.0631952910043764,0.1381749590073013,,,,,0.0735829170007491,,,,,,
swiss_roll,16,13,mclust,fixed,ok,,0.0550402841758176,600,3,16.0,,3.0,3.0,EEE,50728.20216690774,,3,3,bic,,0.6559999999999999,1.0657379580079578,,,,,,,,,25959.01554138897,186.0,50531.7238661691
swiss_roll,16,13,pca,fixed,ok,,0.0528423338988508,600,3,2.0,2.0,3.0,3.0,diag,5625.794364796984,,3,3,bic,0.0012177909957244,0.0299067080050008,0.0343431660003261,,,,,,,,,,,
swiss_roll,16,13,umap,fixed,ok,,0.5674201156324251,600,3,2.0,2.0,3.0,3.0,full,5866.687096730127,,3,3,bic,0.8166387080127606,0.0178264170099282,0.8387177090044133,,,,,,,,,,,
swiss_roll,16,14,ae_relu,fixed,ok,,0.3886618182473819,600,3,2.0,2.0,3.0,3.0,full,5324.7856315526415,,3,3,bic,0.4339612500043586,0.039385249998304,0.4764289169979747,,,,,,relu,277.0,True,,,
swiss_roll,16,14,ae_tanh,fixed,ok,,0.2700054705691087,600,3,2.0,2.0,3.0,3.0,full,1360.9903986537993,,3,3,bic,0.3600888329965528,0.0499670829885872,0.4125530830060597,,,,,,tanh,121.0,True,,,
swiss_roll,16,14,autog2m2,fixed,ok,,0.2043325716111022,600,3,2.0,2.0,3.0,3.0,full,1584.927049548627,,3,3,bic,2.572793792001903,0.0336491660127649,2.609788791000028,2.352333374990849,0.0104627909895498,0.1124443750013597,0.0182927089917939,,,,,,,
swiss_roll,16,14,autogmm_spectral,fixed,ok,,0.4126545023104336,600,3,2.0,2.0,3.0,3.0,diag,-8971.352487397366,lse,3,3,bic,,0.0638833340053679,0.1373718339891638,,,,,0.0721014169976115,,,,,,
swiss_roll,16,14,mclust,fixed,ok,,0.1871939826553495,600,3,16.0,,3.0,3.0,VVE,52472.882779898304,,3,3,bic,,0.7440000000000001,1.1567028749996098,,,,,,,,,26933.70672236771,218.0,52416.14700850178
swiss_roll,16,14,pca,fixed,ok,,0.2995997433448465,600,3,2.0,2.0,3.0,3.0,full,5479.724119634668,,3,3,bic,0.0011086249869549,0.0319745420129038,0.0357249169901479,,,,,,,,,,,
swiss_roll,16,14,umap,fixed,ok,,0.721558067688179,600,3,2.0,2.0,3.0,3.0,full,5823.334226961854,,3,3,bic,0.6912802499864483,0.0221687919984105,0.7173586669960059,,,,,,,,,,,
swiss_roll,16,15,ae_relu,fixed,ok,,0.0546463249728037,600,3,2.0,2.0,3.0,3.0,full,5691.37732276566,,3,3,bic,0.6520319590053987,0.0367511250078678,0.6915449580119457,,,,,,relu,412.0,True,,,
swiss_roll,16,15,ae_tanh,fixed,ok,,0.1892869043221338,600,3,2.0,2.0,3.0,3.0,full,1367.709951451537,,3,3,bic,0.4176462500035995,0.0554865409940248,0.4756849169934867,,,,,,tanh,155.0,True,,,
swiss_roll,16,15,autog2m2,fixed,ok,,0.2812796795545793,600,3,2.0,2.0,3.0,3.0,full,893.2397125277446,,3,3,bic,2.5683060839946847,0.0220154999988153,2.593352124997182,2.338521749989013,0.0118817500042496,0.1145153340039542,0.0174385420104954,,,,,,,
swiss_roll,16,15,autogmm_spectral,fixed,ok,,0.3265251502014015,600,3,2.0,2.0,3.0,3.0,full,-8712.981698876894,lse,3,3,bic,,0.066384874007781,0.1442382919922238,,,,,0.0764809579995926,,,,,,
swiss_roll,16,15,mclust,fixed,ok,,0.1018626231621458,600,3,16.0,,3.0,3.0,VVE,50764.92296061505,,3,3,bic,,1.986,2.401093499996932,,,,,,,,,26079.726812726083,218.0,50699.726737468925
swiss_roll,16,15,pca,fixed,ok,,0.3192966045610765,600,3,2.0,2.0,3.0,3.0,full,5436.3433678704505,,3,3,bic,0.000977249990683,0.0233572080032899,0.0271445419930387,,,,,,,,,,,
swiss_roll,16,15,umap,fixed,ok,,0.7673362992499047,600,3,2.0,2.0,3.0,3.0,full,5816.904537793109,,3,3,bic,0.6730276669986779,0.02058300000499,0.6974148329900345,,,,,,,,,,,
swiss_roll,16,16,ae_relu,fixed,ok,,0.3087439162392023,600,3,2.0,2.0,3.0,3.0,full,5276.76233921032,,3,3,bic,0.9152357909915736,0.0437887500011129,0.9619270839903038,,,,,,relu,604.0,True,,,
swiss_roll,16,16,ae_tanh,fixed,ok,,0.2503025633043333,600,3,2.0,2.0,3.0,3.0,full,1568.6790129972214,,3,3,bic,0.2042764580110088,0.0413027499889722,0.2484923750016605,,,,,,tanh,66.0,True,,,
swiss_roll,16,16,autog2m2,fixed,ok,,0.3521246285866107,600,3,2.0,2.0,3.0,3.0,full,253.55100081522056,,3,3,bic,2.440010042002541,0.0241717080061789,2.4671403329994064,2.229216333013028,0.0108118749922141,0.109793499999796,0.0180194169952301,,,,,,,
swiss_roll,16,16,autogmm_spectral,fixed,ok,,0.2513139655845131,600,3,2.0,2.0,3.0,3.0,full,-8982.15624739854,lse,3,3,bic,,0.0639568749902537,0.1373470410035224,,,,,0.0719972920051077,,,,,,
swiss_roll,16,16,mclust,fixed,ok,,0.1213820683824567,600,3,16.0,,3.0,3.0,VVE,49791.92211233433,,3,3,bic,,1.731,2.1487037079932634,,,,,,,,,25593.226388585725,218.0,49756.00278854827
swiss_roll,16,16,pca,fixed,ok,,0.1655171191003916,600,3,2.0,2.0,3.0,3.0,full,5450.664335068115,,3,3,bic,0.0022586669947486,0.0340379999979632,0.0447016660036752,,,,,,,,,,,
swiss_roll,16,16,umap,fixed,ok,,0.229061792775841,600,3,2.0,2.0,3.0,3.0,full,6097.877548365498,,3,3,bic,0.6851304999872809,0.0184546670061536,0.7074281660025008,,,,,,,,,,,
swiss_roll,16,17,ae_relu,fixed,ok,,0.303890243668991,600,3,2.0,2.0,3.0,3.0,full,5702.10734261934,,3,3,bic,0.5456131669925526,0.0328500000032363,0.5811403340048855,,,,,,relu,338.0,True,,,
swiss_roll,16,17,ae_tanh,fixed,ok,,0.2831365522290619,600,3,2.0,2.0,3.0,3.0,full,1324.5545347796512,,3,3,bic,0.2946860830124933,0.0525278749992139,0.3497072500031208,,,,,,tanh,109.0,True,,,
swiss_roll,16,17,autog2m2,fixed,ok,,0.2854202540971668,600,3,2.0,2.0,3.0,3.0,full,1016.9729189403596,,3,3,bic,2.573307707993081,0.0346515419951174,2.611013417001232,2.340563457997632,0.0121062910038745,0.1148122919985326,0.0174324999970849,,,,,,,
swiss_roll,16,17,autogmm_spectral,fixed,ok,,0.4152539737401709,600,3,2.0,2.0,3.0,3.0,full,-8793.130447537938,lse,3,3,bic,,0.0656337910040747,0.1421550829982152,,,,,0.0750941250007599,,,,,,
swiss_roll,16,17,mclust,fixed,ok,,0.2530055237780619,600,3,16.0,,3.0,3.0,VVE,51046.4795623983,,3,3,bic,,0.654,1.062621749995742,,,,,,,,,26220.50511361771,218.0,51003.4188222864
swiss_roll,16,17,pca,fixed,ok,,0.2857134198536291,600,3,2.0,2.0,3.0,3.0,full,5475.04548983035,,3,3,bic,0.0012644169910345,0.0344343329925322,0.0383287090080557,,,,,,,,,,,
swiss_roll,16,17,umap,fixed,ok,,0.5628873619074743,600,3,2.0,2.0,3.0,3.0,full,5960.877087818179,,3,3,bic,0.672671457999968,0.0180585420021088,0.6943618749937741,,,,,,,,,,,
swiss_roll,16,18,ae_relu,fixed,ok,,0.1282147482578738,600,3,2.0,2.0,3.0,3.0,full,4871.099153630153,,3,3,bic,0.194467709006858,0.0402317080006469,0.2375365420011803,,,,,,relu,121.0,True,,,
swiss_roll,16,18,ae_tanh,fixed,ok,,0.1373938584434777,600,3,2.0,2.0,3.0,3.0,diag,1445.0073583360097,,3,3,bic,0.289563458005432,0.0578306670067831,0.3500447499973234,,,,,,tanh,104.0,True,,,
swiss_roll,16,18,autog2m2,fixed,ok,,0.7783311728640463,600,3,2.0,2.0,3.0,3.0,full,1020.0076843617886,,3,3,bic,2.49999095799285,0.034029875008855,2.5368414590047905,2.313071625001612,0.0092528749955818,0.0939546250010607,0.0175766250031301,,,,,,,
swiss_roll,16,18,autogmm_spectral,fixed,ok,,0.4137165497052094,600,3,2.0,2.0,3.0,3.0,full,-9548.539222306516,lse,3,3,bic,,0.0558865010098088,0.12859483298962,,,,,0.0713583339966135,,,,,,
swiss_roll,16,18,mclust,fixed,ok,,0.1193985194762389,600,3,16.0,,3.0,3.0,VVE,51037.738618685806,,3,3,bic,,1.6790000000000005,2.0891810419998365,,,,,,,,,26216.134641761462,218.0,51003.91527434498
swiss_roll,16,18,pca,fixed,ok,,0.0872440247205211,600,3,2.0,2.0,3.0,3.0,full,5326.496140993498,,3,3,bic,0.0010429160029161,0.0456702920055249,0.0493043339956784,,,,,,,,,,,
swiss_roll,16,18,umap,fixed,ok,,0.8897780230965445,600,3,2.0,2.0,3.0,3.0,full,5925.667501333142,,3,3,bic,0.6636794999940321,0.0191277080011786,0.6866484999918612,,,,,,,,,,,
swiss_roll,16,19,ae_relu,fixed,ok,,0.3003699941815372,600,3,2.0,2.0,3.0,3.0,full,3953.301769223018,,3,3,bic,0.7734268330095802,0.0282172090082895,0.8049700830015354,,,,,,relu,487.0,True,,,
swiss_roll,16,19,ae_tanh,fixed,ok,,0.1641899749584905,600,3,2.0,2.0,3.0,3.0,full,1352.8517096218748,,3,3,bic,0.2993401670100866,0.0595374170079594,0.3618754580093082,,,,,,tanh,109.0,True,,,
swiss_roll,16,19,autog2m2,fixed,ok,,0.4262891393475074,600,3,2.0,2.0,3.0,3.0,full,797.3695869752045,,3,3,bic,2.5590095840016147,0.0234532500035129,2.5855290000035893,2.3218737080023857,0.0124858750059502,0.1158362080022925,0.0185461669898359,,,,,,,
swiss_roll,16,19,autogmm_spectral,fixed,ok,,0.1963380917474058,600,3,2.0,2.0,3.0,3.0,full,-9019.153351280229,lse,3,3,bic,,0.064852665993385,0.1409111659886548,,,,,0.0746671250090003,,,,,,
swiss_roll,16,19,mclust,fixed,ok,,0.210218834781659,600,3,16.0,,3.0,3.0,EEE,48810.426269725845,,3,3,bic,,0.6330000000000001,1.0390383750054752,,,,,,,,,25000.127592798024,186.0,48616.89970784954
swiss_roll,16,19,pca,fixed,ok,,0.1052890336387573,600,3,2.0,2.0,3.0,3.0,full,5440.333650950593,,3,3,bic,0.0009968749945983,0.0418717080028727,0.0454023750062333,,,,,,,,,,,
swiss_roll,16,19,umap,fixed,ok,,0.7074886836653477,600,3,2.0,2.0,3.0,3.0,full,5929.313846052144,,3,3,bic,0.7054267920029815,0.0227454169944394,0.7325795420038048,,,,,,,,,,,
swiss_roll,32,0,ae_relu,fixed,ok,,0.0294064940440549,600,3,2.0,2.0,3.0,3.0,full,5900.251973663051,,3,3,bic,0.7952247499924852,0.02330670900119,0.8215436250029597,,,,,,relu,481.0,True,,,
swiss_roll,32,0,ae_tanh,fixed,ok,,0.0028454877709628,600,3,2.0,2.0,3.0,3.0,diag,1602.7360126480282,,3,3,bic,0.3759145829972112,0.0452920410025399,0.4245881670067319,,,,,,tanh,130.0,True,,,
swiss_roll,32,0,autog2m2,fixed,ok,,0.4119041534858008,600,3,2.0,2.0,3.0,3.0,full,657.3054956674979,,3,3,bic,2.5685316669987515,0.0424252090015215,2.6141189170011785,2.324117958007264,0.0123501249909168,0.1253401249996386,0.0170847910048905,,,,,,,
swiss_roll,32,0,autogmm_spectral,fixed,ok,,0.3006076680638735,600,3,2.0,2.0,3.0,3.0,full,-9201.660455084537,lse,3,3,bic,,0.0891685829992638,0.2156446250010049,,,,,0.124219165998511,,,,,,
swiss_roll,32,0,mclust,fixed,ok,,0.0216523385907499,600,3,32.0,,3.0,3.0,EEE,121164.41226807576,,3,3,bic,,3.895,4.571046416996978,,,,,,,,,62584.445116120536,626.0,121050.06915062484
swiss_roll,32,0,pca,fixed,ok,,0.0047028227706353,600,3,2.0,2.0,3.0,3.0,diag,6385.379074007062,,3,3,bic,0.0013132500025676,0.0254231660073855,0.0302385840041097,,,,,,,,,,,
swiss_roll,32,0,umap,fixed,ok,,0.2813138115133336,600,3,2.0,2.0,3.0,3.0,full,6026.322957071741,,3,3,bic,0.7461962499946821,0.0453017079998971,0.7951920829946175,,,,,,,,,,,
swiss_roll,32,1,ae_relu,fixed,ok,,0.3163112951511159,600,3,2.0,2.0,3.0,3.0,full,5862.305729006701,,3,3,bic,0.9010816249938216,0.033275333000347,0.9373680409917142,,,,,,relu,546.0,True,,,
swiss_roll,32,1,ae_tanh,fixed,ok,,0.1753661700488545,600,3,2.0,2.0,3.0,3.0,full,1492.0075493101826,,3,3,bic,0.355691917007789,0.0538667910004733,0.4122969580057543,,,,,,tanh,113.0,True,,,
swiss_roll,32,1,autog2m2,fixed,ok,,0.2005061315822519,600,3,2.0,2.0,3.0,3.0,full,1041.630605334849,,3,3,bic,2.5427260829892475,0.0401280420046532,2.586470249996637,2.337932666996494,0.0103436670033261,0.0980450000060955,0.0163967499975115,,,,,,,
swiss_roll,32,1,autogmm_spectral,fixed,ok,,0.4282445176142273,600,3,2.0,2.0,3.0,3.0,full,-9081.010638297874,lse,3,3,bic,,0.0852526240050792,0.2101605830102926,,,,,0.1226745419990038,,,,,,
swiss_roll,32,1,mclust,fixed,ok,,0.2906165833639893,600,3,32.0,,3.0,3.0,EEE,110470.01041297446,,3,3,bic,,8.239,8.927816540992353,,,,,,,,,57237.244188569886,626.0,110358.18347869738
swiss_roll,32,1,pca,fixed,ok,,0.3222542550457301,600,3,2.0,2.0,3.0,3.0,full,6168.991946085716,,3,3,bic,0.0011935840011574,0.0340612090076319,0.0380322920100297,,,,,,,,,,,
swiss_roll,32,1,umap,fixed,ok,,0.7897959631121698,600,3,2.0,2.0,3.0,3.0,full,5830.350561376469,,3,3,bic,0.6724831250030547,0.0207095419900724,0.6971340830059489,,,,,,,,,,,
swiss_roll,32,2,ae_relu,fixed,ok,,0.1348776522719127,600,3,2.0,2.0,3.0,3.0,diag,6573.083055606199,,3,3,bic,0.3914201250008773,0.0330262089992174,0.4279351670120377,,,,,,relu,227.0,True,,,
swiss_roll,32,2,ae_tanh,fixed,ok,,0.1625083766700442,600,3,2.0,2.0,3.0,3.0,full,1430.3262573184832,,3,3,bic,0.399738249994698,0.0522483340027974,0.4551551250042394,,,,,,tanh,138.0,True,,,
swiss_roll,32,2,autog2m2,fixed,ok,,0.4894025270311081,600,3,2.0,2.0,3.0,3.0,full,1450.6164909504723,,3,3,bic,2.45732458299608,0.022361750001437,2.4828076669946317,2.2590154579957016,0.0099967080022906,0.0950976669992087,0.0169630000018514,,,,,,,
swiss_roll,32,2,autogmm_spectral,fixed,ok,,0.2749742282030987,600,3,2.0,2.0,3.0,3.0,diag,-8856.256522216665,lse,3,3,bic,,0.1177804579929215,0.2395165000052657,,,,,0.1195287919981638,,,,,,
swiss_roll,32,2,mclust,fixed,ok,,0.1139146022706822,600,3,32.0,,3.0,3.0,EEE,118325.99059399846,,3,3,bic,,9.905,10.58824124999228,,,,,,,,,61165.23427908188,626.0,118185.429751084
swiss_roll,32,2,pca,fixed,ok,,0.1604783324236778,600,3,2.0,2.0,3.0,3.0,diag,6412.277893987026,,3,3,bic,0.0013126249978085,0.0309992499969666,0.0355681250075576,,,,,,,,,,,
swiss_roll,32,2,umap,fixed,ok,,0.4365662691988733,600,3,2.0,2.0,3.0,3.0,full,5928.913549123758,,3,3,bic,0.7859549580025487,0.0370672499993816,0.8276702909934102,,,,,,,,,,,
swiss_roll,32,3,ae_relu,fixed,ok,,0.0659030264820612,600,3,2.0,2.0,3.0,3.0,full,6551.209559411852,,3,3,bic,0.7909194589883555,0.0320803750073537,0.8265858329978073,,,,,,relu,480.0,True,,,
swiss_roll,32,3,ae_tanh,fixed,ok,,0.2323820164132141,600,3,2.0,2.0,3.0,3.0,full,1832.8403842526825,,3,3,bic,0.1490137500077253,0.0452975829975912,0.1972295419982401,,,,,,tanh,50.0,True,,,
swiss_roll,32,3,autog2m2,fixed,ok,,0.4315256295328668,600,3,2.0,2.0,3.0,3.0,full,1671.868470433032,,3,3,bic,2.474104458000511,0.0253144999878713,2.502948875000584,2.259580999991158,0.0099595830106409,0.1144258749991422,0.0170124579890398,,,,,,,
swiss_roll,32,3,autogmm_spectral,fixed,ok,,0.488523921713585,600,3,2.0,2.0,3.0,3.0,full,-9375.823745110582,lse,3,3,bic,,0.106226499992772,0.2250153749919263,,,,,0.1165558749926276,,,,,,
swiss_roll,32,3,mclust,fixed,ok,,0.3471771312442888,600,3,32.0,,3.0,3.0,EEE,122075.47038875024,,3,3,bic,,11.761,12.42621620799764,,,,,,,,,63039.97417645776,626.0,121971.67807844584
swiss_roll,32,3,pca,fixed,ok,,0.2265581422142416,600,3,2.0,2.0,3.0,3.0,full,6047.082533826424,,3,3,bic,0.001268958003493,0.0386846250039525,0.0430960419907933,,,,,,,,,,,
swiss_roll,32,3,umap,fixed,ok,,0.2282534375131312,600,3,2.0,2.0,3.0,3.0,full,5998.517536980105,,3,3,bic,0.7209819170093397,0.0270347500045318,0.7517197909910465,,,,,,,,,,,
swiss_roll,32,4,ae_relu,fixed,ok,,0.1358070785177297,600,3,2.0,2.0,3.0,3.0,full,5524.3029379372365,,3,3,bic,0.90716283400252,0.0230156670004362,0.9332498339936136,,,,,,relu,550.0,True,,,
swiss_roll,32,4,ae_tanh,fixed,ok,,0.1624624024131115,600,3,2.0,2.0,3.0,3.0,full,1558.067224091808,,3,3,bic,0.2848904169950401,0.0777949159964919,0.3658141250052722,,,,,,tanh,98.0,True,,,
swiss_roll,32,4,autog2m2,fixed,ok,,0.3666795097655243,600,3,2.0,2.0,3.0,3.0,full,1676.253262891204,,3,3,bic,2.439670583000406,0.0324719579948578,2.4755307500017807,2.2309607499919366,0.0105594170017866,0.1003333749977173,0.0171025830059079,,,,,,,
swiss_roll,32,4,autogmm_spectral,fixed,ok,,0.2522635939012255,600,3,2.0,2.0,3.0,3.0,full,-8924.946032555541,lse,3,3,bic,,0.1076076249883044,0.2275902080000378,,,,,0.1177578750066459,,,,,,
swiss_roll,32,4,mclust,fixed,ok,,0.1997149680851241,600,3,32.0,,3.0,3.0,EEE,119736.5867972658,,3,3,bic,,9.905,10.572735916997772,,,,,,,,,61870.53238071555,626.0,119659.3057396852
swiss_roll,32,4,pca,fixed,ok,,0.1140546036147119,600,3,2.0,2.0,3.0,3.0,tied,6458.8339283264295,,3,3,bic,0.0014752090064575,0.0341552500030957,0.0384399160102475,,,,,,,,,,,
swiss_roll,32,4,umap,fixed,ok,,0.501701223382655,600,3,2.0,2.0,3.0,3.0,full,5992.130667356014,,3,3,bic,0.745609500008868,0.0186291249992791,0.7677435829973547,,,,,,,,,,,
swiss_roll,32,5,ae_relu,fixed,ok,,0.0827126235791101,600,3,2.0,2.0,3.0,3.0,full,6350.593055574049,,3,3,bic,0.6374919160007266,0.0398966669890796,0.6807384159910725,,,,,,relu,383.0,True,,,
swiss_roll,32,5,ae_tanh,fixed,ok,,0.0564946354461444,600,3,2.0,2.0,3.0,3.0,diag,1584.1313620179758,,3,3,bic,0.3078787499980535,0.0443856670026434,0.3559389579895651,,,,,,tanh,105.0,True,,,
swiss_roll,32,5,autog2m2,fixed,ok,,0.3837193659502284,600,3,2.0,2.0,3.0,3.0,full,1126.5804192552855,,3,3,bic,2.4906212500063702,0.0278094999957829,2.5217978330038022,2.2908613340114243,0.0100902909907745,0.0964842499961378,0.0164100420079194,,,,,,,
swiss_roll,32,5,autogmm_spectral,fixed,ok,,0.3298462815994099,600,3,2.0,2.0,3.0,3.0,full,-9047.428263955091,lse,3,3,bic,,0.1038334159966325,0.2297476250096224,,,,,0.1237085000029765,,,,,,
swiss_roll,32,5,mclust,fixed,ok,,0.3629119397888884,600,3,32.0,,3.0,3.0,EEE,117534.26428153392,,3,3,bic,,9.116,9.790587082999991,,,,,,,,,60769.37112284962,626.0,117403.9147482718
swiss_roll,32,5,pca,fixed,ok,,0.0774778308249873,600,3,2.0,2.0,3.0,3.0,diag,6375.19387586622,,3,3,bic,0.0012613750004675,0.0234956670028623,0.0275454579968936,,,,,,,,,,,
swiss_roll,32,5,umap,fixed,ok,,0.6844570725719719,600,3,2.0,2.0,3.0,3.0,full,6093.274119883266,,3,3,bic,0.7449035000026925,0.0259355000016512,0.7744214999984251,,,,,,,,,,,
swiss_roll,32,6,ae_relu,fixed,ok,,0.2221094948098386,600,3,2.0,2.0,3.0,3.0,full,5374.712647608948,,3,3,bic,0.9915078750054818,0.0217873749934369,1.0163146670092829,,,,,,relu,594.0,True,,,
swiss_roll,32,6,ae_tanh,fixed,ok,,0.1455620173999263,600,3,2.0,2.0,3.0,3.0,full,1530.6310403755224,,3,3,bic,0.347906166993198,0.0394090409972704,0.3903366250015097,,,,,,tanh,121.0,True,,,
swiss_roll,32,6,autog2m2,fixed,ok,,0.3615197209563217,600,3,2.0,2.0,3.0,3.0,full,1458.4012395132572,,3,3,bic,2.4185338750103256,0.0242366669990587,2.445749624996097,2.213800750003429,0.009390582999913,0.0994341670011635,0.0163415839924709,,,,,,,
swiss_roll,32,6,autogmm_spectral,fixed,ok,,0.5673943819645372,600,3,2.0,2.0,3.0,3.0,full,-9069.216041368169,lse,3,3,bic,,0.079290873996797,0.2006653330026893,,,,,0.1192421249870676,,,,,,
swiss_roll,32,6,mclust,fixed,ok,,0.318868175948334,600,3,32.0,,3.0,3.0,EEE,120826.93973953548,,3,3,bic,,7.332,7.995159915997647,,,,,,,,,62415.70885185039,626.0,120707.1701349236
swiss_roll,32,6,pca,fixed,ok,,0.1401492276404165,600,3,2.0,2.0,3.0,3.0,full,6252.073336862441,,3,3,bic,0.0012185419909656,0.0283115829952294,0.031900999994832,,,,,,,,,,,
swiss_roll,32,6,umap,fixed,ok,,0.7174265250088289,600,3,2.0,2.0,3.0,3.0,full,6038.158026888538,,3,3,bic,0.7436323750007432,0.0173084999987622,0.7651987090066541,,,,,,,,,,,
swiss_roll,32,7,ae_relu,fixed,ok,,0.3051754076465429,600,3,2.0,2.0,3.0,3.0,full,5150.0215173061815,,3,3,bic,1.024626999991597,0.0251744579873047,1.0539525829954073,,,,,,relu,607.0,True,,,
swiss_roll,32,7,ae_tanh,fixed,ok,,0.2160837187187041,600,3,2.0,2.0,3.0,3.0,diag,1584.2705376792517,,3,3,bic,0.3617799999919953,0.0598929999978281,0.424559874998522,,,,,,tanh,124.0,True,,,
swiss_roll,32,7,autog2m2,fixed,ok,,0.4118539412644649,600,3,2.0,2.0,3.0,3.0,full,1664.2940747927269,,3,3,bic,2.6682935420103604,0.029292292005266,2.701201792006032,2.464114582995535,0.0098627910047071,0.1023749580053845,0.0164781249914085,,,,,,,
swiss_roll,32,7,autogmm_spectral,fixed,ok,,0.2620727871771313,600,3,2.0,2.0,3.0,3.0,full,-8811.58059800023,lse,3,3,bic,,0.077306375009357,0.1573950000019977,,,,,0.078608833006001,,,,,,
swiss_roll,32,7,mclust,fixed,ok,,0.1457493741893997,600,3,32.0,,3.0,3.0,EEE,115884.3699234286,,3,3,bic,,6.589,7.003276667004684,,,,,,,,,59944.42394379696,626.0,115758.95754958536
swiss_roll,32,7,pca,fixed,ok,,0.1821818775940605,600,3,2.0,2.0,3.0,3.0,tied,6399.670612046474,,3,3,bic,0.0012040000001434,0.0255138329957844,0.0303412909997859,,,,,,,,,,,
swiss_roll,32,7,umap,fixed,ok,,0.4468358834190152,600,3,2.0,2.0,3.0,3.0,full,5953.136525434329,,3,3,bic,0.6905321669910336,0.0252674579969607,0.7204680840077344,,,,,,,,,,,
swiss_roll,32,8,ae_relu,fixed,ok,,0.094775925562195,600,3,2.0,2.0,3.0,3.0,full,5537.219900557932,,3,3,bic,0.5831758749991423,0.0367612920090323,0.6229691249900497,,,,,,relu,292.0,True,,,
swiss_roll,32,8,ae_tanh,fixed,ok,,0.3348932223752616,600,3,2.0,2.0,3.0,3.0,tied,1205.1530079137642,,3,3,bic,0.6075038330018288,0.0538847499992698,0.6643674170045415,,,,,,tanh,202.0,True,,,
swiss_roll,32,8,autog2m2,fixed,ok,,0.6298671429864389,600,3,2.0,2.0,3.0,3.0,full,1888.6503709918,,3,3,bic,3.1877629999944475,0.025064540997846,3.216817666994757,2.967763541993918,0.0106024169945158,0.1082454999996116,0.0199831250065471,,,,,,,
swiss_roll,32,8,autogmm_spectral,fixed,ok,,0.2329868479656265,600,3,2.0,2.0,3.0,3.0,full,-8617.058324382493,lse,3,3,bic,,0.0436163760023191,0.1236653750092955,,,,,0.0786050830065505,,,,,,
swiss_roll,32,8,mclust,fixed,ok,,0.1058936651864915,600,3,32.0,,3.0,3.0,VEE,125093.97526767362,,3,3,bic,,4.587,5.019401541998377,,,,,,,,,64555.62354557468,628.0,125005.9913327365
swiss_roll,32,8,pca,fixed,ok,,0.2498423599093242,600,3,2.0,2.0,3.0,3.0,full,6308.944497935351,,3,3,bic,0.0015534999984083,0.0373317079938715,0.041775374993449,,,,,,,,,,,
swiss_roll,32,8,umap,fixed,ok,,0.3403751849082013,600,3,2.0,2.0,3.0,3.0,full,5792.933864516193,,3,3,bic,0.9420388330036076,0.0424970839958405,0.9892985000042244,,,,,,,,,,,
swiss_roll,32,9,ae_relu,fixed,ok,,0.3113452961744298,600,3,2.0,2.0,3.0,3.0,full,5702.462584413965,,3,3,bic,0.1159511250007199,0.0477875000069616,0.1731040000013308,,,,,,relu,58.0,True,,,
swiss_roll,32,9,ae_tanh,fixed,ok,,0.2050631567369408,600,3,2.0,2.0,3.0,3.0,full,1600.804239423308,,3,3,bic,0.1922888749977573,0.0506661669933237,0.2461608749872539,,,,,,tanh,65.0,True,,,
swiss_roll,32,9,autog2m2,fixed,ok,,0.2772449541715481,600,3,2.0,2.0,3.0,3.0,full,1957.99299519016,,3,3,bic,2.749443999986397,0.0267902909981785,2.7793442080001114,2.532173874991713,0.0111169589945347,0.1006124999985331,0.018968375006807,,,,,,,
swiss_roll,32,9,autogmm_spectral,fixed,ok,,0.3734115635615979,600,3,2.0,2.0,3.0,3.0,full,-9164.188081953802,lse,3,3,bic,,0.0634748330048751,0.138852375006536,,,,,0.0739797499991254,,,,,,
swiss_roll,32,9,mclust,fixed,ok,,0.379563078100661,600,3,32.0,,3.0,3.0,EEE,118111.15864754544,,3,3,bic,,7.91,8.320890292001422,,,,,,,,,61057.81830585537,626.0,117988.23839702176
swiss_roll,32,9,pca,fixed,ok,,0.1480873826307432,600,3,2.0,2.0,3.0,3.0,diag,6198.175458762451,,3,3,bic,0.001512457994977,0.0406673329998739,0.0449806669930694,,,,,,,,,,,
swiss_roll,32,9,umap,fixed,ok,,0.3846376691652305,600,3,2.0,2.0,3.0,3.0,full,5853.320407883912,,3,3,bic,0.7255854579998413,0.0233937919983873,0.7525224159908248,,,,,,,,,,,
swiss_roll,32,10,ae_relu,fixed,error,Every observation has identical AE coordinates; fixed-K=3 clustering cannot be initialized meaningfully.,,600,3,2.0,0.0,,,,,,3,3,bic,0.0,0.0,3.574999573174864e-05,,,,,,relu,76.0,True,,,
swiss_roll,32,10,ae_tanh,fixed,ok,,0.1335172001981738,600,3,2.0,2.0,3.0,3.0,full,1205.419495596389,,3,3,bic,0.5109580830030609,0.0524722090049181,0.5668336670059944,,,,,,tanh,167.0,True,,,
swiss_roll,32,10,autog2m2,fixed,ok,,0.3733513379500652,600,3,2.0,2.0,3.0,3.0,full,1153.9003381044404,,3,3,bic,2.48528449999867,0.0339976670074975,2.52241704100743,2.279412582996883,0.0096571670001139,0.1069945830095093,0.0163288340118015,,,,,,,
swiss_roll,32,10,autogmm_spectral,fixed,ok,,0.2999229902529914,600,3,2.0,2.0,3.0,3.0,full,-9259.437820914834,lse,3,3,bic,,0.054835874994751,0.1325938749941997,,,,,0.0763721250114031,,,,,,
swiss_roll,32,10,mclust,fixed,ok,,0.2872964485342236,600,3,32.0,,3.0,3.0,EEE,114640.97545255796,,3,3,bic,,3.393,3.800478374992963,,,,,,,,,59322.72670836163,626.0,114539.3441626967
swiss_roll,32,10,pca,fixed,ok,,0.1349794327093436,600,3,2.0,2.0,3.0,3.0,full,6106.313029173291,,3,3,bic,0.0016845829959493,0.0296377920021768,0.0341264590097125,,,,,,,,,,,
swiss_roll,32,10,umap,fixed,ok,,0.2799730387009718,600,3,2.0,2.0,3.0,3.0,full,5950.570066187348,,3,3,bic,0.721288500004448,0.0352951669920003,0.7610240000067279,,,,,,,,,,,
swiss_roll,32,11,ae_relu,fixed,ok,,0.0686392450061243,600,3,2.0,2.0,3.0,3.0,full,5857.177539604409,,3,3,bic,0.6661619170045014,0.0392884999891975,0.7080962499894667,,,,,,relu,404.0,True,,,
swiss_roll,32,11,ae_tanh,fixed,ok,,0.1954734573145925,600,3,2.0,2.0,3.0,3.0,full,1460.8105345440345,,3,3,bic,0.4054681670095306,0.0415760829928331,0.4504377920093247,,,,,,tanh,140.0,True,,,
swiss_roll,32,11,autog2m2,fixed,ok,,0.4165180335078446,600,3,2.0,2.0,3.0,3.0,full,1654.78376761362,,3,3,bic,2.5775474999973085,0.029980749997776,2.6102767920092447,2.372423000007984,0.0102774590050103,0.1014534999994793,0.0162142499902984,,,,,,,
swiss_roll,32,11,autogmm_spectral,fixed,ok,,0.3065074814506657,600,3,2.0,2.0,3.0,3.0,full,-9003.016852828358,lse,3,3,bic,,0.0535838759969919,0.1269761670118896,,,,,0.0720335410005645,,,,,,
swiss_roll,32,11,mclust,fixed,ok,,0.2556796146759434,600,3,32.0,,3.0,3.0,EEE,118943.08423608608,,3,3,bic,,8.440000000000001,8.849762416997692,,,,,,,,,61473.78110012569,626.0,118856.79533669204
swiss_roll,32,11,pca,fixed,ok,,0.2159169605311484,600,3,2.0,2.0,3.0,3.0,full,6413.186414970148,,3,3,bic,0.0014175830001477,0.0209968749986728,0.0250068340101279,,,,,,,,,,,
swiss_roll,32,11,umap,fixed,ok,,0.5732176849160696,600,3,2.0,2.0,3.0,3.0,full,5879.825310785842,,3,3,bic,0.6596827499888605,0.0279650000011315,0.6912081249902258,,,,,,,,,,,
swiss_roll,32,12,ae_relu,fixed,ok,,0.1526370330199288,600,3,2.0,2.0,3.0,3.0,full,6475.143460578599,,3,3,bic,0.5028700420079986,0.0317909169971244,0.5372060830122791,,,,,,relu,289.0,True,,,
swiss_roll,32,12,ae_tanh,fixed,ok,,0.1424668227010614,600,3,2.0,2.0,3.0,3.0,diag,1570.0605245266374,,3,3,bic,0.4042762919998495,0.06651974999113,0.4736537919961847,,,,,,tanh,129.0,True,,,
swiss_roll,32,12,autog2m2,fixed,ok,,0.4018212529468836,600,3,2.0,2.0,3.0,3.0,full,1220.099000563154,,3,3,bic,2.3867449579993263,0.0342858749936567,2.423872624989599,2.186312999998336,0.009945958998287,0.1008911660028388,0.0166049590043257,,,,,,,
swiss_roll,32,12,autogmm_spectral,fixed,ok,,0.1925952287410845,600,3,2.0,2.0,3.0,3.0,full,-9098.18035562864,lse,3,3,bic,,0.0573757079982897,0.1301569579954957,,,,,0.0714020830055233,,,,,,
swiss_roll,32,12,mclust,fixed,ok,,0.0909408300515799,600,3,32.0,,3.0,3.0,EEE,119181.9531474956,,3,3,bic,,7.777,8.184533374995226,,,,,,,,,61593.21555583045,626.0,119086.65087042324
swiss_roll,32,12,pca,fixed,ok,,0.0984222693316958,600,3,2.0,2.0,3.0,3.0,diag,6436.060834851638,,3,3,bic,0.0012486250052461,0.0420559170015621,0.046259042006568,,,,,,,,,,,
swiss_roll,32,12,umap,fixed,ok,,0.3581052336983955,600,3,2.0,2.0,3.0,3.0,full,5838.325526394874,,3,3,bic,0.7521857919928152,0.022049084000173,0.7775753749883734,,,,,,,,,,,
swiss_roll,32,13,ae_relu,fixed,ok,,0.1295097172559955,600,3,2.0,2.0,3.0,3.0,full,5695.747181393124,,3,3,bic,1.199300749998656,0.0267052910057827,1.229333167008008,,,,,,relu,612.0,True,,,
swiss_roll,32,13,ae_tanh,fixed,ok,,0.0925916391611738,600,3,2.0,2.0,3.0,3.0,full,1783.3326661552005,,3,3,bic,0.1344331250002142,0.0462479159905342,0.1839034159929724,,,,,,tanh,46.0,True,,,
swiss_roll,32,13,autog2m2,fixed,ok,,0.4140022523063484,600,3,2.0,2.0,3.0,3.0,full,851.4125878911309,,3,3,bic,3.1349290409998503,0.024537750010495,3.1630353330110665,2.878363958996488,0.0127172080101445,0.1222541250026552,0.0213300000032177,,,,,,,
swiss_roll,32,13,autogmm_spectral,fixed,ok,,0.2485198544336121,600,3,2.0,2.0,3.0,3.0,full,-9297.665675285298,lse,3,3,bic,,0.0587933329952647,0.1330389999930048,,,,,0.0728338329936377,,,,,,
swiss_roll,32,13,mclust,fixed,ok,,0.1306238395631621,600,3,32.0,,3.0,3.0,EEE,118148.70213663131,,3,3,bic,,6.829000000000001,7.236348375008674,,,,,,,,,61076.59005039832,626.0,118002.43611775672
swiss_roll,32,13,pca,fixed,ok,,0.1306790314161503,600,3,2.0,2.0,3.0,3.0,full,6276.546972758343,,3,3,bic,0.001560666001751,0.0362563749949913,0.0409922079998068,,,,,,,,,,,
swiss_roll,32,13,umap,fixed,ok,,0.2106838340983121,600,3,2.0,2.0,3.0,3.0,full,5794.30814873471,,3,3,bic,0.9215010409971,0.0274772910051979,0.9529707920009968,,,,,,,,,,,
swiss_roll,32,14,ae_relu,fixed,ok,,0.3657376906888073,600,3,2.0,2.0,3.0,3.0,full,5196.615168426473,,3,3,bic,0.7905088339903159,0.0344149160082452,0.8277675830031512,,,,,,relu,453.0,True,,,
swiss_roll,32,14,ae_tanh,fixed,ok,,0.2622328563191362,600,3,2.0,2.0,3.0,3.0,full,1372.4944833064133,,3,3,bic,0.6665106250002282,0.0387875000014901,0.7081587909924565,,,,,,tanh,218.0,True,,,
swiss_roll,32,14,autog2m2,fixed,ok,,0.2129878873701185,600,3,2.0,2.0,3.0,3.0,full,1452.6438964563447,,3,3,bic,2.7601865000033285,0.0267344589956337,2.789752666998538,2.524950042003184,0.0123264169960748,0.1133907080075005,0.0182527090073563,,,,,,,
swiss_roll,32,14,autogmm_spectral,fixed,ok,,0.454326645650615,600,3,2.0,2.0,3.0,3.0,full,-9068.766888015807,lse,3,3,bic,,0.0590546669991454,0.1335790410084882,,,,,0.0731527079915395,,,,,,
swiss_roll,32,14,mclust,fixed,ok,,0.3848894296203629,600,3,32.0,,3.0,3.0,VEE,121368.5896862851,,3,3,bic,,5.826,6.235508708006819,,,,,,,,,62692.93075488041,628.0,121306.49441215352
swiss_roll,32,14,pca,fixed,ok,,0.2229281879655807,600,3,2.0,2.0,3.0,3.0,full,6227.779789898767,,3,3,bic,0.001296332993661,0.0253472079930361,0.029329459008295,,,,,,,,,,,
swiss_roll,32,14,umap,fixed,ok,,0.5570438880489812,600,3,2.0,2.0,3.0,3.0,full,5962.649924968879,,3,3,bic,0.7627374589937972,0.0217516249977052,0.7884330839879112,,,,,,,,,,,
swiss_roll,32,15,ae_relu,fixed,ok,,0.2426095835445227,600,3,2.0,2.0,3.0,3.0,full,6593.975942353554,,3,3,bic,0.6664777920086635,0.0515354579983977,0.7207873750012368,,,,,,relu,391.0,True,,,
swiss_roll,32,15,ae_tanh,fixed,ok,,0.1937964700833206,600,3,2.0,2.0,3.0,3.0,full,1899.2607047423776,,3,3,bic,0.1555012500029988,0.0449126669991528,0.2037301250093151,,,,,,tanh,53.0,True,,,
swiss_roll,32,15,autog2m2,fixed,ok,,0.1145324670787346,600,3,2.0,2.0,3.0,3.0,full,1694.2035708043668,,3,3,bic,2.763857541998732,0.0264466669905232,2.7934385830012616,2.545513625009334,0.0101767089945496,0.112894582998706,0.016986957998597,,,,,,,
swiss_roll,32,15,autogmm_spectral,fixed,ok,,0.2800624553376224,600,3,2.0,2.0,3.0,3.0,full,-8915.099311054308,lse,3,3,bic,,0.0506089180125854,0.1260937079932773,,,,,0.0741138750017853,,,,,,
swiss_roll,32,15,mclust,fixed,ok,,0.3592931229911978,600,3,32.0,,3.0,3.0,EEE,122769.9553019704,,3,3,bic,,4.896,5.313621833993238,,,,,,,,,63387.21663306785,626.0,122691.42278411864
swiss_roll,32,15,pca,fixed,ok,,0.1324826089977178,600,3,2.0,2.0,3.0,3.0,diag,6381.244885911796,,3,3,bic,0.0012997499870834,0.0232928330078721,0.0273792499938281,,,,,,,,,,,
swiss_roll,32,15,umap,fixed,ok,,0.3497884925077377,600,3,2.0,2.0,3.0,3.0,full,5825.197735439609,,3,3,bic,0.6976947499933885,0.0301526660041417,0.7315150419890415,,,,,,,,,,,
swiss_roll,32,16,ae_relu,fixed,ok,,0.0384787074529568,600,3,2.0,2.0,3.0,3.0,full,7034.676166705656,,3,3,bic,0.4164219170052092,0.0355607499950565,0.4546371670003282,,,,,,relu,247.0,True,,,
swiss_roll,32,16,ae_tanh,fixed,ok,,0.0465922713349426,600,3,2.0,2.0,3.0,3.0,tied,1372.862328846751,,3,3,bic,0.3748568339942721,0.0388271249976241,0.4168054170004325,,,,,,tanh,131.0,True,,,
swiss_roll,32,16,autog2m2,fixed,ok,,0.4301855641547082,600,3,2.0,2.0,3.0,3.0,full,1553.894081380128,,3,3,bic,2.683924292010488,0.0314847499976167,2.718013667006744,2.479220333014382,0.0099417500023264,0.1008987500099465,0.0168095420085592,,,,,,,
swiss_roll,32,16,autogmm_spectral,fixed,ok,,0.1843887560990096,600,3,2.0,2.0,3.0,3.0,full,-8895.77854233859,lse,3,3,bic,,0.0476842500065686,0.123717915994348,,,,,0.0746289170056115,,,,,,
swiss_roll,32,16,mclust,fixed,ok,,0.0313609749371951,600,3,32.0,,3.0,3.0,VEE,122614.55518721545,,3,3,bic,,4.5360000000000005,4.949812417005887,,,,,,,,,63315.91350534558,628.0,122507.11245523044
swiss_roll,32,16,pca,fixed,ok,,0.0465792675497519,600,3,2.0,2.0,3.0,3.0,tied,6372.300678256766,,3,3,bic,0.0015564589994028,0.0255753749952418,0.0296539999981177,,,,,,,,,,,
swiss_roll,32,16,umap,fixed,ok,,0.1894171294762712,600,3,2.0,2.0,3.0,3.0,full,5922.865529574559,,3,3,bic,0.8065257499984,0.0220829169993521,0.8326242920011282,,,,,,,,,,,
swiss_roll,32,17,ae_relu,fixed,ok,,0.2487670338724714,600,3,2.0,2.0,3.0,3.0,full,5624.251610330196,,3,3,bic,0.888834333003615,0.0292123749968595,0.9207461249898188,,,,,,relu,526.0,True,,,
swiss_roll,32,17,ae_tanh,fixed,ok,,0.1728770027201823,600,3,2.0,2.0,3.0,3.0,full,1589.353054379401,,3,3,bic,0.2817122909909813,0.0467620420095045,0.3317101660068147,,,,,,tanh,95.0,True,,,
swiss_roll,32,17,autog2m2,fixed,ok,,0.325930883165112,600,3,2.0,2.0,3.0,3.0,full,1457.185728330676,,3,3,bic,2.700705874987761,0.0342364159878343,2.7380910829961067,2.469664250005735,0.01186683299602,0.1127330409944988,0.0176282080064993,,,,,,,
swiss_roll,32,17,autogmm_spectral,fixed,ok,,0.2288428758661306,600,3,2.0,2.0,3.0,3.0,full,-8927.71263946189,lse,3,3,bic,,0.0573290409956825,0.1318115829926682,,,,,0.0730839169991668,,,,,,
swiss_roll,32,17,mclust,fixed,ok,,0.3507773778447314,600,3,32.0,,3.0,3.0,EEE,122836.61944023236,,3,3,bic,,3.86,4.269382750004297,,,,,,,,,63420.54870219883,626.0,122758.84734970318
swiss_roll,32,17,pca,fixed,ok,,0.2035837572120369,600,3,2.0,2.0,3.0,3.0,full,6206.453414509012,,3,3,bic,0.0012780830002157,0.0467885830003069,0.0507287079963134,,,,,,,,,,,
swiss_roll,32,17,umap,fixed,ok,,0.5653876419740168,600,3,2.0,2.0,3.0,3.0,full,5988.665369124792,,3,3,bic,0.6991445840103552,0.0154935419996036,0.7181547910004156,,,,,,,,,,,
swiss_roll,32,18,ae_relu,fixed,ok,,0.1831678186080374,600,3,2.0,2.0,3.0,3.0,full,5954.322644682476,,3,3,bic,0.2501062499941326,0.0295514999888837,0.2823449999996228,,,,,,relu,145.0,True,,,
swiss_roll,32,18,ae_tanh,fixed,ok,,0.0202605342324428,600,3,2.0,2.0,3.0,3.0,tied,1368.1811979802242,,3,3,bic,0.4378044579934794,0.0416773750039283,0.4822130829998059,,,,,,tanh,142.0,True,,,
swiss_roll,32,18,autog2m2,fixed,ok,,0.4767482706840673,600,3,2.0,2.0,3.0,3.0,diag,1330.6647095352228,,3,3,bic,2.6778369579988066,0.0329108339938102,2.7136709579936,2.453711290989304,0.0114107500121463,0.1097088749957038,0.0174772500031394,,,,,,,
swiss_roll,32,18,autogmm_spectral,fixed,ok,,0.1918681683575429,600,3,2.0,2.0,3.0,3.0,full,-8640.679268361984,lse,3,3,bic,,0.0678913330048089,0.1447865839872975,,,,,0.0755150839977432,,,,,,
swiss_roll,32,18,mclust,fixed,ok,,0.2622175421581356,600,3,32.0,,3.0,3.0,EEE,115882.43165615428,,3,3,bic,,5.986000000000001,6.390323375002481,,,,,,,,,59943.45481015979,626.0,115797.91380169132
swiss_roll,32,18,pca,fixed,ok,,0.0102972420655016,600,3,2.0,2.0,3.0,3.0,tied,6395.053533829004,,3,3,bic,0.0013223330024629,0.028106707992265,0.0321188329980941,,,,,,,,,,,
swiss_roll,32,18,umap,fixed,ok,,0.4426553325671759,600,3,2.0,2.0,3.0,3.0,full,5859.7335270108415,,3,3,bic,0.7280407500074944,0.0306776659999741,0.7632777089893352,,,,,,,,,,,
swiss_roll,32,19,ae_relu,fixed,ok,,0.183412989393809,600,3,2.0,2.0,3.0,3.0,full,6511.314762125709,,3,3,bic,0.772835791009129,0.0360359589976724,0.81168750001234,,,,,,relu,421.0,True,,,
swiss_roll,32,19,ae_tanh,fixed,ok,,0.2905250494575725,600,3,2.0,2.0,3.0,3.0,full,1419.9749503238338,,3,3,bic,0.4690682079963153,0.0537132080062292,0.5259506250004051,,,,,,tanh,157.0,True,,,
swiss_roll,32,19,autog2m2,fixed,ok,,0.7463789360583064,600,3,2.0,2.0,3.0,3.0,full,1686.2474729801545,,3,3,bic,2.758264709002105,0.0519748340011574,2.8134855419921223,2.5335365409991937,0.0116122080071363,0.1050766250118613,0.0177967920026276,,,,,,,
swiss_roll,32,19,autogmm_spectral,fixed,ok,,0.3729034113934106,600,3,2.0,2.0,3.0,3.0,full,-9123.37738640641,lse,3,3,bic,,0.0624320819915737,0.1345067910006037,,,,,0.0706907909916481,,,,,,
swiss_roll,32,19,mclust,fixed,ok,,0.1975681529910736,600,3,32.0,,3.0,3.0,EEE,121441.32159529754,,3,3,bic,,5.882000000000001,6.290845916999388,,,,,,,,,62722.89977973143,626.0,121330.06860762156
swiss_roll,32,19,pca,fixed,ok,,0.2820781324801636,600,3,2.0,2.0,3.0,3.0,full,6337.611464007892,,3,3,bic,0.0013526249967981,0.0333815409976523,0.0374442909960635,,,,,,,,,,,
swiss_roll,32,19,umap,fixed,ok,,0.551580530810631,600,3,2.0,2.0,3.0,3.0,full,5719.246847467852,,3,3,bic,0.7469323330005864,0.0189771250006742,0.7705454999959329,,,,,,,,,,,
swiss_roll,64,0,ae_relu,fixed,ok,,0.102246646295522,600,3,2.0,2.0,3.0,3.0,full,5115.571372353807,,3,3,bic,1.0784043749881675,0.0275291250000009,1.108769583006506,,,,,,relu,578.0,True,,,
swiss_roll,64,0,ae_tanh,fixed,ok,,0.0306027749531766,600,3,2.0,2.0,3.0,3.0,full,1436.4300588409033,,3,3,bic,0.5216215420077788,0.0463867920043412,0.5714189590071328,,,,,,tanh,151.0,True,,,
swiss_roll,64,0,autog2m2,fixed,ok,,0.1864965999370506,600,3,2.0,2.0,3.0,3.0,full,1362.645960647512,,3,3,bic,4.858685332990717,0.0363258750003296,4.899638542003231,4.514371833007317,0.0169698750105453,0.1689491249999264,0.0262895409978227,,,,,,,
swiss_roll,64,0,autogmm_spectral,fixed,ok,,0.1269025457799773,600,3,2.0,2.0,3.0,3.0,full,-8859.745293367427,lse,3,3,bic,,0.0951457080082036,0.2249483750056242,,,,,0.1276587909960653,,,,,,
swiss_roll,64,0,mclust,fixed,ok,,0.3607701329696894,600,3,64.0,,3.0,3.0,VVE,255081.88270902043,,3,3,bic,,134.029,134.71711491599854,,,,,,,,,135223.6538704248,2402.0,255076.83542091967
swiss_roll,64,0,pca,fixed,ok,,0.036202169716079,600,3,2.0,2.0,3.0,3.0,full,7036.769250999791,,3,3,bic,0.0020274169946787,0.0449668750079581,0.0509608339925762,,,,,,,,,,,
swiss_roll,64,0,umap,fixed,ok,,0.8023601265475772,600,3,2.0,2.0,3.0,3.0,full,5894.951924862212,,3,3,bic,1.4554924160038354,0.0248842080036411,1.4865287499997066,,,,,,,,,,,
swiss_roll,64,1,ae_relu,fixed,ok,,0.2744284906435689,600,3,2.0,2.0,3.0,3.0,full,5455.38304445682,,3,3,bic,0.4913714160065865,0.0298502910009119,0.5241365419933572,,,,,,relu,265.0,True,,,
swiss_roll,64,1,ae_tanh,fixed,ok,,0.0356944617659775,600,3,2.0,2.0,3.0,3.0,diag,1604.1603778854649,,3,3,bic,0.3842830829962622,0.0787574580026557,0.4665610840020235,,,,,,tanh,114.0,True,,,
swiss_roll,64,1,autog2m2,fixed,ok,,0.3475202273705996,600,3,2.0,2.0,3.0,3.0,full,1822.2473736885424,,3,3,bic,5.047303500003181,0.0394750840059714,5.090873084001942,4.71445629200025,0.0163921250059502,0.161018624989083,0.0259952920023351,,,,,,,
swiss_roll,64,1,autogmm_spectral,fixed,ok,,0.2229400409514657,600,3,2.0,2.0,3.0,3.0,full,-8843.019501751358,lse,3,3,bic,,0.0945915409974986,0.2231272089993581,,,,,0.1261609169887378,,,,,,
swiss_roll,64,1,mclust,fixed,ok,,-0.0009091944368349,600,3,64.0,,3.0,3.0,VEE,243381.36112329905,,3,3,bic,,157.60500000000002,158.39176437498827,,,,,,,,,128970.3865092855,2276.0,243331.45328800727
swiss_roll,64,1,pca,fixed,ok,,0.024024613203864,600,3,2.0,2.0,3.0,3.0,tied,7146.125651310135,,3,3,bic,0.002059124992229,0.0447806660085916,0.0508197500021196,,,,,,,,,,,
swiss_roll,64,1,umap,fixed,ok,,0.4618724227544271,600,3,2.0,2.0,3.0,3.0,full,5698.2685855324,,3,3,bic,1.4714058750105323,0.0379453330097021,1.5148880409979029,,,,,,,,,,,
swiss_roll,64,2,ae_relu,fixed,ok,,0.3604983271733565,600,3,2.0,2.0,3.0,3.0,full,7548.441237642319,,3,3,bic,1.0390126669954045,0.030283625004813,1.0720630830037408,,,,,,relu,547.0,True,,,
swiss_roll,64,2,ae_tanh,fixed,ok,,0.2998337641061335,600,3,2.0,2.0,3.0,3.0,diag,1750.7798135693588,,3,3,bic,0.2315603330062003,0.0444881670118775,0.2792526249977527,,,,,,tanh,71.0,True,,,
swiss_roll,64,2,autog2m2,fixed,ok,,0.8029010731572528,600,3,2.0,2.0,3.0,3.0,full,1920.0271585753665,,3,3,bic,5.047942000004696,0.114455209011794,5.168671874998836,4.725970583996968,0.0165177080052671,0.1499956670013489,0.0260782499972265,,,,,,,
swiss_roll,64,2,autogmm_spectral,fixed,ok,,0.3235697678549248,600,3,2.0,2.0,3.0,3.0,full,-8929.671006859187,lse,3,3,bic,,0.0918522919964743,0.2147978339926339,,,,,0.1207088749943068,,,,,,
swiss_roll,64,2,mclust,fixed,ok,,0.2992578505348689,600,3,64.0,,3.0,3.0,VVE,253142.22379996025,,3,3,bic,,147.74800000000002,148.47952608299966,,,,,,,,,134253.82441589472,2402.0,253136.5676937444
swiss_roll,64,2,pca,fixed,ok,,0.2571101000656274,600,3,2.0,2.0,3.0,3.0,full,6930.518529456229,,3,3,bic,0.0022649580059805,0.0693871249968651,0.0761229589988943,,,,,,,,,,,
swiss_roll,64,2,umap,fixed,ok,,0.520384380110569,600,3,2.0,2.0,3.0,3.0,full,5792.626414778607,,3,3,bic,1.3968785000033677,0.0324642920022597,1.4356377079966478,,,,,,,,,,,
swiss_roll,64,3,ae_relu,fixed,ok,,0.1127199091088419,600,3,2.0,2.0,3.0,3.0,full,7666.70280138284,,3,3,bic,0.359961292007938,0.0406700000021373,0.4035589589911978,,,,,,relu,191.0,True,,,
swiss_roll,64,3,ae_tanh,fixed,ok,,0.0208158315184709,600,3,2.0,2.0,3.0,3.0,spherical,1536.4319594435076,,3,3,bic,0.5579547089873813,0.0440317909960867,0.6052487500128336,,,,,,tanh,162.0,True,,,
swiss_roll,64,3,autog2m2,fixed,ok,,0.463602416186347,600,3,2.0,2.0,3.0,3.0,full,1701.533773700922,,3,3,bic,3.176147207996109,0.0266013750078855,3.2058763329987414,2.946827041989309,0.009490917000221,0.1345645830006105,0.0166137909982353,,,,,,,
swiss_roll,64,3,autogmm_spectral,fixed,ok,,0.4217529333266122,600,3,2.0,2.0,3.0,3.0,full,-8862.651921371962,lse,3,3,bic,,0.095304041984491,0.2214931250055087,,,,,0.1239257910056039,,,,,,
swiss_roll,64,3,mclust,fixed,ok,,0.0400834468060197,600,3,64.0,,3.0,3.0,VVE,258705.16966265856,,3,3,bic,,194.109,194.83670479200373,,,,,,,,,137035.29734724388,2402.0,258692.1913057056
swiss_roll,64,3,pca,fixed,ok,,0.0105792146681824,600,3,2.0,2.0,3.0,3.0,full,7141.31818451476,,3,3,bic,0.0013490420096786,0.0278811250027501,0.0320616249955492,,,,,,,,,,,
swiss_roll,64,3,umap,fixed,ok,,0.4058116656301498,600,3,2.0,2.0,3.0,3.0,full,5667.858956459051,,3,3,bic,0.8500979160016868,0.0146096250100526,0.8683195830089971,,,,,,,,,,,
swiss_roll,64,4,ae_relu,fixed,ok,,0.2844781339665671,600,3,2.0,2.0,3.0,3.0,full,5700.498677801386,,3,3,bic,0.7516446660010843,0.0337865420005982,0.7883677079953486,,,,,,relu,398.0,True,,,
swiss_roll,64,4,ae_tanh,fixed,ok,,0.1455806869770502,600,3,2.0,2.0,3.0,3.0,diag,1722.2161337428436,,3,3,bic,0.4683069580059964,0.0404553330008639,0.5122310830047354,,,,,,tanh,140.0,True,,,
swiss_roll,64,4,autog2m2,fixed,ok,,0.192153338787578,600,3,2.0,2.0,3.0,3.0,full,1529.6885272509253,,3,3,bic,3.167498249997152,0.0343632919975789,3.2049460830021417,2.9777048749965616,0.0092444159963633,0.0941031249967636,0.0161725000070873,,,,,,,
swiss_roll,64,4,autogmm_spectral,fixed,ok,,0.2296378753886397,600,3,2.0,2.0,3.0,3.0,full,-8895.642754440876,lse,3,3,bic,,0.107011792002595,0.232000624993816,,,,,0.1227827919938135,,,,,,
swiss_roll,64,4,mclust,fixed,ok,,0.2978064798450009,600,3,64.0,,3.0,3.0,EEE,256976.1983477749,,3,3,bic,,88.22900000000001,88.89740437500586,,,,,,,,,135761.40819186822,2274.0,256917.53334846083
swiss_roll,64,4,pca,fixed,ok,,0.1374232418261769,600,3,2.0,2.0,3.0,3.0,tied,7199.92369367131,,3,3,bic,0.0013419590104604,0.022441749999416,0.0266572499967878,,,,,,,,,,,
swiss_roll,64,4,umap,fixed,ok,,0.595495621838645,600,3,2.0,2.0,3.0,3.0,full,5849.101549624194,,3,3,bic,0.8374855410074815,0.0243754999974044,0.8672007499990286,,,,,,,,,,,
swiss_roll,64,5,ae_relu,fixed,ok,,0.1071831620850124,600,3,2.0,2.0,3.0,3.0,full,7004.853705785795,,3,3,bic,0.7212141249910928,0.03648150000663,0.7606177089910489,,,,,,relu,367.0,True,,,
swiss_roll,64,5,ae_tanh,fixed,ok,,0.0680797758585752,600,3,2.0,2.0,3.0,3.0,full,1528.7482105396036,,3,3,bic,0.3705415409931447,0.0678604999993695,0.4417847080039792,,,,,,tanh,112.0,True,,,
swiss_roll,64,5,autog2m2,fixed,ok,,0.8454801787091228,600,3,2.0,2.0,3.0,3.0,full,1855.7936141020807,,3,3,bic,3.116597333995742,0.0254327500006183,3.1450520000071265,2.920406250006636,0.009861083002761,0.0930256249994272,0.0162197919999016,,,,,,,
swiss_roll,64,5,autogmm_spectral,fixed,ok,,0.428969859043022,600,3,2.0,2.0,3.0,3.0,full,-9201.67831983516,lse,3,3,bic,,0.0700490000162972,0.1941824170062318,,,,,0.1218939589889487,,,,,,
swiss_roll,64,5,mclust,fixed,ok,,0.3144459599025812,600,3,64.0,,3.0,3.0,EVE,253199.8552920652,,3,3,bic,,150.27900000000002,151.01305970801332,,,,,,,,,134276.24323229195,2400.0,253190.324950688
swiss_roll,64,5,pca,fixed,ok,,0.2803875462588447,600,3,2.0,2.0,3.0,3.0,full,7042.732545504367,,3,3,bic,0.00146520799899,0.0344942079973407,0.0405417089932598,,,,,,,,,,,
swiss_roll,64,5,umap,fixed,ok,,0.4106069588037287,600,3,2.0,2.0,3.0,3.0,full,5796.336744233206,,3,3,bic,0.8563965409994125,0.0292297080013668,0.8890267920069164,,,,,,,,,,,
swiss_roll,64,6,ae_relu,fixed,ok,,0.1421414042575054,600,3,2.0,2.0,3.0,3.0,full,5142.276772373565,,3,3,bic,0.9990110420039856,0.036358208002639,1.0382331250002608,,,,,,relu,519.0,True,,,
swiss_roll,64,6,ae_tanh,fixed,ok,,0.0495730150939159,600,3,2.0,2.0,3.0,3.0,spherical,1754.4621125340714,,3,3,bic,0.266209291992709,0.0539428749907529,0.3235592089913552,,,,,,tanh,78.0,True,,,
swiss_roll,64,6,autog2m2,fixed,ok,,0.3932196187448764,600,3,2.0,2.0,3.0,3.0,full,1314.848031021244,,3,3,bic,3.0895498750032857,0.0216444160032551,3.114353084005415,2.8916202499967767,0.0096200830012094,0.0978355839906726,0.016405875008786,,,,,,,
swiss_roll,64,6,autogmm_spectral,fixed,ok,,0.2389913132392178,600,3,2.0,2.0,3.0,3.0,full,-8854.308543695231,lse,3,3,bic,,0.1004026659938972,0.2285417079983744,,,,,0.125925707994611,,,,,,
swiss_roll,64,6,mclust,fixed,ok,,0.3454075347185922,600,3,64.0,,3.0,3.0,EVE,258844.5559394601,,3,3,bic,,82.887,83.53833745900192,,,,,,,,,137098.5935559894,2400.0,258837.57636045973
swiss_roll,64,6,pca,fixed,ok,,0.0607738415672167,600,3,2.0,2.0,3.0,3.0,tied,7169.235835457513,,3,3,bic,0.0016651250043651,0.0268367499957093,0.0312422499991953,,,,,,,,,,,
swiss_roll,64,6,umap,fixed,ok,,0.474920238094744,600,3,2.0,2.0,3.0,3.0,full,5916.084782586329,,3,3,bic,0.8748286670015659,0.0362824170006206,0.9151773329940625,,,,,,,,,,,
swiss_roll,64,7,ae_relu,fixed,ok,,0.0924354537981513,600,3,2.0,2.0,3.0,3.0,full,4667.304220236516,,3,3,bic,0.6586064170114696,0.074019000006956,0.7368539580056677,,,,,,relu,347.0,True,,,
swiss_roll,64,7,ae_tanh,fixed,ok,,0.1024298516387189,600,3,2.0,2.0,3.0,3.0,diag,1802.5338029281345,,3,3,bic,0.3067902909970144,0.0487036670092493,0.3589162499993108,,,,,,tanh,91.0,True,,,
swiss_roll,64,7,autog2m2,fixed,ok,,0.25706435466594,600,3,2.0,2.0,3.0,3.0,full,1466.3630353913768,,3,3,bic,3.162432249999256,0.0289556659990921,3.195000124993385,2.9641250410059,0.0095144579972838,0.105658874992514,0.0162819999968633,,,,,,,
swiss_roll,64,7,autogmm_spectral,fixed,ok,,0.2586339900461258,600,3,2.0,2.0,3.0,3.0,full,-8906.998448892842,lse,3,3,bic,,0.0636833340104203,0.1448579580028308,,,,,0.0798249590006889,,,,,,
swiss_roll,64,7,mclust,fixed,ok,,0.2257426232331199,600,3,64.0,,3.0,3.0,VVE,244992.9309966025,,3,3,bic,,84.707,85.12147524999455,,,,,,,,,130179.17801421582,2402.0,244982.40206480847
swiss_roll,64,7,pca,fixed,ok,,0.0483027678143912,600,3,2.0,2.0,3.0,3.0,diag,7118.247200625881,,3,3,bic,0.0015831659984542,0.0256709169916575,0.0306470829964382,,,,,,,,,,,
swiss_roll,64,7,umap,fixed,ok,,0.6891915408924953,600,3,2.0,2.0,3.0,3.0,full,5403.583775213071,,3,3,bic,0.8934845409967238,0.0279893330007325,0.9306675830011956,,,,,,,,,,,
swiss_roll,64,8,ae_relu,fixed,ok,,0.2434569687745999,600,3,2.0,2.0,3.0,3.0,full,6462.472477578065,,3,3,bic,1.2585445000004256,0.0704796250065555,1.335511792000034,,,,,,relu,301.0,True,,,
swiss_roll,64,8,ae_tanh,fixed,ok,,0.1430681185125018,600,3,2.0,2.0,3.0,3.0,full,1541.0014211739322,,3,3,bic,0.4028431670012651,0.0525393749994691,0.461075790997711,,,,,,tanh,115.0,True,,,
swiss_roll,64,8,autog2m2,fixed,ok,,0.2314578115666274,600,3,2.0,2.0,3.0,3.0,full,1425.333381151793,,3,3,bic,3.3898617919912795,0.0367685419914778,3.430438791998313,3.189601042002323,0.0101490410015685,0.0984304579906165,0.0177187920053256,,,,,,,
swiss_roll,64,8,autogmm_spectral,fixed,ok,,0.246820645966874,600,3,2.0,2.0,3.0,3.0,full,-9000.436432831695,lse,3,3,bic,,0.0638806250062771,0.1481904169922927,,,,,0.0829198329884093,,,,,,
swiss_roll,64,8,mclust,fixed,ok,,0.1946807904098967,600,3,64.0,,3.0,3.0,VVE,257383.20430468416,,3,3,bic,,85.7,86.1325861249934,,,,,,,,,136374.31466825667,2402.0,257373.19338404827
swiss_roll,64,8,pca,fixed,ok,,0.1068114588674086,600,3,2.0,2.0,3.0,3.0,full,6942.526274263702,,3,3,bic,0.0017783750081434,0.0298642499983543,0.034417917006067,,,,,,,,,,,
swiss_roll,64,8,umap,fixed,ok,,0.4166357440329474,600,3,2.0,2.0,3.0,3.0,full,5735.250824181934,,3,3,bic,1.5183096250111705,0.067927582989796,1.5962526670045918,,,,,,,,,,,
swiss_roll,64,9,ae_relu,fixed,ok,,0.1051722218135962,600,3,2.0,2.0,3.0,3.0,full,5204.574348570236,,3,3,bic,0.598801749991253,0.0338048330013407,0.6356162909942213,,,,,,relu,285.0,True,,,
swiss_roll,64,9,ae_tanh,fixed,ok,,0.1842214839876152,600,3,2.0,2.0,3.0,3.0,full,1527.0936743033822,,3,3,bic,0.3982981250010198,0.078147791995434,0.4798955000005662,,,,,,tanh,116.0,True,,,
swiss_roll,64,9,autog2m2,fixed,ok,,0.3979880527002928,600,3,2.0,2.0,3.0,3.0,full,1604.5962094606934,,3,3,bic,3.175603499999852,0.0398942500032717,3.218963207997149,2.975227167000412,0.0100826249981764,0.0965437499980907,0.0175440000020898,,,,,,,
swiss_roll,64,9,autogmm_spectral,fixed,ok,,0.2740620733698357,600,3,2.0,2.0,3.0,3.0,full,-8826.03655438851,lse,3,3,bic,,0.0532175000116694,0.1318361250014277,,,,,0.0771971250069327,,,,,,
swiss_roll,64,9,mclust,fixed,ok,,0.3330633430882009,600,3,64.0,,3.0,3.0,EVE,257294.80586885105,,3,3,bic,,64.44200000000001,64.85865612499765,,,,,,,,,136323.7185206849,2400.0,257283.8688492799
swiss_roll,64,9,pca,fixed,ok,,0.1750437600932586,600,3,2.0,2.0,3.0,3.0,full,7022.107499099475,,3,3,bic,0.0015839169936953,0.0314159580011619,0.035709499992663,,,,,,,,,,,
swiss_roll,64,9,umap,fixed,ok,,0.3320471096174779,600,3,2.0,2.0,3.0,3.0,full,5732.487765433043,,3,3,bic,0.9172582080063876,0.0163429999956861,0.9375717499933672,,,,,,,,,,,
swiss_roll,64,10,ae_relu,fixed,ok,,0.0126144688495009,600,3,2.0,2.0,3.0,3.0,full,5619.558098128988,,3,3,bic,0.7105232920002891,0.0355518750002374,0.7491714579955442,,,,,,relu,382.0,True,,,
swiss_roll,64,10,ae_tanh,fixed,ok,,0.1745836601628793,600,3,2.0,2.0,3.0,3.0,full,1394.215871789957,,3,3,bic,0.3965731250063982,0.0514141250023385,0.4513156250031898,,,,,,tanh,119.0,True,,,
swiss_roll,64,10,autog2m2,fixed,ok,,0.4022344434953678,600,3,2.0,2.0,3.0,3.0,full,1651.0146972966577,,3,3,bic,3.09036924999964,0.0463274579960852,3.139700792002259,2.8906240409996826,0.0098390839993953,0.0973134160012705,0.0163806669879704,,,,,,,
swiss_roll,64,10,autogmm_spectral,fixed,ok,,0.1852694547259807,600,3,2.0,2.0,3.0,3.0,full,-8959.94479372923,lse,3,3,bic,,0.0475165000098058,0.1239147079904796,,,,,0.075005291000707,,,,,,
swiss_roll,64,10,mclust,fixed,ok,,0.1919435552890896,600,3,64.0,,3.0,3.0,EVE,257007.59148668512,,3,3,bic,,66.27600000000001,66.68444933299907,,,,,,,,,136180.11132960193,2400.0,256999.84676845896
swiss_roll,64,10,pca,fixed,ok,,0.1546285564662705,600,3,2.0,2.0,3.0,3.0,full,7026.197548396759,,3,3,bic,0.0018584589997772,0.0350814170087687,0.0398189999978058,,,,,,,,,,,
swiss_roll,64,10,umap,fixed,ok,,0.4712415601113201,600,3,2.0,2.0,3.0,3.0,full,6031.919857259596,,3,3,bic,0.8604061250080122,0.0168396249937359,0.8821215000061784,,,,,,,,,,,
swiss_roll,64,11,ae_relu,fixed,ok,,0.0288890525663155,600,3,2.0,2.0,3.0,3.0,full,5458.7769349469545,,3,3,bic,0.5606939999997849,0.0304448749957373,0.5938444579951465,,,,,,relu,302.0,True,,,
swiss_roll,64,11,ae_tanh,fixed,ok,,0.0719357723347413,600,3,2.0,2.0,3.0,3.0,diag,1739.4081212428375,,3,3,bic,0.3433371669962071,0.0482340000016847,0.3949228749988833,,,,,,tanh,100.0,True,,,
swiss_roll,64,11,autog2m2,fixed,ok,,0.3700687391061897,600,3,2.0,2.0,3.0,3.0,full,1630.7515580906113,,3,3,bic,3.0716616659919964,0.0416418329987209,3.1160591670050053,2.8730847080005333,0.0099302909948164,0.0955341670050984,0.0161441249947529,,,,,,,
swiss_roll,64,11,autogmm_spectral,fixed,ok,,0.4414630440662305,600,3,2.0,2.0,3.0,3.0,full,-8812.4740507393,lse,3,3,bic,,0.0627731249987846,0.1402345829992555,,,,,0.0760688329901313,,,,,,
swiss_roll,64,11,mclust,fixed,ok,,0.0596299847771332,600,3,64.0,,3.0,3.0,VVE,250616.7722590791,,3,3,bic,,108.453,108.86298075001103,,,,,,,,,132991.09864545413,2402.0,250606.5722486777
swiss_roll,64,11,pca,fixed,ok,,0.2395532216521975,600,3,2.0,2.0,3.0,3.0,tied,7021.008455169147,,3,3,bic,0.0013796249986626,0.033783000006224,0.0377719169919146,,,,,,,,,,,
swiss_roll,64,11,umap,fixed,ok,,0.2429701827565801,600,3,2.0,2.0,3.0,3.0,full,5488.150663061,,3,3,bic,0.882244874999742,0.0206097089976537,0.906174749994534,,,,,,,,,,,
swiss_roll,64,12,ae_relu,fixed,ok,,0.1074468556996672,600,3,2.0,2.0,3.0,3.0,full,5289.3090982793865,,3,3,bic,0.441152792001958,0.0436798749869922,0.4874289589934051,,,,,,relu,232.0,True,,,
swiss_roll,64,12,ae_tanh,fixed,ok,,0.0353000987102986,600,3,2.0,2.0,3.0,3.0,tied,1536.7120514233382,,3,3,bic,0.561886333001894,0.0380676659988239,0.603350916004274,,,,,,tanh,169.0,True,,,
swiss_roll,64,12,autog2m2,fixed,ok,,0.0998196451549157,600,3,2.0,2.0,3.0,3.0,diag,1468.434736788978,,3,3,bic,2.9624354589905124,0.0332424999942304,2.998250000004191,2.7687289169989526,0.0094143750029616,0.095997291005915,0.0161255829880246,,,,,,,
swiss_roll,64,12,autogmm_spectral,fixed,ok,,0.2718957936013347,600,3,2.0,2.0,3.0,3.0,full,-9019.115105049295,lse,3,3,bic,,0.0776152089965762,0.1546862910035997,,,,,0.0756841669935965,,,,,,
swiss_roll,64,12,mclust,fixed,ok,,0.1230456674249657,600,3,64.0,,3.0,3.0,VVE,254349.42295458136,,3,3,bic,,81.183,81.59153562498977,,,,,,,,,134857.42399320527,2402.0,254343.63124524243
swiss_roll,64,12,pca,fixed,ok,,0.0331110107981408,600,3,2.0,2.0,3.0,3.0,diag,7159.469761422104,,3,3,bic,0.0014377920015249,0.0233163749944651,0.0275091249932302,,,,,,,,,,,
swiss_roll,64,12,umap,fixed,ok,,0.2802228437523119,600,3,2.0,2.0,3.0,3.0,full,5924.276822056346,,3,3,bic,0.8741965000081109,0.0346895839902572,0.9128380000038304,,,,,,,,,,,
swiss_roll,64,13,ae_relu,fixed,ok,,0.1600961361037225,600,3,2.0,2.0,3.0,3.0,full,6325.074471096994,,3,3,bic,1.212082541998825,0.0502956669952254,1.2652771249995567,,,,,,relu,545.0,True,,,
swiss_roll,64,13,ae_tanh,fixed,ok,,0.0628675584248268,600,3,2.0,2.0,3.0,3.0,tied,1406.5287323731086,,3,3,bic,0.3772068329999456,0.0387409999966621,0.4192042500071693,,,,,,tanh,114.0,True,,,
swiss_roll,64,13,autog2m2,fixed,ok,,0.4189375786877498,600,3,2.0,2.0,3.0,3.0,full,1372.6305532827284,,3,3,bic,3.817592750012409,0.0350832089898176,3.855967208000948,3.5681550829904154,0.012586958007887,0.1229291249910602,0.0203555000043706,,,,,,,
swiss_roll,64,13,autogmm_spectral,fixed,ok,,0.1479024425133887,600,3,2.0,2.0,3.0,3.0,full,-8951.315294496719,lse,3,3,bic,,0.0635373749828431,0.1403628749976633,,,,,0.0754388339992147,,,,,,
swiss_roll,64,13,mclust,fixed,ok,,0.0832168940249139,600,3,64.0,,3.0,3.0,EEE,257816.73746980596,,3,3,bic,,51.82,52.22542237499147,,,,,,,,,136181.67775288373,2274.0,257752.8557364705
swiss_roll,64,13,pca,fixed,ok,,0.0347612017800648,600,3,2.0,2.0,3.0,3.0,tied,7205.258274501724,,3,3,bic,0.0015609169931849,0.0302874999906634,0.0347750420041848,,,,,,,,,,,
swiss_roll,64,13,umap,fixed,ok,,0.4039522750941974,600,3,2.0,2.0,3.0,3.0,full,5603.173143726827,,3,3,bic,1.1286875420046272,0.0296949160110671,1.162483833002625,,,,,,,,,,,
swiss_roll,64,14,ae_relu,fixed,ok,,0.4190058545501653,600,3,2.0,2.0,3.0,3.0,full,5703.9443282579705,,3,3,bic,1.0030930409993744,0.0323882920056348,1.0384186669980409,,,,,,relu,507.0,True,,,
swiss_roll,64,14,ae_tanh,fixed,ok,,0.2569088295867163,600,3,2.0,2.0,3.0,3.0,full,1727.3710713015844,,3,3,bic,0.1937476249877363,0.0465756659978069,0.2436597080086358,,,,,,tanh,58.0,True,,,
swiss_roll,64,14,autog2m2,fixed,ok,,0.3246332598257869,600,3,2.0,2.0,3.0,3.0,full,1932.956514431615,,3,3,bic,3.3652468750078697,0.035858500006725,3.404012500002864,3.1442614590050653,0.0108170420135138,0.1108677090087439,0.0181194589968072,,,,,,,
swiss_roll,64,14,autogmm_spectral,fixed,ok,,0.4581196396524823,600,3,2.0,2.0,3.0,3.0,full,-9147.634572693973,lse,3,3,bic,,0.0555336239922326,0.1317275000037625,,,,,0.0748297500103944,,,,,,
swiss_roll,64,14,mclust,fixed,ok,,0.3482050600223439,600,3,64.0,,3.0,3.0,EVE,255401.47868602487,,3,3,bic,,111.585,111.99410908299616,,,,,,,,,135377.0549292718,2400.0,255396.05081913288
swiss_roll,64,14,pca,fixed,ok,,0.2455654621065975,600,3,2.0,2.0,3.0,3.0,full,6962.736196098763,,3,3,bic,0.001481250001234,0.0410568329971283,0.0451960000063991,,,,,,,,,,,
swiss_roll,64,14,umap,fixed,ok,,0.2027029771806442,600,3,2.0,2.0,3.0,3.0,full,5942.564391887331,,3,3,bic,0.9193792500009296,0.0213122499990277,0.9448153340053976,,,,,,,,,,,
swiss_roll,64,15,ae_relu,fixed,ok,,0.3381208313466514,600,3,2.0,2.0,3.0,3.0,full,5693.194152833434,,3,3,bic,0.8613279170094756,0.0377754170040134,0.9020978330081562,,,,,,relu,430.0,True,,,
swiss_roll,64,15,ae_tanh,fixed,ok,,0.2676591641547872,600,3,2.0,2.0,3.0,3.0,full,1478.5936485967086,,3,3,bic,0.4504963750077877,0.0568490000005112,0.5107422920118552,,,,,,tanh,133.0,True,,,
swiss_roll,64,15,autog2m2,fixed,ok,,0.5173546092385309,600,3,2.0,2.0,3.0,3.0,full,1260.1489296912323,,3,3,bic,3.267133166009444,0.0249357499997131,3.2952812920120778,3.050520999997389,0.0104108340019593,0.1041725409886566,0.0168365409917896,,,,,,,
swiss_roll,64,15,autogmm_spectral,fixed,ok,,0.2363000250057258,600,3,2.0,2.0,3.0,3.0,full,-9028.354472487224,lse,3,3,bic,,0.0708615009789355,0.1474310829944443,,,,,0.0752010409923968,,,,,,
swiss_roll,64,15,mclust,fixed,ok,,0.2804012604220066,600,3,64.0,,3.0,3.0,EVE,262204.21554412995,,3,3,bic,,76.896,77.30991050000011,,,,,,,,,138778.42335832436,2400.0,262200.18294361053
swiss_roll,64,15,pca,fixed,ok,,0.1498517905600265,600,3,2.0,2.0,3.0,3.0,full,7055.690715979172,,3,3,bic,0.0013433749991236,0.0395142500055953,0.0434413750044768,,,,,,,,,,,
swiss_roll,64,15,umap,fixed,ok,,0.3013490089992353,600,3,2.0,2.0,3.0,3.0,full,5663.237491906181,,3,3,bic,0.854826958006015,0.0263186670053983,0.8848352500062902,,,,,,,,,,,
swiss_roll,64,16,ae_relu,fixed,ok,,0.1212580627531719,600,3,2.0,2.0,3.0,3.0,full,7104.028817641845,,3,3,bic,0.6092310420062859,0.0375114579946966,0.6495230830041692,,,,,,relu,321.0,True,,,
swiss_roll,64,16,ae_tanh,fixed,ok,,0.0573963710173547,600,3,2.0,2.0,3.0,3.0,tied,1734.190004564862,,3,3,bic,0.2295767500036163,0.0381873750011436,0.2711810839973623,,,,,,tanh,66.0,True,,,
swiss_roll,64,16,autog2m2,fixed,ok,,0.4334889694392482,600,3,2.0,2.0,3.0,3.0,full,729.6418357060936,,3,3,bic,3.139844375007669,0.0269889170012902,3.170032792011625,2.9198167089925846,0.0107203329971525,0.108260999986669,0.0183818340010475,,,,,,,
swiss_roll,64,16,autogmm_spectral,fixed,ok,,0.2028472005141586,600,3,2.0,2.0,3.0,3.0,full,-9002.145253551707,lse,3,3,bic,,0.064862458006246,0.142131665998022,,,,,0.0758569169993279,,,,,,
swiss_roll,64,16,mclust,fixed,ok,,0.0564397348246113,600,3,64.0,,3.0,3.0,VVE,255114.3780832642,,3,3,bic,,98.399,98.81652545899853,,,,,,,,,135239.9015575467,2402.0,255109.6077780768
swiss_roll,64,16,pca,fixed,ok,,0.027910297538543,600,3,2.0,2.0,3.0,3.0,tied,7180.099024287856,,3,3,bic,0.0014645420014858,0.0254301670065615,0.0295984580006916,,,,,,,,,,,
swiss_roll,64,16,umap,fixed,ok,,0.1350948668073735,600,3,2.0,2.0,3.0,3.0,full,5846.121004205063,,3,3,bic,0.9560456249892012,0.0205272919993149,0.9806315829919184,,,,,,,,,,,
swiss_roll,64,17,ae_relu,fixed,ok,,0.2979187418934337,600,3,2.0,2.0,3.0,3.0,full,6086.237585820712,,3,3,bic,0.7069183749990771,0.0376886669982923,0.747758249999606,,,,,,relu,360.0,True,,,
swiss_roll,64,17,ae_tanh,fixed,ok,,0.2094053200403259,600,3,2.0,2.0,3.0,3.0,diag,1759.6760260155963,,3,3,bic,0.261347833002219,0.0541601250006351,0.3188711660041008,,,,,,tanh,79.0,True,,,
swiss_roll,64,17,autog2m2,fixed,ok,,0.1303710491368484,600,3,2.0,2.0,3.0,3.0,full,2168.464942143994,,3,3,bic,3.35666620900156,0.0297062919999007,3.389418624996324,3.118705916989711,0.0124927080032648,0.1034904169937362,0.0175697920058155,,,,,,,
swiss_roll,64,17,autogmm_spectral,fixed,ok,,0.2393979265130071,600,3,2.0,2.0,3.0,3.0,full,-9225.525531955238,lse,3,3,bic,,0.0424315840064082,0.1175827920087613,,,,,0.0737639589933678,,,,,,
swiss_roll,64,17,mclust,fixed,ok,,0.250811137641056,600,3,64.0,,3.0,3.0,EVE,260499.6091321244,,3,3,bic,,121.068,121.47871325000597,,,,,,,,,137926.12015232156,2400.0,260491.0251020236
swiss_roll,64,17,pca,fixed,ok,,0.2038577184931707,600,3,2.0,2.0,3.0,3.0,full,7115.697229030649,,3,3,bic,0.001470834002248,0.0258935830061091,0.0300293339969357,,,,,,,,,,,
swiss_roll,64,17,umap,fixed,ok,,0.4799388600174852,600,3,2.0,2.0,3.0,3.0,full,6001.829941176171,,3,3,bic,0.8685599579912378,0.0169116250035585,0.8889356669969857,,,,,,,,,,,
swiss_roll,64,18,ae_relu,fixed,ok,,0.2360008797623982,600,3,2.0,2.0,3.0,3.0,full,7208.435659159562,,3,3,bic,0.8285950419958681,0.043333875000826,0.874756666002213,,,,,,relu,422.0,True,,,
swiss_roll,64,18,ae_tanh,fixed,ok,,0.099039464131138,600,3,2.0,2.0,3.0,3.0,diag,1575.7995273361496,,3,3,bic,0.4660821249999571,0.0432047089998377,0.5126234579947777,,,,,,tanh,130.0,True,,,
swiss_roll,64,18,autog2m2,fixed,ok,,0.4240471946664965,600,3,2.0,2.0,3.0,3.0,full,1686.508054374763,,3,3,bic,3.3709238750016084,0.0371160419890657,3.4107792080030777,3.158954333004658,0.0104480419977335,0.1022795839962782,0.0175161660008598,,,,,,,
swiss_roll,64,18,autogmm_spectral,fixed,ok,,0.3627697377035233,600,3,2.0,2.0,3.0,3.0,full,-9181.010321879625,lse,3,3,bic,,0.0746902080136351,0.150167790998239,,,,,0.074085209009354,,,,,,
swiss_roll,64,18,mclust,fixed,ok,,0.1536348319258993,600,3,64.0,,3.0,3.0,VVE,254141.98188900723,,3,3,bic,,100.564,100.97647174999292,,,,,,,,,134753.7034604182,2402.0,254128.79643918635
swiss_roll,64,18,pca,fixed,ok,,0.0715818130742437,600,3,2.0,2.0,3.0,3.0,full,7207.849306071339,,3,3,bic,0.0014205000043148,0.0260134160052984,0.0306180000043241,,,,,,,,,,,
swiss_roll,64,18,umap,fixed,ok,,0.6021618840764958,600,3,2.0,2.0,3.0,3.0,full,6028.79864735069,,3,3,bic,0.8915290000004461,0.0221682080009486,0.917410416994244,,,,,,,,,,,
swiss_roll,64,19,ae_relu,fixed,ok,,0.1089913581523929,600,3,2.0,2.0,3.0,3.0,full,5703.251224931893,,3,3,bic,0.6988682919909479,0.0354402090015355,0.7370946250011912,,,,,,relu,361.0,True,,,
swiss_roll,64,19,ae_tanh,fixed,ok,,0.1826541130390472,600,3,2.0,2.0,3.0,3.0,full,1568.358285233444,,3,3,bic,0.3542516669986071,0.0506256250082515,0.4083028750028461,,,,,,tanh,105.0,True,,,
swiss_roll,64,19,autog2m2,fixed,ok,,0.4015711616009731,600,3,2.0,2.0,3.0,3.0,full,1102.4204210705643,,3,3,bic,3.2543101659975946,0.0215605830017011,3.278807041991968,3.020926875004079,0.0120172919996548,0.1144904590037185,0.0183120419969782,,,,,,,
swiss_roll,64,19,autogmm_spectral,fixed,ok,,0.1977676196608365,600,3,2.0,2.0,3.0,3.0,full,-8652.60699601013,lse,3,3,bic,,0.0523003330163192,0.1311771249893354,,,,,0.0774918749957578,,,,,,
swiss_roll,64,19,mclust,fixed,ok,,0.2205439706295229,600,3,64.0,,3.0,3.0,VVE,256877.2382639283,,3,3,bic,,84.596,85.00503083299554,,,,,,,,,136121.33164787875,2402.0,256873.54529664415
swiss_roll,64,19,pca,fixed,ok,,0.1995630427197165,600,3,2.0,2.0,3.0,3.0,diag,7033.941301145105,,3,3,bic,0.0018638329929672,0.0309025409951573,0.0358448329934617,,,,,,,,,,,
swiss_roll,64,19,umap,fixed,ok,,0.1343713444802831,600,3,2.0,2.0,3.0,3.0,diag,5741.472855040085,,3,3,bic,0.9555276660103118,0.0274136669904692,0.9867259169986936,,,,,,,,,,,
swiss_roll,128,0,ae_relu,fixed,ok,,0.061074056239889,600,3,2.0,2.0,3.0,3.0,full,7452.968935569737,,3,3,bic,0.2564751659956528,0.0431432920013321,0.3027947919908911,,,,,,relu,107.0,True,,,
swiss_roll,128,0,ae_tanh,fixed,ok,,0.01414534639367,600,3,2.0,2.0,3.0,3.0,diag,1943.719103762289,,3,3,bic,0.3952203749940963,0.041729500007932,0.4416892500012181,,,,,,tanh,75.0,True,,,
swiss_roll,128,0,autog2m2,fixed,ok,,0.1809943838829797,600,3,2.0,2.0,3.0,3.0,full,1907.3484910670816,,3,3,bic,3.645229125002515,0.0304844580095959,3.681209917005617,3.4537733330071205,0.0089587090042186,0.0959956659935414,0.016299249997246,,,,,,,
swiss_roll,128,0,autogmm_spectral,fixed,ok,,0.3089353433939334,600,3,2.0,2.0,3.0,3.0,full,-9241.66128282234,lse,3,3,bic,,0.1275390000082552,0.2598708340083249,,,,,0.1299097089940915,,,,,,
swiss_roll,128,0,mclust,fixed,ok,,0.2790977287423498,600,3,128.0,,3.0,3.0,EEE,513880.15077463206,,3,3,bic,,4.494,5.203500584000722,,,,,,,,,284581.208427505,8642.0,513868.8805192701
swiss_roll,128,0,pca,fixed,ok,,0.0242476917393105,600,3,2.0,2.0,3.0,3.0,spherical,7965.656581317675,,3,3,bic,0.0015881250001257,0.0236069170059636,0.0282431249943329,,,,,,,,,,,
swiss_roll,128,0,umap,fixed,ok,,0.516748742609343,600,3,2.0,2.0,3.0,3.0,full,5858.275195411438,,3,3,bic,1.2584912910097046,0.0253502920095343,1.288050834002206,,,,,,,,,,,
swiss_roll,128,1,ae_relu,fixed,ok,,0.1104378060865246,600,3,2.0,2.0,3.0,3.0,full,5908.097191932637,,3,3,bic,0.8047171249927487,0.0355929999932413,0.8432178749935701,,,,,,relu,352.0,True,,,
swiss_roll,128,1,ae_tanh,fixed,ok,,0.1499415111766244,600,3,2.0,2.0,3.0,3.0,full,1631.9912894126724,,3,3,bic,0.5112153329973808,0.0400835839973297,0.5562504170084139,,,,,,tanh,100.0,True,,,
swiss_roll,128,1,autog2m2,fixed,ok,,0.55444073691343,600,3,2.0,2.0,3.0,3.0,full,2042.877759707791,,3,3,bic,3.722429874993395,0.0261557079938938,3.752072124989354,3.532944916994893,0.0088823330006562,0.0945632920047501,0.0160888750106096,,,,,,,
swiss_roll,128,1,autogmm_spectral,fixed,ok,,0.4089031788376294,600,3,2.0,2.0,3.0,3.0,full,-9109.225640398952,lse,3,3,bic,,0.1102549999923212,0.2750269170064712,,,,,0.1521140419936273,,,,,,
swiss_roll,128,1,mclust,fixed,ok,,0.2945102433024157,600,3,128.0,,3.0,3.0,EEE,497197.2283106625,,3,3,bic,,4.577999999999999,5.401851665999857,,,,,,,,,276239.7471955202,8642.0,497184.38331776526
swiss_roll,128,1,pca,fixed,ok,,0.1416800146320358,600,3,2.0,2.0,3.0,3.0,diag,8007.311436860233,,3,3,bic,0.0015368750027846,0.0208061250013997,0.0248458340065553,,,,,,,,,,,
swiss_roll,128,1,umap,fixed,ok,,0.3822632859912276,600,3,2.0,2.0,3.0,3.0,full,5770.829495624072,,3,3,bic,1.1989270410122117,0.0161659169971244,1.2186754579888657,,,,,,,,,,,
swiss_roll,128,2,ae_relu,fixed,ok,,0.1022014957865359,600,3,2.0,2.0,3.0,3.0,spherical,7659.094868771336,,3,3,bic,0.628960707996157,0.0371380420110654,0.6691935410053702,,,,,,relu,267.0,True,,,
swiss_roll,128,2,ae_tanh,fixed,ok,,0.0521574960071768,600,3,2.0,2.0,3.0,3.0,tied,1592.5682481643405,,3,3,bic,0.4669914169935509,0.0384112500032642,0.5101135419972707,,,,,,tanh,89.0,True,,,
swiss_roll,128,2,autog2m2,fixed,ok,,0.3000849912862752,600,3,2.0,2.0,3.0,3.0,full,2135.738685029514,,3,3,bic,3.6007561669975985,0.0223016670061042,3.626301500000409,3.396180915995501,0.0100112919899402,0.1023357919912086,0.0170434579922584,,,,,,,
swiss_roll,128,2,autogmm_spectral,fixed,ok,,0.2586412445457924,600,3,2.0,2.0,3.0,3.0,full,-8806.386146866087,lse,3,3,bic,,0.0861988340038806,0.2158616249944316,,,,,0.1272646249999525,,,,,,
swiss_roll,128,2,mclust,fixed,ok,,0.1041704386144024,600,3,128.0,,3.0,3.0,EVE,520102.2480864402,,3,3,bic,,2743.706,2744.434912333003,,,,,,,,,288504.6671496215,8896.0,520100.8980908069
swiss_roll,128,2,pca,fixed,ok,,0.055989773045145,600,3,2.0,2.0,3.0,3.0,tied,8062.49615234231,,3,3,bic,0.001646749995416,0.0293064589932328,0.034507875010604,,,,,,,,,,,
swiss_roll,128,2,umap,fixed,ok,,0.6748381794570933,600,3,2.0,2.0,3.0,3.0,full,5570.261548437587,,3,3,bic,1.1951927920017624,0.0233605420071398,1.2225369160005355,,,,,,,,,,,
swiss_roll,128,3,ae_relu,fixed,ok,,0.1248142350075273,600,3,2.0,1.0,3.0,3.0,diag,-7609.479872115711,,3,3,bic,0.0,0.0480142919986974,0.0503004589991178,,,,,,relu,503.0,True,,,
swiss_roll,128,3,ae_tanh,fixed,ok,,0.2382855417067358,600,3,2.0,2.0,3.0,3.0,diag,1614.1512338054192,,3,3,bic,0.4083566250046715,0.0483690420078346,0.4616709999972954,,,,,,tanh,80.0,True,,,
swiss_roll,128,3,autog2m2,fixed,ok,,0.3901027278489338,600,3,2.0,2.0,3.0,3.0,full,1923.816030500774,,3,3,bic,3.6204014160030056,0.0474700000049779,3.6708781249908498,3.42009595799027,0.0097161250014323,0.0913922500039916,0.0162849579937756,,,,,,,
swiss_roll,128,3,autogmm_spectral,fixed,ok,,0.4801479133955931,600,3,2.0,2.0,3.0,3.0,full,-9263.904416907611,lse,3,3,bic,,0.1475897080090362,0.3469104579999111,,,,,0.1958169170102337,,,,,,
swiss_roll,128,3,mclust,fixed,ok,,0.2393838948531473,600,3,128.0,,3.0,3.0,EVE,511553.2093211441,,3,3,bic,,5977.67,3594.339158082992,,,,,,,,,284230.1477669735,8896.0,511552.950133116
swiss_roll,128,3,pca,fixed,ok,,0.2453177294672218,600,3,2.0,2.0,3.0,3.0,full,7751.631375631067,,3,3,bic,0.0017927500011865,0.023487832993851,0.028080083997338,,,,,,,,,,,
swiss_roll,128,3,umap,fixed,ok,,0.4444610319170912,600,3,2.0,2.0,3.0,3.0,full,5943.695127542529,,3,3,bic,1.1580213340057526,0.0365987499972106,1.198833915987052,,,,,,,,,,,
swiss_roll,128,4,ae_relu,fixed,ok,,0.1667311801105634,600,3,2.0,2.0,3.0,3.0,full,6570.845348867593,,3,3,bic,0.8082440830039559,0.0282080420001875,0.8403262089996133,,,,,,relu,341.0,True,,,
swiss_roll,128,4,ae_tanh,fixed,ok,,0.1862626993518922,600,3,2.0,2.0,3.0,3.0,full,1864.42496909718,,3,3,bic,0.3507402090035612,0.0567770839988952,0.4123500839923508,,,,,,tanh,70.0,True,,,
swiss_roll,128,4,autog2m2,fixed,ok,,0.212365033283897,600,3,2.0,2.0,3.0,3.0,full,1608.2205017785286,,3,3,bic,3.591392000002088,0.0430777080036932,3.638257458995213,3.363984416995663,0.010667624999769,0.1146450829983223,0.0170329590036999,,,,,,,
swiss_roll,128,4,autogmm_spectral,fixed,ok,,0.3081655846938079,600,3,2.0,2.0,3.0,3.0,full,-8886.271877620355,lse,3,3,bic,,0.1240914579975651,0.2542412500042701,,,,,0.1279598749970318,,,,,,
swiss_roll,128,4,mclust,fixed,ok,,0.4207225718037664,600,3,128.0,,3.0,3.0,EVE,517161.20988284174,,3,3,bic,,7450.422,5066.637614790991,,,,,,,,,287034.1480478223,8896.0,517161.1470448453
swiss_roll,128,4,pca,fixed,ok,,0.1420047137775192,600,3,2.0,2.0,3.0,3.0,full,7970.594495239728,,3,3,bic,0.0016472080023959,0.0295265000022482,0.0342468750022817,,,,,,,,,,,
swiss_roll,128,4,umap,fixed,ok,,0.2220649557130974,600,3,2.0,2.0,3.0,3.0,full,5488.881666101747,,3,3,bic,1.2048645830072928,0.0254640000057406,1.2355505839950638,,,,,,,,,,,
swiss_roll,128,5,ae_relu,fixed,ok,,0.109048208056208,600,3,2.0,2.0,3.0,3.0,full,6230.97830495166,,3,3,bic,0.4763343330123462,0.0502193749998696,0.5294582909991732,,,,,,relu,199.0,True,,,
swiss_roll,128,5,ae_tanh,fixed,ok,,0.0967739278721983,600,3,2.0,2.0,3.0,3.0,diag,1698.6174687780865,,3,3,bic,0.8092410000099335,0.0406143339932896,0.8547326249972684,,,,,,tanh,161.0,True,,,
swiss_roll,128,5,autog2m2,fixed,ok,,0.3783961729585123,600,3,2.0,2.0,3.0,3.0,full,1141.0757592163468,,3,3,bic,3.469767583010253,0.0292864999937592,3.5026477499923203,3.2554607080091955,0.0112451669992879,0.1116017500025918,0.0168437919928692,,,,,,,
swiss_roll,128,5,autogmm_spectral,fixed,ok,,0.298492502222825,600,3,2.0,2.0,3.0,3.0,full,-8997.449848169428,lse,3,3,bic,,0.105071832993417,0.2874901250033872,,,,,0.1739196669950615,,,,,,
swiss_roll,128,5,mclust,fixed,ok,,0.3015975045099162,600,3,128.0,,3.0,3.0,EVE,511314.7207450592,,3,3,bic,,967.117,967.9963720000088,,,,,,,,,284110.903478931,8896.0,511314.7207143581
swiss_roll,128,5,pca,fixed,ok,,0.0782485405558826,600,3,2.0,2.0,3.0,3.0,tied,8021.118777196414,,3,3,bic,0.0016178749938262,0.0309292909951182,0.0359383750037523,,,,,,,,,,,
swiss_roll,128,5,umap,fixed,ok,,0.4788020681016767,600,3,2.0,2.0,3.0,3.0,full,5467.227271163699,,3,3,bic,1.281845624995185,0.0198942499991972,1.3063145000051009,,,,,,,,,,,
swiss_roll,128,6,ae_relu,fixed,ok,,0.2724274179357602,600,3,2.0,2.0,3.0,3.0,full,6883.2321014811,,3,3,bic,1.0592073330044514,0.0293447500007459,1.0932919580081943,,,,,,relu,452.0,True,,,
swiss_roll,128,6,ae_tanh,fixed,ok,,0.2520591433466191,600,3,2.0,2.0,3.0,3.0,diag,1697.0870239352057,,3,3,bic,0.4556502089981222,0.0423215000046184,0.5028352079971228,,,,,,tanh,92.0,True,,,
swiss_roll,128,6,autog2m2,fixed,ok,,0.2714229970756189,600,3,2.0,2.0,3.0,3.0,full,1567.3356455575015,,3,3,bic,3.5278458329994464,0.0369427499972516,3.5719339170027524,3.324684166989755,0.0095326250011567,0.1019557079998776,0.0188139170059002,,,,,,,
swiss_roll,128,6,autogmm_spectral,fixed,ok,,0.5377227665263143,600,3,2.0,2.0,3.0,3.0,full,-9099.091089064894,lse,3,3,bic,,0.1009839580074185,0.2582375419879099,,,,,0.1550820420088712,,,,,,
swiss_roll,128,6,mclust,fixed,ok,,0.2692189553353421,600,3,128.0,,3.0,3.0,EVE,522152.6199355099,,3,3,bic,,1145.831,1146.5150834159867,,,,,,,,,289529.8530741564,8896.0,522152.61976116727
swiss_roll,128,6,pca,fixed,ok,,0.2601978862171237,600,3,2.0,2.0,3.0,3.0,full,7882.810979698639,,3,3,bic,0.0016420830070273,0.0413674589945003,0.0461300000024493,,,,,,,,,,,
swiss_roll,128,6,umap,fixed,ok,,0.6208734225550739,600,3,2.0,2.0,3.0,3.0,full,5355.4564814228,,3,3,bic,1.3653779169981135,0.0151560829981463,1.3843701250007143,,,,,,,,,,,
swiss_roll,128,7,ae_relu,fixed,ok,,0.2438139371730862,600,3,2.0,2.0,3.0,3.0,full,5780.1118087721225,,3,3,bic,0.6894242499984102,0.0308401660004165,0.7248879580001812,,,,,,relu,278.0,True,,,
swiss_roll,128,7,ae_tanh,fixed,ok,,0.045559194143705,600,3,2.0,2.0,3.0,3.0,diag,1876.3486756944487,,3,3,bic,0.3395520420017419,0.0539924170006997,0.3980222499958472,,,,,,tanh,71.0,True,,,
swiss_roll,128,7,autog2m2,fixed,ok,,0.2676429714232328,600,3,2.0,2.0,3.0,3.0,diag,2089.0224414164027,,3,3,bic,3.567989582996234,0.0319335420062998,3.60641237499658,3.3754878749896307,0.0096952919993782,0.0930879579973407,0.0170531250041676,,,,,,,
swiss_roll,128,7,autogmm_spectral,fixed,ok,,0.2910724833356166,600,3,2.0,2.0,3.0,3.0,full,-9083.822604911002,lse,3,3,bic,,0.0507303339982172,0.1340575840004021,,,,,0.0819683330046245,,,,,,
swiss_roll,128,7,mclust,fixed,ok,,0.2759099341555849,600,3,128.0,,3.0,3.0,EVE,496826.3220811848,,3,3,bic,,1418.872,1419.2894772920115,,,,,,,,,276866.7041469938,8896.0,496826.3219375201
swiss_roll,128,7,pca,fixed,ok,,0.0556683963628785,600,3,2.0,2.0,3.0,3.0,full,7858.55095398508,,3,3,bic,0.001579457995831,0.0271917919890256,0.0317165839951485,,,,,,,,,,,
swiss_roll,128,7,umap,fixed,ok,,0.6571281601687718,600,3,2.0,2.0,3.0,3.0,full,5533.6455918771335,,3,3,bic,1.200408167002024,0.0194710829964606,1.2234532080037752,,,,,,,,,,,
swiss_roll,128,8,ae_relu,fixed,ok,,0.1187611900826769,600,3,2.0,2.0,3.0,3.0,full,6885.126142059356,,3,3,bic,0.8599488330073655,0.0528003329964121,0.9156710419920272,,,,,,relu,331.0,True,,,
swiss_roll,128,8,ae_tanh,fixed,ok,,0.1376588483619397,600,3,2.0,2.0,3.0,3.0,full,1624.6339257498796,,3,3,bic,0.848465084010968,0.0634945000056177,0.9164925410004798,,,,,,tanh,178.0,True,,,
swiss_roll,128,8,autog2m2,fixed,ok,,0.4101037139629546,600,3,2.0,2.0,3.0,3.0,full,1640.4178465719192,,3,3,bic,4.581222541994066,0.1177206249994924,4.704274625008111,4.087202374998014,0.0205710409936727,0.2217475420038681,0.0391013750049751,,,,,,,
swiss_roll,128,8,autogmm_spectral,fixed,ok,,0.3667796751665584,600,3,2.0,2.0,3.0,3.0,full,-9038.54064943559,lse,3,3,bic,,0.0514117910061031,0.1326574169943342,,,,,0.0797987919941078,,,,,,
swiss_roll,128,8,mclust,fixed,ok,,0.1391036555749052,600,3,128.0,,3.0,3.0,EVE,524824.8013430162,,3,3,bic,,868.607,869.039770790987,,,,,,,,,290865.9437779095,8896.0,524824.7815650225
swiss_roll,128,8,pca,fixed,ok,,0.1059317253042394,600,3,2.0,2.0,3.0,3.0,full,7740.040104628824,,3,3,bic,0.0042766250116983,0.09020579198841,0.1001630829996429,,,,,,,,,,,
swiss_roll,128,8,umap,fixed,ok,,0.8325898969565375,600,3,2.0,2.0,3.0,3.0,full,5518.386475397681,,3,3,bic,1.7129978750017472,0.0268467909918399,1.74383058300009,,,,,,,,,,,
swiss_roll,128,9,ae_relu,fixed,ok,,0.4598623190519714,600,3,2.0,2.0,3.0,3.0,full,7335.592923725615,,3,3,bic,1.1852941670076689,0.0449962910061003,1.2330961669940734,,,,,,relu,434.0,True,,,
swiss_roll,128,9,ae_tanh,fixed,ok,,0.2085982935267396,600,3,2.0,2.0,3.0,3.0,full,1661.6496190360108,,3,3,bic,0.4819652090081945,0.0474711249989923,0.5341284999885829,,,,,,tanh,94.0,True,,,
swiss_roll,128,9,autog2m2,fixed,ok,,0.4068879996018268,600,3,2.0,2.0,3.0,3.0,full,1470.2312515283195,,3,3,bic,3.7712007499940223,0.0285534590075258,3.802723624990904,3.5674850000068545,0.0103150829963851,0.0967035829962696,0.0171113749966025,,,,,,,
swiss_roll,128,9,autogmm_spectral,fixed,ok,,0.4792451472074547,600,3,2.0,2.0,3.0,3.0,full,-9129.621445708408,lse,3,3,bic,,0.0583952499873703,0.1369646249950165,,,,,0.0771536250103963,,,,,,
swiss_roll,128,9,mclust,fixed,ok,,0.3453886541925848,600,3,128.0,,3.0,3.0,EVE,518606.0753127294,,3,3,bic,,3603.92,3604.326780459,,,,,,,,,287756.5807627661,8896.0,518606.07529532135
swiss_roll,128,9,pca,fixed,ok,,0.1411763774335159,600,3,2.0,2.0,3.0,3.0,full,7901.375766395227,,3,3,bic,0.0016206660075113,0.0254403330036439,0.0295903750084107,,,,,,,,,,,
swiss_roll,128,9,umap,fixed,ok,,0.2490906358022337,600,3,2.0,2.0,3.0,3.0,full,5368.0143122107775,,3,3,bic,1.2687985000084154,0.0316803330060793,1.3041607080085669,,,,,,,,,,,
swiss_roll,128,10,ae_relu,fixed,ok,,0.0067482692516228,600,3,2.0,2.0,3.0,3.0,full,7176.159776940213,,3,3,bic,1.0137154160038335,0.0349412089999532,1.051377124997089,,,,,,relu,430.0,True,,,
swiss_roll,128,10,ae_tanh,fixed,ok,,0.0679344233698214,600,3,2.0,2.0,3.0,3.0,diag,1689.9526130754152,,3,3,bic,0.3795934160007164,0.0640608749963576,0.4484344999946188,,,,,,tanh,74.0,True,,,
swiss_roll,128,10,autog2m2,fixed,ok,,0.2363885543239262,600,3,2.0,2.0,3.0,3.0,full,1553.0874154498852,,3,3,bic,3.4723323749931296,0.0337493330007419,3.509245209002984,3.279141333012376,0.0092021250020479,0.0952507499896455,0.0160560829972382,,,,,,,
swiss_roll,128,10,autogmm_spectral,fixed,ok,,0.2561978766943749,600,3,2.0,2.0,3.0,3.0,full,-9049.03166429194,lse,3,3,bic,,0.0506032080011209,0.1317934580001747,,,,,0.079828041998553,,,,,,
swiss_roll,128,10,mclust,fixed,ok,,0.228117240953951,600,3,128.0,,3.0,3.0,EVE,507789.5940840281,,3,3,bic,,492.608,493.0123868749943,,,,,,,,,282348.3401484155,8896.0,507789.5627525843
swiss_roll,128,10,pca,fixed,ok,,0.0343383599211821,600,3,2.0,2.0,3.0,3.0,diag,7900.164493756589,,3,3,bic,0.0015444580058101,0.0258890419936506,0.0299657919968012,,,,,,,,,,,
swiss_roll,128,10,umap,fixed,ok,,0.3799150606683333,600,3,2.0,2.0,3.0,3.0,full,5583.190588791462,,3,3,bic,1.2614689999900293,0.0271191659994656,1.2927943329996197,,,,,,,,,,,
swiss_roll,128,11,ae_relu,fixed,ok,,0.1365557863411044,600,3,2.0,2.0,3.0,3.0,full,6199.6401581193895,,3,3,bic,1.2663092910079286,0.0425374170008581,1.3119615409959806,,,,,,relu,497.0,True,,,
swiss_roll,128,11,ae_tanh,fixed,ok,,0.2198142111842565,600,3,2.0,2.0,3.0,3.0,full,1443.087130676685,,3,3,bic,0.8815406670037191,0.0593934999924385,0.945776874999865,,,,,,tanh,185.0,True,,,
swiss_roll,128,11,autog2m2,fixed,ok,,0.5311409458432113,600,3,2.0,2.0,3.0,3.0,diag,1933.5732144816068,,3,3,bic,3.559041708998848,0.02312699999311,3.585032457995112,3.3695529170072405,0.0094822909886715,0.0899407090037129,0.016233458998613,,,,,,,
swiss_roll,128,11,autogmm_spectral,fixed,ok,,0.3601229184206976,600,3,2.0,2.0,3.0,3.0,full,-8989.067904123272,lse,3,3,bic,,0.056723666988546,0.1391690830059815,,,,,0.0810263339953962,,,,,,
swiss_roll,128,11,mclust,fixed,ok,,0.3340976759821614,600,3,128.0,,3.0,3.0,EVE,509933.56643095455,,3,3,bic,,710.397,710.8176352919982,,,,,,,,,283420.3263218787,8896.0,509933.5660439706
swiss_roll,128,11,pca,fixed,ok,,0.1553544434184815,600,3,2.0,2.0,3.0,3.0,full,7846.299535776197,,3,3,bic,0.0015193750004982,0.0309992089896695,0.035361375004868,,,,,,,,,,,
swiss_roll,128,11,umap,fixed,ok,,0.7163692000081537,600,3,2.0,2.0,3.0,3.0,full,5744.566362906445,,3,3,bic,1.16219641600037,0.0211986669892212,1.1872573330037994,,,,,,,,,,,
swiss_roll,128,12,ae_relu,fixed,ok,,0.1507327175189141,600,3,2.0,2.0,3.0,3.0,spherical,5777.799197623719,,3,3,bic,1.2158883329975652,0.0373685829981695,1.2563050419994397,,,,,,relu,482.0,True,,,
swiss_roll,128,12,ae_tanh,fixed,ok,,0.3084180111502939,600,3,2.0,2.0,3.0,3.0,full,1604.8311945180078,,3,3,bic,0.57732899999246,0.0756061669962946,0.6577746250113705,,,,,,tanh,114.0,True,,,
swiss_roll,128,12,autog2m2,fixed,ok,,0.1552627117866978,600,3,2.0,2.0,3.0,3.0,diag,1873.472450828654,,3,3,bic,3.4088310829974944,0.0433396250009536,3.4556722910056124,3.1890574999997625,0.0110356249933829,0.1129521670081885,0.0170395839959383,,,,,,,
swiss_roll,128,12,autogmm_spectral,fixed,ok,,0.3777867782547165,600,3,2.0,2.0,3.0,3.0,full,-8954.067762687206,lse,3,3,bic,,0.0527532489941222,0.1324699999968288,,,,,0.0783349580015055,,,,,,
swiss_roll,128,12,mclust,fixed,ok,,0.2401326716657305,600,3,128.0,,3.0,3.0,EEE,511467.72838048177,,3,3,bic,,2.7510000000000003,3.156925165996654,,,,,,,,,283374.99723042984,8642.0,511449.2990407469
swiss_roll,128,12,pca,fixed,ok,,0.1513657403164945,600,3,2.0,2.0,3.0,3.0,full,7726.187624734835,,3,3,bic,0.0016347500059055,0.0341477089968975,0.0388977080001495,,,,,,,,,,,
swiss_roll,128,12,umap,fixed,ok,,0.3844653230311182,600,3,2.0,2.0,3.0,3.0,full,5404.586906887806,,3,3,bic,1.171509749998222,0.0181026659993222,1.1936684170068474,,,,,,,,,,,
swiss_roll,128,13,ae_relu,fixed,ok,,0.0414381127668799,600,3,2.0,2.0,3.0,3.0,full,7205.733821193198,,3,3,bic,0.6905960000003688,0.0548729579895734,0.7489141669939272,,,,,,relu,252.0,True,,,
swiss_roll,128,13,ae_tanh,fixed,ok,,0.1187649312956282,600,3,2.0,2.0,3.0,3.0,diag,1632.2063240997643,,3,3,bic,0.6276755830040202,0.0438446249900152,0.6761338329961291,,,,,,tanh,120.0,True,,,
swiss_roll,128,13,autog2m2,fixed,ok,,0.6874131890828261,600,3,2.0,2.0,3.0,3.0,full,285.4685490507014,,3,3,bic,4.349730165995425,0.0416589999949792,4.395163667009911,4.07728374999715,0.0133167500025592,0.1317465839965734,0.0198765839886618,,,,,,,
swiss_roll,128,13,autogmm_spectral,fixed,ok,,0.3015844475017692,600,3,2.0,2.0,3.0,3.0,full,-9244.455964244618,lse,3,3,bic,,0.0600373339984798,0.1404388329974608,,,,,0.0790094999974826,,,,,,
swiss_roll,128,13,mclust,fixed,ok,,0.3493204355025484,600,3,128.0,,3.0,3.0,EVE,520544.3885810173,,3,3,bic,,1186.565,1186.9740471669938,,,,,,,,,288725.7373969101,8896.0,520544.1186596116
swiss_roll,128,13,pca,fixed,ok,,0.1428430211862485,600,3,2.0,2.0,3.0,3.0,tied,7958.904202600097,,3,3,bic,0.0021927920024609,0.0342729999974835,0.0398924170003738,,,,,,,,,,,
swiss_roll,128,13,umap,fixed,ok,,0.4086917097341416,600,3,2.0,2.0,3.0,3.0,full,5693.7262700376805,,3,3,bic,1.506075792000047,0.0196278749936027,1.5304404999915278,,,,,,,,,,,
swiss_roll,128,14,ae_relu,fixed,ok,,0.2723977504299781,600,3,2.0,2.0,3.0,3.0,full,6759.45057707908,,3,3,bic,1.1316219580039617,0.0316867499932413,1.1661045829969223,,,,,,relu,470.0,True,,,
swiss_roll,128,14,ae_tanh,fixed,ok,,0.286400764909965,600,3,2.0,2.0,3.0,3.0,full,1623.8910028597782,,3,3,bic,0.6288253749953583,0.0582341669942252,0.6921857500128681,,,,,,tanh,120.0,True,,,
swiss_roll,128,14,autog2m2,fixed,ok,,0.1290960073342242,600,3,2.0,2.0,3.0,3.0,full,1924.5064644233912,,3,3,bic,3.901369166997029,0.0376368340075714,3.9427017499983776,3.688469458997133,0.0105115420010406,0.1031924159906338,0.0175329580088146,,,,,,,
swiss_roll,128,14,autogmm_spectral,fixed,ok,,0.4696314308957396,600,3,2.0,2.0,3.0,3.0,full,-9114.73032643745,lse,3,3,bic,,0.0562920000083977,0.1369335839990526,,,,,0.0791262499988079,,,,,,
swiss_roll,128,14,mclust,fixed,ok,,0.3564957178970445,600,3,128.0,,3.0,3.0,EVE,511910.1721997067,,3,3,bic,,600.4250000000001,600.8426584999979,,,,,,,,,284408.6292062548,8896.0,511910.169625794
swiss_roll,128,14,pca,fixed,ok,,0.2630753017851733,600,3,2.0,2.0,3.0,3.0,full,7918.651862438623,,3,3,bic,0.0016973329911706,0.0335340830060886,0.0381546669959789,,,,,,,,,,,
swiss_roll,128,14,umap,fixed,ok,,0.6005915050861172,600,3,2.0,2.0,3.0,3.0,diag,5596.751497556376,,3,3,bic,1.3739740000019085,0.0329680830036522,1.4110574160004037,,,,,,,,,,,
swiss_roll,128,15,ae_relu,fixed,ok,,0.1372271484403609,600,3,2.0,2.0,3.0,3.0,full,5703.366690354357,,3,3,bic,1.0194639999972424,0.0405711250059539,1.0631577919994015,,,,,,relu,434.0,True,,,
swiss_roll,128,15,ae_tanh,fixed,ok,,0.1307194750421476,600,3,2.0,2.0,3.0,3.0,diag,1766.861099572378,,3,3,bic,0.6266624580021016,0.0740730410034302,0.705604000002495,,,,,,tanh,120.0,True,,,
swiss_roll,128,15,autog2m2,fixed,ok,,0.2431583373107665,600,3,2.0,2.0,3.0,3.0,full,1595.3216057812472,,3,3,bic,3.716626209003152,0.0265016250050393,3.745984166991548,3.510798832998262,0.0100798750063404,0.1011879169964231,0.0168640830088406,,,,,,,
swiss_roll,128,15,autogmm_spectral,fixed,ok,,0.3985856909163566,600,3,2.0,2.0,3.0,3.0,diag,-8768.991492169456,lse,3,3,bic,,0.0713554999965708,0.1536615829973016,,,,,0.0809238340007141,,,,,,
swiss_roll,128,15,mclust,fixed,ok,,0.1538571868547547,600,3,128.0,,3.0,3.0,EEE,517667.8643732921,,3,3,bic,,2.523,2.933105416988837,,,,,,,,,286475.065226835,8642.0,517652.426655178
swiss_roll,128,15,pca,fixed,ok,,0.1536041669942265,600,3,2.0,2.0,3.0,3.0,full,7874.892503777417,,3,3,bic,0.0016130830044858,0.0407238329935353,0.045146290998673,,,,,,,,,,,
swiss_roll,128,15,umap,fixed,ok,,0.5032859517407634,600,3,2.0,2.0,3.0,3.0,full,5413.092815014771,,3,3,bic,1.217936250002822,0.0256610840006032,1.247619959001895,,,,,,,,,,,
swiss_roll,128,16,ae_relu,fixed,ok,,0.2186443423977993,600,3,2.0,2.0,3.0,3.0,full,7455.188013211809,,3,3,bic,0.4020532499998808,0.0357179999991785,0.4404208329942776,,,,,,relu,172.0,True,,,
swiss_roll,128,16,ae_tanh,fixed,ok,,0.1769696697677145,600,3,2.0,2.0,3.0,3.0,full,1711.715265955497,,3,3,bic,0.627294375008205,0.0358851250057341,0.6680056670011254,,,,,,tanh,119.0,True,,,
swiss_roll,128,16,autog2m2,fixed,ok,,0.5220549894684122,600,3,2.0,2.0,3.0,3.0,full,827.1297189601705,,3,3,bic,3.7645002499921247,0.038634083000943,3.805929207999725,3.56937320799625,0.0101175000017974,0.088786207998055,0.0164906249992782,,,,,,,
swiss_roll,128,16,autogmm_spectral,fixed,ok,,0.1742365367844981,600,3,2.0,2.0,3.0,3.0,full,-9117.895449938604,lse,3,3,bic,,0.0763565839879447,0.1539654169901041,,,,,0.0762199999880977,,,,,,
swiss_roll,128,16,mclust,fixed,ok,,0.3468814897428613,600,3,128.0,,3.0,3.0,EVE,513107.6340541947,,3,3,bic,,546.6310000000001,547.0380647920101,,,,,,,,,285007.3601334988,8896.0,513107.6338585028
swiss_roll,128,16,pca,fixed,ok,,0.326806784433602,600,3,2.0,2.0,3.0,3.0,full,7817.75857906046,,3,3,bic,0.0015542909968644,0.0362340840074466,0.040483666001819,,,,,,,,,,,
swiss_roll,128,16,umap,fixed,ok,,0.2269220192286342,600,3,2.0,2.0,3.0,3.0,full,5285.180342864905,,3,3,bic,1.3060797920043117,0.021396874988568,1.3309920000028796,,,,,,,,,,,
swiss_roll,128,17,ae_relu,fixed,ok,,0.1544416978380884,600,3,2.0,2.0,3.0,3.0,full,7675.971683228817,,3,3,bic,1.2150913329969626,0.0427629999903729,1.260773333007819,,,,,,relu,495.0,True,,,
swiss_roll,128,17,ae_tanh,fixed,ok,,0.1784593800592843,600,3,2.0,2.0,3.0,3.0,full,1544.043949483184,,3,3,bic,0.5731429170118645,0.0560926670004846,0.6342410420038505,,,,,,tanh,110.0,True,,,
swiss_roll,128,17,autog2m2,fixed,ok,,0.213391859732782,600,3,2.0,2.0,3.0,3.0,full,1963.5505423403515,,3,3,bic,3.812781833999906,0.0334413749951636,3.848923375000595,3.609617958994931,0.0097765840037027,0.1012312500097323,0.017362917002174,,,,,,,
swiss_roll,128,17,autogmm_spectral,fixed,ok,,0.2110646005008226,600,3,2.0,2.0,3.0,3.0,full,-9018.49996322623,lse,3,3,bic,,0.0426336250093299,0.1211587919970043,,,,,0.0771437500079628,,,,,,
swiss_roll,128,17,mclust,fixed,ok,,0.1466026441137008,600,3,128.0,,3.0,3.0,EVE,510521.2317895261,,3,3,bic,,543.081,543.492674166002,,,,,,,,,283714.1590011645,8896.0,510521.22636556847
swiss_roll,128,17,pca,fixed,ok,,0.1630938033096434,600,3,2.0,2.0,3.0,3.0,full,7781.971914047183,,3,3,bic,0.001568124993355,0.0396728750056354,0.0437820420047501,,,,,,,,,,,
swiss_roll,128,17,umap,fixed,ok,,0.5066530178284252,600,3,2.0,2.0,3.0,3.0,full,5420.617825907366,,3,3,bic,1.2880314579961123,0.017912334005814,1.3099804579978809,,,,,,,,,,,
swiss_roll,128,18,ae_relu,fixed,ok,,0.1848715056910783,600,3,2.0,1.0,3.0,3.0,diag,-6408.372807344262,,3,3,bic,0.0,0.0357624160096747,0.0379027500021038,,,,,,relu,109.0,True,,,
swiss_roll,128,18,ae_tanh,fixed,ok,,0.0594844041026491,600,3,2.0,2.0,3.0,3.0,diag,1872.5247952415848,,3,3,bic,0.2522757500119041,0.0489766249957028,0.3059105410065967,,,,,,tanh,50.0,True,,,
swiss_roll,128,18,autog2m2,fixed,ok,,0.2631463520662569,600,3,2.0,2.0,3.0,3.0,full,2316.5322550300616,,3,3,bic,3.9417610829987098,0.0298028329998487,3.9758742499980144,3.7303148329956457,0.0103744579973863,0.1024246250017313,0.0175007079960778,,,,,,,
swiss_roll,128,18,autogmm_spectral,fixed,ok,,0.320211371271682,600,3,2.0,2.0,3.0,3.0,full,-9232.514663807176,lse,3,3,bic,,0.0663925419939914,0.1457201250013895,,,,,0.0779411249968689,,,,,,
swiss_roll,128,18,mclust,fixed,ok,,0.1287275144257025,600,3,128.0,,3.0,3.0,EVE,522854.4572899071,,3,3,bic,,1945.238,1945.6466298340088,,,,,,,,,289880.771751355,8896.0,522853.8552573319
swiss_roll,128,18,pca,fixed,ok,,0.0606399127724761,600,3,2.0,2.0,3.0,3.0,diag,8005.13750580083,,3,3,bic,0.0016020000039134,0.023230249993503,0.0276263749983627,,,,,,,,,,,
swiss_roll,128,18,umap,fixed,ok,,0.4898542729754728,600,3,2.0,2.0,3.0,3.0,full,5482.898181314125,,3,3,bic,1.26210712500324,0.029080000007525,1.2945642919949023,,,,,,,,,,,
swiss_roll,128,19,ae_relu,fixed,ok,,0.2792257724487353,600,3,2.0,2.0,3.0,3.0,full,7087.314363780035,,3,3,bic,0.9146202499978244,0.0356123750098049,0.9535687920142664,,,,,,relu,354.0,True,,,
swiss_roll,128,19,ae_tanh,fixed,ok,,0.3728992405479604,600,3,2.0,2.0,3.0,3.0,full,1519.4086445235482,,3,3,bic,0.4904300000052899,0.0529898749955464,0.548301500006346,,,,,,tanh,97.0,True,,,
swiss_roll,128,19,autog2m2,fixed,ok,,0.3828405587979775,600,3,2.0,2.0,3.0,3.0,full,1186.721110092835,,3,3,bic,3.8833680839888975,0.0292480420030187,3.9154618750035297,3.6792623749934137,0.0096869999979389,0.0995479169941973,0.0168088750069728,,,,,,,
swiss_roll,128,19,autogmm_spectral,fixed,ok,,0.3695166766482616,600,3,2.0,2.0,3.0,3.0,full,-8827.303241402256,lse,3,3,bic,,0.0543313750094966,0.1306272090005222,,,,,0.0749142910062801,,,,,,
swiss_roll,128,19,mclust,fixed,ok,,0.2983578186521701,600,3,128.0,,3.0,3.0,EVE,512098.1795417135,,3,3,bic,,623.334,623.7434473330068,,,,,,,,,284502.6328772582,8896.0,512098.1738048702
swiss_roll,128,19,pca,fixed,ok,,0.3732524679911059,600,3,2.0,2.0,3.0,3.0,full,7718.65902418574,,3,3,bic,0.0015313749900087,0.0346652919979533,0.0387807910010451,,,,,,,,,,,
swiss_roll,128,19,umap,fixed,ok,,0.5085795711577589,600,3,2.0,2.0,3.0,3.0,full,5601.755029295299,,3,3,bic,1.2802294169960078,0.0214175410073949,1.3054507920023752,,,,,,,,,,,
swiss_roll,256,0,ae_relu,fixed,ok,,0.3705510430691395,600,3,2.0,2.0,3.0,3.0,full,6622.970776633154,,3,3,bic,0.7390724169963505,0.0225372910063015,0.7642720840085531,,,,,,relu,236.0,True,,,
swiss_roll,256,0,ae_tanh,fixed,ok,,0.1345609382428733,600,3,2.0,2.0,3.0,3.0,full,1681.5147103119712,,3,3,bic,0.6126560840057209,0.0435662079980829,0.6632835829950636,,,,,,tanh,108.0,True,,,
swiss_roll,256,0,autog2m2,fixed,ok,,0.152759686810774,600,3,2.0,2.0,3.0,3.0,full,2009.2670843937835,,3,3,bic,7.283440624989453,0.0568759160087211,7.345325209011207,6.964385165993008,0.0151024160004453,0.1594161669927416,0.0260705830005463,,,,,,,
swiss_roll,256,0,autogmm_spectral,fixed,ok,,0.3189028060844756,600,3,2.0,2.0,3.0,3.0,full,-9227.29605499703,lse,3,3,bic,,0.1142083760059904,0.2904378750099567,,,,,0.1739366670080926,,,,,,
swiss_roll,256,0,mclust,fixed,ok,,0.4096827957147798,600,3,256.0,,3.0,3.0,EEE,962269.8344531136,,3,3,bic,,24.006,24.701842125010444,,,,,,,,,588814.4341128102,33666.0,962268.0228168864
swiss_roll,256,0,pca,fixed,ok,,0.1852947103535658,600,3,2.0,2.0,3.0,3.0,full,8744.159377583284,,3,3,bic,0.002738291004789,0.0491452909918734,0.0563464160077273,,,,,,,,,,,
swiss_roll,256,0,umap,fixed,ok,,0.5173567826445147,600,3,2.0,2.0,3.0,3.0,full,5574.110330232185,,3,3,bic,2.4168268330104183,0.04979820799781,2.472177207993809,,,,,,,,,,,
swiss_roll,256,1,ae_relu,fixed,ok,,0.3111792825379293,600,3,2.0,2.0,3.0,3.0,full,7635.668589633933,,3,3,bic,1.114178042000276,0.028489709002315,1.145400833003805,,,,,,relu,325.0,True,,,
swiss_roll,256,1,ae_tanh,fixed,ok,,0.1655351143765168,600,3,2.0,2.0,3.0,3.0,full,1747.4343755690395,,3,3,bic,0.5938490420085145,0.0625247919961111,0.6910639999987325,,,,,,tanh,96.0,True,,,
swiss_roll,256,1,autog2m2,fixed,ok,,0.3854579823629591,600,3,2.0,2.0,3.0,3.0,full,930.5746695468004,,3,3,bic,7.487023082998348,0.0397721659974195,7.53098462500202,7.174510417011334,0.0149167920026229,0.15371229100856,0.0262057080108206,,,,,,,
swiss_roll,256,1,autogmm_spectral,fixed,ok,,0.5119554358829558,600,3,2.0,2.0,3.0,3.0,full,-9024.723991894538,lse,3,3,bic,,0.0927965010050684,0.2309195839916356,,,,,0.1356732919957721,,,,,,
swiss_roll,256,1,mclust,fixed,ok,,0.1058424719083343,600,3,256.0,,3.0,3.0,EEE,961376.4106840192,,3,3,bic,,23.274,23.94285745799425,,,,,,,,,588367.722228263,33666.0,961373.264464734
swiss_roll,256,1,pca,fixed,ok,,0.0991544782229336,600,3,2.0,2.0,3.0,3.0,full,8862.285020301324,,3,3,bic,0.0031367080082418,0.0387006250093691,0.0462924580060644,,,,,,,,,,,
swiss_roll,256,1,umap,fixed,ok,,0.635173153728585,600,3,2.0,2.0,3.0,3.0,full,5406.794878547396,,3,3,bic,2.3926147500023944,0.043546332992264,2.441459541994845,,,,,,,,,,,
swiss_roll,256,2,ae_relu,fixed,ok,,0.0732674092484927,600,3,2.0,2.0,3.0,3.0,full,7826.929528994713,,3,3,bic,0.5866620419983519,0.0416163339978084,0.6309647079906426,,,,,,relu,172.0,True,,,
swiss_roll,256,2,ae_tanh,fixed,ok,,0.2287502801833256,600,3,2.0,2.0,3.0,3.0,full,1824.7874699632043,,3,3,bic,0.3960892079921905,0.0483766669931355,0.4794700000056764,,,,,,tanh,63.0,True,,,
swiss_roll,256,2,autog2m2,fixed,ok,,0.4047828673176112,600,3,2.0,2.0,3.0,3.0,full,1813.9851933363857,,3,3,bic,7.503209290996892,0.0617690000071888,7.56942645800882,7.178750958002638,0.0160623340052552,0.1584512499975972,0.0260315830091713,,,,,,,
swiss_roll,256,2,autogmm_spectral,fixed,ok,,0.4444495509176013,600,3,2.0,2.0,3.0,3.0,full,-9008.498560155893,lse,3,3,bic,,0.1162142500106711,0.2558674579922808,,,,,0.1372242910001659,,,,,,
swiss_roll,256,2,mclust,fixed,ok,,0.2549840925643072,600,3,256.0,,3.0,3.0,EEE,971435.687568938,,3,3,bic,,21.67,22.352159165995545,,,,,,,,,593397.3606707223,33666.0,971431.7356899292
swiss_roll,256,2,pca,fixed,ok,,0.213187503275861,600,3,2.0,2.0,3.0,3.0,full,8690.52815471655,,3,3,bic,0.0027805419958895,0.0457269170001382,0.0529014579951763,,,,,,,,,,,
swiss_roll,256,2,umap,fixed,ok,,0.5087246550529663,600,3,2.0,2.0,3.0,3.0,full,5440.542801182395,,3,3,bic,2.381171750006615,0.0326441659999545,2.419945250003366,,,,,,,,,,,
swiss_roll,256,3,ae_relu,fixed,ok,,0.1981399259233093,600,3,2.0,2.0,3.0,3.0,full,7723.889004175837,,3,3,bic,1.6335102080047363,0.0338724169996567,1.6706463750015246,,,,,,relu,489.0,True,,,
swiss_roll,256,3,ae_tanh,fixed,ok,,0.2545109078475041,600,3,2.0,2.0,3.0,3.0,full,1819.6535586904577,,3,3,bic,0.3633868750039255,0.0599818749906262,0.4309170830092625,,,,,,tanh,60.0,True,,,
swiss_roll,256,3,autog2m2,fixed,ok,,0.2029713002747291,600,3,2.0,2.0,3.0,3.0,full,2338.1593119867453,,3,3,bic,4.5109381249931175,0.0406879160000244,4.554447708011139,4.321870540996315,0.0088240000040968,0.0920162080001318,0.016152249998413,,,,,,,
swiss_roll,256,3,autogmm_spectral,fixed,ok,,0.4013664117589052,600,3,2.0,2.0,3.0,3.0,full,-9282.830479311167,lse,3,3,bic,,0.1128062499919906,0.2854937500087544,,,,,0.1638762920047156,,,,,,
swiss_roll,256,3,mclust,fixed,ok,,0.1567113918239686,600,3,256.0,,3.0,3.0,EEE,963691.4856265296,,3,3,bic,,24.003,24.741888832999397,,,,,,,,,589525.2596995182,33666.0,963691.1345047768
swiss_roll,256,3,pca,fixed,ok,,0.241009186144538,600,3,2.0,2.0,3.0,3.0,full,8657.269747060462,,3,3,bic,0.0029330830002436,0.0262911669997265,0.0320234579994576,,,,,,,,,,,
swiss_roll,256,3,umap,fixed,ok,,0.517993290759103,600,3,2.0,2.0,3.0,3.0,full,5374.740055104467,,3,3,bic,1.515629750007065,0.0492525830049999,1.568962332996307,,,,,,,,,,,
swiss_roll,256,4,ae_relu,fixed,ok,,0.1448152642669495,600,3,2.0,2.0,3.0,3.0,full,8589.937304948817,,3,3,bic,1.3086869169928832,0.0339024999993853,1.3455106670007808,,,,,,relu,400.0,True,,,
swiss_roll,256,4,ae_tanh,fixed,ok,,0.1694627412402998,600,3,2.0,2.0,3.0,3.0,diag,1715.851914133407,,3,3,bic,0.4912757499987492,0.0392464579927036,0.5378659590060124,,,,,,tanh,83.0,True,,,
swiss_roll,256,4,autog2m2,fixed,ok,,0.1839526269079021,600,3,2.0,2.0,3.0,3.0,full,2308.8303278647995,,3,3,bic,4.272763250002754,0.0352917080017505,4.31122812499234,4.080235957997502,0.0089883750042645,0.1005794169905129,0.0163181660027476,,,,,,,
swiss_roll,256,4,autogmm_spectral,fixed,ok,,0.2438878195033755,600,3,2.0,2.0,3.0,3.0,full,-8923.247401159304,lse,3,3,bic,,0.1157279590115649,0.2957719169935444,,,,,0.1673015840060543,,,,,,
swiss_roll,256,4,mclust,fixed,ok,,0.3533217223679169,600,3,256.0,,3.0,3.0,EEE,976433.3907588432,,3,3,bic,,23.102000000000004,23.85438845898898,,,,,,,,,595896.212265675,33666.0,976429.7738673836
swiss_roll,256,4,pca,fixed,ok,,0.1751270446826704,600,3,2.0,2.0,3.0,3.0,diag,8856.377615536725,,3,3,bic,0.0019770420040003,0.0233137079922016,0.0279869590012822,,,,,,,,,,,
swiss_roll,256,4,umap,fixed,ok,,0.8297114224551443,600,3,2.0,2.0,3.0,3.0,full,5491.518235112932,,3,3,bic,1.5640849170013098,0.0235907080059405,1.591692874993896,,,,,,,,,,,
swiss_roll,256,5,ae_relu,fixed,ok,,0.2892204526585901,600,3,2.0,2.0,3.0,3.0,full,6530.585740209872,,3,3,bic,1.119968583006994,0.0286647500033723,1.151689834005083,,,,,,relu,332.0,True,,,
swiss_roll,256,5,ae_tanh,fixed,ok,,0.0986436702185289,600,3,2.0,2.0,3.0,3.0,full,1768.143228105026,,3,3,bic,0.409141540993005,0.047035916999448,0.4640741669863928,,,,,,tanh,65.0,True,,,
swiss_roll,256,5,autog2m2,fixed,ok,,0.1236992433576685,600,3,2.0,2.0,3.0,3.0,full,2206.6488997945544,,3,3,bic,4.4318035839969525,0.0354584579908987,4.47065604198724,4.212650041998131,0.0105917500040959,0.1134349170024506,0.0170052500034216,,,,,,,
swiss_roll,256,5,autogmm_spectral,fixed,ok,,0.3440305757159977,600,3,2.0,2.0,3.0,3.0,full,-9118.939566868328,lse,3,3,bic,,0.1240775829937774,0.3139236670103855,,,,,0.1770343749958556,,,,,,
swiss_roll,256,5,mclust,fixed,ok,,0.3432311581721946,600,3,256.0,,3.0,3.0,EEE,966340.9797616608,,3,3,bic,,21.404,22.25332008300757,,,,,,,,,590850.0067670838,33666.0,966334.0613870324
swiss_roll,256,5,pca,fixed,ok,,0.3571568674961453,600,3,2.0,2.0,3.0,3.0,full,8594.846700522447,,3,3,bic,0.0020598340051947,0.0427624589938204,0.0482929160061758,,,,,,,,,,,
swiss_roll,256,5,umap,fixed,ok,,0.4173009380022621,600,3,2.0,2.0,3.0,3.0,full,5401.244224802756,,3,3,bic,1.5443910000030885,0.0196190840069903,1.568099042007816,,,,,,,,,,,
swiss_roll,256,6,ae_relu,fixed,ok,,0.2365991011242343,600,3,2.0,2.0,3.0,3.0,full,7533.975629126851,,3,3,bic,1.3179033749911468,0.0347998749930411,1.3559187080099946,,,,,,relu,398.0,True,,,
swiss_roll,256,6,ae_tanh,fixed,ok,,0.1954307603936007,600,3,2.0,2.0,3.0,3.0,diag,1679.539945802989,,3,3,bic,0.634151499994914,0.075925625002128,0.7171455839998089,,,,,,tanh,98.0,True,,,
swiss_roll,256,6,autog2m2,fixed,ok,,0.5939574279768213,600,3,2.0,2.0,3.0,3.0,full,2209.938407843152,,3,3,bic,4.4366814579989295,0.0256281659967498,4.465246166000725,4.246624042003532,0.0094152919918997,0.091232625010889,0.0162942500028293,,,,,,,
swiss_roll,256,6,autogmm_spectral,fixed,ok,,0.5465062232992154,600,3,2.0,2.0,3.0,3.0,full,-9109.80612763275,lse,3,3,bic,,0.0478572499996516,0.1389701660082209,,,,,0.089597500002128,,,,,,
swiss_roll,256,6,mclust,fixed,ok,,0.2625386936568767,600,3,256.0,,3.0,3.0,EEE,966977.8295932832,,3,3,bic,,14.472,14.928740000003016,,,,,,,,,591168.4316828949,33666.0,966976.3954573262
swiss_roll,256,6,pca,fixed,ok,,0.2986134145165296,600,3,2.0,2.0,3.0,3.0,full,8747.627023857829,,3,3,bic,0.0020664580079028,0.0259855829935986,0.0311598749976838,,,,,,,,,,,
swiss_roll,256,6,umap,fixed,ok,,0.5385275506037084,600,3,2.0,2.0,3.0,3.0,full,5425.906872738908,,3,3,bic,1.4427067910000917,0.0229881249979371,1.4695702080061892,,,,,,,,,,,
swiss_roll,256,7,ae_relu,fixed,ok,,0.0692664551075877,600,3,2.0,2.0,3.0,3.0,full,6790.033613291102,,3,3,bic,1.3835260839987311,0.034074374998454,1.4207938750041649,,,,,,relu,429.0,True,,,
swiss_roll,256,7,ae_tanh,fixed,ok,,0.1932356192501934,600,3,2.0,2.0,3.0,3.0,tied,1576.3581647284484,,3,3,bic,0.7852199580083834,0.0378029999992577,0.8304323330085026,,,,,,tanh,123.0,True,,,
swiss_roll,256,7,autog2m2,fixed,ok,,0.1971454512471123,600,3,2.0,2.0,3.0,3.0,full,1999.4184787108647,,3,3,bic,4.424139916998684,0.0428243329952238,4.470453457994154,4.237831417005509,0.009222041000612,0.0939164580049691,0.0165770840103505,,,,,,,
swiss_roll,256,7,autogmm_spectral,fixed,ok,,0.2080063966835988,600,3,2.0,2.0,3.0,3.0,full,-8848.939602893726,lse,3,3,bic,,0.0560787080030422,0.14888933399925,,,,,0.0912081249989569,,,,,,
swiss_roll,256,7,mclust,fixed,ok,,0.399398545190116,600,3,256.0,,3.0,3.0,EEE,948040.1779316876,,3,3,bic,,14.973,15.438966790999984,,,,,,,,,581699.6058520972,33666.0,948038.7272236656
swiss_roll,256,7,pca,fixed,ok,,0.1729004244259273,600,3,2.0,2.0,3.0,3.0,tied,8822.729581094714,,3,3,bic,0.0021016670070821,0.0261287500034086,0.0315391670010285,,,,,,,,,,,
swiss_roll,256,7,umap,fixed,ok,,0.5394436525825234,600,3,2.0,2.0,3.0,3.0,full,5338.237177731096,,3,3,bic,1.5017866250127554,0.0192018339876085,1.5275247910030885,,,,,,,,,,,
swiss_roll,256,8,ae_relu,fixed,ok,,0.1773321734770586,600,3,2.0,2.0,3.0,3.0,full,8228.620364768993,,3,3,bic,1.1443127920065308,0.0330832909967284,1.1805291670025326,,,,,,relu,305.0,True,,,
swiss_roll,256,8,ae_tanh,fixed,ok,,0.1088986834764474,600,3,2.0,2.0,3.0,3.0,full,1592.2209638121203,,3,3,bic,0.6399335419991985,0.0640747910074424,0.7112532500032103,,,,,,tanh,106.0,True,,,
swiss_roll,256,8,autog2m2,fixed,ok,,0.4014785354174889,600,3,2.0,2.0,3.0,3.0,full,2479.9840073694754,,3,3,bic,4.857077958004084,0.0307291659992188,4.891748665992054,4.613765665999381,0.0119823330023791,0.1195555000012973,0.0194847919919993,,,,,,,
swiss_roll,256,8,autogmm_spectral,fixed,ok,,0.282397378420624,600,3,2.0,2.0,3.0,3.0,full,-8884.295889458484,lse,3,3,bic,,0.0464559579995693,0.1348476249986561,,,,,0.0868364579946501,,,,,,
swiss_roll,256,8,mclust,fixed,ok,,0.1177378774792824,600,3,256.0,,3.0,3.0,EEE,976357.5286512908,,3,3,bic,,13.822,14.283183915991684,,,,,,,,,595858.2812118988,33666.0,976355.735205008
swiss_roll,256,8,pca,fixed,ok,,0.1045500820262511,600,3,2.0,2.0,3.0,3.0,full,8558.17316423379,,3,3,bic,0.0030041660065762,0.0414282079873373,0.0475548329995945,,,,,,,,,,,
swiss_roll,256,8,umap,fixed,ok,,0.6005124836572333,600,3,2.0,2.0,3.0,3.0,full,5398.389121827975,,3,3,bic,1.5035127909941366,0.0432695000054081,1.5517774170002667,,,,,,,,,,,
swiss_roll,256,9,ae_relu,fixed,ok,,0.228573746254529,600,3,2.0,2.0,3.0,3.0,full,6932.822693275512,,3,3,bic,1.1316582500003278,0.0360966250009369,1.170888583001215,,,,,,relu,316.0,True,,,
swiss_roll,256,9,ae_tanh,fixed,ok,,0.2158046775792816,600,3,2.0,2.0,3.0,3.0,full,1668.0862526295264,,3,3,bic,0.7113551249931334,0.0415825410018442,0.7602797919971636,,,,,,tanh,115.0,True,,,
swiss_roll,256,9,autog2m2,fixed,ok,,0.404897273489318,600,3,2.0,2.0,3.0,3.0,full,1633.6946406853845,,3,3,bic,4.75145754199184,0.0399279999983264,4.794644875000813,4.54945899998711,0.0092624579992843,0.0998915829986799,0.0165730000007897,,,,,,,
swiss_roll,256,9,autogmm_spectral,fixed,ok,,0.4358960770631107,600,3,2.0,2.0,3.0,3.0,full,-9064.044507176151,lse,3,3,bic,,0.05005625000922,0.1356197090062778,,,,,0.0841221250011585,,,,,,
swiss_roll,256,9,mclust,fixed,ok,,0.2902431167038481,600,3,256.0,,3.0,3.0,EEE,971899.6155400292,,3,3,bic,,12.964,13.370665875001578,,,,,,,,,593629.324656268,33666.0,971896.8680750368
swiss_roll,256,9,pca,fixed,ok,,0.1086646812710214,600,3,2.0,2.0,3.0,3.0,full,8749.699431602132,,3,3,bic,0.0019849169912049,0.0329997499939054,0.0376495419914135,,,,,,,,,,,
swiss_roll,256,9,umap,fixed,ok,,0.70596443764882,600,3,2.0,2.0,3.0,3.0,full,5257.073362652037,,3,3,bic,1.5246052079892252,0.0194270830106688,1.5479139170056442,,,,,,,,,,,
swiss_roll,256,10,ae_relu,fixed,ok,,0.0123088769203617,600,3,2.0,2.0,3.0,3.0,full,7381.217346984468,,3,3,bic,1.1222479580028448,0.0471810410090256,1.1721762090019183,,,,,,relu,315.0,True,,,
swiss_roll,256,10,ae_tanh,fixed,ok,,0.0993375344669391,600,3,2.0,2.0,3.0,3.0,full,1679.3926580242814,,3,3,bic,0.6351373750076164,0.0560476660029962,0.6984639169968432,,,,,,tanh,107.0,True,,,
swiss_roll,256,10,autog2m2,fixed,ok,,0.2496778492288099,600,3,2.0,2.0,3.0,3.0,full,1231.6382898729555,,3,3,bic,4.539357458997984,0.0450722499954281,4.587526292001712,4.3242801670130575,0.0107037909911014,0.1044041659915819,0.0183045000012498,,,,,,,
swiss_roll,256,10,autogmm_spectral,fixed,ok,,0.2645059892200733,600,3,2.0,2.0,3.0,3.0,full,-9164.230152292448,lse,3,3,bic,,0.0574360829923534,0.1455763750127516,,,,,0.0868222919962136,,,,,,
swiss_roll,256,10,mclust,fixed,ok,,0.0923660393687559,600,3,256.0,,3.0,3.0,EEE,962541.059583888,,3,3,bic,,15.314,15.725802999993904,,,,,,,,,588950.0466781973,33666.0,962540.2641633352
swiss_roll,256,10,pca,fixed,ok,,0.0809448057110957,600,3,2.0,2.0,3.0,3.0,full,8663.110569530509,,3,3,bic,0.0019130829896312,0.032039124998846,0.0374179580103373,,,,,,,,,,,
swiss_roll,256,10,umap,fixed,ok,,0.4383762803492538,600,3,2.0,2.0,3.0,3.0,full,5318.607183711728,,3,3,bic,1.3880702079914045,0.0260020830028224,1.4183241249993443,,,,,,,,,,,
swiss_roll,256,11,ae_relu,fixed,ok,,0.3768530655321309,600,3,2.0,2.0,3.0,3.0,full,6556.973895454886,,3,3,bic,1.1189547499961918,0.0322323750006035,1.1539405840012478,,,,,,relu,324.0,True,,,
swiss_roll,256,11,ae_tanh,fixed,ok,,0.1684659764100629,600,3,2.0,2.0,3.0,3.0,full,1591.000548008447,,3,3,bic,0.7543402919982327,0.0367285000102128,0.7983575420075795,,,,,,tanh,127.0,True,,,
swiss_roll,256,11,autog2m2,fixed,ok,,0.1245302838514164,600,3,2.0,2.0,3.0,3.0,diag,1607.863994932309,,3,3,bic,4.402318417007336,0.0326186250022146,4.437802208994981,4.213819124997826,0.0087086250132415,0.0951036250044126,0.0160852919943863,,,,,,,
swiss_roll,256,11,autogmm_spectral,fixed,ok,,0.2437471735013967,600,3,2.0,2.0,3.0,3.0,full,-8955.115153362513,lse,3,3,bic,,0.0591056250123074,0.1461711669981014,,,,,0.0856788329983828,,,,,,
swiss_roll,256,11,mclust,fixed,ok,,0.1805700174037686,600,3,256.0,,3.0,3.0,EEE,965569.5965679926,,3,3,bic,,13.958,14.39469724999799,,,,,,,,,590464.3151702497,33666.0,965568.7440311742
swiss_roll,256,11,pca,fixed,ok,,0.185949949466036,600,3,2.0,2.0,3.0,3.0,full,8695.102685812395,,3,3,bic,0.0020936249929945,0.0329759999876841,0.037818791999598,,,,,,,,,,,
swiss_roll,256,11,umap,fixed,ok,,0.5912890406543352,600,3,2.0,2.0,3.0,3.0,full,5595.994483498098,,3,3,bic,1.3947101249941625,0.0166129999997792,1.415234958010842,,,,,,,,,,,
swiss_roll,256,12,ae_relu,fixed,ok,,0.2288176790360077,600,3,2.0,2.0,3.0,3.0,full,7219.694994923802,,3,3,bic,2.03956483300135,0.0287551660003373,2.0714573330042185,,,,,,relu,582.0,True,,,
swiss_roll,256,12,ae_tanh,fixed,ok,,0.1432900889677487,600,3,2.0,2.0,3.0,3.0,full,1842.025666907124,,3,3,bic,0.4367738330038264,0.0587394579924875,0.5028999159985688,,,,,,tanh,68.0,True,,,
swiss_roll,256,12,autog2m2,fixed,ok,,0.1660187765459094,600,3,2.0,2.0,3.0,3.0,full,2305.9187776811723,,3,3,bic,4.524444624999887,0.037120708002476,4.5643300829979125,4.332713458003127,0.0089582499931566,0.094152749996283,0.0162909170030616,,,,,,,
swiss_roll,256,12,autogmm_spectral,fixed,ok,,0.2271781722069092,600,3,2.0,2.0,3.0,3.0,full,-9037.643072816443,lse,3,3,bic,,0.0518572920118458,0.138649084008648,,,,,0.0854735000029904,,,,,,
swiss_roll,256,12,mclust,fixed,ok,,0.2437678194470131,600,3,256.0,,3.0,3.0,EEE,961281.330592266,,3,3,bic,,13.851,14.25885641700006,,,,,,,,,588320.1821823864,33666.0,961278.223736156
swiss_roll,256,12,pca,fixed,ok,,0.2038774201429422,600,3,2.0,2.0,3.0,3.0,full,8462.207610754664,,3,3,bic,0.0019290000054752,0.0372046249976847,0.0417633749893866,,,,,,,,,,,
swiss_roll,256,12,umap,fixed,ok,,0.7038435175527166,600,3,2.0,2.0,3.0,3.0,full,5546.062697515017,,3,3,bic,1.4918150000012247,0.0245301250106422,1.5198890000028769,,,,,,,,,,,
swiss_roll,256,13,ae_relu,fixed,ok,,0.160072171463335,600,3,2.0,2.0,3.0,3.0,full,7349.142897649006,,3,3,bic,0.9523357919970294,0.0530191669968189,1.008680250000907,,,,,,relu,241.0,True,,,
swiss_roll,256,13,ae_tanh,fixed,ok,,0.0525209668443273,600,3,2.0,2.0,3.0,3.0,diag,1725.8924875894234,,3,3,bic,0.4458254579949425,0.0844554580107797,0.537391125006252,,,,,,tanh,68.0,True,,,
swiss_roll,256,13,autog2m2,fixed,ok,,0.4520869831410935,600,3,2.0,2.0,3.0,3.0,full,1712.7750223269024,,3,3,bic,5.396334666991606,0.0360855000035371,5.436026042007143,5.170121749993996,0.0110872079967521,0.1104032919974997,0.0193612500006565,,,,,,,
swiss_roll,256,13,autogmm_spectral,fixed,ok,,0.2924635573193835,600,3,2.0,2.0,3.0,3.0,full,-9325.049925997571,lse,3,3,bic,,0.0698325830016983,0.1583075000089593,,,,,0.0870175000018207,,,,,,
swiss_roll,256,13,mclust,fixed,ok,,0.2475804028077652,600,3,256.0,,3.0,3.0,EEE,960259.3812940164,,3,3,bic,,13.835,14.282190375000935,,,,,,,,,587809.2075332616,33666.0,960256.6225093956
swiss_roll,256,13,pca,fixed,ok,,0.1569360784242651,600,3,2.0,2.0,3.0,3.0,full,8698.969411070175,,3,3,bic,0.0021381669939728,0.0394386670086532,0.0447899580030934,,,,,,,,,,,
swiss_roll,256,13,umap,fixed,ok,,0.4578200987415259,600,3,2.0,2.0,3.0,3.0,full,5591.000627733169,,3,3,bic,1.7003755839978112,0.0326400409976486,1.7373347910033772,,,,,,,,,,,
swiss_roll,256,14,ae_relu,fixed,ok,,0.1747816621813391,600,3,2.0,2.0,3.0,3.0,full,7240.339779364197,,3,3,bic,0.9229543330002344,0.0257320000091567,0.9519536250008968,,,,,,relu,256.0,True,,,
swiss_roll,256,14,ae_tanh,fixed,ok,,0.2773410031933483,600,3,2.0,2.0,3.0,3.0,full,1733.3162313721075,,3,3,bic,0.3533634170016739,0.047372125001857,0.4079921249940526,,,,,,tanh,55.0,True,,,
swiss_roll,256,14,autog2m2,fixed,ok,,0.2069715580770341,600,3,2.0,2.0,3.0,3.0,full,1591.144303594053,,3,3,bic,4.825086333992658,0.0603520000004209,4.889044333991478,4.621011000010185,0.0095979579928098,0.1003502499952446,0.0186623750050785,,,,,,,
swiss_roll,256,14,autogmm_spectral,fixed,ok,,0.4564292557125167,600,3,2.0,2.0,3.0,3.0,full,-9160.392170569949,lse,3,3,bic,,0.0571026660036295,0.1405613329989137,,,,,0.0821032499952707,,,,,,
swiss_roll,256,14,mclust,fixed,ok,,0.3965344905106703,600,3,256.0,,3.0,3.0,EEE,963643.690377865,,3,3,bic,,13.383,13.795832624993636,,,,,,,,,589501.3620751859,33666.0,963641.1485486368
swiss_roll,256,14,pca,fixed,ok,,0.2733934541657898,600,3,2.0,2.0,3.0,3.0,full,8487.463099238552,,3,3,bic,0.0024292500020237,0.0371670409949729,0.0428388340078527,,,,,,,,,,,
swiss_roll,256,14,umap,fixed,ok,,0.5665502483722339,600,3,2.0,2.0,3.0,3.0,full,5535.655413311963,,3,3,bic,1.5528947499988135,0.0258422920014709,1.5823438329971395,,,,,,,,,,,
swiss_roll,256,15,ae_relu,fixed,ok,,0.0839948630749778,600,3,2.0,2.0,3.0,3.0,diag,7210.739295179772,,3,3,bic,1.0367146670032523,0.0328869999939342,1.072517749998951,,,,,,relu,311.0,True,,,
swiss_roll,256,15,ae_tanh,fixed,ok,,0.2953164164034313,600,3,2.0,2.0,3.0,3.0,full,1748.5881429973176,,3,3,bic,0.3427912920014933,0.074757333000889,0.4248356660100398,,,,,,tanh,54.0,True,,,
swiss_roll,256,15,autog2m2,fixed,ok,,0.173164517463778,600,3,2.0,2.0,3.0,3.0,full,1924.243149809416,,3,3,bic,4.618214582995279,0.0671427079942077,4.688742583006388,4.413423542006058,0.0096786670037545,0.1036772079969523,0.0175219170050695,,,,,,,
swiss_roll,256,15,autogmm_spectral,fixed,ok,,0.2219127962999208,600,3,2.0,2.0,3.0,3.0,full,-9090.51514181007,lse,3,3,bic,,0.0772212919982848,0.1645834169903537,,,,,0.0860164999903645,,,,,,
swiss_roll,256,15,mclust,fixed,ok,,0.2692886726105364,600,3,256.0,,3.0,3.0,EEE,961817.1970841956,,3,3,bic,,13.817,14.224833415995818,,,,,,,,,588588.1154283512,33666.0,961815.5637932784
swiss_roll,256,15,pca,fixed,ok,,0.2573085930894327,600,3,2.0,2.0,3.0,3.0,full,8676.246742370618,,3,3,bic,0.0021656250028172,0.0419230830011656,0.0468002080015139,,,,,,,,,,,
swiss_roll,256,15,umap,fixed,ok,,0.6056101888971783,600,3,2.0,2.0,3.0,3.0,full,5505.905542395097,,3,3,bic,1.5389143329957733,0.0376773329917341,1.580461958001251,,,,,,,,,,,
swiss_roll,256,16,ae_relu,fixed,ok,,0.2267063431549297,600,3,2.0,2.0,3.0,3.0,full,7118.978035016817,,3,3,bic,1.2256187909952132,0.0324151249951683,1.2608212920022197,,,,,,relu,362.0,True,,,
swiss_roll,256,16,ae_tanh,fixed,ok,,0.1262178545687594,600,3,2.0,2.0,3.0,3.0,diag,1680.010955971429,,3,3,bic,0.731790917008766,0.0588112919940613,0.7979551669995999,,,,,,tanh,116.0,True,,,
swiss_roll,256,16,autog2m2,fixed,ok,,0.1823253188938774,600,3,2.0,2.0,3.0,3.0,full,2053.6150763596224,,3,3,bic,4.682536583000911,0.0338356249994831,4.719398832996376,4.477297167002689,0.009512500007986,0.1030484160000924,0.0170017500058747,,,,,,,
swiss_roll,256,16,autogmm_spectral,fixed,ok,,0.1994112613473402,600,3,2.0,2.0,3.0,3.0,full,-8839.394392208444,lse,3,3,bic,,0.0548115830024471,0.1392584169952897,,,,,0.083150165999541,,,,,,
swiss_roll,256,16,mclust,fixed,ok,,0.1187344346854526,600,3,256.0,,3.0,3.0,EEE,959064.5101755032,,3,3,bic,,13.537,13.948330125000211,,,,,,,,,587211.771974005,33666.0,959063.0866609196
swiss_roll,256,16,pca,fixed,ok,,0.1181709688291822,600,3,2.0,2.0,3.0,3.0,full,8797.47197721025,,3,3,bic,0.0019278330000815,0.0366291660029673,0.041266666012234,,,,,,,,,,,
swiss_roll,256,16,umap,fixed,ok,,0.3427319705818944,600,3,2.0,2.0,3.0,3.0,full,5429.148433327055,,3,3,bic,1.5091424159909366,0.0198024169949349,1.5323725829948671,,,,,,,,,,,
swiss_roll,256,17,ae_relu,fixed,ok,,0.0836226285584844,600,3,2.0,2.0,3.0,3.0,full,6966.05299251265,,3,3,bic,0.3368529159924947,0.0336232500121695,0.3738424999901326,,,,,,relu,94.0,True,,,
swiss_roll,256,17,ae_tanh,fixed,ok,,0.1235825317011218,600,3,2.0,2.0,3.0,3.0,full,1665.1097133392998,,3,3,bic,0.7638885420019506,0.039118957996834,0.8100291250011651,,,,,,tanh,117.0,True,,,
swiss_roll,256,17,autog2m2,fixed,ok,,0.376384805403521,600,3,2.0,2.0,3.0,3.0,full,2393.260816726944,,3,3,bic,4.843376207994879,0.0223207920062122,4.868756666997797,4.632371459010756,0.0098283330007689,0.1059425410057883,0.0180690420093014,,,,,,,
swiss_roll,256,17,autogmm_spectral,fixed,ok,,0.254685216287247,600,3,2.0,2.0,3.0,3.0,full,-9048.231691813726,lse,3,3,bic,,0.0408010419923812,0.1266393330006394,,,,,0.084351166995475,,,,,,
swiss_roll,256,17,mclust,fixed,ok,,0.1242081166080961,600,3,256.0,,3.0,3.0,EEE,964847.771086416,,3,3,bic,,13.354,13.762681708001764,,,,,,,,,590103.4024294614,33666.0,964846.8019244872
swiss_roll,256,17,pca,fixed,ok,,0.1402412719380877,600,3,2.0,2.0,3.0,3.0,full,8764.486630906677,,3,3,bic,0.0021056660043541,0.0306772500043734,0.0354118329996708,,,,,,,,,,,
swiss_roll,256,17,umap,fixed,ok,,0.5688183185189366,600,3,2.0,2.0,3.0,3.0,full,5550.1840655574415,,3,3,bic,1.4971937499940395,0.0268839589989511,1.5280662500008475,,,,,,,,,,,
swiss_roll,256,18,ae_relu,fixed,ok,,0.2811570753298061,600,3,2.0,2.0,3.0,3.0,full,6873.546802275269,,3,3,bic,1.4453057089995127,0.0339492089988198,1.4827899579977384,,,,,,relu,415.0,True,,,
swiss_roll,256,18,ae_tanh,fixed,ok,,0.1586039817496,600,3,2.0,2.0,3.0,3.0,full,1596.8617880031904,,3,3,bic,1.0310394580010325,0.0752477919886587,1.1135353339923313,,,,,,tanh,163.0,True,,,
swiss_roll,256,18,autog2m2,fixed,ok,,0.682266158821497,600,3,2.0,2.0,3.0,3.0,full,1829.085601065946,,3,3,bic,4.728825165992021,0.0276014580012997,4.7592965829971945,4.51361037499737,0.0101103330089245,0.1011623749946011,0.0175740830018185,,,,,,,
swiss_roll,256,18,autogmm_spectral,fixed,ok,,0.3036831324033732,600,3,2.0,2.0,3.0,3.0,full,-9229.041058230128,lse,3,3,bic,,0.0626106660056393,0.1493699999991804,,,,,0.085376165996422,,,,,,
swiss_roll,256,18,mclust,fixed,ok,,0.1255444773439706,600,3,256.0,,3.0,3.0,EEE,974685.4978709756,,3,3,bic,,13.694,14.104115000009187,,,,,,,,,595022.2658217412,33666.0,974682.9684954942
swiss_roll,256,18,pca,fixed,ok,,0.1614027565051448,600,3,2.0,2.0,3.0,3.0,full,8663.207840043997,,3,3,bic,0.0019932499999413,0.0309252089937217,0.0360157499962952,,,,,,,,,,,
swiss_roll,256,18,umap,fixed,ok,,0.6386033916724251,600,3,2.0,2.0,3.0,3.0,diag,5450.257233045515,,3,3,bic,1.4995035839965567,0.0249377500003902,1.528015999996569,,,,,,,,,,,
swiss_roll,256,19,ae_relu,fixed,ok,,0.1286438303808832,600,3,2.0,2.0,3.0,3.0,full,8062.1174013204445,,3,3,bic,0.929698958992958,0.0328459579905029,0.9655947090068366,,,,,,relu,259.0,True,,,
swiss_roll,256,19,ae_tanh,fixed,ok,,0.1368548872095289,600,3,2.0,2.0,3.0,3.0,diag,1806.819558606339,,3,3,bic,0.3261794579884736,0.0424198749969946,0.3754024170048069,,,,,,tanh,53.0,True,,,
swiss_roll,256,19,autog2m2,fixed,ok,,0.398135901158015,600,3,2.0,2.0,3.0,3.0,full,2308.741189313146,,3,3,bic,4.489997374999803,0.0245695840130792,4.517216750013176,4.304588917002548,0.0090918329951819,0.0903322920057689,0.0159974169946508,,,,,,,
swiss_roll,256,19,autogmm_spectral,fixed,ok,,0.3309133180988852,600,3,2.0,2.0,3.0,3.0,full,-9004.564823400871,lse,3,3,bic,,0.0567824159952579,0.1445026250003138,,,,,0.0863335000030929,,,,,,
swiss_roll,256,19,mclust,fixed,ok,,0.0611808450227899,600,3,256.0,,3.0,3.0,EEE,957211.574912129,,3,3,bic,,13.464,13.893693958001675,,,,,,,,,586285.3043423179,33666.0,957210.613393226
swiss_roll,256,19,pca,fixed,ok,,0.0791516569975488,600,3,2.0,2.0,3.0,3.0,full,8825.370037979312,,3,3,bic,0.0019082079961663,0.0216975829971488,0.0265175410022493,,,,,,,,,,,
swiss_roll,256,19,umap,fixed,ok,,0.5924320662809124,600,3,2.0,2.0,3.0,3.0,full,5382.230869633469,,3,3,bic,1.363725000002887,0.0215737089893082,1.3893070829944918,,,,,,,,,,,
