data_regime,dimension,seed,method,cache_filename,cache_file_sha256,coordinates_sha256,config_id,automatic_ari,automatic_selected_components,automatic_selected_covariance,automatic_bic,neighbor_purity_at_30,fit_id,fixed_k,status,error,fixed_k_ari,fixed_k_selected_components,fixed_k_occupied_components,fixed_k_selected_covariance,fixed_k_bic,backend_seconds,backend_parameters_json
independent_permutation,256,0,autog2m2,tcga_d256_seed0_autog2m2_4bfc13044a7fc867b48c.npz,4dd51ab683f293257d06125e1b50d063705862aceba406e79e9845b78175e387,17ffe2f984840134a3159d8d17dba4c3f41864b9032bfb1b6af249acb3c83857,aa61ab4cc86d051f499b,0.6828618342481129,9,full,-74596.14881335993,0.9954223886808156,e16620bab859913ebfdfda0a,5,ok,,0.9962578040012737,5,5,full,-73627.98233496018,0.11759283300489187,"{""agglom_affinities"":[""mahalanobis""],""agglom_linkages"":[""ward""],""covariances"":[""full"",""diag"",""tied"",""spherical""],""criterion"":""bic"",""early_stop_delta"":0.0,""eigen_thres"":true,""init_agglomerative"":true,""max_components"":5,""min_components"":5,""n_init_kmeans"":1,""n_jobs"":1,""random_state"":0,""reg_covar"":1e-06,""verbose"":false}"
independent_permutation,256,0,pca,tcga_d256_seed0_pca_7d02822980f8799927ff.npz,323f136456d0fbf0b580146ce4f73558970aafd81ea218d9e4334fb0216d7465,a0b07a44639bd982cebde4fb4f44c74077f30dc22cf792fdbcc0144cfba16713,aa61ab4cc86d051f499b,0.9764303858672198,5,full,52646.02363825576,0.9962962962962963,73fb1758f3c75f3209db56e6,5,ok,,0.9764303858672198,5,5,full,52646.02363825576,0.10054012498585507,"{""agglom_affinities"":[""mahalanobis""],""agglom_linkages"":[""ward""],""covariances"":[""full"",""diag"",""tied"",""spherical""],""criterion"":""bic"",""early_stop_delta"":0.0,""eigen_thres"":true,""init_agglomerative"":true,""max_components"":5,""min_components"":5,""n_init_kmeans"":1,""n_jobs"":1,""random_state"":0,""reg_covar"":1e-06,""verbose"":false}"
independent_permutation,256,0,umap,tcga_d256_seed0_umap_4233458177803881ce01.npz,e31c2d969033ba0f868dbf95c6e70332546b8d113d222d41dfad5f0febac0b2f,d5049042b3accf5fb31936e832231e9c0589c8517ec299e53deb97667b9a5cd4,aa61ab4cc86d051f499b,0.5698123465668482,10,full,-79682.83572009415,0.993216812317936,d62914a953dbe48030a6badd,5,ok,,0.827975137279594,5,5,full,-72068.07853058075,0.035503916966263205,"{""agglom_affinities"":[""mahalanobis""],""agglom_linkages"":[""ward""],""covariances"":[""full"",""diag"",""tied"",""spherical""],""criterion"":""bic"",""early_stop_delta"":0.0,""eigen_thres"":true,""init_agglomerative"":true,""max_components"":5,""min_components"":5,""n_init_kmeans"":1,""n_jobs"":1,""random_state"":0,""reg_covar"":1e-06,""verbose"":false}"
independent_permutation,256,1,autog2m2,tcga_d256_seed1_autog2m2_f0313301eafdbeafd4c6.npz,10f1d02c3ed75fe808b612dc92f59fb1e7c5026a6a746673e949b5795692d09f,54c109d4d9313bc356b56d9762f1e9770cf5e5f318e097ed726d597a80d76359,aa61ab4cc86d051f499b,0.8363199946926296,7,full,-73970.60702252414,0.996213066999584,23130b2981680f1ad16ff25f,5,ok,,0.9962578040012737,5,5,full,-73966.31671964325,0.08945566701004282,"{""agglom_affinities"":[""mahalanobis""],""agglom_linkages"":[""ward""],""covariances"":[""full"",""diag"",""tied"",""spherical""],""criterion"":""bic"",""early_stop_delta"":0.0,""eigen_thres"":true,""init_agglomerative"":true,""max_components"":5,""min_components"":5,""n_init_kmeans"":1,""n_jobs"":1,""random_state"":1,""reg_covar"":1e-06,""verbose"":false}"
independent_permutation,256,1,pca,tcga_d256_seed1_pca_ac3db02fc93d8ad72534.npz,a47c609dca1b492d82eaf236c6906ae4c91b27c409e89101aa0acbd1c0dd5535,b31ae30ab6f9466402a0eb4b969ce553cf6150fd913d6864692cce2bf1ecea2a,aa61ab4cc86d051f499b,0.9962578040012736,5,full,52984.64537425274,0.9962962962962963,35c1981b01bb5495e69263b4,5,ok,,0.9962578040012737,5,5,full,52984.645374252745,0.08207925001624972,"{""agglom_affinities"":[""mahalanobis""],""agglom_linkages"":[""ward""],""covariances"":[""full"",""diag"",""tied"",""spherical""],""criterion"":""bic"",""early_stop_delta"":0.0,""eigen_thres"":true,""init_agglomerative"":true,""max_components"":5,""min_components"":5,""n_init_kmeans"":1,""n_jobs"":1,""random_state"":1,""reg_covar"":1e-06,""verbose"":false}"
independent_permutation,256,1,umap,tcga_d256_seed1_umap_b54f29e78ba3fedfac79.npz,c0b1751b7442562b9dabf57875c22a919df276d1f02e49945b0fbd4d84edd733,6a5a4f7d0392371e50afc786f528b1d733dca983e550036d780337975f25bf6d,aa61ab4cc86d051f499b,0.5625538636641412,10,full,-82237.3805997195,0.994007490636704,c74f8262a2a477d9b3b8f54d,5,ok,,0.827975137279594,5,5,full,-75778.80073476887,0.03693524998379871,"{""agglom_affinities"":[""mahalanobis""],""agglom_linkages"":[""ward""],""covariances"":[""full"",""diag"",""tied"",""spherical""],""criterion"":""bic"",""early_stop_delta"":0.0,""eigen_thres"":true,""init_agglomerative"":true,""max_components"":5,""min_components"":5,""n_init_kmeans"":1,""n_jobs"":1,""random_state"":1,""reg_covar"":1e-06,""verbose"":false}"
independent_permutation,256,2,autog2m2,tcga_d256_seed2_autog2m2_bda57762c06cc2b486a3.npz,9fc2998cfd0cb4749733fa644ba028aee9d3b58b3807cb8d858416ce09daeaf0,8de3cc8390c189651929dd4fa9596c87f739c23af30709f8b98ff2a8ea7ade76,aa61ab4cc86d051f499b,0.9813821661363328,5,full,-111311.65114831876,0.98909696213067,f79e445ca8f6b326c4dd07ee,5,ok,,0.9813821661363329,5,5,full,-111311.65114831875,0.09142708400031552,"{""agglom_affinities"":[""mahalanobis""],""agglom_linkages"":[""ward""],""covariances"":[""full"",""diag"",""tied"",""spherical""],""criterion"":""bic"",""early_stop_delta"":0.0,""eigen_thres"":true,""init_agglomerative"":true,""max_components"":5,""min_components"":5,""n_init_kmeans"":1,""n_jobs"":1,""random_state"":2,""reg_covar"":1e-06,""verbose"":false}"
independent_permutation,256,2,pca,tcga_d256_seed2_pca_7b7858399a6fa07a1996.npz,f68dcedab571dfa861d1f2034c3f8d2c7784f62bd33ac6357f088fd4543b0a05,391e369f75031eca603ad2ca2431deb3b170e8d5077b2b2c093096120f1b9bab,aa61ab4cc86d051f499b,0.9962578040012736,5,full,53007.6707524117,0.99625468164794,3ef530ab62314c0f93eb163e,5,ok,,0.9962578040012737,5,5,full,53007.670752411694,0.08402762498008087,"{""agglom_affinities"":[""mahalanobis""],""agglom_linkages"":[""ward""],""covariances"":[""full"",""diag"",""tied"",""spherical""],""criterion"":""bic"",""early_stop_delta"":0.0,""eigen_thres"":true,""init_agglomerative"":true,""max_components"":5,""min_components"":5,""n_init_kmeans"":1,""n_jobs"":1,""random_state"":2,""reg_covar"":1e-06,""verbose"":false}"
independent_permutation,256,2,umap,tcga_d256_seed2_umap_09e3333dce5b26bd1368.npz,4d134b38fecbe098bbd946ada8a26287355c03927c1e75098649a3922176eca2,6b7c9581e7aac9a103cae92b5c8172578887008b702ff7e6ea0c1accc627fd90,aa61ab4cc86d051f499b,0.5631668204118073,10,full,-82625.80233909165,0.9940491052850604,fca5ecc49e34839c841da9db,5,ok,,0.827975137279594,5,5,full,-75691.23765268119,0.037383084010798484,"{""agglom_affinities"":[""mahalanobis""],""agglom_linkages"":[""ward""],""covariances"":[""full"",""diag"",""tied"",""spherical""],""criterion"":""bic"",""early_stop_delta"":0.0,""eigen_thres"":true,""init_agglomerative"":true,""max_components"":5,""min_components"":5,""n_init_kmeans"":1,""n_jobs"":1,""random_state"":2,""reg_covar"":1e-06,""verbose"":false}"
independent_permutation,256,3,autog2m2,tcga_d256_seed3_autog2m2_1a353ab17436478e0f98.npz,186aa623c33dfcb34272860affdd8e5f77c6566fbc12f1693b67a1afd2c68860,2b7f5c646e70b5677087ac0bfc7ca299c123adb2aed7e66b42ec369a1ad29109,aa61ab4cc86d051f499b,0.7354888018032081,9,full,-76615.92916830348,0.992675821889305,66cb41999f0da5db02758505,5,ok,,0.7746862585845815,5,5,full,-73021.40973348782,0.10829266597284004,"{""agglom_affinities"":[""mahalanobis""],""agglom_linkages"":[""ward""],""covariances"":[""full"",""diag"",""tied"",""spherical""],""criterion"":""bic"",""early_stop_delta"":0.0,""eigen_thres"":true,""init_agglomerative"":true,""max_components"":5,""min_components"":5,""n_init_kmeans"":1,""n_jobs"":1,""random_state"":3,""reg_covar"":1e-06,""verbose"":false}"
independent_permutation,256,3,pca,tcga_d256_seed3_pca_f38e586467c53cd69565.npz,51e9b9b76e08a1a4b7427c84537cb27907b8a64513b7ef656198f69c964b1ad2,05c4457e6b1263ae165b65f28127c89c9ae870a973e662baa31078e57a10166c,aa61ab4cc86d051f499b,0.9826072564812236,5,full,52674.177051160106,0.99625468164794,48fbab128e66535d246d133f,5,ok,,0.9826072564812237,5,5,full,52674.177051160106,0.08103299996582791,"{""agglom_affinities"":[""mahalanobis""],""agglom_linkages"":[""ward""],""covariances"":[""full"",""diag"",""tied"",""spherical""],""criterion"":""bic"",""early_stop_delta"":0.0,""eigen_thres"":true,""init_agglomerative"":true,""max_components"":5,""min_components"":5,""n_init_kmeans"":1,""n_jobs"":1,""random_state"":3,""reg_covar"":1e-06,""verbose"":false}"
independent_permutation,256,3,umap,tcga_d256_seed3_umap_8b4e9977ce2b579b59d5.npz,cecf45aa0c3454765e7270b94ab7d6281d41749cbef0e85fa46692b409eb4f91,01244a5c19bb9b3870b91b166661115024163805a157796fea803f46416b9155,aa61ab4cc86d051f499b,0.6173833266032354,9,full,-79860.50817380297,0.9933832709113608,d7d701e010755018795800cb,5,ok,,0.827975137279594,5,5,full,-73096.19149049834,0.0364033340010792,"{""agglom_affinities"":[""mahalanobis""],""agglom_linkages"":[""ward""],""covariances"":[""full"",""diag"",""tied"",""spherical""],""criterion"":""bic"",""early_stop_delta"":0.0,""eigen_thres"":true,""init_agglomerative"":true,""max_components"":5,""min_components"":5,""n_init_kmeans"":1,""n_jobs"":1,""random_state"":3,""reg_covar"":1e-06,""verbose"":false}"
independent_permutation,256,4,autog2m2,tcga_d256_seed4_autog2m2_e5d9ddd4c581c9d948f5.npz,ffad0a6104bb84acfb23ca8676af2187bb607f90d1795473a2287c580c4ee3ec,00f722099aac6b3221c944a34fdb4ed291bb8cdf6cdd1c37233d935df1dec29b,aa61ab4cc86d051f499b,0.9943516419209816,5,full,-82275.94211696724,0.9938826466916356,4bb29b3bd3a74780e234c5df,5,ok,,0.9943516419209817,5,5,full,-82275.94211696724,0.09157558303559199,"{""agglom_affinities"":[""mahalanobis""],""agglom_linkages"":[""ward""],""covariances"":[""full"",""diag"",""tied"",""spherical""],""criterion"":""bic"",""early_stop_delta"":0.0,""eigen_thres"":true,""init_agglomerative"":true,""max_components"":5,""min_components"":5,""n_init_kmeans"":1,""n_jobs"":1,""random_state"":4,""reg_covar"":1e-06,""verbose"":false}"
independent_permutation,256,4,pca,tcga_d256_seed4_pca_9202f6ec644f675bd393.npz,e3d5400b22dbaf26ab0b2c51d5df92118bf781e6448efe64ebf295101821ab12,c5a32a6ffe7be232e7c329fe87c8d4f4e5dc7dbd150c0b31b8d1cb1796a9e05e,aa61ab4cc86d051f499b,0.9962578040012736,5,full,53010.10690725814,0.9962962962962963,d15702e9d6603f58888492b1,5,ok,,0.9962578040012737,5,5,full,53010.10690725813,0.08133504097349942,"{""agglom_affinities"":[""mahalanobis""],""agglom_linkages"":[""ward""],""covariances"":[""full"",""diag"",""tied"",""spherical""],""criterion"":""bic"",""early_stop_delta"":0.0,""eigen_thres"":true,""init_agglomerative"":true,""max_components"":5,""min_components"":5,""n_init_kmeans"":1,""n_jobs"":1,""random_state"":4,""reg_covar"":1e-06,""verbose"":false}"
independent_permutation,256,4,umap,tcga_d256_seed4_umap_e67768c0ad9caebaeeab.npz,a75eaef4e1a20c02ebcc3f8b806c3bfb861d45be728a7824bb32cce5d5f0fc3d,3c11453d6b8638fcae37c3b2f04fb731ce1793ab8494b70f1d2abf1eadafe993,aa61ab4cc86d051f499b,0.6010810981945413,10,full,-79785.37628572542,0.9936329588014982,c4b5db9164db12070d5cd780,5,ok,,0.827975137279594,5,5,full,-72797.21727542597,0.034652916016057134,"{""agglom_affinities"":[""mahalanobis""],""agglom_linkages"":[""ward""],""covariances"":[""full"",""diag"",""tied"",""spherical""],""criterion"":""bic"",""early_stop_delta"":0.0,""eigen_thres"":true,""init_agglomerative"":true,""max_components"":5,""min_components"":5,""n_init_kmeans"":1,""n_jobs"":1,""random_state"":4,""reg_covar"":1e-06,""verbose"":false}"
independent_permutation,256,5,autog2m2,tcga_d256_seed5_autog2m2_34118204135bbb753d76.npz,2ce8ddf5e9bb68f25e7c88ac833c1f0d372a95562abc174f20586fb2cb40db9c,5c91aad9f4fc723ec45aa52b7ae7e39e960e41317e0126cae0a72d88f25418a0,aa61ab4cc86d051f499b,0.6427650328898478,9,full,-102252.7003717029,0.993591344153142,e71099cd4772c66d7bc07d4d,5,ok,,0.9901105129044192,5,5,full,-101880.21043144033,0.10040320799453184,"{""agglom_affinities"":[""mahalanobis""],""agglom_linkages"":[""ward""],""covariances"":[""full"",""diag"",""tied"",""spherical""],""criterion"":""bic"",""early_stop_delta"":0.0,""eigen_thres"":true,""init_agglomerative"":true,""max_components"":5,""min_components"":5,""n_init_kmeans"":1,""n_jobs"":1,""random_state"":5,""reg_covar"":1e-06,""verbose"":false}"
independent_permutation,256,5,pca,tcga_d256_seed5_pca_20c9caaf98856e0f76aa.npz,73d5a6d1f333dc1fa856e10a7c0985aa0fb3f435cf9ed60aaec681e6bedcf6a8,9892510a97b0f9cf121d460c112e2a1af60bf75cf435613a61424b1fba1a8cfb,aa61ab4cc86d051f499b,0.9641869451257336,5,full,52585.44700114006,0.9962962962962963,173a5617d1e9ee74c084bdf0,5,ok,,0.9641869451257336,5,5,full,52585.44700114006,0.08181033399887383,"{""agglom_affinities"":[""mahalanobis""],""agglom_linkages"":[""ward""],""covariances"":[""full"",""diag"",""tied"",""spherical""],""criterion"":""bic"",""early_stop_delta"":0.0,""eigen_thres"":true,""init_agglomerative"":true,""max_components"":5,""min_components"":5,""n_init_kmeans"":1,""n_jobs"":1,""random_state"":5,""reg_covar"":1e-06,""verbose"":false}"
independent_permutation,256,5,umap,tcga_d256_seed5_umap_17972ab1623ea9431a83.npz,324dc320d014734793798bc24644551c9089020078debe475487e0e46da09a4f,44f7f646021211dd4dad26cecefad5a3a0c87c925531d824db5daea0908a35e7,aa61ab4cc86d051f499b,0.5842095224746603,10,full,-78065.34812010199,0.994548481065335,f83848b0ae15e936bded675d,5,ok,,0.827975137279594,5,5,full,-72221.84300965721,0.03728824999416247,"{""agglom_affinities"":[""mahalanobis""],""agglom_linkages"":[""ward""],""covariances"":[""full"",""diag"",""tied"",""spherical""],""criterion"":""bic"",""early_stop_delta"":0.0,""eigen_thres"":true,""init_agglomerative"":true,""max_components"":5,""min_components"":5,""n_init_kmeans"":1,""n_jobs"":1,""random_state"":5,""reg_covar"":1e-06,""verbose"":false}"
independent_permutation,256,6,autog2m2,tcga_d256_seed6_autog2m2_b653435c0614d961fa07.npz,a99189925314522cceba37ad80c1c25554f81702c3a9820eef57c07c3b9063ac,9cb4dac7e6c52bbf2320b622af6516c86f86b81c0a85556a812c20cf665428d3,aa61ab4cc86d051f499b,0.9354597649030126,6,full,-101540.16105796644,0.99250936329588,6cedbe92152f366c10f4f4f8,5,ok,,0.9777232115891042,5,5,full,-100053.78108817207,0.08935366699006408,"{""agglom_affinities"":[""mahalanobis""],""agglom_linkages"":[""ward""],""covariances"":[""full"",""diag"",""tied"",""spherical""],""criterion"":""bic"",""early_stop_delta"":0.0,""eigen_thres"":true,""init_agglomerative"":true,""max_components"":5,""min_components"":5,""n_init_kmeans"":1,""n_jobs"":1,""random_state"":6,""reg_covar"":1e-06,""verbose"":false}"
independent_permutation,256,6,pca,tcga_d256_seed6_pca_2ce8cfc2902218b6133e.npz,6abe99ad29007d0b5b29d0a256e52fec6950f658e9df3d8d14f61b193c645c9b,66cf49a4c4bf9bec3b5b18274199404b756f4516e8300680614e3a006c12485a,aa61ab4cc86d051f499b,0.9739800612078584,5,full,52704.36375268289,0.9963379109446524,b6c68ba0c0daa71c19b357a8,5,ok,,0.9739800612078583,5,5,full,52704.36375268289,0.08390025002881885,"{""agglom_affinities"":[""mahalanobis""],""agglom_linkages"":[""ward""],""covariances"":[""full"",""diag"",""tied"",""spherical""],""criterion"":""bic"",""early_stop_delta"":0.0,""eigen_thres"":true,""init_agglomerative"":true,""max_components"":5,""min_components"":5,""n_init_kmeans"":1,""n_jobs"":1,""random_state"":6,""reg_covar"":1e-06,""verbose"":false}"
independent_permutation,256,6,umap,tcga_d256_seed6_umap_a13bfbcd8298c3bc7b74.npz,729f38edccf014c943dad14bf13a4155acb640378167974e553e8055c5fb7437,7d9daecbac322961ae120256324bf459d7272bd80ab47397061275fc947dd3c8,aa61ab4cc86d051f499b,0.618906088320173,9,full,-78259.34593639638,0.994173949230129,aeea8accd37563d0ce1c6a5e,5,ok,,0.827975137279594,5,5,full,-72286.57260771809,0.03527216601651162,"{""agglom_affinities"":[""mahalanobis""],""agglom_linkages"":[""ward""],""covariances"":[""full"",""diag"",""tied"",""spherical""],""criterion"":""bic"",""early_stop_delta"":0.0,""eigen_thres"":true,""init_agglomerative"":true,""max_components"":5,""min_components"":5,""n_init_kmeans"":1,""n_jobs"":1,""random_state"":6,""reg_covar"":1e-06,""verbose"":false}"
independent_permutation,256,7,autog2m2,tcga_d256_seed7_autog2m2_b41f3dbb24bdb31f9815.npz,ec60b15e3e7786df04b0d47c5c334009aff17d1e2f023ae566ba5d9f48b3c200,f3b53fca9372f85fdb45eda6bc6097eb423ccc855cc98d8693e1bf632d9b2cd7,aa61ab4cc86d051f499b,0.6666714732775456,9,full,-75507.22865346889,0.9956304619225969,8a5f14fed5b4d495ad74e722,5,ok,,0.9924761697432413,5,5,full,-74801.5011097943,0.08513066702289507,"{""agglom_affinities"":[""mahalanobis""],""agglom_linkages"":[""ward""],""covariances"":[""full"",""diag"",""tied"",""spherical""],""criterion"":""bic"",""early_stop_delta"":0.0,""eigen_thres"":true,""init_agglomerative"":true,""max_components"":5,""min_components"":5,""n_init_kmeans"":1,""n_jobs"":1,""random_state"":7,""reg_covar"":1e-06,""verbose"":false}"
independent_permutation,256,7,pca,tcga_d256_seed7_pca_b77dcf500ce777614953.npz,09a6e98f17ceee07feabfc8de63b5de66e30adceaa61e90568407ce4a2954d09,2f0f1869ec347cb2249d61a94164d06eb87292b85a54e45d5107e159a8ed9f3e,aa61ab4cc86d051f499b,0.9962578040012736,5,full,52990.004305589086,0.9962962962962963,0e0b6f692f937b2498f0e4c1,5,ok,,0.9962578040012737,5,5,full,52990.00430558908,0.08074100001249462,"{""agglom_affinities"":[""mahalanobis""],""agglom_linkages"":[""ward""],""covariances"":[""full"",""diag"",""tied"",""spherical""],""criterion"":""bic"",""early_stop_delta"":0.0,""eigen_thres"":true,""init_agglomerative"":true,""max_components"":5,""min_components"":5,""n_init_kmeans"":1,""n_jobs"":1,""random_state"":7,""reg_covar"":1e-06,""verbose"":false}"
independent_permutation,256,7,umap,tcga_d256_seed7_umap_3695870712bed71bead5.npz,a2c6e30fbec09074f1c1968f3b23e813cb879f747720b2b17876f6a5f107b26e,3419730e3bbe3d76b87d0191e963de68a8ad15ee30c1407218b2ea1108eb5181,aa61ab4cc86d051f499b,0.6146861825377342,9,full,-79398.74410813345,0.9935497295047856,23f61f709c090ce59a5eaeed,5,ok,,0.827975137279594,5,5,full,-72791.48749868515,0.035889542021322995,"{""agglom_affinities"":[""mahalanobis""],""agglom_linkages"":[""ward""],""covariances"":[""full"",""diag"",""tied"",""spherical""],""criterion"":""bic"",""early_stop_delta"":0.0,""eigen_thres"":true,""init_agglomerative"":true,""max_components"":5,""min_components"":5,""n_init_kmeans"":1,""n_jobs"":1,""random_state"":7,""reg_covar"":1e-06,""verbose"":false}"
independent_permutation,256,8,autog2m2,tcga_d256_seed8_autog2m2_7fc0e9eb8f3edb4ec038.npz,854d6946d6e0e2a023d2a6179b860cd6cb1b2f81c40c0a39933fd7619928cff2,64030beb2050fba5a4d3f08f8809f7eb1bd15e8bb92662487020953d16e7bb23,aa61ab4cc86d051f499b,0.9558736054405086,6,full,-94907.37379428664,0.9946733250104036,b2224ef3d745e72d6c778ee3,5,ok,,0.9944107238247881,5,5,full,-93867.34419146976,0.09686537500238046,"{""agglom_affinities"":[""mahalanobis""],""agglom_linkages"":[""ward""],""covariances"":[""full"",""diag"",""tied"",""spherical""],""criterion"":""bic"",""early_stop_delta"":0.0,""eigen_thres"":true,""init_agglomerative"":true,""max_components"":5,""min_components"":5,""n_init_kmeans"":1,""n_jobs"":1,""random_state"":8,""reg_covar"":1e-06,""verbose"":false}"
independent_permutation,256,8,pca,tcga_d256_seed8_pca_a35280dc5953d18e7e5b.npz,f3139165f76f756161c65ae6cc45974c5f8283f84fc83f6c093188dc5c62dcc4,21f09f562276d94c9d2e86ddcc855d87823abc25a2ee8cd297f721c40d086dc7,aa61ab4cc86d051f499b,0.9641869451257336,5,full,52605.8905580087,0.9962962962962963,ece3c6461f48998145842cf0,5,ok,,0.9641869451257336,5,5,full,52605.8905580087,0.08211654197657481,"{""agglom_affinities"":[""mahalanobis""],""agglom_linkages"":[""ward""],""covariances"":[""full"",""diag"",""tied"",""spherical""],""criterion"":""bic"",""early_stop_delta"":0.0,""eigen_thres"":true,""init_agglomerative"":true,""max_components"":5,""min_components"":5,""n_init_kmeans"":1,""n_jobs"":1,""random_state"":8,""reg_covar"":1e-06,""verbose"":false}"
independent_permutation,256,8,umap,tcga_d256_seed8_umap_e291340b063021206ebc.npz,49e3db091189b725c9b0f9b3fd095bc1ceb4b87a4e8557bc035abdc75bd7afaa,885477b7b7fa6f6d6fc00f2fba63d8707a7d0079853a9e9e4dd713d34b3c6805,aa61ab4cc86d051f499b,0.5832936522265015,10,full,-80441.24670967525,0.9930919683728672,b9c9bfe1d5d50da50f120f80,5,ok,,0.827975137279594,5,5,full,-73298.18734618118,0.03702066600089893,"{""agglom_affinities"":[""mahalanobis""],""agglom_linkages"":[""ward""],""covariances"":[""full"",""diag"",""tied"",""spherical""],""criterion"":""bic"",""early_stop_delta"":0.0,""eigen_thres"":true,""init_agglomerative"":true,""max_components"":5,""min_components"":5,""n_init_kmeans"":1,""n_jobs"":1,""random_state"":8,""reg_covar"":1e-06,""verbose"":false}"
independent_permutation,256,9,autog2m2,tcga_d256_seed9_autog2m2_66c9ee950f9fb69ea6f0.npz,0029f2649528dbff54c35e734163d5e4f9695f393815e79d75faf50d2819db24,a47711abed4764e111716966428534d6b877012681fddd29a5414cfd7464cd03,aa61ab4cc86d051f499b,0.6818709877495209,8,full,-87820.01854974582,0.9965459841864336,17499802eda246c1f0b0e91d,5,ok,,0.7712846971330336,5,5,full,-83095.52077369251,0.0922320419922471,"{""agglom_affinities"":[""mahalanobis""],""agglom_linkages"":[""ward""],""covariances"":[""full"",""diag"",""tied"",""spherical""],""criterion"":""bic"",""early_stop_delta"":0.0,""eigen_thres"":true,""init_agglomerative"":true,""max_components"":5,""min_components"":5,""n_init_kmeans"":1,""n_jobs"":1,""random_state"":9,""reg_covar"":1e-06,""verbose"":false}"
independent_permutation,256,9,pca,tcga_d256_seed9_pca_d6628eb09f3470124db1.npz,36e6f07e4c68df755a3b46a70e9d9417994b78c562141872d165cf2ad6edd107,9d02e060353114f63a930b261d436173d75a22ddb5c458bd3cc59f29a1aecb13,aa61ab4cc86d051f499b,0.9653481507996692,5,full,52558.02735351288,0.9962962962962963,87430b69454949c53e7817fc,5,ok,,0.9653481507996693,5,5,full,52558.02735351288,0.0846639170194976,"{""agglom_affinities"":[""mahalanobis""],""agglom_linkages"":[""ward""],""covariances"":[""full"",""diag"",""tied"",""spherical""],""criterion"":""bic"",""early_stop_delta"":0.0,""eigen_thres"":true,""init_agglomerative"":true,""max_components"":5,""min_components"":5,""n_init_kmeans"":1,""n_jobs"":1,""random_state"":9,""reg_covar"":1e-06,""verbose"":false}"
independent_permutation,256,9,umap,tcga_d256_seed9_umap_380265f2cc9669cb213d.npz,63372845cb3a096106d2f2cc69962cdcc8512cfcd81a638052cc8109ea76015f,05095ef8e755dae72d325d28ef8a11ee9a73ddcbbdd110783b1af9b2b47692b1,aa61ab4cc86d051f499b,0.5601244667500586,10,full,-77633.40395641362,0.9931335830212236,82a125e5bb919feaf5cd94d2,5,ok,,0.827975137279594,5,5,full,-70972.38477804475,0.03588675003265962,"{""agglom_affinities"":[""mahalanobis""],""agglom_linkages"":[""ward""],""covariances"":[""full"",""diag"",""tied"",""spherical""],""criterion"":""bic"",""early_stop_delta"":0.0,""eigen_thres"":true,""init_agglomerative"":true,""max_components"":5,""min_components"":5,""n_init_kmeans"":1,""n_jobs"":1,""random_state"":9,""reg_covar"":1e-06,""verbose"":false}"
independent_permutation,256,10,autog2m2,tcga_d256_seed10_autog2m2_d001ac9ca8ba56b8c219.npz,cecc960fa6c4431b2e17ecebfd60ae8c81fb6786791fed7fb5096a814d3e89df,f95e78e6a43e25747589d40ec6853e25b19c5cc6df854127a3897dca975bb412,aa61ab4cc86d051f499b,0.5669532771013345,10,full,-86505.29408808709,0.9940907199334166,92e1225dca8bf6e076f681c7,5,ok,,0.9869069669186098,5,5,full,-85868.75041907634,0.09336729202186689,"{""agglom_affinities"":[""mahalanobis""],""agglom_linkages"":[""ward""],""covariances"":[""full"",""diag"",""tied"",""spherical""],""criterion"":""bic"",""early_stop_delta"":0.0,""eigen_thres"":true,""init_agglomerative"":true,""max_components"":5,""min_components"":5,""n_init_kmeans"":1,""n_jobs"":1,""random_state"":10,""reg_covar"":1e-06,""verbose"":false}"
independent_permutation,256,10,pca,tcga_d256_seed10_pca_8f843c5c36490b272cf2.npz,6266387cc2f637b493119833c7b7f53f5476ce62ca709c690eda8c2de5dd4074,4019849a496b2853936755283b1e9f6b2f85b29cc061922006946112cb48a682,aa61ab4cc86d051f499b,0.9962578040012736,5,full,52980.946152493874,0.99625468164794,821600876b0837322da9b3de,5,ok,,0.9962578040012737,5,5,full,52980.94615249387,0.08463583298726007,"{""agglom_affinities"":[""mahalanobis""],""agglom_linkages"":[""ward""],""covariances"":[""full"",""diag"",""tied"",""spherical""],""criterion"":""bic"",""early_stop_delta"":0.0,""eigen_thres"":true,""init_agglomerative"":true,""max_components"":5,""min_components"":5,""n_init_kmeans"":1,""n_jobs"":1,""random_state"":10,""reg_covar"":1e-06,""verbose"":false}"
independent_permutation,256,10,umap,tcga_d256_seed10_umap_f6288df4b91869ee0281.npz,3bfaa24eb1a7c41cebe76fc6585837eb4006d769f96f0e17b9d202bd53d1f601,eee1e20453c2ca33da09cf240ea29627436e5b00568302ed2983070e1a054f24,aa61ab4cc86d051f499b,0.5643280159103073,10,full,-78523.19004999816,0.993591344153142,e4ef198e6ac779dbadc10a90,5,ok,,0.827975137279594,5,5,full,-71551.47664134407,0.03583687503123656,"{""agglom_affinities"":[""mahalanobis""],""agglom_linkages"":[""ward""],""covariances"":[""full"",""diag"",""tied"",""spherical""],""criterion"":""bic"",""early_stop_delta"":0.0,""eigen_thres"":true,""init_agglomerative"":true,""max_components"":5,""min_components"":5,""n_init_kmeans"":1,""n_jobs"":1,""random_state"":10,""reg_covar"":1e-06,""verbose"":false}"
independent_permutation,256,11,autog2m2,tcga_d256_seed11_autog2m2_0e7c3c8d5075ece2eece.npz,1fc42a7c87da7cd33a1e867c697aa1a2853e5617a60ca14908fd7ea3138d088b,80c0b25991740f2e9a0f5b9c12769515c2b0d60f25dd63ec3e0c8cb6cb3b063e,aa61ab4cc86d051f499b,0.617620900519441,10,full,-73685.53831136871,0.9963795255930088,1b3f3ad58c2914273d00cc3f,5,ok,,1.0,5,5,full,-72915.70566320645,0.08645670802798122,"{""agglom_affinities"":[""mahalanobis""],""agglom_linkages"":[""ward""],""covariances"":[""full"",""diag"",""tied"",""spherical""],""criterion"":""bic"",""early_stop_delta"":0.0,""eigen_thres"":true,""init_agglomerative"":true,""max_components"":5,""min_components"":5,""n_init_kmeans"":1,""n_jobs"":1,""random_state"":11,""reg_covar"":1e-06,""verbose"":false}"
independent_permutation,256,11,pca,tcga_d256_seed11_pca_bb044ef6567b29a43889.npz,d4955b71ce82b8b03c4612cde5565260ad9c5c546979f88b38798ffaca3a6d0a,3afb776dbfd7524a08bf42d29c735e1f5e57f1808eb2f25672bd45a73e1cf84d,aa61ab4cc86d051f499b,0.997608322674708,5,full,53049.447435431095,0.9962962962962963,63691bbcab0a6f0a5e655cd3,5,ok,,0.997608322674708,5,5,full,53049.447435431095,0.08149516698904335,"{""agglom_affinities"":[""mahalanobis""],""agglom_linkages"":[""ward""],""covariances"":[""full"",""diag"",""tied"",""spherical""],""criterion"":""bic"",""early_stop_delta"":0.0,""eigen_thres"":true,""init_agglomerative"":true,""max_components"":5,""min_components"":5,""n_init_kmeans"":1,""n_jobs"":1,""random_state"":11,""reg_covar"":1e-06,""verbose"":false}"
independent_permutation,256,11,umap,tcga_d256_seed11_umap_791ef488557ede095794.npz,7a40de602b65b5b165642440eedbcb779929996187fbe56a02305035a4b7439f,cb768553ac621d84abf797cf6d2b18f8d1b204a8ad2ba415d0dcdc367bda7d57,aa61ab4cc86d051f499b,0.571055827539567,10,full,-78327.20556923113,0.9939658759883478,73c4eb46ae569b8c3a037092,5,ok,,0.827975137279594,5,5,full,-72443.72176400735,0.03624979202868417,"{""agglom_affinities"":[""mahalanobis""],""agglom_linkages"":[""ward""],""covariances"":[""full"",""diag"",""tied"",""spherical""],""criterion"":""bic"",""early_stop_delta"":0.0,""eigen_thres"":true,""init_agglomerative"":true,""max_components"":5,""min_components"":5,""n_init_kmeans"":1,""n_jobs"":1,""random_state"":11,""reg_covar"":1e-06,""verbose"":false}"
independent_permutation,256,12,autog2m2,tcga_d256_seed12_autog2m2_1ce66f7b1334aae32138.npz,2fb37dc93fcab6ef827789059aa89e7f518cc1f8574e2939d9eaf1ad3a42d581,4ee6a338f036f074a12e8cbc388c875977ab12b5e1404acc255f373d8ef3e1c7,aa61ab4cc86d051f499b,0.8543556072966402,6,full,-94781.41407060562,0.9920516021639616,1da8041afbf66657d4887869,5,ok,,0.9938681977400163,5,5,full,-94578.64420456746,0.09423312498256564,"{""agglom_affinities"":[""mahalanobis""],""agglom_linkages"":[""ward""],""covariances"":[""full"",""diag"",""tied"",""spherical""],""criterion"":""bic"",""early_stop_delta"":0.0,""eigen_thres"":true,""init_agglomerative"":true,""max_components"":5,""min_components"":5,""n_init_kmeans"":1,""n_jobs"":1,""random_state"":12,""reg_covar"":1e-06,""verbose"":false}"
independent_permutation,256,12,pca,tcga_d256_seed12_pca_cadd78df5f973c002662.npz,324a6562f6434d5596246af8e79a0c6aad00664e8a4091ad06dd77c5c4d5633a,fcf166a13199d8bc7796653a934553d038ac5dbc38ea9a1b4d87d915be497d1c,aa61ab4cc86d051f499b,0.9962578040012736,5,full,52992.94892146177,0.99625468164794,52536a20159d4eee21d082aa,5,ok,,0.9962578040012737,5,5,full,52992.94892146177,0.08136466704308987,"{""agglom_affinities"":[""mahalanobis""],""agglom_linkages"":[""ward""],""covariances"":[""full"",""diag"",""tied"",""spherical""],""criterion"":""bic"",""early_stop_delta"":0.0,""eigen_thres"":true,""init_agglomerative"":true,""max_components"":5,""min_components"":5,""n_init_kmeans"":1,""n_jobs"":1,""random_state"":12,""reg_covar"":1e-06,""verbose"":false}"
independent_permutation,256,12,umap,tcga_d256_seed12_umap_37cbe6fb5f72e98a15c1.npz,90884c353b3ca72cd7215a0cbf2dcbc851353a75883789cf02d4975dddaefa0b,57e36d1516a5bc432e75e2555719b9226bac21bac5a529c78cc05bb7a36b5e84,aa61ab4cc86d051f499b,0.6138672567959702,10,full,-79900.84271193043,0.9937161880982106,b33bde392e6cdfda9741e361,5,ok,,0.827975137279594,5,5,full,-72658.02997229173,0.036373292037751526,"{""agglom_affinities"":[""mahalanobis""],""agglom_linkages"":[""ward""],""covariances"":[""full"",""diag"",""tied"",""spherical""],""criterion"":""bic"",""early_stop_delta"":0.0,""eigen_thres"":true,""init_agglomerative"":true,""max_components"":5,""min_components"":5,""n_init_kmeans"":1,""n_jobs"":1,""random_state"":12,""reg_covar"":1e-06,""verbose"":false}"
independent_permutation,256,13,autog2m2,tcga_d256_seed13_autog2m2_19bab570552007e58494.npz,def48b3b179a81fdc65fc7e6d72330281c19624763e2473c1fd30f20fc393016,9deb5972f294450c0bff04eab8e5316bed70d381a208032253f26431d8c8c4b4,aa61ab4cc86d051f499b,0.8585117539072477,7,full,-71034.36487999231,0.9956304619225969,0d829b9f342405142255cc04,5,ok,,1.0,5,5,full,-70719.68858436619,0.10497916705207899,"{""agglom_affinities"":[""mahalanobis""],""agglom_linkages"":[""ward""],""covariances"":[""full"",""diag"",""tied"",""spherical""],""criterion"":""bic"",""early_stop_delta"":0.0,""eigen_thres"":true,""init_agglomerative"":true,""max_components"":5,""min_components"":5,""n_init_kmeans"":1,""n_jobs"":1,""random_state"":13,""reg_covar"":1e-06,""verbose"":false}"
independent_permutation,256,13,pca,tcga_d256_seed13_pca_563b3e670bb07d434dd1.npz,f416827945d15c5e9a07b77f7eee3e9e517336748504b070779a501bd754e343,f8e1b2d8699d4ae5fcfd1d89fa7c5e38fe74f25cd56667823a71fbb2ab76603b,aa61ab4cc86d051f499b,0.9715471741497084,5,full,52714.931716751766,0.9962962962962963,ed1ab3a28dd649ed1d3c1e59,5,ok,,0.9715471741497083,5,5,full,52714.93171675177,0.08385683299275115,"{""agglom_affinities"":[""mahalanobis""],""agglom_linkages"":[""ward""],""covariances"":[""full"",""diag"",""tied"",""spherical""],""criterion"":""bic"",""early_stop_delta"":0.0,""eigen_thres"":true,""init_agglomerative"":true,""max_components"":5,""min_components"":5,""n_init_kmeans"":1,""n_jobs"":1,""random_state"":13,""reg_covar"":1e-06,""verbose"":false}"
independent_permutation,256,13,umap,tcga_d256_seed13_umap_b04205a34aaf162f9c48.npz,89b5e58de52b28297ea9d5061fe04e8a87365c6569992161162c00581ba987e8,be89fa399d79d5532ee3a4ee1371e0cab7b7b6fc81e82e8c4149336663b624ba,aa61ab4cc86d051f499b,0.5685675577340243,10,full,-79138.05849035275,0.9933000416146484,39f8ba7164afd192258ba65f,5,ok,,0.827975137279594,5,5,full,-72399.22766804634,0.035299165989272296,"{""agglom_affinities"":[""mahalanobis""],""agglom_linkages"":[""ward""],""covariances"":[""full"",""diag"",""tied"",""spherical""],""criterion"":""bic"",""early_stop_delta"":0.0,""eigen_thres"":true,""init_agglomerative"":true,""max_components"":5,""min_components"":5,""n_init_kmeans"":1,""n_jobs"":1,""random_state"":13,""reg_covar"":1e-06,""verbose"":false}"
independent_permutation,256,14,autog2m2,tcga_d256_seed14_autog2m2_0f4928762734e0305601.npz,ea9d21a9b4a0b0f401a6d974a2a8bc4bd6765d395ccd1e4ba3ff4cdcb983c530,83c641bd8859cbb4c18c680677949166a65f9afc193a5eca891be9ca2e5efe82,aa61ab4cc86d051f499b,0.8298813282511631,7,full,-102851.04499235898,0.9954223886808156,8d2a85d2e272a97765e54f16,5,ok,,1.0,5,5,full,-100903.22738594131,0.09505033300956711,"{""agglom_affinities"":[""mahalanobis""],""agglom_linkages"":[""ward""],""covariances"":[""full"",""diag"",""tied"",""spherical""],""criterion"":""bic"",""early_stop_delta"":0.0,""eigen_thres"":true,""init_agglomerative"":true,""max_components"":5,""min_components"":5,""n_init_kmeans"":1,""n_jobs"":1,""random_state"":14,""reg_covar"":1e-06,""verbose"":false}"
independent_permutation,256,14,pca,tcga_d256_seed14_pca_5ad59fca1543854913bf.npz,82b9393f3c397498834b81394af72898b9e063cee065a7fdc32f370359c524b7,ee61c250ccc4036170a0a4e432859012ae405d8d5e23af884440c157243e133f,aa61ab4cc86d051f499b,0.9975658196228132,5,full,52997.63595691452,0.99625468164794,f75e654e63cfbb55f6f7424f,5,ok,,0.9975658196228133,5,5,full,52997.63595691452,0.08179708302486688,"{""agglom_affinities"":[""mahalanobis""],""agglom_linkages"":[""ward""],""covariances"":[""full"",""diag"",""tied"",""spherical""],""criterion"":""bic"",""early_stop_delta"":0.0,""eigen_thres"":true,""init_agglomerative"":true,""max_components"":5,""min_components"":5,""n_init_kmeans"":1,""n_jobs"":1,""random_state"":14,""reg_covar"":1e-06,""verbose"":false}"
independent_permutation,256,14,umap,tcga_d256_seed14_umap_0b433d71a0794dd339aa.npz,82ff04e9de56994764fd9fc523713d9497c08c3d87a07230ce2115a63c6484a3,88648ae28f78ec26ae01dbd133278dd8db9fca9af326f4385a7e03147d6b000f,aa61ab4cc86d051f499b,0.5660867835395466,10,full,-81548.32956212723,0.993424885559717,a395fca7478622b319d4231d,5,ok,,0.827975137279594,5,5,full,-74919.67484944563,0.03559566696640104,"{""agglom_affinities"":[""mahalanobis""],""agglom_linkages"":[""ward""],""covariances"":[""full"",""diag"",""tied"",""spherical""],""criterion"":""bic"",""early_stop_delta"":0.0,""eigen_thres"":true,""init_agglomerative"":true,""max_components"":5,""min_components"":5,""n_init_kmeans"":1,""n_jobs"":1,""random_state"":14,""reg_covar"":1e-06,""verbose"":false}"
independent_permutation,256,15,autog2m2,tcga_d256_seed15_autog2m2_73d86fec245e2d770131.npz,e123e024a2c47d494d78e5197196aa97192411df9796bb5f3b6cdf13c3eb6408,2568b9057a5a19f261bc78f6e9c475fdf82776fccb37d5499837c20d1d99c047,aa61ab4cc86d051f499b,0.9439300553120772,7,full,-92097.16965739388,0.9965459841864336,dd8f7c174b7e55d06b15c844,5,ok,,0.9930531553663554,5,5,full,-91545.77098443112,0.08259041700512171,"{""agglom_affinities"":[""mahalanobis""],""agglom_linkages"":[""ward""],""covariances"":[""full"",""diag"",""tied"",""spherical""],""criterion"":""bic"",""early_stop_delta"":0.0,""eigen_thres"":true,""init_agglomerative"":true,""max_components"":5,""min_components"":5,""n_init_kmeans"":1,""n_jobs"":1,""random_state"":15,""reg_covar"":1e-06,""verbose"":false}"
independent_permutation,256,15,pca,tcga_d256_seed15_pca_c5012a17e80ae7bd1add.npz,c0ce77701657662f65c080239e16aac986f1a19bc59668df4d446a3af197b5bf,e88ffe6224fcc314eb532194e5f6ae7d646d61dd40bb952c4a886a267c558edf,aa61ab4cc86d051f499b,0.9715471741497084,5,full,52720.63343000968,0.99625468164794,b7706764d63ac9f7f473c7ca,5,ok,,0.9715471741497083,5,5,full,52720.63343000968,0.0829281669575721,"{""agglom_affinities"":[""mahalanobis""],""agglom_linkages"":[""ward""],""covariances"":[""full"",""diag"",""tied"",""spherical""],""criterion"":""bic"",""early_stop_delta"":0.0,""eigen_thres"":true,""init_agglomerative"":true,""max_components"":5,""min_components"":5,""n_init_kmeans"":1,""n_jobs"":1,""random_state"":15,""reg_covar"":1e-06,""verbose"":false}"
independent_permutation,256,15,umap,tcga_d256_seed15_umap_bc2025b8b9f11e98af5f.npz,1674c94d0c76acb88490d2daffbf4df6eb66964f6de9097f61903de90d795ef4,ff59ff3eef79dfe18dbb418f522e110e65b7fe431a07ef6972c601e3e7011cb0,aa61ab4cc86d051f499b,0.5866775638883283,10,full,-78548.53660341859,0.994173949230129,29c1413bc04221aa4b0b41df,5,ok,,0.827975137279594,5,5,full,-72836.38485966415,0.036198874993715435,"{""agglom_affinities"":[""mahalanobis""],""agglom_linkages"":[""ward""],""covariances"":[""full"",""diag"",""tied"",""spherical""],""criterion"":""bic"",""early_stop_delta"":0.0,""eigen_thres"":true,""init_agglomerative"":true,""max_components"":5,""min_components"":5,""n_init_kmeans"":1,""n_jobs"":1,""random_state"":15,""reg_covar"":1e-06,""verbose"":false}"
independent_permutation,256,16,autog2m2,tcga_d256_seed16_autog2m2_eb439609b3f07a75350c.npz,a582aa7ab4c69a1cfbebb28548e1d6a42908fe05c87798ec5b020eb2a9db8af0,d073d04f3a1d36f3033d392a1d4743bc847b6e511b015d35b0c35a49c766c871,aa61ab4cc86d051f499b,0.6666033482322011,8,full,-98555.89882782202,0.9959633791094464,e66a1e1fd68f3c8ef6254727,5,ok,,0.8940421294613131,5,5,full,-96494.4851409205,0.09066616697236896,"{""agglom_affinities"":[""mahalanobis""],""agglom_linkages"":[""ward""],""covariances"":[""full"",""diag"",""tied"",""spherical""],""criterion"":""bic"",""early_stop_delta"":0.0,""eigen_thres"":true,""init_agglomerative"":true,""max_components"":5,""min_components"":5,""n_init_kmeans"":1,""n_jobs"":1,""random_state"":16,""reg_covar"":1e-06,""verbose"":false}"
independent_permutation,256,16,pca,tcga_d256_seed16_pca_c2343e8f1d981753be85.npz,3bcbbf1cb2b590b98eac14c410dd8e9ea2f75e1b36013753a3979db9435ecdb4,642f6704e0cb89d7fab3b41273c3ee096e660175dd151a278717eb7560d71db2,aa61ab4cc86d051f499b,0.9641869451257336,5,full,52571.7522482848,0.9962962962962963,39966efa38f0f57bd72ba3b8,5,ok,,0.9641869451257336,5,5,full,52571.75224828481,0.07935620902571827,"{""agglom_affinities"":[""mahalanobis""],""agglom_linkages"":[""ward""],""covariances"":[""full"",""diag"",""tied"",""spherical""],""criterion"":""bic"",""early_stop_delta"":0.0,""eigen_thres"":true,""init_agglomerative"":true,""max_components"":5,""min_components"":5,""n_init_kmeans"":1,""n_jobs"":1,""random_state"":16,""reg_covar"":1e-06,""verbose"":false}"
independent_permutation,256,16,umap,tcga_d256_seed16_umap_bcfe28fd11edd50420dc.npz,0f5932680862fbf6fa17dbb9b4534407fe10e2e47252694976d9d42775bcae0a,5edf3cd389041906ec4e09ad29afffb302d84acc2ce7637b78bb65ddcf671e2e,aa61ab4cc86d051f499b,0.5595227434641721,10,full,-80344.04063960325,0.9939242613399916,065fcd2de24a57087bd0028e,5,ok,,0.832722326794133,5,5,full,-71511.2338717828,0.03486025001620874,"{""agglom_affinities"":[""mahalanobis""],""agglom_linkages"":[""ward""],""covariances"":[""full"",""diag"",""tied"",""spherical""],""criterion"":""bic"",""early_stop_delta"":0.0,""eigen_thres"":true,""init_agglomerative"":true,""max_components"":5,""min_components"":5,""n_init_kmeans"":1,""n_jobs"":1,""random_state"":16,""reg_covar"":1e-06,""verbose"":false}"
independent_permutation,256,17,autog2m2,tcga_d256_seed17_autog2m2_753c27bf7ba2c6adb5b7.npz,fb0606d5105a1017457b68187df1f37131234f28ae7abee31dd645536e7d62da,17724dae38860cc7e96570bb668a8ea65b3a3ca3967da8a8cb74553119d9110e,aa61ab4cc86d051f499b,0.7865801573169826,7,full,-93119.282208025,0.9946733250104036,8a098490559fac6941c365c6,5,ok,,0.8579519990856465,5,5,full,-90771.69511919408,0.09840816695941612,"{""agglom_affinities"":[""mahalanobis""],""agglom_linkages"":[""ward""],""covariances"":[""full"",""diag"",""tied"",""spherical""],""criterion"":""bic"",""early_stop_delta"":0.0,""eigen_thres"":true,""init_agglomerative"":true,""max_components"":5,""min_components"":5,""n_init_kmeans"":1,""n_jobs"":1,""random_state"":17,""reg_covar"":1e-06,""verbose"":false}"
independent_permutation,256,17,pca,tcga_d256_seed17_pca_d80db5853241e5bbb9f0.npz,94bb833c5f4af911a8e71c476a60456ac74b30d884571a9d2518818be6a8b773,31d4fdfe66d55723c98ab8c3112da63cababd998b4f19f431ff1774f748548a4,aa61ab4cc86d051f499b,0.967845654094356,5,full,52563.494822004664,0.9962962962962963,d0efc2670428e94b1975b83d,5,ok,,0.9678456540943561,5,5,full,52563.494822004664,0.0841077080112882,"{""agglom_affinities"":[""mahalanobis""],""agglom_linkages"":[""ward""],""covariances"":[""full"",""diag"",""tied"",""spherical""],""criterion"":""bic"",""early_stop_delta"":0.0,""eigen_thres"":true,""init_agglomerative"":true,""max_components"":5,""min_components"":5,""n_init_kmeans"":1,""n_jobs"":1,""random_state"":17,""reg_covar"":1e-06,""verbose"":false}"
independent_permutation,256,17,umap,tcga_d256_seed17_umap_8810c9278c415067431b.npz,ba349883d1d249ee7e6ea800b65c2898aae9d5e746728baa4a53afd11a509b5f,f48c2b41260cb9bc4d31345b7f21bf6284753105775cb5ce94465b7d0e59e4d7,aa61ab4cc86d051f499b,0.6308358560324793,10,full,-80259.5902372562,0.9942155638784852,d5ea8639a597d7b984c20230,5,ok,,0.827975137279594,5,5,full,-73750.29829838517,0.035413207951933146,"{""agglom_affinities"":[""mahalanobis""],""agglom_linkages"":[""ward""],""covariances"":[""full"",""diag"",""tied"",""spherical""],""criterion"":""bic"",""early_stop_delta"":0.0,""eigen_thres"":true,""init_agglomerative"":true,""max_components"":5,""min_components"":5,""n_init_kmeans"":1,""n_jobs"":1,""random_state"":17,""reg_covar"":1e-06,""verbose"":false}"
independent_permutation,256,18,autog2m2,tcga_d256_seed18_autog2m2_8a2f20241a89560c33c2.npz,0d936e5a29be54bffc81187dea989b86a0ddc8263a311d3c904fc7c45e0a1437,773b94bb519d0cb5e02e22c58ad32bfc83b8875ffee998330802aba417d34080,aa61ab4cc86d051f499b,0.9523916483720368,7,full,-105632.12054599944,0.9955888472742406,164952031dc2b59aac35a7c6,5,ok,,0.989340391099634,5,5,full,-104083.56735325702,0.08539924997603521,"{""agglom_affinities"":[""mahalanobis""],""agglom_linkages"":[""ward""],""covariances"":[""full"",""diag"",""tied"",""spherical""],""criterion"":""bic"",""early_stop_delta"":0.0,""eigen_thres"":true,""init_agglomerative"":true,""max_components"":5,""min_components"":5,""n_init_kmeans"":1,""n_jobs"":1,""random_state"":18,""reg_covar"":1e-06,""verbose"":false}"
independent_permutation,256,18,pca,tcga_d256_seed18_pca_7d51c1d1240478c3f2f2.npz,fdf32cf71c8a558f072730f05b1107c9a529f3d320a7a60f32609deb15115e2e,592c5aab87c89672538605adabfaea52dce0c5ffee6435a7f7f3a1b311b6191e,aa61ab4cc86d051f499b,0.9962578040012736,5,full,52994.00503916762,0.99625468164794,60113d96202d07c01338c564,5,ok,,0.9962578040012737,5,5,full,52994.00503916762,0.08106154203414917,"{""agglom_affinities"":[""mahalanobis""],""agglom_linkages"":[""ward""],""covariances"":[""full"",""diag"",""tied"",""spherical""],""criterion"":""bic"",""early_stop_delta"":0.0,""eigen_thres"":true,""init_agglomerative"":true,""max_components"":5,""min_components"":5,""n_init_kmeans"":1,""n_jobs"":1,""random_state"":18,""reg_covar"":1e-06,""verbose"":false}"
independent_permutation,256,18,umap,tcga_d256_seed18_umap_45b21241fee078defd37.npz,311be008b163082f37d3ccde54ee44d1602ee2b2f87fb325fe25b873c633d53e,f2046e00b9d0da9ea5e659150ffae3f77dcd7de99dbf8c5576a097bf99d7d37f,aa61ab4cc86d051f499b,0.6068153413299802,10,full,-78317.41662447002,0.9937994173949232,860f1a9e3eff3f416866acc8,5,ok,,0.827975137279594,5,5,full,-71716.68900766988,0.035499292018357664,"{""agglom_affinities"":[""mahalanobis""],""agglom_linkages"":[""ward""],""covariances"":[""full"",""diag"",""tied"",""spherical""],""criterion"":""bic"",""early_stop_delta"":0.0,""eigen_thres"":true,""init_agglomerative"":true,""max_components"":5,""min_components"":5,""n_init_kmeans"":1,""n_jobs"":1,""random_state"":18,""reg_covar"":1e-06,""verbose"":false}"
independent_permutation,256,19,autog2m2,tcga_d256_seed19_autog2m2_ee38bf1d5c2b442de7ab.npz,ba21fad16255b078aedb2829633ac64227447ebbcf4879e1e22f341012f19b8d,833bb6e866d204b888ca0dba49d8181f68dfd142665c71a2844725dfe2f248d6,aa61ab4cc86d051f499b,0.6689540713287383,8,full,-92868.84180595932,0.9966708281315024,5a6f7b960666253eb3e15f87,5,ok,,0.9981441027816979,5,5,full,-92443.75382844651,0.08323799999197945,"{""agglom_affinities"":[""mahalanobis""],""agglom_linkages"":[""ward""],""covariances"":[""full"",""diag"",""tied"",""spherical""],""criterion"":""bic"",""early_stop_delta"":0.0,""eigen_thres"":true,""init_agglomerative"":true,""max_components"":5,""min_components"":5,""n_init_kmeans"":1,""n_jobs"":1,""random_state"":19,""reg_covar"":1e-06,""verbose"":false}"
independent_permutation,256,19,pca,tcga_d256_seed19_pca_755f9f1654e8c464d721.npz,5d49f9c15691909ed04b3aa9aa1756d79f3b2e39a19697e565c1d2745882a571,ade5b0ab7d8c4662ed0641b3c3fcd1ee617e4fb0eee5c86ef492c602298a3cb1,aa61ab4cc86d051f499b,0.978898084457934,5,full,52641.76275151886,0.9962962962962963,3cc84c02a852ad2770f96908,5,ok,,0.9788980844579339,5,5,full,52641.76275151885,0.08242445799987763,"{""agglom_affinities"":[""mahalanobis""],""agglom_linkages"":[""ward""],""covariances"":[""full"",""diag"",""tied"",""spherical""],""criterion"":""bic"",""early_stop_delta"":0.0,""eigen_thres"":true,""init_agglomerative"":true,""max_components"":5,""min_components"":5,""n_init_kmeans"":1,""n_jobs"":1,""random_state"":19,""reg_covar"":1e-06,""verbose"":false}"
independent_permutation,256,19,umap,tcga_d256_seed19_umap_e428a5344cc214aba035.npz,c9693786a502f98b6bbe35fbb8d06e61d97d06f56af57817649c8d81c24b0a42,564de4e36218372760854087c44c961d2113014354d6108587f0f3b3f9febc39,aa61ab4cc86d051f499b,0.5616082682085037,10,full,-81376.64589374005,0.9933416562630044,33a06ac4fcf2d77cd5dd12be,5,ok,,0.827975137279594,5,5,full,-74132.15853029006,0.036564999958500266,"{""agglom_affinities"":[""mahalanobis""],""agglom_linkages"":[""ward""],""covariances"":[""full"",""diag"",""tied"",""spherical""],""criterion"":""bic"",""early_stop_delta"":0.0,""eigen_thres"":true,""init_agglomerative"":true,""max_components"":5,""min_components"":5,""n_init_kmeans"":1,""n_jobs"":1,""random_state"":19,""reg_covar"":1e-06,""verbose"":false}"
independent_permutation,512,0,autog2m2,tcga_d512_seed0_autog2m2_8ed35261b749581e7c3a.npz,775a3aa6a31959590f9d1c583d8412e6c243335f987eb003744721c218ed746b,b8fcc3028661b962c09fbc235499ff4f43ca29b6825008074f59ce052b7a2502,aa61ab4cc86d051f499b,0.5798724779909854,10,full,-42700.153925856524,0.9873491468997088,44bb63c8812e7653157547d8,5,ok,,0.9850140390223276,5,5,full,-40210.33911750674,0.13004445802653208,"{""agglom_affinities"":[""mahalanobis""],""agglom_linkages"":[""ward""],""covariances"":[""full"",""diag"",""tied"",""spherical""],""criterion"":""bic"",""early_stop_delta"":0.0,""eigen_thres"":true,""init_agglomerative"":true,""max_components"":5,""min_components"":5,""n_init_kmeans"":1,""n_jobs"":1,""random_state"":0,""reg_covar"":1e-06,""verbose"":false}"
independent_permutation,512,0,pca,tcga_d512_seed0_pca_56ada8b8dca0808ddcf5.npz,bdfe41355b50b7ae20e29c8b09dd9db8dc619995ffe5d49ff7db70e4c646f589,fedc50daab644f225dabfade6e03166dcb9e7d5d61191532e975456c963d77e7,aa61ab4cc86d051f499b,0.6474349416936922,9,diag,62259.11582779914,0.9957553058676654,a248a776a52d495412a2d105,5,ok,,0.9925379262715904,5,5,diag,63214.4502929223,0.11717845796374604,"{""agglom_affinities"":[""mahalanobis""],""agglom_linkages"":[""ward""],""covariances"":[""full"",""diag"",""tied"",""spherical""],""criterion"":""bic"",""early_stop_delta"":0.0,""eigen_thres"":true,""init_agglomerative"":true,""max_components"":5,""min_components"":5,""n_init_kmeans"":1,""n_jobs"":1,""random_state"":0,""reg_covar"":1e-06,""verbose"":false}"
independent_permutation,512,0,umap,tcga_d512_seed0_umap_0c9503f7e01b362e97a8.npz,44bfdb274902f4522b0e0d6fc38561c5210a4d902deca7e96955ea1e0519c720,667b64f481c5db8f973e53103e81aff27117f3f63af9d45c5cde96649ad0782b,aa61ab4cc86d051f499b,0.8858647391984308,6,full,-61709.89844167643,0.99658759883479,ed5acd6677ae229dcbd2c164,5,ok,,0.9925379262715904,5,5,full,-57062.308971859675,0.03688029199838638,"{""agglom_affinities"":[""mahalanobis""],""agglom_linkages"":[""ward""],""covariances"":[""full"",""diag"",""tied"",""spherical""],""criterion"":""bic"",""early_stop_delta"":0.0,""eigen_thres"":true,""init_agglomerative"":true,""max_components"":5,""min_components"":5,""n_init_kmeans"":1,""n_jobs"":1,""random_state"":0,""reg_covar"":1e-06,""verbose"":false}"
independent_permutation,512,1,autog2m2,tcga_d512_seed1_autog2m2_05a2197e91038b2b2b34.npz,771910ba6475c61907cc6d976464c72a7ffce48c2f6c967162ec7487f793ab7b,bb58762d6971bc2184d6ea7edefa88638c8369954d71317cafa9fe0f7b527e7e,aa61ab4cc86d051f499b,0.7972902092635511,6,full,-51930.40860082881,0.9768622555139408,88c2c64e8df25ccde5ba4992,5,ok,,0.9739609156413239,5,5,full,-51752.471448745484,0.13196583301760256,"{""agglom_affinities"":[""mahalanobis""],""agglom_linkages"":[""ward""],""covariances"":[""full"",""diag"",""tied"",""spherical""],""criterion"":""bic"",""early_stop_delta"":0.0,""eigen_thres"":true,""init_agglomerative"":true,""max_components"":5,""min_components"":5,""n_init_kmeans"":1,""n_jobs"":1,""random_state"":1,""reg_covar"":1e-06,""verbose"":false}"
independent_permutation,512,1,pca,tcga_d512_seed1_pca_197c77013ddbb358b3c3.npz,9f6f6c9e0011ae75dad0a882fe19f4abe8ff250af205db90a9576e4bf2ced23a,033200fe07d5a8cb2cd6b94e78242b8fcdac62917530992b5088f0fdf916a516,aa61ab4cc86d051f499b,0.6147458272365436,9,diag,62257.77949979689,0.996213066999584,1ac504cf1bc8729f2cb41e29,5,ok,,0.9925379262715904,5,5,diag,63211.85249915534,0.08352933399146423,"{""agglom_affinities"":[""mahalanobis""],""agglom_linkages"":[""ward""],""covariances"":[""full"",""diag"",""tied"",""spherical""],""criterion"":""bic"",""early_stop_delta"":0.0,""eigen_thres"":true,""init_agglomerative"":true,""max_components"":5,""min_components"":5,""n_init_kmeans"":1,""n_jobs"":1,""random_state"":1,""reg_covar"":1e-06,""verbose"":false}"
independent_permutation,512,1,umap,tcga_d512_seed1_umap_6d1833d9431233e5620b.npz,2e583b0c8b1f86bf8dfec3d3f0efa6adf18e944c5590495708a0b4a9a2bcd10e,f3cb1978125c5327e4edb4c293376a0d715e4b428dbb5c686d63e37c67a455e7,aa61ab4cc86d051f499b,0.8860109622265114,6,full,-64136.17103639175,0.994548481065335,0034fe094f456cdab3959190,5,ok,,0.9887466505384658,5,5,full,-56031.50109976987,0.07195208402117714,"{""agglom_affinities"":[""mahalanobis""],""agglom_linkages"":[""ward""],""covariances"":[""full"",""diag"",""tied"",""spherical""],""criterion"":""bic"",""early_stop_delta"":0.0,""eigen_thres"":true,""init_agglomerative"":true,""max_components"":5,""min_components"":5,""n_init_kmeans"":1,""n_jobs"":1,""random_state"":1,""reg_covar"":1e-06,""verbose"":false}"
independent_permutation,512,2,autog2m2,tcga_d512_seed2_autog2m2_a50e0596a2e74dc9473d.npz,631927533726fd734e5adfe7f2dbc267837b5f73716e83161a4a49364fb28a53,8ccedfe44cc58989c50a2f0fd67680b65347d4e0df5a96e41623bcb27b59ac94,aa61ab4cc86d051f499b,0.9893291884229996,5,full,-46637.19807423759,0.9776529338327092,996ed602447b9b1c088989ea,5,ok,,0.9893291884229996,5,5,full,-46637.19807423759,0.14113450003787875,"{""agglom_affinities"":[""mahalanobis""],""agglom_linkages"":[""ward""],""covariances"":[""full"",""diag"",""tied"",""spherical""],""criterion"":""bic"",""early_stop_delta"":0.0,""eigen_thres"":true,""init_agglomerative"":true,""max_components"":5,""min_components"":5,""n_init_kmeans"":1,""n_jobs"":1,""random_state"":2,""reg_covar"":1e-06,""verbose"":false}"
independent_permutation,512,2,pca,tcga_d512_seed2_pca_2b39fe4c3a6181f76fe7.npz,1195d159159b5896a93f27b63abf48b00ee235116eca2bd3bd9d387877b3c93a,deb38c6095f098849ec51c498cfe17823188bc66474e47244a211878268cf17a,aa61ab4cc86d051f499b,0.6037925130992712,10,diag,62048.94342362663,0.996046608406159,8d29a140b837104f31c389a6,5,ok,,0.9925379262715904,5,5,diag,63072.52152809266,0.08432320802239701,"{""agglom_affinities"":[""mahalanobis""],""agglom_linkages"":[""ward""],""covariances"":[""full"",""diag"",""tied"",""spherical""],""criterion"":""bic"",""early_stop_delta"":0.0,""eigen_thres"":true,""init_agglomerative"":true,""max_components"":5,""min_components"":5,""n_init_kmeans"":1,""n_jobs"":1,""random_state"":2,""reg_covar"":1e-06,""verbose"":false}"
independent_permutation,512,2,umap,tcga_d512_seed2_umap_e01b91e6e2b4ffb38735.npz,3e764644aed067946865aab9f23969ce647f8a46e588789c3e30a36b980aa117,005391d260a3c18027792ad826573492ef5c9be3df925a9cd0a43ce1824341bf,aa61ab4cc86d051f499b,0.724800525780371,7,full,-63026.372256044226,0.9956304619225969,bac5ea6190fc268752d54f37,5,ok,,0.9887466505384658,5,5,full,-57627.24207426891,0.03516416699858382,"{""agglom_affinities"":[""mahalanobis""],""agglom_linkages"":[""ward""],""covariances"":[""full"",""diag"",""tied"",""spherical""],""criterion"":""bic"",""early_stop_delta"":0.0,""eigen_thres"":true,""init_agglomerative"":true,""max_components"":5,""min_components"":5,""n_init_kmeans"":1,""n_jobs"":1,""random_state"":2,""reg_covar"":1e-06,""verbose"":false}"
independent_permutation,512,3,autog2m2,tcga_d512_seed3_autog2m2_14dbe699bd8551cbd4d9.npz,f7400f5afcf5c743d74892dd92178045562e01569d138c8decf200445b662b28,5f8080990123858a30a3ea6ca24ce3cd761c66a069031b77c1c23f37f6290e7e,aa61ab4cc86d051f499b,0.9460808487660622,5,diag,-92898.3745056616,0.8243029546400333,1bc46edcccc68c84aef0c3fe,5,ok,,0.9460808487660622,5,5,diag,-92898.3745056616,0.16365841700462624,"{""agglom_affinities"":[""mahalanobis""],""agglom_linkages"":[""ward""],""covariances"":[""full"",""diag"",""tied"",""spherical""],""criterion"":""bic"",""early_stop_delta"":0.0,""eigen_thres"":true,""init_agglomerative"":true,""max_components"":5,""min_components"":5,""n_init_kmeans"":1,""n_jobs"":1,""random_state"":3,""reg_covar"":1e-06,""verbose"":false}"
independent_permutation,512,3,pca,tcga_d512_seed3_pca_40f2f7c7c8ee67438078.npz,4f53ccabb8a6484aea0844a38e301c25112006815ea42bbff8d09bfbe3b3a8ee,6bd11d1bc7337bcf63e127df216649d84a7ef4efcd968abb8b0c280cd555412f,aa61ab4cc86d051f499b,0.5819321633636968,10,diag,62121.7950499072,0.9960882230545152,f58caef23b81086771085e3d,5,ok,,0.9975658196228133,5,5,diag,63155.359735616505,0.08307300001615658,"{""agglom_affinities"":[""mahalanobis""],""agglom_linkages"":[""ward""],""covariances"":[""full"",""diag"",""tied"",""spherical""],""criterion"":""bic"",""early_stop_delta"":0.0,""eigen_thres"":true,""init_agglomerative"":true,""max_components"":5,""min_components"":5,""n_init_kmeans"":1,""n_jobs"":1,""random_state"":3,""reg_covar"":1e-06,""verbose"":false}"
independent_permutation,512,3,umap,tcga_d512_seed3_umap_53438cd341fefa5bec7c.npz,5cf458cd6a12e2b7876c99140c5ecf18ad242d071f1de446e206412d1a08f4b3,f64a9309a01f7f8276913d91d0b538ed3a080d11fceecedc76a993ffdfa98c8c,aa61ab4cc86d051f499b,0.6711515342303551,8,full,-64958.0501705771,0.9967540574282148,88c34479bb78c5d484a2abd5,5,ok,,0.9925379262715904,5,5,full,-59950.09675412324,0.034650292014703155,"{""agglom_affinities"":[""mahalanobis""],""agglom_linkages"":[""ward""],""covariances"":[""full"",""diag"",""tied"",""spherical""],""criterion"":""bic"",""early_stop_delta"":0.0,""eigen_thres"":true,""init_agglomerative"":true,""max_components"":5,""min_components"":5,""n_init_kmeans"":1,""n_jobs"":1,""random_state"":3,""reg_covar"":1e-06,""verbose"":false}"
independent_permutation,512,4,autog2m2,tcga_d512_seed4_autog2m2_ba8c3108d3bd33f9f1f9.npz,7b2af28cdee44ce0325dd67dc50b31b0fe6eeb78fdb48deac1b3ccefd188005f,53f8936127c23acf0976fe6bb74798606b72580d81d546e570e0e89dce4e3837,aa61ab4cc86d051f499b,0.8298708689745103,4,full,-67651.60179206444,0.9743237619642114,c86f35791797997b3f07eb48,5,ok,,0.8901477855263052,5,5,full,-67482.51139772826,0.11493183299899101,"{""agglom_affinities"":[""mahalanobis""],""agglom_linkages"":[""ward""],""covariances"":[""full"",""diag"",""tied"",""spherical""],""criterion"":""bic"",""early_stop_delta"":0.0,""eigen_thres"":true,""init_agglomerative"":true,""max_components"":5,""min_components"":5,""n_init_kmeans"":1,""n_jobs"":1,""random_state"":4,""reg_covar"":1e-06,""verbose"":false}"
independent_permutation,512,4,pca,tcga_d512_seed4_pca_230d6d16a2045aad4ad0.npz,7fea69a3c35f5562bf92fecc36988c60d6f050d0f640a15c24383fb95d8afb46,f188229b15ed580b957b024a441fdf928c1c54ec372a3aadb5acb3b9dbec0d48,aa61ab4cc86d051f499b,0.6176288895612935,9,diag,62196.22087332128,0.9958385351643778,8dd0d973d19beb8fa5aef0df,5,ok,,0.9907046830195056,5,5,diag,63089.64035179858,0.08370154199656099,"{""agglom_affinities"":[""mahalanobis""],""agglom_linkages"":[""ward""],""covariances"":[""full"",""diag"",""tied"",""spherical""],""criterion"":""bic"",""early_stop_delta"":0.0,""eigen_thres"":true,""init_agglomerative"":true,""max_components"":5,""min_components"":5,""n_init_kmeans"":1,""n_jobs"":1,""random_state"":4,""reg_covar"":1e-06,""verbose"":false}"
independent_permutation,512,4,umap,tcga_d512_seed4_umap_8701342ecd376c0beca5.npz,f548bbd7ac382abeb2086189501d3f91a29ebcde6742d77ce752360c1586fa24,9671e0b01eb6bba5a819ce312308fd27fc6e7680ca66543e750b27af64fc64d8,aa61ab4cc86d051f499b,0.7658907337594085,7,full,-64195.885105684705,0.9953391593841032,dc3ee5395cb43755fb0a3649,5,ok,,0.9887466505384658,5,5,full,-58530.6706389718,0.03585504199145362,"{""agglom_affinities"":[""mahalanobis""],""agglom_linkages"":[""ward""],""covariances"":[""full"",""diag"",""tied"",""spherical""],""criterion"":""bic"",""early_stop_delta"":0.0,""eigen_thres"":true,""init_agglomerative"":true,""max_components"":5,""min_components"":5,""n_init_kmeans"":1,""n_jobs"":1,""random_state"":4,""reg_covar"":1e-06,""verbose"":false}"
independent_permutation,512,5,autog2m2,tcga_d512_seed5_autog2m2_40b7e8d435759162e97e.npz,13ac621d2c690955d86cd42533fb2ea6dbb8d254c29a2c3d2867b69097d7f48b,e804bee102d4b36778298da4a6534841ba8cbc439202e551f77f9775c96b81e5,aa61ab4cc86d051f499b,0.7337547704858842,7,full,-56283.1493839888,0.9603828547648772,a08102c52ee827053ebe61b7,5,ok,,0.7899375400273477,5,5,full,-55952.35146872197,0.13172733399551362,"{""agglom_affinities"":[""mahalanobis""],""agglom_linkages"":[""ward""],""covariances"":[""full"",""diag"",""tied"",""spherical""],""criterion"":""bic"",""early_stop_delta"":0.0,""eigen_thres"":true,""init_agglomerative"":true,""max_components"":5,""min_components"":5,""n_init_kmeans"":1,""n_jobs"":1,""random_state"":5,""reg_covar"":1e-06,""verbose"":false}"
independent_permutation,512,5,pca,tcga_d512_seed5_pca_c447cac05c5185fb0270.npz,bf88d1c60cee6789f3ab0c1f725ac88c671d57da8431ac83694697e1f4e9070a,6026e61e6e832e408297c3e30cc75c303f2d3626e01a6393fe9d82a9652659f7,aa61ab4cc86d051f499b,0.642445657999114,9,diag,62239.92541802156,0.9959217644610904,1176debb39735bb8899320ba,5,ok,,0.9925379262715904,5,5,diag,63222.89665379507,0.08744237496284768,"{""agglom_affinities"":[""mahalanobis""],""agglom_linkages"":[""ward""],""covariances"":[""full"",""diag"",""tied"",""spherical""],""criterion"":""bic"",""early_stop_delta"":0.0,""eigen_thres"":true,""init_agglomerative"":true,""max_components"":5,""min_components"":5,""n_init_kmeans"":1,""n_jobs"":1,""random_state"":5,""reg_covar"":1e-06,""verbose"":false}"
independent_permutation,512,5,umap,tcga_d512_seed5_umap_7c1fdb19139835c30386.npz,ebae370c3152ea9966635165d7a855ac41f9282ef6747da32f65a27b996bd515,881de6b51903e60f866d447a2e3d9820f9120f1ee1d00f816abd0635043d9f08,aa61ab4cc86d051f499b,0.8381306488138526,7,full,-63946.275213491055,0.9955888472742406,fe1ba3687d7ce155fdc056b0,5,ok,,0.9887466505384658,5,5,full,-57072.55750154496,0.03611170902149752,"{""agglom_affinities"":[""mahalanobis""],""agglom_linkages"":[""ward""],""covariances"":[""full"",""diag"",""tied"",""spherical""],""criterion"":""bic"",""early_stop_delta"":0.0,""eigen_thres"":true,""init_agglomerative"":true,""max_components"":5,""min_components"":5,""n_init_kmeans"":1,""n_jobs"":1,""random_state"":5,""reg_covar"":1e-06,""verbose"":false}"
independent_permutation,512,6,autog2m2,tcga_d512_seed6_autog2m2_6ee8fc8f27100885ee6e.npz,37d263334de90c652a11819768e97c96d9396dc54e0d75317c6ae5ec7d456345,a584e1d7027d4fbf20c776830a10250abd17be1ed0c4c82e19228a21ee878482,aa61ab4cc86d051f499b,0.6153952167399648,6,diag,-120449.55177654178,0.862213899292551,bd18570e293c996bcefa8b80,5,ok,,0.679935737699691,5,5,diag,-120269.07786708443,0.15337616699980572,"{""agglom_affinities"":[""mahalanobis""],""agglom_linkages"":[""ward""],""covariances"":[""full"",""diag"",""tied"",""spherical""],""criterion"":""bic"",""early_stop_delta"":0.0,""eigen_thres"":true,""init_agglomerative"":true,""max_components"":5,""min_components"":5,""n_init_kmeans"":1,""n_jobs"":1,""random_state"":6,""reg_covar"":1e-06,""verbose"":false}"
independent_permutation,512,6,pca,tcga_d512_seed6_pca_228304ba8d44e163be7c.npz,975eaa00ee56a8b5e73b34a08c6c29544174f98c0df718b54f9a11cf248829cb,d502c2b7af426c95817f53588426cab935316c991787e761ee6364f973fff557,aa61ab4cc86d051f499b,0.72400205601064,10,diag,62221.633654945086,0.9962962962962963,8c5b505e986a871c04ef2eac,5,ok,,0.9925379262715904,5,5,diag,63146.60467754402,0.08567912498256192,"{""agglom_affinities"":[""mahalanobis""],""agglom_linkages"":[""ward""],""covariances"":[""full"",""diag"",""tied"",""spherical""],""criterion"":""bic"",""early_stop_delta"":0.0,""eigen_thres"":true,""init_agglomerative"":true,""max_components"":5,""min_components"":5,""n_init_kmeans"":1,""n_jobs"":1,""random_state"":6,""reg_covar"":1e-06,""verbose"":false}"
independent_permutation,512,6,umap,tcga_d512_seed6_umap_495664a143101fe79d7e.npz,ab0e2aa7ac5ec638eadc11056a2a1be1c0e94d38798623e5a84698a9c376fe88,61595ff1e231ae0321ec903ca08599ae7a09b95d0017f25ab8fe83c4bdf022fa,aa61ab4cc86d051f499b,0.8396265724239175,7,full,-64704.558259180485,0.995505617977528,92f2f5da2f118bc3d1f754bd,5,ok,,0.9887466505384658,5,5,full,-56414.140693911424,0.035855708993040025,"{""agglom_affinities"":[""mahalanobis""],""agglom_linkages"":[""ward""],""covariances"":[""full"",""diag"",""tied"",""spherical""],""criterion"":""bic"",""early_stop_delta"":0.0,""eigen_thres"":true,""init_agglomerative"":true,""max_components"":5,""min_components"":5,""n_init_kmeans"":1,""n_jobs"":1,""random_state"":6,""reg_covar"":1e-06,""verbose"":false}"
independent_permutation,512,7,autog2m2,tcga_d512_seed7_autog2m2_5c23ad37a8230088adcc.npz,f2ffa7175609663603e500f2f0451b6c3b2326c871ef578e5e420e3dfa64d277,fc9d0bcca190fbf241ff2fb3a40e9aaceece9814722badca79862302cdc74399,aa61ab4cc86d051f499b,0.7787603778524457,7,diag,-80567.15353231726,0.9388680815647108,b44192dc3ac7ef037dedf516,5,ok,,0.9341101690865942,5,5,diag,-80003.74042934546,0.1468906250083819,"{""agglom_affinities"":[""mahalanobis""],""agglom_linkages"":[""ward""],""covariances"":[""full"",""diag"",""tied"",""spherical""],""criterion"":""bic"",""early_stop_delta"":0.0,""eigen_thres"":true,""init_agglomerative"":true,""max_components"":5,""min_components"":5,""n_init_kmeans"":1,""n_jobs"":1,""random_state"":7,""reg_covar"":1e-06,""verbose"":false}"
independent_permutation,512,7,pca,tcga_d512_seed7_pca_de6047dce49866ae1a74.npz,cbd90f5f38e0a0acd3816f62d3e0fb393974c2302b4f1cb26ceea1622ebaf28e,de0f0520824735fa6689fb43a29c896a02e9dc604ecb45661d413e9e380401bd,aa61ab4cc86d051f499b,0.8190302912419252,7,diag,62186.67414052173,0.9957553058676654,d0f60eca652cbedc02fe282e,5,ok,,0.9925379262715904,5,5,diag,63103.18660836002,0.08528183301677927,"{""agglom_affinities"":[""mahalanobis""],""agglom_linkages"":[""ward""],""covariances"":[""full"",""diag"",""tied"",""spherical""],""criterion"":""bic"",""early_stop_delta"":0.0,""eigen_thres"":true,""init_agglomerative"":true,""max_components"":5,""min_components"":5,""n_init_kmeans"":1,""n_jobs"":1,""random_state"":7,""reg_covar"":1e-06,""verbose"":false}"
independent_permutation,512,7,umap,tcga_d512_seed7_umap_2be1bae833f738f1aec0.npz,acf37d586ade08e4bd2e1ddc35ddf90640b887a768fc568027feee06e6da2ee7,aa56c95a9aa633e2d3b311408e3afde663bdf4a5ae6d2a54d03e02c478271b3d,aa61ab4cc86d051f499b,0.7301454896748506,7,full,-63143.286654670825,0.994340407823554,4baf34ac780278ad0e00ad8a,5,ok,,0.9887466505384658,5,5,full,-56413.30215011865,0.035563874989748,"{""agglom_affinities"":[""mahalanobis""],""agglom_linkages"":[""ward""],""covariances"":[""full"",""diag"",""tied"",""spherical""],""criterion"":""bic"",""early_stop_delta"":0.0,""eigen_thres"":true,""init_agglomerative"":true,""max_components"":5,""min_components"":5,""n_init_kmeans"":1,""n_jobs"":1,""random_state"":7,""reg_covar"":1e-06,""verbose"":false}"
independent_permutation,512,8,autog2m2,tcga_d512_seed8_autog2m2_20a305f65ba58cbca22c.npz,a6e3ece01f7fda4d08ac372b4986a2120c96e394362c89668efd62c297cf04e8,0db1ea2a885279e5cb08b856ca6017bea570e5c372c303cf2e64087a0b06887f,aa61ab4cc86d051f499b,0.6655881597971576,9,full,-55179.04197917648,0.98381190178943,3e004993acf31113ec25d9c5,5,ok,,0.7573341571871328,5,5,full,-51281.68470866297,0.1037356669548899,"{""agglom_affinities"":[""mahalanobis""],""agglom_linkages"":[""ward""],""covariances"":[""full"",""diag"",""tied"",""spherical""],""criterion"":""bic"",""early_stop_delta"":0.0,""eigen_thres"":true,""init_agglomerative"":true,""max_components"":5,""min_components"":5,""n_init_kmeans"":1,""n_jobs"":1,""random_state"":8,""reg_covar"":1e-06,""verbose"":false}"
independent_permutation,512,8,pca,tcga_d512_seed8_pca_a5d05aa5dc5c155c975b.npz,0340de65e146e2f316f8cbb00b4fa8a7672fb7c2384290c93d469e8a86e47868,230e9a979784e3757534cb6df3c1706565bac579f8ff6cc1184e076a227b198f,aa61ab4cc86d051f499b,0.57952780770525,10,diag,62152.322843781585,0.9959633791094464,bbdc03db954c2a6bdd30a528,5,ok,,0.9925379262715904,5,5,diag,63197.4966063436,0.08552920800866559,"{""agglom_affinities"":[""mahalanobis""],""agglom_linkages"":[""ward""],""covariances"":[""full"",""diag"",""tied"",""spherical""],""criterion"":""bic"",""early_stop_delta"":0.0,""eigen_thres"":true,""init_agglomerative"":true,""max_components"":5,""min_components"":5,""n_init_kmeans"":1,""n_jobs"":1,""random_state"":8,""reg_covar"":1e-06,""verbose"":false}"
independent_permutation,512,8,umap,tcga_d512_seed8_umap_41c0ab1926d915febc91.npz,60504446419e21ce8c8b45ed8233a522f2349c1661a669945970b7f23f50e5c8,ada3cee43150a5136f3afd4f4864ab6a21532dabeff5b72ff8fcc035bef55656,aa61ab4cc86d051f499b,0.8858647391984308,6,full,-63557.65472355194,0.99658759883479,8e34b7acd9b1305311511dcd,5,ok,,0.9925379262715904,5,5,full,-56738.20338333106,0.03593149996595457,"{""agglom_affinities"":[""mahalanobis""],""agglom_linkages"":[""ward""],""covariances"":[""full"",""diag"",""tied"",""spherical""],""criterion"":""bic"",""early_stop_delta"":0.0,""eigen_thres"":true,""init_agglomerative"":true,""max_components"":5,""min_components"":5,""n_init_kmeans"":1,""n_jobs"":1,""random_state"":8,""reg_covar"":1e-06,""verbose"":false}"
independent_permutation,512,9,autog2m2,tcga_d512_seed9_autog2m2_a857e0b713044d53ae3b.npz,1b7bb8c68cba5ead302c10a7a676b913d011d3495fede0e195dae16cc4128bcf,214921dae210e087986e0c0b0b35d415b006639c8c4e5fb5b4a6c4d22de08e41,aa61ab4cc86d051f499b,0.9720044581654698,5,full,-58165.92292377031,0.9805243445692884,8a3b42ba1f206b6c9d4a9f91,5,ok,,0.9720044581654698,5,5,full,-58165.92292377031,0.10749862500233576,"{""agglom_affinities"":[""mahalanobis""],""agglom_linkages"":[""ward""],""covariances"":[""full"",""diag"",""tied"",""spherical""],""criterion"":""bic"",""early_stop_delta"":0.0,""eigen_thres"":true,""init_agglomerative"":true,""max_components"":5,""min_components"":5,""n_init_kmeans"":1,""n_jobs"":1,""random_state"":9,""reg_covar"":1e-06,""verbose"":false}"
independent_permutation,512,9,pca,tcga_d512_seed9_pca_85019fad4f3c70774d07.npz,b68a177b02c1a0dcb16db16e876ac18ea47f1905cfc9627b9a3c7f0473d87d7f,f6045cc603507c0e249f454bb64ce547a998b09018f800bf036815b4f8a0b27c,aa61ab4cc86d051f499b,0.7495512234707616,10,diag,61995.293603017344,0.9959633791094464,1a4709adcd41198d91a65e0f,5,ok,,0.9925379262715904,5,5,diag,63065.9220814651,0.086190624977462,"{""agglom_affinities"":[""mahalanobis""],""agglom_linkages"":[""ward""],""covariances"":[""full"",""diag"",""tied"",""spherical""],""criterion"":""bic"",""early_stop_delta"":0.0,""eigen_thres"":true,""init_agglomerative"":true,""max_components"":5,""min_components"":5,""n_init_kmeans"":1,""n_jobs"":1,""random_state"":9,""reg_covar"":1e-06,""verbose"":false}"
independent_permutation,512,9,umap,tcga_d512_seed9_umap_bc97237ffc638be09721.npz,aaf8ceaf9eccbd2ed01a2fb28593b2ce5d30e79cf4152db9f9908c5c242a124d,91dc07397ae7427b63a3a42304c7dcacef20b335af36add391868950df356741,aa61ab4cc86d051f499b,0.663924329794802,8,full,-65430.59853573107,0.9954640033291718,4e5aebf374fcc931ae98e2b6,5,ok,,0.9887466505384658,5,5,full,-56552.25125624601,0.03901341697201133,"{""agglom_affinities"":[""mahalanobis""],""agglom_linkages"":[""ward""],""covariances"":[""full"",""diag"",""tied"",""spherical""],""criterion"":""bic"",""early_stop_delta"":0.0,""eigen_thres"":true,""init_agglomerative"":true,""max_components"":5,""min_components"":5,""n_init_kmeans"":1,""n_jobs"":1,""random_state"":9,""reg_covar"":1e-06,""verbose"":false}"
independent_permutation,512,10,autog2m2,tcga_d512_seed10_autog2m2_6b391b85fa7c9189293e.npz,fee335dbfa2848364bc53b36d086ade90499a8d5350c058005760486d2259b66,3d6ea07dfdab04dff6197182a397d3f945fcf69d6ba42a1fbb121eab48bdeb6f,aa61ab4cc86d051f499b,0.5322094135151184,10,diag,-69745.01632177131,0.9621306699958384,9b97f3bdc975843f45a612f9,5,ok,,0.672065796422897,5,5,diag,-69167.00547761758,0.10594604100333527,"{""agglom_affinities"":[""mahalanobis""],""agglom_linkages"":[""ward""],""covariances"":[""full"",""diag"",""tied"",""spherical""],""criterion"":""bic"",""early_stop_delta"":0.0,""eigen_thres"":true,""init_agglomerative"":true,""max_components"":5,""min_components"":5,""n_init_kmeans"":1,""n_jobs"":1,""random_state"":10,""reg_covar"":1e-06,""verbose"":false}"
independent_permutation,512,10,pca,tcga_d512_seed10_pca_0cb88712884a213cfb6a.npz,1aa07523d697c8e8fe62503268f273c7386ec5691d673887d879e37d7c764b19,9e547305eadce38655d83128e17494c1ab87da5de1b3763904f39dc19b785e97,aa61ab4cc86d051f499b,0.7802881737949463,8,diag,62197.44361162773,0.995089471493966,4b63605209588c1790bc59ab,5,ok,,0.9925379262715904,5,5,diag,63104.47138081244,0.08710137498565018,"{""agglom_affinities"":[""mahalanobis""],""agglom_linkages"":[""ward""],""covariances"":[""full"",""diag"",""tied"",""spherical""],""criterion"":""bic"",""early_stop_delta"":0.0,""eigen_thres"":true,""init_agglomerative"":true,""max_components"":5,""min_components"":5,""n_init_kmeans"":1,""n_jobs"":1,""random_state"":10,""reg_covar"":1e-06,""verbose"":false}"
independent_permutation,512,10,umap,tcga_d512_seed10_umap_9f4fc7ad2b4c7e4c3e77.npz,5b5178f6f4199ef15bb4d869296a6489a433de9156300721bc00a166ee34e96b,070e825088d34f2074d36cdef8e96e6d523e5baf13b12e00e466d862b811f421,aa61ab4cc86d051f499b,0.8860787147326197,6,full,-63823.79592634324,0.9966708281315024,1f9820d8f30c6be927d6805c,5,ok,,0.9925379262715904,5,5,full,-56495.700875255505,0.03615037503186613,"{""agglom_affinities"":[""mahalanobis""],""agglom_linkages"":[""ward""],""covariances"":[""full"",""diag"",""tied"",""spherical""],""criterion"":""bic"",""early_stop_delta"":0.0,""eigen_thres"":true,""init_agglomerative"":true,""max_components"":5,""min_components"":5,""n_init_kmeans"":1,""n_jobs"":1,""random_state"":10,""reg_covar"":1e-06,""verbose"":false}"
independent_permutation,512,11,autog2m2,tcga_d512_seed11_autog2m2_60937ebb3a56c649e6e3.npz,bffa2234c2f528da9e41b3347f0936bde6db5379ee3702a6c56c4cf780123bf5,2cb1be1c60500df88e36d10e89fbf152a9182ddfac69bca9518f60f67edfdd3c,aa61ab4cc86d051f499b,0.9704980093404162,5,full,-56255.69977382469,0.9610486891385768,7decadb169278cde4ebbf056,5,ok,,0.9704980093404162,5,5,full,-56255.69977382467,0.1091484579956159,"{""agglom_affinities"":[""mahalanobis""],""agglom_linkages"":[""ward""],""covariances"":[""full"",""diag"",""tied"",""spherical""],""criterion"":""bic"",""early_stop_delta"":0.0,""eigen_thres"":true,""init_agglomerative"":true,""max_components"":5,""min_components"":5,""n_init_kmeans"":1,""n_jobs"":1,""random_state"":11,""reg_covar"":1e-06,""verbose"":false}"
independent_permutation,512,11,pca,tcga_d512_seed11_pca_b8fd9c7df5c05b41f953.npz,5ecaa78d669a17cdba148a8794af04940728d2012f993c750f0eed9108515fdb,c123a891d853c179f060f3fef67a9e9808b9357e062e2d9ae94b50870fe8b0a6,aa61ab4cc86d051f499b,0.5895270367205787,10,diag,62124.91106202886,0.9955888472742406,187fc7c4ea81e6f5f6a8c179,5,ok,,0.9907046830195056,5,5,diag,63160.76225978429,0.09220879100030288,"{""agglom_affinities"":[""mahalanobis""],""agglom_linkages"":[""ward""],""covariances"":[""full"",""diag"",""tied"",""spherical""],""criterion"":""bic"",""early_stop_delta"":0.0,""eigen_thres"":true,""init_agglomerative"":true,""max_components"":5,""min_components"":5,""n_init_kmeans"":1,""n_jobs"":1,""random_state"":11,""reg_covar"":1e-06,""verbose"":false}"
independent_permutation,512,11,umap,tcga_d512_seed11_umap_c35ea64faf90a0c889a3.npz,4a0fb56a41f353cf2e859870f6532543de20707bad0a9a960c5f983e8cc8cac4,0c267f77e6e900b2a11455cd55e36a0b525b1542371ce29c346e156532217256,aa61ab4cc86d051f499b,0.8879881712484514,6,full,-62449.34798715687,0.9950478568456096,fe7f0b672c56ff0ebbeae1f3,5,ok,,0.9887466505384658,5,5,full,-56118.722740461686,0.03495933295926079,"{""agglom_affinities"":[""mahalanobis""],""agglom_linkages"":[""ward""],""covariances"":[""full"",""diag"",""tied"",""spherical""],""criterion"":""bic"",""early_stop_delta"":0.0,""eigen_thres"":true,""init_agglomerative"":true,""max_components"":5,""min_components"":5,""n_init_kmeans"":1,""n_jobs"":1,""random_state"":11,""reg_covar"":1e-06,""verbose"":false}"
independent_permutation,512,12,autog2m2,tcga_d512_seed12_autog2m2_66619948df65ec209c20.npz,2de71be03447475a5fe2769310eccd39b3c0782016cfa9beee7cbd3bc5e0ff44,d057aa66baec9253e23b81d3c7f152822b1c123659790e4bf944457a9637f9b6,aa61ab4cc86d051f499b,0.9889207342867766,5,full,-65346.99515616422,0.9722846441947566,0bb28e36d09e9dc31ba6baed,5,ok,,0.9889207342867766,5,5,full,-65346.99515616421,0.09482220798963681,"{""agglom_affinities"":[""mahalanobis""],""agglom_linkages"":[""ward""],""covariances"":[""full"",""diag"",""tied"",""spherical""],""criterion"":""bic"",""early_stop_delta"":0.0,""eigen_thres"":true,""init_agglomerative"":true,""max_components"":5,""min_components"":5,""n_init_kmeans"":1,""n_jobs"":1,""random_state"":12,""reg_covar"":1e-06,""verbose"":false}"
independent_permutation,512,12,pca,tcga_d512_seed12_pca_21c3fb48d2fad0baddf4.npz,4ee1147b50f00dcbaa4d4248b279748731a04e0bc777fb87a52f8c2aefe8649e,e44eaf2134998343a84e6942db277a193543b6305d22874d07278827ea67abf9,aa61ab4cc86d051f499b,0.6501918340362312,9,diag,62206.56603076454,0.9957553058676654,52f1af91e70f5567e3b2e70f,5,ok,,0.9925379262715904,5,5,diag,63117.08661755189,0.08248020894825459,"{""agglom_affinities"":[""mahalanobis""],""agglom_linkages"":[""ward""],""covariances"":[""full"",""diag"",""tied"",""spherical""],""criterion"":""bic"",""early_stop_delta"":0.0,""eigen_thres"":true,""init_agglomerative"":true,""max_components"":5,""min_components"":5,""n_init_kmeans"":1,""n_jobs"":1,""random_state"":12,""reg_covar"":1e-06,""verbose"":false}"
independent_permutation,512,12,umap,tcga_d512_seed12_umap_5c06636cd4104e3cdc18.npz,a34d08369cfe18a8e0f236e38cfb1b79d19e7cef269ca08905ba4f27f70a23ff,ace5fe5c93ff9c6788956de3b8996391f7b72c114bb2284ff23de52771856a5a,aa61ab4cc86d051f499b,0.8860109622265114,6,full,-69122.9646128169,0.994007490636704,69cf3cb0e3c501d0c61d413e,5,ok,,0.9887466505384658,5,5,full,-61472.735997937445,0.036354791023768485,"{""agglom_affinities"":[""mahalanobis""],""agglom_linkages"":[""ward""],""covariances"":[""full"",""diag"",""tied"",""spherical""],""criterion"":""bic"",""early_stop_delta"":0.0,""eigen_thres"":true,""init_agglomerative"":true,""max_components"":5,""min_components"":5,""n_init_kmeans"":1,""n_jobs"":1,""random_state"":12,""reg_covar"":1e-06,""verbose"":false}"
independent_permutation,512,13,autog2m2,tcga_d512_seed13_autog2m2_642e334ce1f3a079dfee.npz,59bdaf0ac4ee93d1b3691ab2a84491ec66a15ccd3a32288eee7d47c057a8d971,94a13fad987e318594354f4b0898a44493ba14276db7448d509cff47806bfc46,aa61ab4cc86d051f499b,0.9678016258914532,5,full,-45625.40208542675,0.9797752808988764,1258c6454fd9cb2d8135af95,5,ok,,0.9678016258914531,5,5,full,-45625.40208542676,0.10783395898761228,"{""agglom_affinities"":[""mahalanobis""],""agglom_linkages"":[""ward""],""covariances"":[""full"",""diag"",""tied"",""spherical""],""criterion"":""bic"",""early_stop_delta"":0.0,""eigen_thres"":true,""init_agglomerative"":true,""max_components"":5,""min_components"":5,""n_init_kmeans"":1,""n_jobs"":1,""random_state"":13,""reg_covar"":1e-06,""verbose"":false}"
independent_permutation,512,13,pca,tcga_d512_seed13_pca_26fb60e9ca7637640560.npz,8cf97791c85279bc044ac7d0a358be09485c28ddad0498ea43cd0cafd3cffa6d,8c6d979550f0cf9fa6468dd86f0b70f5904386f4f6ecaa57389c6fa4b9564e91,aa61ab4cc86d051f499b,0.5694743464768847,10,diag,62272.766268392836,0.9955472326258844,3e38c6ea1077d1f87b508d06,5,ok,,0.9907046830195056,5,5,diag,63205.48193767161,0.08612904197070748,"{""agglom_affinities"":[""mahalanobis""],""agglom_linkages"":[""ward""],""covariances"":[""full"",""diag"",""tied"",""spherical""],""criterion"":""bic"",""early_stop_delta"":0.0,""eigen_thres"":true,""init_agglomerative"":true,""max_components"":5,""min_components"":5,""n_init_kmeans"":1,""n_jobs"":1,""random_state"":13,""reg_covar"":1e-06,""verbose"":false}"
independent_permutation,512,13,umap,tcga_d512_seed13_umap_8807fc8e78303bc84d7f.npz,4f0877a36f5a9148503b7a2bcf94dda382bcb6dd9b78ea9747f55195757a77ca,b917ead81eb3138774f501852514e8dfee1c6d747ac8fc7a10b539aa9d3feb87,aa61ab4cc86d051f499b,0.8878155489039441,6,full,-65089.93320591083,0.9962962962962963,e94275bbef40ed292d034ed9,5,ok,,0.9925379262715904,5,5,full,-59136.350354723516,0.0360483750118874,"{""agglom_affinities"":[""mahalanobis""],""agglom_linkages"":[""ward""],""covariances"":[""full"",""diag"",""tied"",""spherical""],""criterion"":""bic"",""early_stop_delta"":0.0,""eigen_thres"":true,""init_agglomerative"":true,""max_components"":5,""min_components"":5,""n_init_kmeans"":1,""n_jobs"":1,""random_state"":13,""reg_covar"":1e-06,""verbose"":false}"
independent_permutation,512,14,autog2m2,tcga_d512_seed14_autog2m2_f2650557584c08ccc155.npz,1f953f61e14c8c4e7960388da69c99881472561c5aeb780a3681256a7d370999,89062c5eef35b55de9362d93c58a2d9ab5af5d57ecf2a183b0a2ca705513e0f8,aa61ab4cc86d051f499b,0.4772594362916457,8,diag,-116029.48792711386,0.8862671660424469,dd7522c0c67f10802934251d,5,ok,,0.2952593000692359,5,5,diag,-115473.24849093387,0.18358737498056144,"{""agglom_affinities"":[""mahalanobis""],""agglom_linkages"":[""ward""],""covariances"":[""full"",""diag"",""tied"",""spherical""],""criterion"":""bic"",""early_stop_delta"":0.0,""eigen_thres"":true,""init_agglomerative"":true,""max_components"":5,""min_components"":5,""n_init_kmeans"":1,""n_jobs"":1,""random_state"":14,""reg_covar"":1e-06,""verbose"":false}"
independent_permutation,512,14,pca,tcga_d512_seed14_pca_485919121d656e2a741d.npz,d0b9543738a500a14c7363be73babd7127e7838cd69c3e65a019aed46f4d2c89,75716585890b6fb81fcbb0cd723e52758a56eb99a6e468cf689215c6f1528c67,aa61ab4cc86d051f499b,0.7508793388577631,10,diag,62118.16968377031,0.9960049937578028,e0bb38c3543dec18b2b5e58e,5,ok,,0.9925379262715904,5,5,diag,63154.976655024046,0.08341179194394499,"{""agglom_affinities"":[""mahalanobis""],""agglom_linkages"":[""ward""],""covariances"":[""full"",""diag"",""tied"",""spherical""],""criterion"":""bic"",""early_stop_delta"":0.0,""eigen_thres"":true,""init_agglomerative"":true,""max_components"":5,""min_components"":5,""n_init_kmeans"":1,""n_jobs"":1,""random_state"":14,""reg_covar"":1e-06,""verbose"":false}"
independent_permutation,512,14,umap,tcga_d512_seed14_umap_c477ea39a49899717b8f.npz,cb821864bf4e996f686d2ab65265f48ee2c4b0611bcef2a928bda9985a9c5061,fab7936f85ccca633b583823898be64c662001b525f26d2136f8b776f170c991,aa61ab4cc86d051f499b,0.721803014500804,7,full,-61933.96113764509,0.9948813982521848,092df3fca7e6765580120449,5,ok,,0.9887466505384658,5,5,full,-57206.13115070828,0.03539029200328514,"{""agglom_affinities"":[""mahalanobis""],""agglom_linkages"":[""ward""],""covariances"":[""full"",""diag"",""tied"",""spherical""],""criterion"":""bic"",""early_stop_delta"":0.0,""eigen_thres"":true,""init_agglomerative"":true,""max_components"":5,""min_components"":5,""n_init_kmeans"":1,""n_jobs"":1,""random_state"":14,""reg_covar"":1e-06,""verbose"":false}"
independent_permutation,512,15,autog2m2,tcga_d512_seed15_autog2m2_3e5e9ab88b4b68af86e5.npz,0e953b545dc77452b6b49c1caa03822d3e04c1045546010b8226404425709040,a85efe69c818099adce2a08b24f078acab0dd0f38e0a53ed41185870c0d41bae,aa61ab4cc86d051f499b,0.7522767915755206,10,spherical,-66016.41033349202,0.9794423637120266,104e447b22a6bc3a1d847427,5,ok,,0.9523034198143979,5,5,diag,-65011.44982075502,0.102201999980025,"{""agglom_affinities"":[""mahalanobis""],""agglom_linkages"":[""ward""],""covariances"":[""full"",""diag"",""tied"",""spherical""],""criterion"":""bic"",""early_stop_delta"":0.0,""eigen_thres"":true,""init_agglomerative"":true,""max_components"":5,""min_components"":5,""n_init_kmeans"":1,""n_jobs"":1,""random_state"":15,""reg_covar"":1e-06,""verbose"":false}"
independent_permutation,512,15,pca,tcga_d512_seed15_pca_50ffa99c2e333d2f95bd.npz,c112fc184c128201e1fbe3a250ed4f3e013248751bdc9f8372a27303fe3908e7,449443dfe645dcf41ed2fb4b4fd5e77afdbc7a54d351e0b945fdb54660d4b9eb,aa61ab4cc86d051f499b,0.5819468637568836,10,diag,62094.01753584038,0.996421140241365,eb0d02da87ca4215833f2906,5,ok,,0.9925379262715904,5,5,diag,63097.017117065014,0.09344254102325067,"{""agglom_affinities"":[""mahalanobis""],""agglom_linkages"":[""ward""],""covariances"":[""full"",""diag"",""tied"",""spherical""],""criterion"":""bic"",""early_stop_delta"":0.0,""eigen_thres"":true,""init_agglomerative"":true,""max_components"":5,""min_components"":5,""n_init_kmeans"":1,""n_jobs"":1,""random_state"":15,""reg_covar"":1e-06,""verbose"":false}"
independent_permutation,512,15,umap,tcga_d512_seed15_umap_598b97ccb11a5b4f010d.npz,ea7700e50535825b7a5ca8abc77ae56a44cabecad4b79a271e9a452a5c5e3ebc,7cc3428bf8c04923c398472b04f3faa68709fad1ed6f61487bce63d923a6c08e,aa61ab4cc86d051f499b,0.6667406140517484,8,full,-63952.1737883614,0.9960049937578028,c063e00f8858bc9422b6070e,5,ok,,0.9887466505384658,5,5,full,-56761.72933616018,0.03530562500236556,"{""agglom_affinities"":[""mahalanobis""],""agglom_linkages"":[""ward""],""covariances"":[""full"",""diag"",""tied"",""spherical""],""criterion"":""bic"",""early_stop_delta"":0.0,""eigen_thres"":true,""init_agglomerative"":true,""max_components"":5,""min_components"":5,""n_init_kmeans"":1,""n_jobs"":1,""random_state"":15,""reg_covar"":1e-06,""verbose"":false}"
independent_permutation,512,16,autog2m2,tcga_d512_seed16_autog2m2_68a66cf142ee61404636.npz,05372ed8a3bb62bbb8841bba112389588ce2ef89cf1a522ba8a2e0221f726b7b,937ccd7aa8fdece7b0cd8035a5ac0cacc6a677fff11c0932c0f9cfa23ba76eb1,aa61ab4cc86d051f499b,0.9545668340118582,5,full,-52443.58681043949,0.9793591344153142,b796cde7628ed3b97c58ef15,5,ok,,0.9545668340118582,5,5,full,-52443.58681043949,0.100607292028144,"{""agglom_affinities"":[""mahalanobis""],""agglom_linkages"":[""ward""],""covariances"":[""full"",""diag"",""tied"",""spherical""],""criterion"":""bic"",""early_stop_delta"":0.0,""eigen_thres"":true,""init_agglomerative"":true,""max_components"":5,""min_components"":5,""n_init_kmeans"":1,""n_jobs"":1,""random_state"":16,""reg_covar"":1e-06,""verbose"":false}"
independent_permutation,512,16,pca,tcga_d512_seed16_pca_e372b55827dcbb6d48c5.npz,7a7f258b13563cac7eb031515136ea70a0d1ffca4bf5575e23b7d2d21bf66498,68e5455b399db7118cfaf06d6ed5c72f2f74d80348297f65b84e943584f1b942,aa61ab4cc86d051f499b,0.5641303423211391,10,diag,62091.51494706506,0.9954640033291718,2ab41681d3f8e5b45ec85e43,5,ok,,0.9925379262715904,5,5,diag,63051.17812751862,0.08874862495576963,"{""agglom_affinities"":[""mahalanobis""],""agglom_linkages"":[""ward""],""covariances"":[""full"",""diag"",""tied"",""spherical""],""criterion"":""bic"",""early_stop_delta"":0.0,""eigen_thres"":true,""init_agglomerative"":true,""max_components"":5,""min_components"":5,""n_init_kmeans"":1,""n_jobs"":1,""random_state"":16,""reg_covar"":1e-06,""verbose"":false}"
independent_permutation,512,16,umap,tcga_d512_seed16_umap_3cb136f1015ba24066ee.npz,6db86279face79ae1ff7a6774efa470780974fb954fbf3620e35011ddb91f556,0757a8a2cf84e45f68f71890c06b244c6569296c5dee820b12494ebb9a706d11,aa61ab4cc86d051f499b,0.882009588470825,6,full,-63721.53235154608,0.9957553058676654,0ef102978b0af029bc7ad8f1,5,ok,,0.9925379262715904,5,5,full,-57045.7316561498,0.0349619589978829,"{""agglom_affinities"":[""mahalanobis""],""agglom_linkages"":[""ward""],""covariances"":[""full"",""diag"",""tied"",""spherical""],""criterion"":""bic"",""early_stop_delta"":0.0,""eigen_thres"":true,""init_agglomerative"":true,""max_components"":5,""min_components"":5,""n_init_kmeans"":1,""n_jobs"":1,""random_state"":16,""reg_covar"":1e-06,""verbose"":false}"
independent_permutation,512,17,autog2m2,tcga_d512_seed17_autog2m2_a60d7d73b95e8d7092a3.npz,3bbb242e05fd3e3d0d84aa882a3d26946cdb61d68e4b6a4549e74bed2b882c7d,a63a972c35e077b75e98394117527490474547abe4267d7ba464746c054d631f,aa61ab4cc86d051f499b,0.6414543040146333,8,diag,-68219.79852711725,0.9631294215563878,f7d99fce9888aa52ae77c7cc,5,ok,,0.9809052780568651,5,5,diag,-67445.2469620611,0.11076987499836832,"{""agglom_affinities"":[""mahalanobis""],""agglom_linkages"":[""ward""],""covariances"":[""full"",""diag"",""tied"",""spherical""],""criterion"":""bic"",""early_stop_delta"":0.0,""eigen_thres"":true,""init_agglomerative"":true,""max_components"":5,""min_components"":5,""n_init_kmeans"":1,""n_jobs"":1,""random_state"":17,""reg_covar"":1e-06,""verbose"":false}"
independent_permutation,512,17,pca,tcga_d512_seed17_pca_8abc70c01acbaf7d36cc.npz,1b68d5088636063a64e8e24759642274b2a90205c7de906eab78cab211e2454e,783da35c585b262a1516f2b3bb39edec5b809295078007ec4ab5caf7cfcc579c,aa61ab4cc86d051f499b,0.6332344749871403,9,diag,62201.11956486742,0.9959633791094464,1f39c745aeda7667b776959b,5,ok,,0.9925379262715904,5,5,diag,63186.691565161076,0.08503854199079797,"{""agglom_affinities"":[""mahalanobis""],""agglom_linkages"":[""ward""],""covariances"":[""full"",""diag"",""tied"",""spherical""],""criterion"":""bic"",""early_stop_delta"":0.0,""eigen_thres"":true,""init_agglomerative"":true,""max_components"":5,""min_components"":5,""n_init_kmeans"":1,""n_jobs"":1,""random_state"":17,""reg_covar"":1e-06,""verbose"":false}"
independent_permutation,512,17,umap,tcga_d512_seed17_umap_9caefdd822c6b50cf50c.npz,4d0fa2578b4027a8818b236d48b4825531ebe0d517393ff5d6f22399d4277fee,eabe1f3fd6082b11a442ba8f4c4910140a0e680b63937dc801bc423b4b3ea29a,aa61ab4cc86d051f499b,0.7295826301626503,7,full,-64921.63839056849,0.9941323345817727,a0f687a51b9858b35cdb0476,5,ok,,0.9887466505384658,5,5,full,-57899.2225892945,0.03496004099724814,"{""agglom_affinities"":[""mahalanobis""],""agglom_linkages"":[""ward""],""covariances"":[""full"",""diag"",""tied"",""spherical""],""criterion"":""bic"",""early_stop_delta"":0.0,""eigen_thres"":true,""init_agglomerative"":true,""max_components"":5,""min_components"":5,""n_init_kmeans"":1,""n_jobs"":1,""random_state"":17,""reg_covar"":1e-06,""verbose"":false}"
independent_permutation,512,18,autog2m2,tcga_d512_seed18_autog2m2_08f641c0aec1ac2fc2ca.npz,acd054d92ca61f8a4071bcb73d63d78f00f50a31c0017701464186913ba86f7b,8e0aaba4037d2f3d0e01ab89da62d27740c00c5224a053b31f401501313b97f4,aa61ab4cc86d051f499b,0.6521199496699683,9,diag,-65348.93833739852,0.9647523928422804,500986f230aabae1db6dd077,5,ok,,0.9782113407949726,5,5,full,-64537.46980927953,0.10777433298062533,"{""agglom_affinities"":[""mahalanobis""],""agglom_linkages"":[""ward""],""covariances"":[""full"",""diag"",""tied"",""spherical""],""criterion"":""bic"",""early_stop_delta"":0.0,""eigen_thres"":true,""init_agglomerative"":true,""max_components"":5,""min_components"":5,""n_init_kmeans"":1,""n_jobs"":1,""random_state"":18,""reg_covar"":1e-06,""verbose"":false}"
independent_permutation,512,18,pca,tcga_d512_seed18_pca_5838adad915de977416d.npz,5aeb12ce3097fd2f8bac25555e6882b1f20502be3fd1369723cd8608d364eda7,3c6d14d49d779789eb2f8a2a2c0e1bbbb22ba5df73d8056572d5858cc16b1b7b,aa61ab4cc86d051f499b,0.5690781495721534,10,diag,62197.18319715603,0.9958385351643778,b15465e173b3358aece7fa58,5,ok,,0.9925379262715904,5,5,diag,63193.56567887855,0.09007316699717194,"{""agglom_affinities"":[""mahalanobis""],""agglom_linkages"":[""ward""],""covariances"":[""full"",""diag"",""tied"",""spherical""],""criterion"":""bic"",""early_stop_delta"":0.0,""eigen_thres"":true,""init_agglomerative"":true,""max_components"":5,""min_components"":5,""n_init_kmeans"":1,""n_jobs"":1,""random_state"":18,""reg_covar"":1e-06,""verbose"":false}"
independent_permutation,512,18,umap,tcga_d512_seed18_umap_64cbe1d5fdda100def5c.npz,3fd0881b4147b126b5baee4b683b0e9bd88c8999b70e5d0f57698f1664ad8a79,3c4dfd73a57c409c5c758bd57cddcbd3b5f74be4002436a45ed981cda486f0ed,aa61ab4cc86d051f499b,0.8860109622265114,6,full,-61504.57106202937,0.9945900957136912,0bcd56f595908cb46cbdea24,5,ok,,0.9887466505384658,5,5,full,-55356.278798712694,0.06316979200346395,"{""agglom_affinities"":[""mahalanobis""],""agglom_linkages"":[""ward""],""covariances"":[""full"",""diag"",""tied"",""spherical""],""criterion"":""bic"",""early_stop_delta"":0.0,""eigen_thres"":true,""init_agglomerative"":true,""max_components"":5,""min_components"":5,""n_init_kmeans"":1,""n_jobs"":1,""random_state"":18,""reg_covar"":1e-06,""verbose"":false}"
independent_permutation,512,19,autog2m2,tcga_d512_seed19_autog2m2_150b9fca3fa0d65a4357.npz,eef64f5b4bbf7d53bd7a87b9303699e02bc608271f1a3a86e3bee7e08770496d,bf33d504cf51c3b6048dfe0bd7e01520a53caf2326fafb9917981d22b0429013,aa61ab4cc86d051f499b,0.9668360451568064,5,full,-59936.792072429496,0.9645443196004994,327885d9284546e7e4205884,5,ok,,0.9668360451568063,5,5,full,-59936.792072429496,0.14803629199741408,"{""agglom_affinities"":[""mahalanobis""],""agglom_linkages"":[""ward""],""covariances"":[""full"",""diag"",""tied"",""spherical""],""criterion"":""bic"",""early_stop_delta"":0.0,""eigen_thres"":true,""init_agglomerative"":true,""max_components"":5,""min_components"":5,""n_init_kmeans"":1,""n_jobs"":1,""random_state"":19,""reg_covar"":1e-06,""verbose"":false}"
independent_permutation,512,19,pca,tcga_d512_seed19_pca_6323f916b8341d6d7880.npz,3fcc49247d7aac56dcdad306b9239081a3e9d66cde37f2b49bbf4819705f66a7,20f0beecb78eeae3fd40a2a3d041048d8c0c854543e0bd198e8f0c6dc98c635d,aa61ab4cc86d051f499b,0.5778828995658375,10,diag,62207.12139070079,0.995089471493966,effc96df5140977726de85a8,5,ok,,0.9925379262715904,5,5,diag,63206.15391605932,0.11778237501857802,"{""agglom_affinities"":[""mahalanobis""],""agglom_linkages"":[""ward""],""covariances"":[""full"",""diag"",""tied"",""spherical""],""criterion"":""bic"",""early_stop_delta"":0.0,""eigen_thres"":true,""init_agglomerative"":true,""max_components"":5,""min_components"":5,""n_init_kmeans"":1,""n_jobs"":1,""random_state"":19,""reg_covar"":1e-06,""verbose"":false}"
independent_permutation,512,19,umap,tcga_d512_seed19_umap_9e49675421c6feaa6776.npz,85d43e4577ca272b887f519435e69c4de29c960b89538d90b7eea3986fad9466,205ecc90a2136adea10f615f62e8bf3a07bf345ae4c6a2e7ae9e8affc1884f80,aa61ab4cc86d051f499b,0.8878155489039441,6,full,-66114.13542948524,0.9970869746150643,3f24645245f4d13307fe9cad,5,ok,,0.9925379262715904,5,5,full,-58188.884957539514,0.035123958019539714,"{""agglom_affinities"":[""mahalanobis""],""agglom_linkages"":[""ward""],""covariances"":[""full"",""diag"",""tied"",""spherical""],""criterion"":""bic"",""early_stop_delta"":0.0,""eigen_thres"":true,""init_agglomerative"":true,""max_components"":5,""min_components"":5,""n_init_kmeans"":1,""n_jobs"":1,""random_state"":19,""reg_covar"":1e-06,""verbose"":false}"
independent_permutation,1024,0,autog2m2,tcga_d1024_seed0_autog2m2_d87f81a02a2c49bffcd7.npz,46072e2663a422284c5d31c5d61b9521f0995945cdbfb3a3d48d21f9794c1a1b,436b5e6c8e384aca8529c40e1ba6d35e1286b051105b62f680fa7903dfe2d870,aa61ab4cc86d051f499b,0.727339712842287,7,spherical,-56270.704228530296,0.800374531835206,27800a5ca8d23a1bd2752156,5,ok,,0.9480112234313156,5,5,spherical,-56151.16282487077,0.14369387499755248,"{""agglom_affinities"":[""mahalanobis""],""agglom_linkages"":[""ward""],""covariances"":[""full"",""diag"",""tied"",""spherical""],""criterion"":""bic"",""early_stop_delta"":0.0,""eigen_thres"":true,""init_agglomerative"":true,""max_components"":5,""min_components"":5,""n_init_kmeans"":1,""n_jobs"":1,""random_state"":0,""reg_covar"":1e-06,""verbose"":false}"
independent_permutation,1024,0,pca,tcga_d1024_seed0_pca_48518ab96e4d8cd24575.npz,c6e9f8b34131002884db4a9c75be3924811f40bf8bf2fedfcecb5dca41b8fdeb,a431b74c689f9b7992cbd63f86666ff502aaa818396422fc84cd29b23c598a7b,aa61ab4cc86d051f499b,0.5550265841904265,10,diag,67507.825372261,0.9957969205160216,71d461d3a7f46fa6189d5a13,5,ok,,0.9925379262715904,5,5,diag,68389.77395533239,0.10371570801362395,"{""agglom_affinities"":[""mahalanobis""],""agglom_linkages"":[""ward""],""covariances"":[""full"",""diag"",""tied"",""spherical""],""criterion"":""bic"",""early_stop_delta"":0.0,""eigen_thres"":true,""init_agglomerative"":true,""max_components"":5,""min_components"":5,""n_init_kmeans"":1,""n_jobs"":1,""random_state"":0,""reg_covar"":1e-06,""verbose"":false}"
independent_permutation,1024,0,umap,tcga_d1024_seed0_umap_28edd1edf83f832b891e.npz,aaa687b63aab86a0110214039a81bf880490abea136b43d7bd76af430a0c5b6f,e3ce3d287e1c101dd40406a4c9805c8a6490d0539178a6b08366338eeb4e4d64,aa61ab4cc86d051f499b,0.8862615474603823,6,full,-58233.76556207391,0.9954223886808156,c7721daedfe632378d876c7c,5,ok,,0.9887466505384658,5,5,full,-55815.16323979067,0.03590033302316442,"{""agglom_affinities"":[""mahalanobis""],""agglom_linkages"":[""ward""],""covariances"":[""full"",""diag"",""tied"",""spherical""],""criterion"":""bic"",""early_stop_delta"":0.0,""eigen_thres"":true,""init_agglomerative"":true,""max_components"":5,""min_components"":5,""n_init_kmeans"":1,""n_jobs"":1,""random_state"":0,""reg_covar"":1e-06,""verbose"":false}"
independent_permutation,1024,1,autog2m2,tcga_d1024_seed1_autog2m2_a1b56d6d9f095b1aa481.npz,381da74a01de9689e524eb635b5325728e4b26f75f6145a4b36872485f923940,8482c04a078aabe6b9d1bba5f6550ba78cc77c5983e84aa696fefb1aa8bd3008,aa61ab4cc86d051f499b,0.5949167734798269,5,diag,-69430.47342109741,0.8108198085726176,8ca81f0544520d665dfbf913,5,ok,,0.5949167734798269,5,5,diag,-69430.4734210974,0.137236499984283,"{""agglom_affinities"":[""mahalanobis""],""agglom_linkages"":[""ward""],""covariances"":[""full"",""diag"",""tied"",""spherical""],""criterion"":""bic"",""early_stop_delta"":0.0,""eigen_thres"":true,""init_agglomerative"":true,""max_components"":5,""min_components"":5,""n_init_kmeans"":1,""n_jobs"":1,""random_state"":1,""reg_covar"":1e-06,""verbose"":false}"
independent_permutation,1024,1,pca,tcga_d1024_seed1_pca_82693331912819215e0e.npz,b0054f981b23614cee638f6355d32ff22f0586cb5537daf94162229cf6098442,e415f94282d8dcd6c8d3a4e8fb14c11114545ad340cffa97ad835490b51d333e,aa61ab4cc86d051f499b,0.5595008988327548,10,diag,67492.169147221,0.995672076570953,49142b9d34dd8eed2d018933,5,ok,,0.99441376636965,5,5,diag,68338.71773525556,0.09095720900222659,"{""agglom_affinities"":[""mahalanobis""],""agglom_linkages"":[""ward""],""covariances"":[""full"",""diag"",""tied"",""spherical""],""criterion"":""bic"",""early_stop_delta"":0.0,""eigen_thres"":true,""init_agglomerative"":true,""max_components"":5,""min_components"":5,""n_init_kmeans"":1,""n_jobs"":1,""random_state"":1,""reg_covar"":1e-06,""verbose"":false}"
independent_permutation,1024,1,umap,tcga_d1024_seed1_umap_b2872023b061da0be979.npz,6ed1c4b5952c8fc3b560a0c39121fd27ab0cd453ac31c5b1e0d64cc6044c3c68,f0b5ed88fc38fdbf9f1d6f45ef11ca0a7e0157d008adfa48a704a46cdbb1265a,aa61ab4cc86d051f499b,0.8762686490752036,6,full,-59578.49901540816,0.9964627548897212,7a2fb5f840bb0085aa98e16a,5,ok,,0.9924697364526301,5,5,full,-55708.30367921591,0.03821799997240305,"{""agglom_affinities"":[""mahalanobis""],""agglom_linkages"":[""ward""],""covariances"":[""full"",""diag"",""tied"",""spherical""],""criterion"":""bic"",""early_stop_delta"":0.0,""eigen_thres"":true,""init_agglomerative"":true,""max_components"":5,""min_components"":5,""n_init_kmeans"":1,""n_jobs"":1,""random_state"":1,""reg_covar"":1e-06,""verbose"":false}"
independent_permutation,1024,2,autog2m2,tcga_d1024_seed2_autog2m2_1681d9758c9d7e816128.npz,b5df7c9650439e671e0dc173fd932ea23c608ef08b802016353218665844a983,f52f3281b363b67ca76adeeb8404d1b08c21d935229a3ceed68312ec96381da7,aa61ab4cc86d051f499b,0.6388557372119604,10,diag,-35526.545408037164,0.8940491052850603,f8c49b2457114281e3157645,5,ok,,0.826164642946809,5,5,diag,-35174.74516293887,0.14124945900402963,"{""agglom_affinities"":[""mahalanobis""],""agglom_linkages"":[""ward""],""covariances"":[""full"",""diag"",""tied"",""spherical""],""criterion"":""bic"",""early_stop_delta"":0.0,""eigen_thres"":true,""init_agglomerative"":true,""max_components"":5,""min_components"":5,""n_init_kmeans"":1,""n_jobs"":1,""random_state"":2,""reg_covar"":1e-06,""verbose"":false}"
independent_permutation,1024,2,pca,tcga_d1024_seed2_pca_0133d4a83cb17dacfaa7.npz,7ba49551ea8e1b08b452a4395af85d2306ad4e7d60479cba662161a816bec740,eb86a15148b0c24623e102d8b95aaf4e94caafb5db0550b16236d9167e3d9f16,aa61ab4cc86d051f499b,0.6832741715716828,8,diag,67436.49300576843,0.9955472326258844,de6ac77b1f73ef8c90b688c4,5,ok,,1.0,5,5,diag,68226.42795572465,0.09253025002544746,"{""agglom_affinities"":[""mahalanobis""],""agglom_linkages"":[""ward""],""covariances"":[""full"",""diag"",""tied"",""spherical""],""criterion"":""bic"",""early_stop_delta"":0.0,""eigen_thres"":true,""init_agglomerative"":true,""max_components"":5,""min_components"":5,""n_init_kmeans"":1,""n_jobs"":1,""random_state"":2,""reg_covar"":1e-06,""verbose"":false}"
independent_permutation,1024,2,umap,tcga_d1024_seed2_umap_5b2190bd4ebddac54793.npz,88401e1c1fc0a78143f1436e6173cde01735ebad64e90eeab649e959b0e00f55,5a82440e217ca20453408ca44c5cddebed1ee732ad2144a4a8b4439f36d88b2e,aa61ab4cc86d051f499b,0.887970755408505,6,full,-56488.819925050746,0.9964627548897212,c1bdb791889a768c351c6796,5,ok,,0.9924697364526301,5,5,full,-54078.04511463459,0.03620141698047519,"{""agglom_affinities"":[""mahalanobis""],""agglom_linkages"":[""ward""],""covariances"":[""full"",""diag"",""tied"",""spherical""],""criterion"":""bic"",""early_stop_delta"":0.0,""eigen_thres"":true,""init_agglomerative"":true,""max_components"":5,""min_components"":5,""n_init_kmeans"":1,""n_jobs"":1,""random_state"":2,""reg_covar"":1e-06,""verbose"":false}"
independent_permutation,1024,3,autog2m2,tcga_d1024_seed3_autog2m2_27d627b05e23d0fa694a.npz,a5d06ecd6526c0619aee76b7dcf4f80598fa030c972740c250389a93574e6793,44cfda81965ca5cbf6fa07430faa3050033e770ac09b844961690f637b243395,aa61ab4cc86d051f499b,0.0027971152413832,2,diag,-129567.72847127733,0.5217228464419476,b05215fa96792aff2e9a7ad2,5,ok,,0.17949962170701936,5,5,diag,-129226.04946144127,0.1666522910236381,"{""agglom_affinities"":[""mahalanobis""],""agglom_linkages"":[""ward""],""covariances"":[""full"",""diag"",""tied"",""spherical""],""criterion"":""bic"",""early_stop_delta"":0.0,""eigen_thres"":true,""init_agglomerative"":true,""max_components"":5,""min_components"":5,""n_init_kmeans"":1,""n_jobs"":1,""random_state"":3,""reg_covar"":1e-06,""verbose"":false}"
independent_permutation,1024,3,pca,tcga_d1024_seed3_pca_8d4648e1d1147553053b.npz,90ec85be32748ff7d95b070aee00c1f12f972f6f333de90f8b5424a960492b15,7fb5cbf934f347fb33d6488a90241c0642e31df97d4ce7b23fb83639b2039599,aa61ab4cc86d051f499b,0.8378428590971642,7,diag,67550.57598809387,0.9950062421972534,dc3d08f1b47623232b110071,5,ok,,0.9925379262715904,5,5,diag,68354.20448440488,0.08933645801153034,"{""agglom_affinities"":[""mahalanobis""],""agglom_linkages"":[""ward""],""covariances"":[""full"",""diag"",""tied"",""spherical""],""criterion"":""bic"",""early_stop_delta"":0.0,""eigen_thres"":true,""init_agglomerative"":true,""max_components"":5,""min_components"":5,""n_init_kmeans"":1,""n_jobs"":1,""random_state"":3,""reg_covar"":1e-06,""verbose"":false}"
independent_permutation,1024,3,umap,tcga_d1024_seed3_umap_90a1ebd14615c31d4f48.npz,7d4104233e53b558501e91304e05c9630c83407b553e247b5908893192a20ce0,9f7277e056471d472cb8344ab462b404731d0335ddd7d578f553c9ca4ee6e131,aa61ab4cc86d051f499b,0.8821027843075747,6,full,-57930.2468005828,0.9946733250104036,44877756b692a69dfee56e7b,5,ok,,0.9887466505384658,5,5,full,-54973.73375947888,0.03591895796125755,"{""agglom_affinities"":[""mahalanobis""],""agglom_linkages"":[""ward""],""covariances"":[""full"",""diag"",""tied"",""spherical""],""criterion"":""bic"",""early_stop_delta"":0.0,""eigen_thres"":true,""init_agglomerative"":true,""max_components"":5,""min_components"":5,""n_init_kmeans"":1,""n_jobs"":1,""random_state"":3,""reg_covar"":1e-06,""verbose"":false}"
independent_permutation,1024,4,autog2m2,tcga_d1024_seed4_autog2m2_5481f61c98e8bc012ac2.npz,81c0ad56266f48a210e4a458ba37449044634cd5d704cf9c20d7d714e433261c,46897ab679d032c62a710c7a13ebabe545faec2a94390e899ee985d266d1447e,aa61ab4cc86d051f499b,0.8452525487861763,6,spherical,-84753.18158826638,0.7350811485642946,c37a9113ddeef29f4b9ad521,5,ok,,0.8424458738452081,5,5,spherical,-84696.31551145623,0.17048812500433996,"{""agglom_affinities"":[""mahalanobis""],""agglom_linkages"":[""ward""],""covariances"":[""full"",""diag"",""tied"",""spherical""],""criterion"":""bic"",""early_stop_delta"":0.0,""eigen_thres"":true,""init_agglomerative"":true,""max_components"":5,""min_components"":5,""n_init_kmeans"":1,""n_jobs"":1,""random_state"":4,""reg_covar"":1e-06,""verbose"":false}"
independent_permutation,1024,4,pca,tcga_d1024_seed4_pca_12db469293d6ecf25e18.npz,71acfe1bae9d2111ed7427efd379476eec7bf5652e1af0a064942d693d27dae0,bb9c0d53d4ad4269379bb376d1acba6c5aa269ef68001e76c827fb8eeea8ee39,aa61ab4cc86d051f499b,0.8245691740203506,7,diag,67568.26814064033,0.995672076570953,c2aa5db00efdbd8d5a089236,5,ok,,0.9925379262715904,5,5,diag,68398.7793005348,0.09206475003156811,"{""agglom_affinities"":[""mahalanobis""],""agglom_linkages"":[""ward""],""covariances"":[""full"",""diag"",""tied"",""spherical""],""criterion"":""bic"",""early_stop_delta"":0.0,""eigen_thres"":true,""init_agglomerative"":true,""max_components"":5,""min_components"":5,""n_init_kmeans"":1,""n_jobs"":1,""random_state"":4,""reg_covar"":1e-06,""verbose"":false}"
independent_permutation,1024,4,umap,tcga_d1024_seed4_umap_78d223352270bfd7b99f.npz,f8457bdec7e2256ccd9c981831b948e6ac25d257c400d50c56f5485f9140f342,793ef336d10831fdfa1bad6f94e60a0bb936b0ddbf0ccf223f1d0eeaae5e3b4d,aa61ab4cc86d051f499b,0.8801720104341728,6,full,-57625.293177643674,0.9940491052850604,aaf0a067e1dfb217f9f0a973,5,ok,,0.9887466505384658,5,5,full,-54040.045351587,0.03709266596706584,"{""agglom_affinities"":[""mahalanobis""],""agglom_linkages"":[""ward""],""covariances"":[""full"",""diag"",""tied"",""spherical""],""criterion"":""bic"",""early_stop_delta"":0.0,""eigen_thres"":true,""init_agglomerative"":true,""max_components"":5,""min_components"":5,""n_init_kmeans"":1,""n_jobs"":1,""random_state"":4,""reg_covar"":1e-06,""verbose"":false}"
independent_permutation,1024,5,autog2m2,tcga_d1024_seed5_autog2m2_c3ecb5ba31fd231b38fd.npz,f6122f3bf10a47096ae9c77faabbcba98b65ede500f129cf77d2e505a5dce549,5298759b0cddb5527643bdc43a89d028c0a3b3d5b0b2b73e86112df2989abf1a,aa61ab4cc86d051f499b,0.5663576994688303,9,diag,-58431.93611900581,0.8522679983354141,665725c2f229d43dd1b45d99,5,ok,,0.8363928855933747,5,5,diag,-58381.7972693906,0.13599379203515127,"{""agglom_affinities"":[""mahalanobis""],""agglom_linkages"":[""ward""],""covariances"":[""full"",""diag"",""tied"",""spherical""],""criterion"":""bic"",""early_stop_delta"":0.0,""eigen_thres"":true,""init_agglomerative"":true,""max_components"":5,""min_components"":5,""n_init_kmeans"":1,""n_jobs"":1,""random_state"":5,""reg_covar"":1e-06,""verbose"":false}"
independent_permutation,1024,5,pca,tcga_d1024_seed5_pca_8f0d2345606b758fb0f3.npz,876c78b3375e2383b9601326e912a02170ad2774ac5c72391f65df7108aa0857,a629e056605ac9c7e409daacd49efd048fd4d462367c3ee982f3a7d481f5b0fe,aa61ab4cc86d051f499b,0.8252323949386619,7,diag,67485.8309932885,0.9953807740324594,d648e43b0f71f7880dec08aa,5,ok,,0.9925379262715904,5,5,diag,68267.07709053827,0.0899959160014987,"{""agglom_affinities"":[""mahalanobis""],""agglom_linkages"":[""ward""],""covariances"":[""full"",""diag"",""tied"",""spherical""],""criterion"":""bic"",""early_stop_delta"":0.0,""eigen_thres"":true,""init_agglomerative"":true,""max_components"":5,""min_components"":5,""n_init_kmeans"":1,""n_jobs"":1,""random_state"":5,""reg_covar"":1e-06,""verbose"":false}"
independent_permutation,1024,5,umap,tcga_d1024_seed5_umap_c3b68e036f39de3211b6.npz,1c29ac14ed5df93243a4941d7110142e58a4cd3f5d0479d24bd6f5ab1f42df6a,8b76479214d83ba1a2201bdbd48bcee0a404b139fc24053ec59fbe4f42ac0124,aa61ab4cc86d051f499b,0.8782569091176565,6,full,-58930.04487924621,0.9954223886808156,49c2bdbcfa4ed8878b25512a,5,ok,,0.9887466505384658,5,5,full,-56073.406269163264,0.04046204098267481,"{""agglom_affinities"":[""mahalanobis""],""agglom_linkages"":[""ward""],""covariances"":[""full"",""diag"",""tied"",""spherical""],""criterion"":""bic"",""early_stop_delta"":0.0,""eigen_thres"":true,""init_agglomerative"":true,""max_components"":5,""min_components"":5,""n_init_kmeans"":1,""n_jobs"":1,""random_state"":5,""reg_covar"":1e-06,""verbose"":false}"
independent_permutation,1024,6,autog2m2,tcga_d1024_seed6_autog2m2_35a907ee0f95b39cdf9c.npz,c8e681a6d736238fe9fe27940b430f9143161312e5d1b5f5d8de3773582e0ddc,abb43ba4f46470351a1ec3379a26128f45b8b2d99ffe0120a722d524a681dee5,aa61ab4cc86d051f499b,0.6108821689999206,10,spherical,-70870.8496334915,0.81277569704536,454b414350bee19e893bb98d,5,ok,,0.7036225595929336,5,5,diag,-70223.09523500086,0.16369829198811203,"{""agglom_affinities"":[""mahalanobis""],""agglom_linkages"":[""ward""],""covariances"":[""full"",""diag"",""tied"",""spherical""],""criterion"":""bic"",""early_stop_delta"":0.0,""eigen_thres"":true,""init_agglomerative"":true,""max_components"":5,""min_components"":5,""n_init_kmeans"":1,""n_jobs"":1,""random_state"":6,""reg_covar"":1e-06,""verbose"":false}"
independent_permutation,1024,6,pca,tcga_d1024_seed6_pca_c6ba3680e8e1b3009a30.npz,07e8bbfd169321f5a029b5b7f248d1f6e5ca4572806c6072ddad4af4caa4d805,74ee3fc741359d607d0fb80f2edccfa0ba9fbd2d4b7aa8b3e5fbd89081e4a2ac,aa61ab4cc86d051f499b,0.8354321195056267,7,diag,67575.95247216377,0.9963379109446524,a8fb21246a388f19e04fb175,5,ok,,0.9962578040012737,5,5,diag,68369.08331796929,0.08955820801202208,"{""agglom_affinities"":[""mahalanobis""],""agglom_linkages"":[""ward""],""covariances"":[""full"",""diag"",""tied"",""spherical""],""criterion"":""bic"",""early_stop_delta"":0.0,""eigen_thres"":true,""init_agglomerative"":true,""max_components"":5,""min_components"":5,""n_init_kmeans"":1,""n_jobs"":1,""random_state"":6,""reg_covar"":1e-06,""verbose"":false}"
independent_permutation,1024,6,umap,tcga_d1024_seed6_umap_9eedacb5543eb9540d94.npz,7bd3bef86353876cd94e988f849f9394649e8e9991b0341dfff85557f9de467e,a42117c9440a60f9a01805e1f6412c919bd762fd0b3762366f3aa4f183c21a48,aa61ab4cc86d051f499b,0.8842835173634359,6,full,-57641.5007171616,0.9957553058676654,8861c41ba9f48d8ea93111f5,5,ok,,0.9887466505384658,5,5,full,-54635.37665004387,0.03555312502430752,"{""agglom_affinities"":[""mahalanobis""],""agglom_linkages"":[""ward""],""covariances"":[""full"",""diag"",""tied"",""spherical""],""criterion"":""bic"",""early_stop_delta"":0.0,""eigen_thres"":true,""init_agglomerative"":true,""max_components"":5,""min_components"":5,""n_init_kmeans"":1,""n_jobs"":1,""random_state"":6,""reg_covar"":1e-06,""verbose"":false}"
independent_permutation,1024,7,autog2m2,tcga_d1024_seed7_autog2m2_fc2d5ec62af4b9482961.npz,065a79d0eff56778ad927669cd0dc14f085fb14887c7cf71ccb651ddab1d697c,af3c1965bd570bf73981c8f6a65ecdd43fef7bfb158de2a3343442f3e8f6f980,aa61ab4cc86d051f499b,0.6099078672382563,10,diag,-38890.35450442028,0.8762796504369538,3081eafa32fa9f35237abf4f,5,ok,,0.9772384176863074,5,5,spherical,-38279.67057870706,0.16107220901176333,"{""agglom_affinities"":[""mahalanobis""],""agglom_linkages"":[""ward""],""covariances"":[""full"",""diag"",""tied"",""spherical""],""criterion"":""bic"",""early_stop_delta"":0.0,""eigen_thres"":true,""init_agglomerative"":true,""max_components"":5,""min_components"":5,""n_init_kmeans"":1,""n_jobs"":1,""random_state"":7,""reg_covar"":1e-06,""verbose"":false}"
independent_permutation,1024,7,pca,tcga_d1024_seed7_pca_188593ad645078381aa2.npz,c746d3a55d8eb52beed6df91db25a596381f867b045e2b9b8cb60beea8dad1c5,70bf0ad96661198e8ab36dd3c01b2eb667ae5b3ef03df8ac788d3818982f3bcb,aa61ab4cc86d051f499b,0.7593217225457887,9,diag,67426.18875380278,0.9958385351643778,815a2fb73fc78da24cc7320b,5,ok,,0.9925379262715904,5,5,diag,68219.0196513972,0.0866711669950746,"{""agglom_affinities"":[""mahalanobis""],""agglom_linkages"":[""ward""],""covariances"":[""full"",""diag"",""tied"",""spherical""],""criterion"":""bic"",""early_stop_delta"":0.0,""eigen_thres"":true,""init_agglomerative"":true,""max_components"":5,""min_components"":5,""n_init_kmeans"":1,""n_jobs"":1,""random_state"":7,""reg_covar"":1e-06,""verbose"":false}"
independent_permutation,1024,7,umap,tcga_d1024_seed7_umap_8d281185723a5bec2f54.npz,868e2b1b20c77800e25f4185a904117c4b0175c174f5191293b161ecd5942f34,1d43ae3f5f9bf7709c968dee3d45128bfc70f2df246df8cfa35b2a5a61788357,aa61ab4cc86d051f499b,0.8860109622265114,6,full,-59554.30756322316,0.9947981689554724,6fcc329369332213840feda0,5,ok,,0.9887466505384658,5,5,full,-55660.76126553507,0.03532729099970311,"{""agglom_affinities"":[""mahalanobis""],""agglom_linkages"":[""ward""],""covariances"":[""full"",""diag"",""tied"",""spherical""],""criterion"":""bic"",""early_stop_delta"":0.0,""eigen_thres"":true,""init_agglomerative"":true,""max_components"":5,""min_components"":5,""n_init_kmeans"":1,""n_jobs"":1,""random_state"":7,""reg_covar"":1e-06,""verbose"":false}"
independent_permutation,1024,8,autog2m2,tcga_d1024_seed8_autog2m2_aaf12391a15d53f054de.npz,914ae14fbb7605a3df727730865cf5ae373b4660b60a1ead77b77019fb10a905,11825773f39197f2880650124ccb84c27a546d67290a263786a09c03033dbe22,aa61ab4cc86d051f499b,0.5380273412297881,10,spherical,-98311.04133699434,0.7149396587598835,568b28b212cc0856bd8b6634,5,ok,,0.17123125230470393,5,5,diag,-97799.63602200084,0.14054800005396828,"{""agglom_affinities"":[""mahalanobis""],""agglom_linkages"":[""ward""],""covariances"":[""full"",""diag"",""tied"",""spherical""],""criterion"":""bic"",""early_stop_delta"":0.0,""eigen_thres"":true,""init_agglomerative"":true,""max_components"":5,""min_components"":5,""n_init_kmeans"":1,""n_jobs"":1,""random_state"":8,""reg_covar"":1e-06,""verbose"":false}"
independent_permutation,1024,8,pca,tcga_d1024_seed8_pca_3d5e5ad0eb5cb06ce50b.npz,8adf05de245a39305610b842bf2b0cb33fdf3e48b9ec68ee2cf1e83db00bc04c,c0700a5f90518a7a524ea3db7b406bef291bc406dac00d74220524fb66c143cb,aa61ab4cc86d051f499b,0.5614282687996912,10,diag,67496.86946718271,0.9959633791094464,4ee6c05ded802ae4b463683e,5,ok,,0.9925379262715904,5,5,diag,68404.11644476488,0.08821879199240357,"{""agglom_affinities"":[""mahalanobis""],""agglom_linkages"":[""ward""],""covariances"":[""full"",""diag"",""tied"",""spherical""],""criterion"":""bic"",""early_stop_delta"":0.0,""eigen_thres"":true,""init_agglomerative"":true,""max_components"":5,""min_components"":5,""n_init_kmeans"":1,""n_jobs"":1,""random_state"":8,""reg_covar"":1e-06,""verbose"":false}"
independent_permutation,1024,8,umap,tcga_d1024_seed8_umap_95eb366d6f013e3932c2.npz,6af8fb663d532f1ebac22a5ed4f1c286e6acb3be8b81208ccef7419f3b4744c4,8f420563fbb5c8d9e52d92fb79a9cf471dff1a43ab71155c46723a2a50f6c4a0,aa61ab4cc86d051f499b,0.8842991276004155,6,full,-58755.45648164756,0.993216812317936,cb62e8e5ab7f2c70c2e7a530,5,ok,,0.9850459881493702,5,5,full,-53797.30993298887,0.036701500008348376,"{""agglom_affinities"":[""mahalanobis""],""agglom_linkages"":[""ward""],""covariances"":[""full"",""diag"",""tied"",""spherical""],""criterion"":""bic"",""early_stop_delta"":0.0,""eigen_thres"":true,""init_agglomerative"":true,""max_components"":5,""min_components"":5,""n_init_kmeans"":1,""n_jobs"":1,""random_state"":8,""reg_covar"":1e-06,""verbose"":false}"
independent_permutation,1024,9,autog2m2,tcga_d1024_seed9_autog2m2_e7f8a9790efaf2ef8bcb.npz,f04cbd32b91bca1182c82465ad335e5d7019dc32304d6ad8349a22c05571deaf,761401b38e930782a27dd5e9137788c55e3a32ebac6ba0f447101b748c106448,aa61ab4cc86d051f499b,0.6633866591510842,8,spherical,-82836.30074351789,0.8158967956720766,278f65fd51d8e1dcf7545281,5,ok,,0.6733080611886467,5,5,diag,-82694.46023196404,0.12744120799470693,"{""agglom_affinities"":[""mahalanobis""],""agglom_linkages"":[""ward""],""covariances"":[""full"",""diag"",""tied"",""spherical""],""criterion"":""bic"",""early_stop_delta"":0.0,""eigen_thres"":true,""init_agglomerative"":true,""max_components"":5,""min_components"":5,""n_init_kmeans"":1,""n_jobs"":1,""random_state"":9,""reg_covar"":1e-06,""verbose"":false}"
independent_permutation,1024,9,pca,tcga_d1024_seed9_pca_cff0fffc4fc8824e59aa.npz,e13eab6497c60513fe544b9f36511df6470b153c320a9351173fb55be16244b0,d89ecfb0574f0e6679c896a6bbeed68da63883ccf4df65ea8ef9b38dd1e28ffe,aa61ab4cc86d051f499b,0.6754308743271623,8,diag,67600.37870704128,0.995672076570953,d65434a722a3b8bd1adab18f,5,ok,,0.9925379262715904,5,5,diag,68372.9816830726,0.09201950003625825,"{""agglom_affinities"":[""mahalanobis""],""agglom_linkages"":[""ward""],""covariances"":[""full"",""diag"",""tied"",""spherical""],""criterion"":""bic"",""early_stop_delta"":0.0,""eigen_thres"":true,""init_agglomerative"":true,""max_components"":5,""min_components"":5,""n_init_kmeans"":1,""n_jobs"":1,""random_state"":9,""reg_covar"":1e-06,""verbose"":false}"
independent_permutation,1024,9,umap,tcga_d1024_seed9_umap_2c1212a2a08d3bec91fd.npz,bf4c8d1bc98721a2cf7d22c4a1030639a1c5120975f2faa40f45cb8a6b61ab33,7459928b5c9c142097569d8cf19b3f9bf8bd74cabd56c44958ca4b7d57205d33,aa61ab4cc86d051f499b,0.8919883381549766,6,full,-58169.707463924264,0.9951310861423222,8949c6654fd6b08ba3481594,5,ok,,0.9887466505384658,5,5,full,-54304.83156266243,0.0366162090213038,"{""agglom_affinities"":[""mahalanobis""],""agglom_linkages"":[""ward""],""covariances"":[""full"",""diag"",""tied"",""spherical""],""criterion"":""bic"",""early_stop_delta"":0.0,""eigen_thres"":true,""init_agglomerative"":true,""max_components"":5,""min_components"":5,""n_init_kmeans"":1,""n_jobs"":1,""random_state"":9,""reg_covar"":1e-06,""verbose"":false}"
independent_permutation,1024,10,autog2m2,tcga_d1024_seed10_autog2m2_ace6d85eaf945e6d941f.npz,672f05bab36a81a18ec4d08d3024517eabc4ff7e1523abe502020c8b774189bb,83305ab032b8b3a9195952b87fc96f410299ea4f3da042ffeabbbd837acd16b1,aa61ab4cc86d051f499b,0.7159477116738115,6,diag,-85493.43583739435,0.7454015813566376,dfd9ad88d563e2ac4bd55712,5,ok,,0.8712160165387403,5,5,diag,-85466.45705290361,0.13988162501482293,"{""agglom_affinities"":[""mahalanobis""],""agglom_linkages"":[""ward""],""covariances"":[""full"",""diag"",""tied"",""spherical""],""criterion"":""bic"",""early_stop_delta"":0.0,""eigen_thres"":true,""init_agglomerative"":true,""max_components"":5,""min_components"":5,""n_init_kmeans"":1,""n_jobs"":1,""random_state"":10,""reg_covar"":1e-06,""verbose"":false}"
independent_permutation,1024,10,pca,tcga_d1024_seed10_pca_29ab048f5eb38c5a58e3.npz,38578e0546d2c5e95c08613fe749ba702351a50ea0f176671708fca6cbdead70,90fac47c7ee1f03c9ff1dc4a6b95922253359a15eedcabc8688cb5a4288db380,aa61ab4cc86d051f499b,0.8385627723402207,7,diag,67593.0754991238,0.996046608406159,ce6b44ab2b2c780e38a7ebc0,5,ok,,0.9925379262715904,5,5,diag,68337.77927543058,0.09620212501613423,"{""agglom_affinities"":[""mahalanobis""],""agglom_linkages"":[""ward""],""covariances"":[""full"",""diag"",""tied"",""spherical""],""criterion"":""bic"",""early_stop_delta"":0.0,""eigen_thres"":true,""init_agglomerative"":true,""max_components"":5,""min_components"":5,""n_init_kmeans"":1,""n_jobs"":1,""random_state"":10,""reg_covar"":1e-06,""verbose"":false}"
independent_permutation,1024,10,umap,tcga_d1024_seed10_umap_e8c6c94ec3a2404b00bf.npz,0f85f457b2e73d0350eda91eac43b39e27b1bb7aadacc91480af1b9497ce430a,060c7b3bba98bd7ff08bf0dd0220c68a58b2514c5a4e42565794f4bc4f836025,aa61ab4cc86d051f499b,0.882338832150587,6,full,-57647.82082602885,0.9952143154390344,21e071fc866c2ab44f790b0e,5,ok,,0.9887466505384658,5,5,full,-55591.374805395586,0.03603291598847136,"{""agglom_affinities"":[""mahalanobis""],""agglom_linkages"":[""ward""],""covariances"":[""full"",""diag"",""tied"",""spherical""],""criterion"":""bic"",""early_stop_delta"":0.0,""eigen_thres"":true,""init_agglomerative"":true,""max_components"":5,""min_components"":5,""n_init_kmeans"":1,""n_jobs"":1,""random_state"":10,""reg_covar"":1e-06,""verbose"":false}"
independent_permutation,1024,11,autog2m2,tcga_d1024_seed11_autog2m2_071514268b230846a995.npz,c7e3f9b442631fb7c29ce968d1c222ca73b5777356c26b1a6bd744eed6f3bd74,9fe70cbbbbfbec8f31403d1575466818ffab265be2a22bc702da62fbfad71976,aa61ab4cc86d051f499b,0.8600767842076515,5,spherical,-88971.54818353434,0.7521015397419892,3b9102e3312adf2b40721279,5,ok,,0.8600767842076515,5,5,spherical,-88971.54818353434,0.16490916698239744,"{""agglom_affinities"":[""mahalanobis""],""agglom_linkages"":[""ward""],""covariances"":[""full"",""diag"",""tied"",""spherical""],""criterion"":""bic"",""early_stop_delta"":0.0,""eigen_thres"":true,""init_agglomerative"":true,""max_components"":5,""min_components"":5,""n_init_kmeans"":1,""n_jobs"":1,""random_state"":11,""reg_covar"":1e-06,""verbose"":false}"
independent_permutation,1024,11,pca,tcga_d1024_seed11_pca_64ba2f5ac9c5cad222d8.npz,5eb3f547f5c8537c801b613fa7006af2a33cf233de38fa776d784962bf125965,d005be9217a8f00974e27a781764ff68974ec3d1797406ec7eaf81744f23340f,aa61ab4cc86d051f499b,0.7822391778043127,8,diag,67607.82038603403,0.9961298377028714,ffafe4edce5f0a00fa9296ce,5,ok,,0.9925379262715904,5,5,diag,68436.61777131875,0.08719841600395739,"{""agglom_affinities"":[""mahalanobis""],""agglom_linkages"":[""ward""],""covariances"":[""full"",""diag"",""tied"",""spherical""],""criterion"":""bic"",""early_stop_delta"":0.0,""eigen_thres"":true,""init_agglomerative"":true,""max_components"":5,""min_components"":5,""n_init_kmeans"":1,""n_jobs"":1,""random_state"":11,""reg_covar"":1e-06,""verbose"":false}"
independent_permutation,1024,11,umap,tcga_d1024_seed11_umap_5835a2a4a24dd1108815.npz,337ad2cb5f50bb203f130c062c34439ae59da7e060c27c2bb54f7159d17eae4d,b60ce653527bcade06aae098a20f4f8e71ba8962108f9aeec521a2afceaba1ea,aa61ab4cc86d051f499b,0.884049133991804,6,full,-58760.74315151959,0.9942571785268416,aa336e5a8a48edcfec2f178f,5,ok,,0.9887466505384658,5,5,full,-55393.57796699731,0.03625345800537616,"{""agglom_affinities"":[""mahalanobis""],""agglom_linkages"":[""ward""],""covariances"":[""full"",""diag"",""tied"",""spherical""],""criterion"":""bic"",""early_stop_delta"":0.0,""eigen_thres"":true,""init_agglomerative"":true,""max_components"":5,""min_components"":5,""n_init_kmeans"":1,""n_jobs"":1,""random_state"":11,""reg_covar"":1e-06,""verbose"":false}"
independent_permutation,1024,12,autog2m2,tcga_d1024_seed12_autog2m2_957753be794fbe4046c2.npz,cd3cbfb1f7fd90d2dc326206baf0c54a0b622d337212f5e5e181d67c9d7d8a9c,3e48ccbcddabcedd52b43d83c2c55cd355c0396cf7aceb38378a2ea22b571652,aa61ab4cc86d051f499b,0.5892846235897521,7,diag,-39857.83670364051,0.8844777361631294,7ffdad571a8f6fdd8981ab5c,5,ok,,0.5217090535682339,5,5,diag,-38876.885551721956,0.12242029199842364,"{""agglom_affinities"":[""mahalanobis""],""agglom_linkages"":[""ward""],""covariances"":[""full"",""diag"",""tied"",""spherical""],""criterion"":""bic"",""early_stop_delta"":0.0,""eigen_thres"":true,""init_agglomerative"":true,""max_components"":5,""min_components"":5,""n_init_kmeans"":1,""n_jobs"":1,""random_state"":12,""reg_covar"":1e-06,""verbose"":false}"
independent_permutation,1024,12,pca,tcga_d1024_seed12_pca_78a4f302b80383291d5b.npz,b510a2316b7cea8f13bacd8b391dc6ca0d5e8f973dfc47405db00dc1d35847a1,4ae64db741cbad2ff790b5ff3b4414fbdfd5029c2a76468feaf8db94daadb45d,aa61ab4cc86d051f499b,0.6382413946168984,9,diag,67616.89281952044,0.9957969205160216,51b932fe6f33f5d391c67728,5,ok,,0.9925379262715904,5,5,diag,68384.3843089051,0.08833787502953783,"{""agglom_affinities"":[""mahalanobis""],""agglom_linkages"":[""ward""],""covariances"":[""full"",""diag"",""tied"",""spherical""],""criterion"":""bic"",""early_stop_delta"":0.0,""eigen_thres"":true,""init_agglomerative"":true,""max_components"":5,""min_components"":5,""n_init_kmeans"":1,""n_jobs"":1,""random_state"":12,""reg_covar"":1e-06,""verbose"":false}"
independent_permutation,1024,12,umap,tcga_d1024_seed12_umap_4322ddaf78c76368b5d6.npz,a0a88ae2308b611c4427f97e6eb305b35b3cc0af682e927f378338550545cfa0,bd832fd28f5df59a3f402e9acad94f988027b6ce41c8738737c7710263994790,aa61ab4cc86d051f499b,0.8858647391984308,6,full,-56402.09105242674,0.9964627548897212,dc6a9b80fef82497b1941452,5,ok,,0.9925379262715904,5,5,full,-53596.048578415095,0.034159750037360936,"{""agglom_affinities"":[""mahalanobis""],""agglom_linkages"":[""ward""],""covariances"":[""full"",""diag"",""tied"",""spherical""],""criterion"":""bic"",""early_stop_delta"":0.0,""eigen_thres"":true,""init_agglomerative"":true,""max_components"":5,""min_components"":5,""n_init_kmeans"":1,""n_jobs"":1,""random_state"":12,""reg_covar"":1e-06,""verbose"":false}"
independent_permutation,1024,13,autog2m2,tcga_d1024_seed13_autog2m2_22bfa663e44a5c35f48c.npz,6f0df38a59f03fe4eef14f8dc28d5ce656d1dbb72b7d8060bfd5ebd2707030b6,4ba430d74f9c17faa8f5dded7b9c08d94502c0d3b3980e8b20c5c073cbf41daa,aa61ab4cc86d051f499b,0.8376400324334246,6,diag,-48292.08157868595,0.8806075738660009,75a41fe76d8a71bc038f6e8b,5,ok,,0.9394504130656771,5,5,diag,-48115.97967618949,0.1361589579610154,"{""agglom_affinities"":[""mahalanobis""],""agglom_linkages"":[""ward""],""covariances"":[""full"",""diag"",""tied"",""spherical""],""criterion"":""bic"",""early_stop_delta"":0.0,""eigen_thres"":true,""init_agglomerative"":true,""max_components"":5,""min_components"":5,""n_init_kmeans"":1,""n_jobs"":1,""random_state"":13,""reg_covar"":1e-06,""verbose"":false}"
independent_permutation,1024,13,pca,tcga_d1024_seed13_pca_e5d15d05ba6e5516a2d3.npz,f28dadc5bf186ae85ab7f815115a34b6837f9998467fd953e3ef0ce783eb915e,a728b230912c7c6ef726a78a18807fea9c5eb4460c8d466b2162b15bacc55501,aa61ab4cc86d051f499b,0.8333575983241294,7,diag,67540.23949463246,0.995089471493966,a6d0ce4b94093f74fbdd4ef0,5,ok,,0.9907046830195056,5,5,diag,68326.42362553882,0.11274762498214841,"{""agglom_affinities"":[""mahalanobis""],""agglom_linkages"":[""ward""],""covariances"":[""full"",""diag"",""tied"",""spherical""],""criterion"":""bic"",""early_stop_delta"":0.0,""eigen_thres"":true,""init_agglomerative"":true,""max_components"":5,""min_components"":5,""n_init_kmeans"":1,""n_jobs"":1,""random_state"":13,""reg_covar"":1e-06,""verbose"":false}"
independent_permutation,1024,13,umap,tcga_d1024_seed13_umap_522878c4662446dadc66.npz,064e513a594b0bfac04a07bf588ef490a477e0ff1c31f52eb7f2d460e6b170ea,621dd65f0cb0a15d21c62f3b9463aea1cc1cf8f66405177c0799c7161ba8cc32,aa61ab4cc86d051f499b,0.8823264473153438,6,full,-56996.21214362825,0.9941323345817727,ee7b8783982402769a52b66f,5,ok,,0.9850459881493702,5,5,full,-54550.08464605906,0.036023874999955297,"{""agglom_affinities"":[""mahalanobis""],""agglom_linkages"":[""ward""],""covariances"":[""full"",""diag"",""tied"",""spherical""],""criterion"":""bic"",""early_stop_delta"":0.0,""eigen_thres"":true,""init_agglomerative"":true,""max_components"":5,""min_components"":5,""n_init_kmeans"":1,""n_jobs"":1,""random_state"":13,""reg_covar"":1e-06,""verbose"":false}"
independent_permutation,1024,14,autog2m2,tcga_d1024_seed14_autog2m2_175310a0362c2b347cdd.npz,a261519a721425cb4dc170fbcd777802db5ca7d3e0235f76b162cd32ca1b883c,2a484784fd0b6f3b95c9c9682d03d083145f1403a83a5c01ce12dd524b0cd550,aa61ab4cc86d051f499b,0.7688755205838338,8,spherical,-61049.70696503196,0.7642114024136496,b47fe98cb2d07c71e7b14bb4,5,ok,,0.3621049084790035,5,5,diag,-60482.284862813176,0.18090325000230223,"{""agglom_affinities"":[""mahalanobis""],""agglom_linkages"":[""ward""],""covariances"":[""full"",""diag"",""tied"",""spherical""],""criterion"":""bic"",""early_stop_delta"":0.0,""eigen_thres"":true,""init_agglomerative"":true,""max_components"":5,""min_components"":5,""n_init_kmeans"":1,""n_jobs"":1,""random_state"":14,""reg_covar"":1e-06,""verbose"":false}"
independent_permutation,1024,14,pca,tcga_d1024_seed14_pca_caf4d7109706483b37c8.npz,35e63d95c2b94e9de35d27a23de20babd10d4000f84f7659244cea562d95a738,01bcc8b14dd21312de809dcade916bfa5f167dfcef0eb675c5eabffdaffc85fc,aa61ab4cc86d051f499b,0.7230556404887909,10,diag,67481.78974929065,0.9960049937578028,e9d1d74d059b5b47593bdb8c,5,ok,,0.9925379262715904,5,5,diag,68302.61148984676,0.09180487500270829,"{""agglom_affinities"":[""mahalanobis""],""agglom_linkages"":[""ward""],""covariances"":[""full"",""diag"",""tied"",""spherical""],""criterion"":""bic"",""early_stop_delta"":0.0,""eigen_thres"":true,""init_agglomerative"":true,""max_components"":5,""min_components"":5,""n_init_kmeans"":1,""n_jobs"":1,""random_state"":14,""reg_covar"":1e-06,""verbose"":false}"
independent_permutation,1024,14,umap,tcga_d1024_seed14_umap_d9329283d9ff80c273d3.npz,762e02cea6071d30f919beaa6d7631f79752eb2d6d800e466aba9564fb676c8b,193d762f13950ce32c6262e1f5d1e96775d37eaa5dce6f431a4df7fd79f92c7d,aa61ab4cc86d051f499b,0.8860109622265114,6,full,-57358.72311535964,0.9941323345817727,c36f3dc7299ceb81d13a29e0,5,ok,,0.9887466505384658,5,5,full,-54295.11666687662,0.03458504198351875,"{""agglom_affinities"":[""mahalanobis""],""agglom_linkages"":[""ward""],""covariances"":[""full"",""diag"",""tied"",""spherical""],""criterion"":""bic"",""early_stop_delta"":0.0,""eigen_thres"":true,""init_agglomerative"":true,""max_components"":5,""min_components"":5,""n_init_kmeans"":1,""n_jobs"":1,""random_state"":14,""reg_covar"":1e-06,""verbose"":false}"
independent_permutation,1024,15,autog2m2,tcga_d1024_seed15_autog2m2_05c6aa8f7eaf5e0d0a7c.npz,0d3e1ba66eb55500013103d6bc398be445fdfb5095c34b104091c07dbfe12337,34498bde5bf577a8e8dc882f750df9a3b05fffba6c7f6fbd85c9964ace1497c5,aa61ab4cc86d051f499b,0.5581892432389838,10,spherical,-54996.23706416551,0.8326258843112776,314df87c22bd72f1b2a6e018,5,ok,,0.9318560297222451,5,5,spherical,-54765.31277659701,0.15388229198288172,"{""agglom_affinities"":[""mahalanobis""],""agglom_linkages"":[""ward""],""covariances"":[""full"",""diag"",""tied"",""spherical""],""criterion"":""bic"",""early_stop_delta"":0.0,""eigen_thres"":true,""init_agglomerative"":true,""max_components"":5,""min_components"":5,""n_init_kmeans"":1,""n_jobs"":1,""random_state"":15,""reg_covar"":1e-06,""verbose"":false}"
independent_permutation,1024,15,pca,tcga_d1024_seed15_pca_a558195d4a7552cfa769.npz,29516d8aea2f16ccee77ef2f368e19db406a0654a5c8c8897cdb0b46f236a5a9,2c32ef55a4d79b5dc58e5d19a378e1dd6711ea3762a565d2989f542ec1412400,aa61ab4cc86d051f499b,0.7532793789151103,9,diag,67428.85366318145,0.9961298377028714,e1a417d7c662f698ba92da08,5,ok,,0.99441376636965,5,5,diag,68349.31975370736,0.08586991601623595,"{""agglom_affinities"":[""mahalanobis""],""agglom_linkages"":[""ward""],""covariances"":[""full"",""diag"",""tied"",""spherical""],""criterion"":""bic"",""early_stop_delta"":0.0,""eigen_thres"":true,""init_agglomerative"":true,""max_components"":5,""min_components"":5,""n_init_kmeans"":1,""n_jobs"":1,""random_state"":15,""reg_covar"":1e-06,""verbose"":false}"
independent_permutation,1024,15,umap,tcga_d1024_seed15_umap_e0165de447d3e5a17ab4.npz,fda1da2652732c72ed62e9e27d3cf4342cc4fbfef9da079b78db7f79e60ec5d3,7f8528e68ede263cc02b7d9e7b89329d70b9e6e8a18205127cae0ee71ec23ee3,aa61ab4cc86d051f499b,0.888218924114685,6,full,-57267.11433744409,0.9950062421972534,411c5cdc460a3e9f0147c900,5,ok,,0.9887466505384658,5,5,full,-54294.56216529425,0.03420383302727714,"{""agglom_affinities"":[""mahalanobis""],""agglom_linkages"":[""ward""],""covariances"":[""full"",""diag"",""tied"",""spherical""],""criterion"":""bic"",""early_stop_delta"":0.0,""eigen_thres"":true,""init_agglomerative"":true,""max_components"":5,""min_components"":5,""n_init_kmeans"":1,""n_jobs"":1,""random_state"":15,""reg_covar"":1e-06,""verbose"":false}"
independent_permutation,1024,16,autog2m2,tcga_d1024_seed16_autog2m2_bf184163518ca8ed1c42.npz,d29fd79b1ba298bb843aadf0d8cc89f9f32b4acfc6501e9b037659bdbabde67a,4007f9519666dd9f597d33174957dd33667aa996c250d6212d0c892f8a2a2287,aa61ab4cc86d051f499b,0.8194453951669676,7,diag,-64690.01088204149,0.8393258426966292,b710795bb8f8f0924248646b,5,ok,,0.6612748906110604,5,5,diag,-64414.16128163121,0.12348087498685345,"{""agglom_affinities"":[""mahalanobis""],""agglom_linkages"":[""ward""],""covariances"":[""full"",""diag"",""tied"",""spherical""],""criterion"":""bic"",""early_stop_delta"":0.0,""eigen_thres"":true,""init_agglomerative"":true,""max_components"":5,""min_components"":5,""n_init_kmeans"":1,""n_jobs"":1,""random_state"":16,""reg_covar"":1e-06,""verbose"":false}"
independent_permutation,1024,16,pca,tcga_d1024_seed16_pca_ccfd92506b3363039eda.npz,528a0f241879364e37a9e8ee58d31ddff49375ca6773bfa14c5a625ab91456eb,1c692b395a06a0a0f4a04784bcecf77ad4b69227707e196ac16f39d09797b214,aa61ab4cc86d051f499b,0.7836513217987755,8,diag,67440.40829909082,0.9944236371202664,6373dee8ba888234323b3c63,5,ok,,0.9925379262715904,5,5,diag,68257.00689445598,0.09083495801314712,"{""agglom_affinities"":[""mahalanobis""],""agglom_linkages"":[""ward""],""covariances"":[""full"",""diag"",""tied"",""spherical""],""criterion"":""bic"",""early_stop_delta"":0.0,""eigen_thres"":true,""init_agglomerative"":true,""max_components"":5,""min_components"":5,""n_init_kmeans"":1,""n_jobs"":1,""random_state"":16,""reg_covar"":1e-06,""verbose"":false}"
independent_permutation,1024,16,umap,tcga_d1024_seed16_umap_067c35aded8619f6ba20.npz,11fc891f45b26036f8c7dac4e8c0248879f43c28b94d8d3e2c3b765cdc620786,a39091165ec5f4347921978c1a596fbd8929fd40134d8d12b55d7f3a488739f2,aa61ab4cc86d051f499b,0.8763575765784077,6,full,-59666.61244622011,0.9940491052850604,c133b6788a98d6ff3d0a7f23,5,ok,,0.9887466505384658,5,5,full,-56011.11429827737,0.03595550003228709,"{""agglom_affinities"":[""mahalanobis""],""agglom_linkages"":[""ward""],""covariances"":[""full"",""diag"",""tied"",""spherical""],""criterion"":""bic"",""early_stop_delta"":0.0,""eigen_thres"":true,""init_agglomerative"":true,""max_components"":5,""min_components"":5,""n_init_kmeans"":1,""n_jobs"":1,""random_state"":16,""reg_covar"":1e-06,""verbose"":false}"
independent_permutation,1024,17,autog2m2,tcga_d1024_seed17_autog2m2_f153d8cd5671d368879e.npz,a792c7bd0b4f047e97ea0b5e58b44bb13315ad122673c86cbebabd5483147d5a,bfd7b6414f5f1d7497881bff7448b2b1408c84fb005d478f7ff87b669b8feb16,aa61ab4cc86d051f499b,0.8483990324272407,9,spherical,-47823.19610034139,0.8170203911776945,151eba8b2892d6b27fc353a7,5,ok,,0.6999306197570359,5,5,diag,-47678.884438380155,0.16212833300232887,"{""agglom_affinities"":[""mahalanobis""],""agglom_linkages"":[""ward""],""covariances"":[""full"",""diag"",""tied"",""spherical""],""criterion"":""bic"",""early_stop_delta"":0.0,""eigen_thres"":true,""init_agglomerative"":true,""max_components"":5,""min_components"":5,""n_init_kmeans"":1,""n_jobs"":1,""random_state"":17,""reg_covar"":1e-06,""verbose"":false}"
independent_permutation,1024,17,pca,tcga_d1024_seed17_pca_d74ebbf74f4325904bc1.npz,ceacbf757c84b05f1e9262b4d105dd066471249f3c8573a5e15d865cfc108ec6,b7b9b6f0b145ab6418a4946567d51fb400df8663a6faa54b21ccc3ea663b54b7,aa61ab4cc86d051f499b,0.7868279216652884,8,diag,67538.15541245173,0.9959217644610904,052638dc2ed8bc3fa4a82f98,5,ok,,0.9925379262715904,5,5,diag,68352.74429769472,0.09048158302903175,"{""agglom_affinities"":[""mahalanobis""],""agglom_linkages"":[""ward""],""covariances"":[""full"",""diag"",""tied"",""spherical""],""criterion"":""bic"",""early_stop_delta"":0.0,""eigen_thres"":true,""init_agglomerative"":true,""max_components"":5,""min_components"":5,""n_init_kmeans"":1,""n_jobs"":1,""random_state"":17,""reg_covar"":1e-06,""verbose"":false}"
independent_permutation,1024,17,umap,tcga_d1024_seed17_umap_e206a99d6126fc7e8390.npz,e6c54b136fe8e98dcbeaf508a0a234e9472f495ca3b298fbd6350e6d738907e5,4bb1b3ffd37efc5405d9a1406eff8d22e7824263380fd4a80e047a23050e2a4e,aa61ab4cc86d051f499b,0.8860109622265114,6,full,-60100.82723807081,0.9948813982521848,46089018f86c20cb50b31523,5,ok,,0.9887466505384658,5,5,full,-54976.714454694345,0.03674154100008309,"{""agglom_affinities"":[""mahalanobis""],""agglom_linkages"":[""ward""],""covariances"":[""full"",""diag"",""tied"",""spherical""],""criterion"":""bic"",""early_stop_delta"":0.0,""eigen_thres"":true,""init_agglomerative"":true,""max_components"":5,""min_components"":5,""n_init_kmeans"":1,""n_jobs"":1,""random_state"":17,""reg_covar"":1e-06,""verbose"":false}"
independent_permutation,1024,18,autog2m2,tcga_d1024_seed18_autog2m2_119c13180b9180ef38aa.npz,11642f9471655f7ae1fd3f22c974978a30adf1d350009b65ee39be2edc3f7d7d,f70b8bb24536417309b20d1f28daeadd3d5261d1a2d969783bdb8b4631e2dfeb,aa61ab4cc86d051f499b,0.8939091387710315,6,spherical,-61930.36154388424,0.8297544735746983,c2831deb439ca4f6e74a23c4,5,ok,,0.9274591486213565,5,5,spherical,-61620.2298525759,0.1350899999961257,"{""agglom_affinities"":[""mahalanobis""],""agglom_linkages"":[""ward""],""covariances"":[""full"",""diag"",""tied"",""spherical""],""criterion"":""bic"",""early_stop_delta"":0.0,""eigen_thres"":true,""init_agglomerative"":true,""max_components"":5,""min_components"":5,""n_init_kmeans"":1,""n_jobs"":1,""random_state"":18,""reg_covar"":1e-06,""verbose"":false}"
independent_permutation,1024,18,pca,tcga_d1024_seed18_pca_01373125d0cc4f6a5644.npz,69c2c38957faf9ddfd544997805d3df22cef3ac439e1e4d41f79bde9777f6a62,759b638461fcd30f4f0265279081a2e4f8f62071dccb9cc0695ae1afca03b4e0,aa61ab4cc86d051f499b,0.7442437467716615,9,diag,67388.9858247554,0.9957136912193092,23c1dfa8afcca5a047ff20e9,5,ok,,0.9907046830195056,5,5,diag,68246.54156653733,0.0983264580136165,"{""agglom_affinities"":[""mahalanobis""],""agglom_linkages"":[""ward""],""covariances"":[""full"",""diag"",""tied"",""spherical""],""criterion"":""bic"",""early_stop_delta"":0.0,""eigen_thres"":true,""init_agglomerative"":true,""max_components"":5,""min_components"":5,""n_init_kmeans"":1,""n_jobs"":1,""random_state"":18,""reg_covar"":1e-06,""verbose"":false}"
independent_permutation,1024,18,umap,tcga_d1024_seed18_umap_cffe07789314e83764bd.npz,7f822a3c80fe2a15521fe94c77c2a38e731351d2a54ed537915fd9122477b6fb,8f94cc318313ac0ea35afbda440ec68966609dd816312523049d9b395d4f6561,aa61ab4cc86d051f499b,0.8878155489039441,6,full,-58669.78730644719,0.9967124427798584,2926ebbce45ea00e050ac75a,5,ok,,0.9925379262715904,5,5,full,-55744.81488967845,0.06693470798199996,"{""agglom_affinities"":[""mahalanobis""],""agglom_linkages"":[""ward""],""covariances"":[""full"",""diag"",""tied"",""spherical""],""criterion"":""bic"",""early_stop_delta"":0.0,""eigen_thres"":true,""init_agglomerative"":true,""max_components"":5,""min_components"":5,""n_init_kmeans"":1,""n_jobs"":1,""random_state"":18,""reg_covar"":1e-06,""verbose"":false}"
independent_permutation,1024,19,autog2m2,tcga_d1024_seed19_autog2m2_f86e075aa219f888598c.npz,e80730ed04718ee181f377c8602ce0ebc1e752c6ad6e227e075b20c2893e71bd,f5e3ad96659fc00acf2c77659bb880e2fa169f149c15b72577c75b66c9515297,aa61ab4cc86d051f499b,0.6471439112627132,8,diag,-62434.73153375015,0.8335414065751144,b813c668924ba8a5006e7eba,5,ok,,0.955723370217444,5,5,diag,-62126.600316696604,0.18919612502213567,"{""agglom_affinities"":[""mahalanobis""],""agglom_linkages"":[""ward""],""covariances"":[""full"",""diag"",""tied"",""spherical""],""criterion"":""bic"",""early_stop_delta"":0.0,""eigen_thres"":true,""init_agglomerative"":true,""max_components"":5,""min_components"":5,""n_init_kmeans"":1,""n_jobs"":1,""random_state"":19,""reg_covar"":1e-06,""verbose"":false}"
independent_permutation,1024,19,pca,tcga_d1024_seed19_pca_650da1c97489c6768111.npz,5c725bb97cb514ceb0cefe231297cb18bac6f408eaa5cec65f50d9190efecd0c,f82d936fce54a8dee4331650ef31cc22518330ddf182747cae28e3bdeb0dc65b,aa61ab4cc86d051f499b,0.8267817043521057,7,diag,67579.25282275004,0.99471493965876,cd59efd4b3110373c8e05e57,5,ok,,0.9925379262715904,5,5,diag,68372.04327767325,0.09022837498923764,"{""agglom_affinities"":[""mahalanobis""],""agglom_linkages"":[""ward""],""covariances"":[""full"",""diag"",""tied"",""spherical""],""criterion"":""bic"",""early_stop_delta"":0.0,""eigen_thres"":true,""init_agglomerative"":true,""max_components"":5,""min_components"":5,""n_init_kmeans"":1,""n_jobs"":1,""random_state"":19,""reg_covar"":1e-06,""verbose"":false}"
independent_permutation,1024,19,umap,tcga_d1024_seed19_umap_77d0ec9e6db8e76fd2e9.npz,16f0379d0c43d713565855fd66308dd1a51813ef98eba76ccea1650cd49959b5,9437064ccb7c1fc674beea49804ffd18edb84343792b406d0b6e86ca11c08f80,aa61ab4cc86d051f499b,0.8369478170935913,7,full,-56536.558530746945,0.9963379109446524,7bda93993b1f917c5fad553c,5,ok,,0.9924697364526301,5,5,full,-54737.46061419066,0.03641554096248001,"{""agglom_affinities"":[""mahalanobis""],""agglom_linkages"":[""ward""],""covariances"":[""full"",""diag"",""tied"",""spherical""],""criterion"":""bic"",""early_stop_delta"":0.0,""eigen_thres"":true,""init_agglomerative"":true,""max_components"":5,""min_components"":5,""n_init_kmeans"":1,""n_jobs"":1,""random_state"":19,""reg_covar"":1e-06,""verbose"":false}"
independent_permutation,2048,0,autog2m2,tcga_d2048_seed0_autog2m2_b15adbe1873bf932d079.npz,1d6303e37cc6deb5e10fe28ea382bc34e5a53e72bd7c7e522080de6e28d6ba58,62c3720a8207b039c2668fc25ac80208cccd7ebabeaf1f81a7b5395121f83b8b,aa61ab4cc86d051f499b,0.1185845594268937,2,diag,-72196.29211041953,0.4946733250104037,c6bc83eadf32d6e7254ad410,5,ok,,0.16470435931567773,5,5,spherical,-72103.10219466095,0.2313807500177063,"{""agglom_affinities"":[""mahalanobis""],""agglom_linkages"":[""ward""],""covariances"":[""full"",""diag"",""tied"",""spherical""],""criterion"":""bic"",""early_stop_delta"":0.0,""eigen_thres"":true,""init_agglomerative"":true,""max_components"":5,""min_components"":5,""n_init_kmeans"":1,""n_jobs"":1,""random_state"":0,""reg_covar"":1e-06,""verbose"":false}"
independent_permutation,2048,0,pca,tcga_d2048_seed0_pca_1d00864a23b7a6ca85af.npz,169854750aa7432883d96d7c3b7f15a160157955e2d72dba09fc982d09058d88,d7e4697cac59998a17f7f1ae713f47afa864e1879d9d787a6bf71d99a4c14991,aa61ab4cc86d051f499b,0.7818300303569685,8,diag,73288.43310056257,0.9949646275488973,48c8106d8b73541e68251778,5,ok,,0.9907046830195056,5,5,diag,73949.06146141724,0.09045383404009044,"{""agglom_affinities"":[""mahalanobis""],""agglom_linkages"":[""ward""],""covariances"":[""full"",""diag"",""tied"",""spherical""],""criterion"":""bic"",""early_stop_delta"":0.0,""eigen_thres"":true,""init_agglomerative"":true,""max_components"":5,""min_components"":5,""n_init_kmeans"":1,""n_jobs"":1,""random_state"":0,""reg_covar"":1e-06,""verbose"":false}"
independent_permutation,2048,0,umap,tcga_d2048_seed0_umap_0ed87e05ba7318f4ee46.npz,b07edf94b1a802d45c0708f1e7b02e9ad5fb9403d0cf8a2dc5e0c8f15873e33d,994d7eb173892c22d69c00be863137453559f1796b253a87928245753e4dcb55,aa61ab4cc86d051f499b,0.8825990320107976,6,full,-51416.42632050255,0.9938826466916356,b78bcbee94975f12199a05e1,5,ok,,0.9850459881493702,5,5,full,-50642.4112393121,0.036105875042267144,"{""agglom_affinities"":[""mahalanobis""],""agglom_linkages"":[""ward""],""covariances"":[""full"",""diag"",""tied"",""spherical""],""criterion"":""bic"",""early_stop_delta"":0.0,""eigen_thres"":true,""init_agglomerative"":true,""max_components"":5,""min_components"":5,""n_init_kmeans"":1,""n_jobs"":1,""random_state"":0,""reg_covar"":1e-06,""verbose"":false}"
independent_permutation,2048,1,autog2m2,tcga_d2048_seed1_autog2m2_f90dfd4b37834c5dd3a2.npz,a0418238b9c641967403759516d118f34cab917722e9a47d46e124680c49f0fc,d2be64730c71a30d28b1a7ccae3bb30e509f03945c57e7eda4d0b165f5636249,aa61ab4cc86d051f499b,0.2477686026351467,8,spherical,-63310.04935688969,0.5348314606741573,451db82ff450813d5f7ce7d0,5,ok,,0.21688387873459603,5,5,spherical,-63306.63855135475,0.20321058301487938,"{""agglom_affinities"":[""mahalanobis""],""agglom_linkages"":[""ward""],""covariances"":[""full"",""diag"",""tied"",""spherical""],""criterion"":""bic"",""early_stop_delta"":0.0,""eigen_thres"":true,""init_agglomerative"":true,""max_components"":5,""min_components"":5,""n_init_kmeans"":1,""n_jobs"":1,""random_state"":1,""reg_covar"":1e-06,""verbose"":false}"
independent_permutation,2048,1,pca,tcga_d2048_seed1_pca_8a978e4d27b926fc241b.npz,c326000dfefd063b092e0920b187c61eff5a4c22362032a80fb5d86db923c7b8,80a91237927448ef258b2864c8b020c6c6d3b9b4981ce4cb9b12d50442734a26,aa61ab4cc86d051f499b,0.8799908394768273,6,diag,73373.24197983005,0.9952143154390344,a655f59c5995386d39ea3b49,5,ok,,0.9925379262715904,5,5,diag,74060.78590263898,0.08871533296769485,"{""agglom_affinities"":[""mahalanobis""],""agglom_linkages"":[""ward""],""covariances"":[""full"",""diag"",""tied"",""spherical""],""criterion"":""bic"",""early_stop_delta"":0.0,""eigen_thres"":true,""init_agglomerative"":true,""max_components"":5,""min_components"":5,""n_init_kmeans"":1,""n_jobs"":1,""random_state"":1,""reg_covar"":1e-06,""verbose"":false}"
independent_permutation,2048,1,umap,tcga_d2048_seed1_umap_36f9adcc8bddd1224c0b.npz,f2711805fda73612d8a6694b1a77cb6bb6c48048acacad475bd1464319024e2e,6e2aec073aea16690a7cd3e5561dfb00992f0386638a0d192cefb0be91355df0,aa61ab4cc86d051f499b,0.8877404495489121,6,full,-54767.23263783808,0.9969621306699958,b4ac005660726f43ead956ee,5,ok,,0.9924697364526301,5,5,full,-54025.11911848779,0.03580762498313561,"{""agglom_affinities"":[""mahalanobis""],""agglom_linkages"":[""ward""],""covariances"":[""full"",""diag"",""tied"",""spherical""],""criterion"":""bic"",""early_stop_delta"":0.0,""eigen_thres"":true,""init_agglomerative"":true,""max_components"":5,""min_components"":5,""n_init_kmeans"":1,""n_jobs"":1,""random_state"":1,""reg_covar"":1e-06,""verbose"":false}"
independent_permutation,2048,2,autog2m2,tcga_d2048_seed2_autog2m2_ffc45d54f1bfc6289578.npz,e2f132f27fc1bd3a104d53a28412c44eb0b19acef0e7dd71cf9cd91a198466f8,ca9ca4809a87b6b75bc6054e8da38f55b4bdf4a6ac9ec997cebe087cdd9132dc,aa61ab4cc86d051f499b,0.5936111677565263,6,spherical,-60075.437395952344,0.6518102372034956,76bbd0ce7ea93bc3365888c3,5,ok,,0.5781072277353944,5,5,spherical,-60065.8684059308,0.17229304200736806,"{""agglom_affinities"":[""mahalanobis""],""agglom_linkages"":[""ward""],""covariances"":[""full"",""diag"",""tied"",""spherical""],""criterion"":""bic"",""early_stop_delta"":0.0,""eigen_thres"":true,""init_agglomerative"":true,""max_components"":5,""min_components"":5,""n_init_kmeans"":1,""n_jobs"":1,""random_state"":2,""reg_covar"":1e-06,""verbose"":false}"
independent_permutation,2048,2,pca,tcga_d2048_seed2_pca_9dcba0a19cd1f883580c.npz,331102409929e8f2e92a6054eccf05d94c1d98b1cb8bf07d5b4c824a980dd8be,98e65e59652e48a160e1e0a21a4fc1bafce0a1c14becbdf826c2b061f9932924,aa61ab4cc86d051f499b,0.878066267654704,6,diag,73378.29628212476,0.99438202247191,95bc3be4dc1840c926362a1b,5,ok,,0.9981451300584181,5,5,diag,74031.941163,0.09341241599759087,"{""agglom_affinities"":[""mahalanobis""],""agglom_linkages"":[""ward""],""covariances"":[""full"",""diag"",""tied"",""spherical""],""criterion"":""bic"",""early_stop_delta"":0.0,""eigen_thres"":true,""init_agglomerative"":true,""max_components"":5,""min_components"":5,""n_init_kmeans"":1,""n_jobs"":1,""random_state"":2,""reg_covar"":1e-06,""verbose"":false}"
independent_permutation,2048,2,umap,tcga_d2048_seed2_umap_4f99e1f5430aa580faff.npz,5fac832fd6ef09e9199fbfeea9256299e82306f27c20232730918aa4a720498a,df4e0a4a40fed671ef9cb7a9217f676b2470485e0a20f0d0d06214fccfaf04e2,aa61ab4cc86d051f499b,0.8902273812751247,6,full,-50648.668792307886,0.9957969205160216,1f6f4af6331b12c5296ee6ad,5,ok,,0.9887466505384658,5,5,full,-49910.85999641219,0.03530854202108458,"{""agglom_affinities"":[""mahalanobis""],""agglom_linkages"":[""ward""],""covariances"":[""full"",""diag"",""tied"",""spherical""],""criterion"":""bic"",""early_stop_delta"":0.0,""eigen_thres"":true,""init_agglomerative"":true,""max_components"":5,""min_components"":5,""n_init_kmeans"":1,""n_jobs"":1,""random_state"":2,""reg_covar"":1e-06,""verbose"":false}"
independent_permutation,2048,3,autog2m2,tcga_d2048_seed3_autog2m2_3df753114dd13e7a578e.npz,452041fffe9f2ce88522651bf252496691c07759e016396f920f66c7115b5675,dc55e1e2dfca6bebb7c6bb25c536f7fd61f0394af92dc32dd075fc9452e02f54,aa61ab4cc86d051f499b,0.3986630742504623,6,spherical,-51001.4413586589,0.6189346650020807,79906973db7e0beed5326ac6,5,ok,,0.3972347252988468,5,5,spherical,-50854.48264905652,0.1933082909672521,"{""agglom_affinities"":[""mahalanobis""],""agglom_linkages"":[""ward""],""covariances"":[""full"",""diag"",""tied"",""spherical""],""criterion"":""bic"",""early_stop_delta"":0.0,""eigen_thres"":true,""init_agglomerative"":true,""max_components"":5,""min_components"":5,""n_init_kmeans"":1,""n_jobs"":1,""random_state"":3,""reg_covar"":1e-06,""verbose"":false}"
independent_permutation,2048,3,pca,tcga_d2048_seed3_pca_3f94816f88b64f67167f.npz,ba714de2beb42cf68e86c6ac5314d6574aee18e7a357d6197d7551b267f332c3,544b94dfb7315954851bedcb7146e34f95df03a045240fd1059697a69d0553e1,aa61ab4cc86d051f499b,0.8313263269876657,7,diag,73278.8336200259,0.9952975447357468,542b6800e8b18a7cd7be37e4,5,ok,,0.9925379262715904,5,5,diag,73983.8756488869,0.08870870800456032,"{""agglom_affinities"":[""mahalanobis""],""agglom_linkages"":[""ward""],""covariances"":[""full"",""diag"",""tied"",""spherical""],""criterion"":""bic"",""early_stop_delta"":0.0,""eigen_thres"":true,""init_agglomerative"":true,""max_components"":5,""min_components"":5,""n_init_kmeans"":1,""n_jobs"":1,""random_state"":3,""reg_covar"":1e-06,""verbose"":false}"
independent_permutation,2048,3,umap,tcga_d2048_seed3_umap_e11a338d92c522a52855.npz,6fb0d283a7349b58739246cf302f6bdcd03f637937942895e1b8ac73bb9b1ab1,6afb392411ca992ace4c0d9660ef5e079a5cc8b57be555bc42c183745336d3b4,aa61ab4cc86d051f499b,0.8786674550207915,6,full,-56668.632035744115,0.9930087390761548,8a62c3ab8ea4abc591b80307,5,ok,,0.9850459881493702,5,5,full,-55820.70867808818,0.03575533302500844,"{""agglom_affinities"":[""mahalanobis""],""agglom_linkages"":[""ward""],""covariances"":[""full"",""diag"",""tied"",""spherical""],""criterion"":""bic"",""early_stop_delta"":0.0,""eigen_thres"":true,""init_agglomerative"":true,""max_components"":5,""min_components"":5,""n_init_kmeans"":1,""n_jobs"":1,""random_state"":3,""reg_covar"":1e-06,""verbose"":false}"
independent_permutation,2048,4,autog2m2,tcga_d2048_seed4_autog2m2_72f0c47a6a6a83a982aa.npz,3811e62ae6ef3f5610bd67bd62651e5d752cd45711a75d0c1da172c2ac417713,9fb4cf10775e407ea306c8168000b773aa14da386133f51ed4327f74278873b4,aa61ab4cc86d051f499b,0.1570016369156078,4,spherical,-61778.50784279162,0.3943404078235539,864b0e8f39a503c4919798a6,5,ok,,0.1516270646285911,5,5,spherical,-61758.36345498336,0.19582991697825491,"{""agglom_affinities"":[""mahalanobis""],""agglom_linkages"":[""ward""],""covariances"":[""full"",""diag"",""tied"",""spherical""],""criterion"":""bic"",""early_stop_delta"":0.0,""eigen_thres"":true,""init_agglomerative"":true,""max_components"":5,""min_components"":5,""n_init_kmeans"":1,""n_jobs"":1,""random_state"":4,""reg_covar"":1e-06,""verbose"":false}"
independent_permutation,2048,4,pca,tcga_d2048_seed4_pca_cf5c4b7841dfe1728b3f.npz,3decf7671807dd57efd2b8b1eb3064cfc6d3f4cf4429bdd997134cb5ec2739df,fa29b363a982620ac44004731251ce2b541a320b40a700143fd374b34df32634,aa61ab4cc86d051f499b,0.8379814638487385,7,diag,73332.62998918336,0.9946317103620474,3dd62dfc1060c503021b0e5a,5,ok,,0.9907046830195056,5,5,diag,73996.19377112441,0.0995536670088768,"{""agglom_affinities"":[""mahalanobis""],""agglom_linkages"":[""ward""],""covariances"":[""full"",""diag"",""tied"",""spherical""],""criterion"":""bic"",""early_stop_delta"":0.0,""eigen_thres"":true,""init_agglomerative"":true,""max_components"":5,""min_components"":5,""n_init_kmeans"":1,""n_jobs"":1,""random_state"":4,""reg_covar"":1e-06,""verbose"":false}"
independent_permutation,2048,4,umap,tcga_d2048_seed4_umap_0a0aceaa9be605dbeb62.npz,8c98c3bb723abbf287940b9638f94bc01dadbd85442774a100d350106bfc7dbf,8876fdd911d8b96c91ab5f1a3cf848895bf5f8772971664808edcdc09cd9ddac,aa61ab4cc86d051f499b,0.884049133991804,6,full,-54209.05693036096,0.994923012900541,09ed662172edf88adf94cbed,5,ok,,0.9887466505384658,5,5,full,-52962.56258153758,0.03546454198658466,"{""agglom_affinities"":[""mahalanobis""],""agglom_linkages"":[""ward""],""covariances"":[""full"",""diag"",""tied"",""spherical""],""criterion"":""bic"",""early_stop_delta"":0.0,""eigen_thres"":true,""init_agglomerative"":true,""max_components"":5,""min_components"":5,""n_init_kmeans"":1,""n_jobs"":1,""random_state"":4,""reg_covar"":1e-06,""verbose"":false}"
independent_permutation,2048,5,autog2m2,tcga_d2048_seed5_autog2m2_f1d84519ba933dcddf17.npz,dd4d4a7eab82c720ff384d828214407981661c88c0c73474e3dfa9fdd3141136,d8ea4fdfa196eb5fe43c20b7d577ca92d8f92817c068ffa3e32befdfb92e5acd,aa61ab4cc86d051f499b,0.3678844503809809,10,spherical,-62420.00010139897,0.7038701622971286,e27845164aeb65df7eb6c681,5,ok,,0.18328981886315254,5,5,diag,-62135.77685823972,0.17030820896616206,"{""agglom_affinities"":[""mahalanobis""],""agglom_linkages"":[""ward""],""covariances"":[""full"",""diag"",""tied"",""spherical""],""criterion"":""bic"",""early_stop_delta"":0.0,""eigen_thres"":true,""init_agglomerative"":true,""max_components"":5,""min_components"":5,""n_init_kmeans"":1,""n_jobs"":1,""random_state"":5,""reg_covar"":1e-06,""verbose"":false}"
independent_permutation,2048,5,pca,tcga_d2048_seed5_pca_8d853a708a0e8a6f8dc1.npz,b4fb7e6419aa7d79b25e7a06def3d71b32feb159356689c1dc02a23c3b5cca57,b6e2dc087f8e92b6962c12811ae6f880e6cb515d54682b6a58fa62926738f5cb,aa61ab4cc86d051f499b,0.8617419562251808,6,diag,73280.45751919047,0.994340407823554,34ccf0c3b066b41aa2653fbe,5,ok,,0.9962578040012737,5,5,diag,73979.0691143574,0.08683145797112957,"{""agglom_affinities"":[""mahalanobis""],""agglom_linkages"":[""ward""],""covariances"":[""full"",""diag"",""tied"",""spherical""],""criterion"":""bic"",""early_stop_delta"":0.0,""eigen_thres"":true,""init_agglomerative"":true,""max_components"":5,""min_components"":5,""n_init_kmeans"":1,""n_jobs"":1,""random_state"":5,""reg_covar"":1e-06,""verbose"":false}"
independent_permutation,2048,5,umap,tcga_d2048_seed5_umap_ea78114fd7e845f9981f.npz,358a62156a679926864cfd86ffbbb0ec5cbec55e9604b31ddac8545a8a4925c5,b2a33f88adfc71447894e4608c1685e2227f7f72411d2942a2ce7778986dea86,aa61ab4cc86d051f499b,0.872697471649265,6,full,-50223.11601651821,0.9937994173949232,32d919b343d3845e0d6640ef,5,ok,,0.9850459881493702,5,5,full,-49007.18165699316,0.03460379102034494,"{""agglom_affinities"":[""mahalanobis""],""agglom_linkages"":[""ward""],""covariances"":[""full"",""diag"",""tied"",""spherical""],""criterion"":""bic"",""early_stop_delta"":0.0,""eigen_thres"":true,""init_agglomerative"":true,""max_components"":5,""min_components"":5,""n_init_kmeans"":1,""n_jobs"":1,""random_state"":5,""reg_covar"":1e-06,""verbose"":false}"
independent_permutation,2048,6,autog2m2,tcga_d2048_seed6_autog2m2_75e482edae89cdbbe5de.npz,1072a730abaa3cabe54546804d2a962e466943e7bae9304e37330ef89bc1aab8,6b5a4a024e46abc702b053d102f3e93cffddbdd76347647a28235d54fbbbae72,aa61ab4cc86d051f499b,0.0503066602387658,2,diag,-92770.1888320472,0.476695796920516,29432ee95407303917b96982,5,ok,,0.19132103042832307,5,5,spherical,-92587.30671598074,0.20996662502875552,"{""agglom_affinities"":[""mahalanobis""],""agglom_linkages"":[""ward""],""covariances"":[""full"",""diag"",""tied"",""spherical""],""criterion"":""bic"",""early_stop_delta"":0.0,""eigen_thres"":true,""init_agglomerative"":true,""max_components"":5,""min_components"":5,""n_init_kmeans"":1,""n_jobs"":1,""random_state"":6,""reg_covar"":1e-06,""verbose"":false}"
independent_permutation,2048,6,pca,tcga_d2048_seed6_pca_b024cc887965a711f3d7.npz,324244e2508b648929c4b42f8d737fdac8ac51a8cf50538c7efef5492a06ec6d,584e91d93a522ed00c2b31db26e2597b59802feb333d68950bc533f30567f4a5,aa61ab4cc86d051f499b,0.7956246989785817,8,diag,73314.85163333204,0.9957553058676654,806baa9b5631ef5870dc05c7,5,ok,,1.0,5,5,diag,74023.85311909614,0.11025254195556045,"{""agglom_affinities"":[""mahalanobis""],""agglom_linkages"":[""ward""],""covariances"":[""full"",""diag"",""tied"",""spherical""],""criterion"":""bic"",""early_stop_delta"":0.0,""eigen_thres"":true,""init_agglomerative"":true,""max_components"":5,""min_components"":5,""n_init_kmeans"":1,""n_jobs"":1,""random_state"":6,""reg_covar"":1e-06,""verbose"":false}"
independent_permutation,2048,6,umap,tcga_d2048_seed6_umap_5315fa120114e56891cb.npz,8e68401a3a50bc4ff6216457fb679b3e83f99ccc97b23230ab4e4245531ed2d9,7905d89ef3aec72598159731a10430b52ba2918e5da1b568a7236325b0e133d1,aa61ab4cc86d051f499b,0.888218924114685,6,full,-53217.01477626331,0.995505617977528,fdc650fc2f33bb2556a5f5d9,5,ok,,0.9887466505384658,5,5,full,-52214.78553705696,0.03537091700127348,"{""agglom_affinities"":[""mahalanobis""],""agglom_linkages"":[""ward""],""covariances"":[""full"",""diag"",""tied"",""spherical""],""criterion"":""bic"",""early_stop_delta"":0.0,""eigen_thres"":true,""init_agglomerative"":true,""max_components"":5,""min_components"":5,""n_init_kmeans"":1,""n_jobs"":1,""random_state"":6,""reg_covar"":1e-06,""verbose"":false}"
independent_permutation,2048,7,autog2m2,tcga_d2048_seed7_autog2m2_401f47290c8b17b1fa57.npz,29fbd933cbe4a51d0713c254d1eb4c3eb40ff1ee4429326d0d52fc55c212d1cd,9eeeed1734d4d17571bb70b9423f13a0e6a8992c63078d2021913643a1212f44,aa61ab4cc86d051f499b,0.0011502690669489,8,diag,-183574.56833569187,0.2450686641697877,c11e3f37019d6f7157566547,5,ok,,0.007756130289614915,5,5,diag,-182994.97422105834,0.1558929580496624,"{""agglom_affinities"":[""mahalanobis""],""agglom_linkages"":[""ward""],""covariances"":[""full"",""diag"",""tied"",""spherical""],""criterion"":""bic"",""early_stop_delta"":0.0,""eigen_thres"":true,""init_agglomerative"":true,""max_components"":5,""min_components"":5,""n_init_kmeans"":1,""n_jobs"":1,""random_state"":7,""reg_covar"":1e-06,""verbose"":false}"
independent_permutation,2048,7,pca,tcga_d2048_seed7_pca_39fe7fd50b18c48d2503.npz,72f2a8d658ddaf8c52cefc1efabbf2e839e23f5d9c9e7523d5cdaa8d42ff28ba,a24702c5a83a9f182486808ba2156c20487f4175f0ba798b750bd7693116aecd,aa61ab4cc86d051f499b,0.8672226305595515,6,diag,73323.08881332258,0.995089471493966,eeb9a0869eda293ce1c1c627,5,ok,,0.9925379262715904,5,5,diag,73969.51135790368,0.08696400001645088,"{""agglom_affinities"":[""mahalanobis""],""agglom_linkages"":[""ward""],""covariances"":[""full"",""diag"",""tied"",""spherical""],""criterion"":""bic"",""early_stop_delta"":0.0,""eigen_thres"":true,""init_agglomerative"":true,""max_components"":5,""min_components"":5,""n_init_kmeans"":1,""n_jobs"":1,""random_state"":7,""reg_covar"":1e-06,""verbose"":false}"
independent_permutation,2048,7,umap,tcga_d2048_seed7_umap_2f48224be7d31f9df1cd.npz,b616b7c995fb4800e2f8c5df2689b6de81f1a8626eaf92c3b1d2ece0c43e897b,081f95b69321ca7e3deb0dc8fa23c4d4d91672853f3ee1587997406f6e2e8d6b,aa61ab4cc86d051f499b,0.8897817182458473,6,full,-54632.07049666204,0.9971285892634209,c1603735f77e1ee67f420748,5,ok,,0.9925379262715904,5,5,full,-53288.16946592015,0.034535624959971756,"{""agglom_affinities"":[""mahalanobis""],""agglom_linkages"":[""ward""],""covariances"":[""full"",""diag"",""tied"",""spherical""],""criterion"":""bic"",""early_stop_delta"":0.0,""eigen_thres"":true,""init_agglomerative"":true,""max_components"":5,""min_components"":5,""n_init_kmeans"":1,""n_jobs"":1,""random_state"":7,""reg_covar"":1e-06,""verbose"":false}"
independent_permutation,2048,8,autog2m2,tcga_d2048_seed8_autog2m2_7367de6bdec00a01aad1.npz,fedc083e143b35cb378fbf119a4ae5058cb66536e79ec25608b57910540fadf6,529793a8f8e2f4c766451f79003095f845a3a50b6a0c50910847307560119a84,aa61ab4cc86d051f499b,0.1659203986853747,4,diag,-92857.70632724297,0.5419059508947149,0deded2c68b65bc7231725cd,5,ok,,0.1711829262634382,5,5,spherical,-92828.25730905723,0.20111933298176154,"{""agglom_affinities"":[""mahalanobis""],""agglom_linkages"":[""ward""],""covariances"":[""full"",""diag"",""tied"",""spherical""],""criterion"":""bic"",""early_stop_delta"":0.0,""eigen_thres"":true,""init_agglomerative"":true,""max_components"":5,""min_components"":5,""n_init_kmeans"":1,""n_jobs"":1,""random_state"":8,""reg_covar"":1e-06,""verbose"":false}"
independent_permutation,2048,8,pca,tcga_d2048_seed8_pca_a52fc219e725665050e8.npz,166da7dd6807dbd4c005548a623b5a8b4c4854361bd58b0aaec37b02614de9b4,0ac6a4af95e831642577a9b5c66802f921cc852b82a7288ef65a97481f297c3b,aa61ab4cc86d051f499b,0.8781290792648314,6,diag,73386.1854660962,0.9948813982521848,ac052eec8eb9f964af3907ed,5,ok,,0.9925379262715904,5,5,diag,74044.30444144773,0.08737379097146913,"{""agglom_affinities"":[""mahalanobis""],""agglom_linkages"":[""ward""],""covariances"":[""full"",""diag"",""tied"",""spherical""],""criterion"":""bic"",""early_stop_delta"":0.0,""eigen_thres"":true,""init_agglomerative"":true,""max_components"":5,""min_components"":5,""n_init_kmeans"":1,""n_jobs"":1,""random_state"":8,""reg_covar"":1e-06,""verbose"":false}"
independent_permutation,2048,8,umap,tcga_d2048_seed8_umap_2e0e3c9ca04fe0ad672b.npz,1dcc86141aff88ab2a112b7d20b3559be965ada32da30a54871de3cd298bd446,34dfc4804bb7633f00009933bb741d953b3558fd8b91ae58f0a443843820639d,aa61ab4cc86d051f499b,0.8763575765784077,6,full,-53735.19941412405,0.9948397836038284,3dac9b424e50b45f72df1bed,5,ok,,0.9887466505384658,5,5,full,-52233.12601240027,0.03529587498633191,"{""agglom_affinities"":[""mahalanobis""],""agglom_linkages"":[""ward""],""covariances"":[""full"",""diag"",""tied"",""spherical""],""criterion"":""bic"",""early_stop_delta"":0.0,""eigen_thres"":true,""init_agglomerative"":true,""max_components"":5,""min_components"":5,""n_init_kmeans"":1,""n_jobs"":1,""random_state"":8,""reg_covar"":1e-06,""verbose"":false}"
independent_permutation,2048,9,autog2m2,tcga_d2048_seed9_autog2m2_9fc5a429151f625706b1.npz,d442564801676244119ef843f2e70b95c3a93ce707f5624b3703aa8e30b2f0e8,96b3c26b0bc4fa30940e2c4862ca129e071e5d76a9a130e2b6690c60dd8a05ac,aa61ab4cc86d051f499b,0.0124862099412978,2,diag,-108291.63834100011,0.4023720349563046,24c42e165c86f7cc26e0fc2f,5,ok,,0.0566619507733105,5,5,spherical,-108011.7367528726,0.21574145799968392,"{""agglom_affinities"":[""mahalanobis""],""agglom_linkages"":[""ward""],""covariances"":[""full"",""diag"",""tied"",""spherical""],""criterion"":""bic"",""early_stop_delta"":0.0,""eigen_thres"":true,""init_agglomerative"":true,""max_components"":5,""min_components"":5,""n_init_kmeans"":1,""n_jobs"":1,""random_state"":9,""reg_covar"":1e-06,""verbose"":false}"
independent_permutation,2048,9,pca,tcga_d2048_seed9_pca_645fcbca386680e85fb7.npz,ee6c636c90f1bef527ed10a4c8272592a42bc09378439d1e7dc4be53965de3c0,0e3462aadecfa9fcc488311cfb46d6c74d863833cf7ce4604bbddae281081854,aa61ab4cc86d051f499b,0.8707551457041911,6,diag,73424.92623164952,0.9953391593841032,1fd32752f84b32743193d73d,5,ok,,0.9962578040012737,5,5,diag,74058.38825592736,0.0893366250093095,"{""agglom_affinities"":[""mahalanobis""],""agglom_linkages"":[""ward""],""covariances"":[""full"",""diag"",""tied"",""spherical""],""criterion"":""bic"",""early_stop_delta"":0.0,""eigen_thres"":true,""init_agglomerative"":true,""max_components"":5,""min_components"":5,""n_init_kmeans"":1,""n_jobs"":1,""random_state"":9,""reg_covar"":1e-06,""verbose"":false}"
independent_permutation,2048,9,umap,tcga_d2048_seed9_umap_69285232163dacc01d6c.npz,e0e08141521d2c339b01cf25c70332e65227a609d95f3ebfaf11d6f5d5ac7721,881f7b65699d2b3345372a96bd4f629546ed950b65708de531282e8f50695ee0,aa61ab4cc86d051f499b,0.8803692660139585,6,full,-54277.50047954546,0.993216812317936,76944b37dca5b72c54820a56,5,ok,,0.9850459881493702,5,5,full,-53023.31992641935,0.035838000010699034,"{""agglom_affinities"":[""mahalanobis""],""agglom_linkages"":[""ward""],""covariances"":[""full"",""diag"",""tied"",""spherical""],""criterion"":""bic"",""early_stop_delta"":0.0,""eigen_thres"":true,""init_agglomerative"":true,""max_components"":5,""min_components"":5,""n_init_kmeans"":1,""n_jobs"":1,""random_state"":9,""reg_covar"":1e-06,""verbose"":false}"
independent_permutation,2048,10,autog2m2,tcga_d2048_seed10_autog2m2_634eb24d32e095846e67.npz,c73d4666ac3b1bba8467669ea4ede635fc252c22b197385feb696c3b93b9736f,116e8c738b67d43fe3c9f06f20174e960923babf372a30bbbaff04b5b2c431c0,aa61ab4cc86d051f499b,0.0436083700762757,2,diag,-104755.8395382469,0.4848106533499792,3910ce9f99a7aa33cd9d063c,5,ok,,0.08882301101436713,5,5,spherical,-104586.4241276682,0.20815899997251108,"{""agglom_affinities"":[""mahalanobis""],""agglom_linkages"":[""ward""],""covariances"":[""full"",""diag"",""tied"",""spherical""],""criterion"":""bic"",""early_stop_delta"":0.0,""eigen_thres"":true,""init_agglomerative"":true,""max_components"":5,""min_components"":5,""n_init_kmeans"":1,""n_jobs"":1,""random_state"":10,""reg_covar"":1e-06,""verbose"":false}"
independent_permutation,2048,10,pca,tcga_d2048_seed10_pca_5c3974dc370c8e99e40d.npz,5c8d3957d09ca131eb2cf85c8ad2a374354325244fcf0c16e2ecc1af43d44067,c200ba0aebec106167ec5ed9d16f7580aa0a7a35eaa27008a64b08de4debefdf,aa61ab4cc86d051f499b,0.8672226305595515,6,diag,73423.22762952569,0.9951727007906784,e2754589315f62afa5f2e31b,5,ok,,0.9925379262715904,5,5,diag,74058.93664251376,0.08937841700389981,"{""agglom_affinities"":[""mahalanobis""],""agglom_linkages"":[""ward""],""covariances"":[""full"",""diag"",""tied"",""spherical""],""criterion"":""bic"",""early_stop_delta"":0.0,""eigen_thres"":true,""init_agglomerative"":true,""max_components"":5,""min_components"":5,""n_init_kmeans"":1,""n_jobs"":1,""random_state"":10,""reg_covar"":1e-06,""verbose"":false}"
independent_permutation,2048,10,umap,tcga_d2048_seed10_umap_42f8c2fffe94e965ccfb.npz,a3178369bf70cd96bd5004551735548cf22223d2234a75b068b0fa75aadc0630,178441d43299df4b90ade26dd2621fb2f4b8a918743e2d0d0a6a2c0dff919115,aa61ab4cc86d051f499b,0.8765138215859231,6,full,-51410.98105952902,0.9927590511860176,899b87dca3702264275aec21,5,ok,,0.9869086979087469,5,5,full,-50634.54814754147,0.03661566600203514,"{""agglom_affinities"":[""mahalanobis""],""agglom_linkages"":[""ward""],""covariances"":[""full"",""diag"",""tied"",""spherical""],""criterion"":""bic"",""early_stop_delta"":0.0,""eigen_thres"":true,""init_agglomerative"":true,""max_components"":5,""min_components"":5,""n_init_kmeans"":1,""n_jobs"":1,""random_state"":10,""reg_covar"":1e-06,""verbose"":false}"
independent_permutation,2048,11,autog2m2,tcga_d2048_seed11_autog2m2_14be1922f5c3fce3a2b8.npz,ac082454b0c7a0a836a72b70623d4b92027e24a3ca3563efdbde556984f2d484,844a70af82884e166266cf569d04101e09cc40010f498034c09b062950cdcb7c,aa61ab4cc86d051f499b,0.0216511922720586,2,diag,-63937.52209436659,0.6441531419059509,c11e7c16873943d84178920b,5,ok,,0.5300251021859033,5,5,spherical,-63800.446770237984,0.15909191698301584,"{""agglom_affinities"":[""mahalanobis""],""agglom_linkages"":[""ward""],""covariances"":[""full"",""diag"",""tied"",""spherical""],""criterion"":""bic"",""early_stop_delta"":0.0,""eigen_thres"":true,""init_agglomerative"":true,""max_components"":5,""min_components"":5,""n_init_kmeans"":1,""n_jobs"":1,""random_state"":11,""reg_covar"":1e-06,""verbose"":false}"
independent_permutation,2048,11,pca,tcga_d2048_seed11_pca_c3553122a92c63666fda.npz,fce465a33cc0ecd328429faabd5b61f47b8690419f6ee791abc70d2d4259e7f7,7b108cc137bac82a2a1e490be39a5bb51cf29541e7185a93ae375f20c0b596e2,aa61ab4cc86d051f499b,0.8818684211402162,6,diag,73397.50840001427,0.9952559300873908,a6c59897cb55de6f01c93bb2,5,ok,,1.0,5,5,diag,74038.05054071145,0.09108666697284207,"{""agglom_affinities"":[""mahalanobis""],""agglom_linkages"":[""ward""],""covariances"":[""full"",""diag"",""tied"",""spherical""],""criterion"":""bic"",""early_stop_delta"":0.0,""eigen_thres"":true,""init_agglomerative"":true,""max_components"":5,""min_components"":5,""n_init_kmeans"":1,""n_jobs"":1,""random_state"":11,""reg_covar"":1e-06,""verbose"":false}"
independent_permutation,2048,11,umap,tcga_d2048_seed11_umap_981071d4391a953b093c.npz,7ee06c32424dc41d6444ca83f2823a051615d31f5016e32e6a0569297047ad63,dfe35d9afbdabf8326e3d4a8e75fc8cb89ee58eacb982e5030af6c7f2e48e8de,aa61ab4cc86d051f499b,0.8744741084997586,6,full,-52860.06067755406,0.9946733250104036,19dba573e000d75f6d3503d6,5,ok,,0.9887466505384658,5,5,full,-52036.04200361265,0.035688583040609956,"{""agglom_affinities"":[""mahalanobis""],""agglom_linkages"":[""ward""],""covariances"":[""full"",""diag"",""tied"",""spherical""],""criterion"":""bic"",""early_stop_delta"":0.0,""eigen_thres"":true,""init_agglomerative"":true,""max_components"":5,""min_components"":5,""n_init_kmeans"":1,""n_jobs"":1,""random_state"":11,""reg_covar"":1e-06,""verbose"":false}"
independent_permutation,2048,12,autog2m2,tcga_d2048_seed12_autog2m2_ef859bb3c474a57fbfd2.npz,3756ce35223d852a037717da73059371e9359602ed1439793154f4637ae622a6,a8051934ca3be147622af8fb7ef508896271a0d940d0019dc3e908431e88cb9e,aa61ab4cc86d051f499b,0.5173022686126356,10,spherical,-65728.45046158372,0.7494798168955472,95dc84280b41e7790e14f9e9,5,ok,,0.44215485305521224,5,5,diag,-65263.574274057915,0.12221241602674127,"{""agglom_affinities"":[""mahalanobis""],""agglom_linkages"":[""ward""],""covariances"":[""full"",""diag"",""tied"",""spherical""],""criterion"":""bic"",""early_stop_delta"":0.0,""eigen_thres"":true,""init_agglomerative"":true,""max_components"":5,""min_components"":5,""n_init_kmeans"":1,""n_jobs"":1,""random_state"":12,""reg_covar"":1e-06,""verbose"":false}"
independent_permutation,2048,12,pca,tcga_d2048_seed12_pca_db1de598d10fe2937512.npz,0f3f0d600c29c011420cfbcfaae937cce7c3ddba93fe820e80e680179d51a3c4,8c4f29fbacc9804bdd0d2d027236eeeaeeb1d38745a4f1c21641a4eb8cb22392,aa61ab4cc86d051f499b,0.8602198433026041,6,diag,73377.76994627468,0.9958385351643778,b0285c9a7b92fd6dd3f6733c,5,ok,,0.9962578040012737,5,5,diag,74042.667778665,0.08808004198363051,"{""agglom_affinities"":[""mahalanobis""],""agglom_linkages"":[""ward""],""covariances"":[""full"",""diag"",""tied"",""spherical""],""criterion"":""bic"",""early_stop_delta"":0.0,""eigen_thres"":true,""init_agglomerative"":true,""max_components"":5,""min_components"":5,""n_init_kmeans"":1,""n_jobs"":1,""random_state"":12,""reg_covar"":1e-06,""verbose"":false}"
independent_permutation,2048,12,umap,tcga_d2048_seed12_umap_f53dc63d02d8d9f303d0.npz,934f3611587dce6275e724af1c24ea30b1e43986c82d4d07c4524e96b5f440e3,00071da9dd1cdd59c0abdf71b6d028bb0ba231d13e6098512c93fdc33608d764,aa61ab4cc86d051f499b,0.8860109622265114,6,full,-51987.92539259071,0.9956304619225969,189370ef517e91cde5336617,5,ok,,0.9887466505384658,5,5,full,-51064.61541911509,0.03536120802164078,"{""agglom_affinities"":[""mahalanobis""],""agglom_linkages"":[""ward""],""covariances"":[""full"",""diag"",""tied"",""spherical""],""criterion"":""bic"",""early_stop_delta"":0.0,""eigen_thres"":true,""init_agglomerative"":true,""max_components"":5,""min_components"":5,""n_init_kmeans"":1,""n_jobs"":1,""random_state"":12,""reg_covar"":1e-06,""verbose"":false}"
independent_permutation,2048,13,autog2m2,tcga_d2048_seed13_autog2m2_82a2c7219d73450d41b3.npz,bef58b22c7610d0576d009cc594dc0bb2847af25fe13c486aa67fbb83be54765,f3dcc50697677ce4e66ab47624b4fb1e2104675a17049b6cfe41a89483e5dcb5,aa61ab4cc86d051f499b,0.0014574530893972,2,diag,-121043.81947063924,0.3825634623387432,38b4b8bd8c4089ac4be443fc,5,ok,,0.17509523680428102,5,5,diag,-120723.60507731276,0.20513274997938424,"{""agglom_affinities"":[""mahalanobis""],""agglom_linkages"":[""ward""],""covariances"":[""full"",""diag"",""tied"",""spherical""],""criterion"":""bic"",""early_stop_delta"":0.0,""eigen_thres"":true,""init_agglomerative"":true,""max_components"":5,""min_components"":5,""n_init_kmeans"":1,""n_jobs"":1,""random_state"":13,""reg_covar"":1e-06,""verbose"":false}"
independent_permutation,2048,13,pca,tcga_d2048_seed13_pca_ca2614b66a44171a9e18.npz,5b32740a6bf361876cfbac0d6b4e0730cec4ea6c7e3505ee60aa04c0fc959541,daec6d32e400ebffd38745f010ce59068361cf28de000caa42c47fb1aff92e0b,aa61ab4cc86d051f499b,0.78865777409818,8,diag,73361.98745946525,0.9950478568456096,cd12a03fa8de45921d5da692,5,ok,,0.9925379262715904,5,5,diag,74057.9055229306,0.08577962499111891,"{""agglom_affinities"":[""mahalanobis""],""agglom_linkages"":[""ward""],""covariances"":[""full"",""diag"",""tied"",""spherical""],""criterion"":""bic"",""early_stop_delta"":0.0,""eigen_thres"":true,""init_agglomerative"":true,""max_components"":5,""min_components"":5,""n_init_kmeans"":1,""n_jobs"":1,""random_state"":13,""reg_covar"":1e-06,""verbose"":false}"
independent_permutation,2048,13,umap,tcga_d2048_seed13_umap_7da8e16948db6ff4441e.npz,9984fe876425d26d1ff6c0922ac43348f23459be7f08c0c4e4adab5e8fdcc48c,c9e11bcea788f0bff9c97aa675f08b4551c3fae83a680d8f60c4e38763402a0c,aa61ab4cc86d051f499b,0.8769430699308144,6,full,-52447.1789857376,0.9912609238451936,6f3315e0b22c67a610d176ed,5,ok,,0.9813677979073048,5,5,full,-51427.240951708685,0.03876695898361504,"{""agglom_affinities"":[""mahalanobis""],""agglom_linkages"":[""ward""],""covariances"":[""full"",""diag"",""tied"",""spherical""],""criterion"":""bic"",""early_stop_delta"":0.0,""eigen_thres"":true,""init_agglomerative"":true,""max_components"":5,""min_components"":5,""n_init_kmeans"":1,""n_jobs"":1,""random_state"":13,""reg_covar"":1e-06,""verbose"":false}"
independent_permutation,2048,14,autog2m2,tcga_d2048_seed14_autog2m2_a608c182414f7b90f2b3.npz,3fa597cb0459fd3e2722eaa67d36419856526474f432cac53c4d58d6ca627b7f,08362114304158252ef0d76e71d40de2c0b741a73fe67413f90e1c7a81460920,aa61ab4cc86d051f499b,0.1027644819149036,2,diag,-90678.80740729354,0.5001248439450686,7930d7a4ff9c13da418c9cb4,5,ok,,0.320814747861017,5,5,spherical,-90581.93130143228,0.20259579201228917,"{""agglom_affinities"":[""mahalanobis""],""agglom_linkages"":[""ward""],""covariances"":[""full"",""diag"",""tied"",""spherical""],""criterion"":""bic"",""early_stop_delta"":0.0,""eigen_thres"":true,""init_agglomerative"":true,""max_components"":5,""min_components"":5,""n_init_kmeans"":1,""n_jobs"":1,""random_state"":14,""reg_covar"":1e-06,""verbose"":false}"
independent_permutation,2048,14,pca,tcga_d2048_seed14_pca_2d43a3c55a6159bf6383.npz,a12a65562d7b014e7498a0f91601f610a09ef4574c60d78cfb3eb6fc51bdfde8,ee8a31ba6c9cf188bc6c202b101b6d0cb9aac086a34457a0d56facb7bac3a90d,aa61ab4cc86d051f499b,0.834209440395972,7,diag,73288.74491977513,0.994756554307116,54f46e68009c6b75a9fc5bd8,5,ok,,0.9907046830195056,5,5,diag,73993.21607602172,0.09367879194905981,"{""agglom_affinities"":[""mahalanobis""],""agglom_linkages"":[""ward""],""covariances"":[""full"",""diag"",""tied"",""spherical""],""criterion"":""bic"",""early_stop_delta"":0.0,""eigen_thres"":true,""init_agglomerative"":true,""max_components"":5,""min_components"":5,""n_init_kmeans"":1,""n_jobs"":1,""random_state"":14,""reg_covar"":1e-06,""verbose"":false}"
independent_permutation,2048,14,umap,tcga_d2048_seed14_umap_6104b6ab003bc54efda5.npz,c28deb727d05b09e7dbf180bb661cc06c02814708a3a7ac814cb4a8d4a22d066,dc1e6709d460b55b2f1f1ff6c4eba092bed8b4d04401177e1ccbf02ec2665f23,aa61ab4cc86d051f499b,0.8806075044343588,6,full,-55965.88770979522,0.992883895131086,c42ae947ca055c13b7f5bdbe,5,ok,,0.9850459881493702,5,5,full,-54810.96598648858,0.03592200001003221,"{""agglom_affinities"":[""mahalanobis""],""agglom_linkages"":[""ward""],""covariances"":[""full"",""diag"",""tied"",""spherical""],""criterion"":""bic"",""early_stop_delta"":0.0,""eigen_thres"":true,""init_agglomerative"":true,""max_components"":5,""min_components"":5,""n_init_kmeans"":1,""n_jobs"":1,""random_state"":14,""reg_covar"":1e-06,""verbose"":false}"
independent_permutation,2048,15,autog2m2,tcga_d2048_seed15_autog2m2_65c06aee81a5fb9d94d4.npz,671fc8c1409d51b9ddaca75a55c928bd02530764396084ff1b7af5e544281836,6a5f629f3996d56faf912bf0ecb1dde600136f19f152000fdae0c66b1367ae9c,aa61ab4cc86d051f499b,0.0999350644040553,2,diag,-71870.57515997143,0.5697045359966708,f2f77c683aee28a461908275,5,ok,,0.3124375655849986,5,5,spherical,-71758.5533422658,0.2332697089877911,"{""agglom_affinities"":[""mahalanobis""],""agglom_linkages"":[""ward""],""covariances"":[""full"",""diag"",""tied"",""spherical""],""criterion"":""bic"",""early_stop_delta"":0.0,""eigen_thres"":true,""init_agglomerative"":true,""max_components"":5,""min_components"":5,""n_init_kmeans"":1,""n_jobs"":1,""random_state"":15,""reg_covar"":1e-06,""verbose"":false}"
independent_permutation,2048,15,pca,tcga_d2048_seed15_pca_ccf07339a0563c43104c.npz,f22f29a094183b35a213c9b9ff216f46f62e9836efc6827d39677f80754f12df,46837a9d87189ed65bb28699ec4993183cd2aa619cebb6264c72ecc6bc08bd38,aa61ab4cc86d051f499b,0.8378428590971642,7,diag,73139.54449253733,0.9952559300873908,c3414a431907c138292d4a56,5,ok,,0.9962578040012737,5,5,diag,73895.52700191844,0.08877237502019852,"{""agglom_affinities"":[""mahalanobis""],""agglom_linkages"":[""ward""],""covariances"":[""full"",""diag"",""tied"",""spherical""],""criterion"":""bic"",""early_stop_delta"":0.0,""eigen_thres"":true,""init_agglomerative"":true,""max_components"":5,""min_components"":5,""n_init_kmeans"":1,""n_jobs"":1,""random_state"":15,""reg_covar"":1e-06,""verbose"":false}"
independent_permutation,2048,15,umap,tcga_d2048_seed15_umap_500ad04bbe52143298ff.npz,936e00fefc696dd400e07e2da2efdc370dbac0414e31e01c0bfe444ccba23630,a07032d5d82250a78591ee8c00a51eafcdc21322a69a5fc11c9ccb08cfb6c597,aa61ab4cc86d051f499b,0.9027343855164616,6,full,-53844.9296306972,0.9945900957136912,ed40baa31312c2e436e74509,5,ok,,0.9850459881493702,5,5,full,-53042.7043384318,0.03589391696732491,"{""agglom_affinities"":[""mahalanobis""],""agglom_linkages"":[""ward""],""covariances"":[""full"",""diag"",""tied"",""spherical""],""criterion"":""bic"",""early_stop_delta"":0.0,""eigen_thres"":true,""init_agglomerative"":true,""max_components"":5,""min_components"":5,""n_init_kmeans"":1,""n_jobs"":1,""random_state"":15,""reg_covar"":1e-06,""verbose"":false}"
independent_permutation,2048,16,autog2m2,tcga_d2048_seed16_autog2m2_c3f6335ac4120a3477c5.npz,f927c7e3af7379684163f0afcc993b6f56b0abaf4b39fb2c0007a7ce73140098,e84000ea4ac7c2ec4c7e86ff45b264a5d53c2549438f7d6f6aa3ff81d1d2cfa1,aa61ab4cc86d051f499b,0.4152992045809063,6,spherical,-48410.80908178466,0.6226799833541407,4c3dffb5f3202dba9addc5e5,5,ok,,0.45612277147460784,5,5,spherical,-48338.90079358064,0.17590120900422335,"{""agglom_affinities"":[""mahalanobis""],""agglom_linkages"":[""ward""],""covariances"":[""full"",""diag"",""tied"",""spherical""],""criterion"":""bic"",""early_stop_delta"":0.0,""eigen_thres"":true,""init_agglomerative"":true,""max_components"":5,""min_components"":5,""n_init_kmeans"":1,""n_jobs"":1,""random_state"":16,""reg_covar"":1e-06,""verbose"":false}"
independent_permutation,2048,16,pca,tcga_d2048_seed16_pca_35142f73068527dd0928.npz,51c0ad1f722de363f28af88ec7f29074c14d7fe6ef630698a4a8ebf6ea7fbbcd,772f7545e40a725f6283e5f40878f20d8b7439f7b2946cc67ac6e71c69b8ab3d,aa61ab4cc86d051f499b,0.8708228087577962,6,diag,73172.18337351328,0.99471493965876,c190fe9b96a92535ce110dc0,5,ok,,0.9925379262715904,5,5,diag,73890.27810192024,0.09162216598633677,"{""agglom_affinities"":[""mahalanobis""],""agglom_linkages"":[""ward""],""covariances"":[""full"",""diag"",""tied"",""spherical""],""criterion"":""bic"",""early_stop_delta"":0.0,""eigen_thres"":true,""init_agglomerative"":true,""max_components"":5,""min_components"":5,""n_init_kmeans"":1,""n_jobs"":1,""random_state"":16,""reg_covar"":1e-06,""verbose"":false}"
independent_permutation,2048,16,umap,tcga_d2048_seed16_umap_27957849ecec60f13a82.npz,2daa4d02385795604a8429f4269be2a8cbbe416caf0a7ca5819a9a59a579f465,e8d7086fbe7c7ca2a4a8880e7f829663bb4ba5eb5892fc0027c92f249b1e1a4c,aa61ab4cc86d051f499b,0.8783602477657602,6,full,-52738.998163197095,0.994756554307116,5c9e1ee382d2680ed84706e2,5,ok,,0.9888404171169738,5,5,full,-51223.07792905127,0.036647832952439785,"{""agglom_affinities"":[""mahalanobis""],""agglom_linkages"":[""ward""],""covariances"":[""full"",""diag"",""tied"",""spherical""],""criterion"":""bic"",""early_stop_delta"":0.0,""eigen_thres"":true,""init_agglomerative"":true,""max_components"":5,""min_components"":5,""n_init_kmeans"":1,""n_jobs"":1,""random_state"":16,""reg_covar"":1e-06,""verbose"":false}"
independent_permutation,2048,17,autog2m2,tcga_d2048_seed17_autog2m2_9674b037e7be091ef079.npz,0c07031cff62bfea7c7f03267707a84fff6e90501c780384119653710d40a520,77d26cb4f192ca513c8ddf22e1d5a9c6bb6fc6d48b1031706e57e788de16d3db,aa61ab4cc86d051f499b,0.1272601416112966,2,diag,-73550.2060819804,0.5410320432792343,ef65e3d5160ae944c8356fc1,5,ok,,0.23672990265499616,5,5,spherical,-73436.9995581039,0.1867776250001043,"{""agglom_affinities"":[""mahalanobis""],""agglom_linkages"":[""ward""],""covariances"":[""full"",""diag"",""tied"",""spherical""],""criterion"":""bic"",""early_stop_delta"":0.0,""eigen_thres"":true,""init_agglomerative"":true,""max_components"":5,""min_components"":5,""n_init_kmeans"":1,""n_jobs"":1,""random_state"":17,""reg_covar"":1e-06,""verbose"":false}"
independent_permutation,2048,17,pca,tcga_d2048_seed17_pca_dad06e496391dac7f617.npz,85d9c535434bc5c0e3ec2988aad716403d2dd745684291094c55ff6a38b7557d,18671c85b837c53f00aee4d84419e0a93168f1e08c41cdcecb68bc670adc8623,aa61ab4cc86d051f499b,0.8330603541807217,7,diag,73258.44469523602,0.9947981689554724,c4dd9e739c8c79b6e030ece0,5,ok,,0.9925379262715904,5,5,diag,73970.13350088394,0.08872958295978606,"{""agglom_affinities"":[""mahalanobis""],""agglom_linkages"":[""ward""],""covariances"":[""full"",""diag"",""tied"",""spherical""],""criterion"":""bic"",""early_stop_delta"":0.0,""eigen_thres"":true,""init_agglomerative"":true,""max_components"":5,""min_components"":5,""n_init_kmeans"":1,""n_jobs"":1,""random_state"":17,""reg_covar"":1e-06,""verbose"":false}"
independent_permutation,2048,17,umap,tcga_d2048_seed17_umap_53689079b8689feb6d61.npz,c3e66d49a28e176b16a1ae291fcdbcf882a7b4502587fa94845d0395a308e070,bff5b5e92fecb97488414004b29fa6f81d2411e9eb860ac122852d47ba964b8c,aa61ab4cc86d051f499b,0.8842991276004155,6,full,-52830.1857366657,0.9926342072409488,64b13b9714b0e86430de5388,5,ok,,0.9850459881493702,5,5,full,-52345.131457555915,0.06777895800769329,"{""agglom_affinities"":[""mahalanobis""],""agglom_linkages"":[""ward""],""covariances"":[""full"",""diag"",""tied"",""spherical""],""criterion"":""bic"",""early_stop_delta"":0.0,""eigen_thres"":true,""init_agglomerative"":true,""max_components"":5,""min_components"":5,""n_init_kmeans"":1,""n_jobs"":1,""random_state"":17,""reg_covar"":1e-06,""verbose"":false}"
independent_permutation,2048,18,autog2m2,tcga_d2048_seed18_autog2m2_5c92ed4591e2b2a111c9.npz,421fab2827e81dc8b31d95ef49fddc36a45e54c912e1d7ee22c92f9b789c93e1,b684c7bf54e65415536ce714cff238e4b0ae97460138a9ef9d3f318955de1a24,aa61ab4cc86d051f499b,0.5996696674693291,6,spherical,-50065.54047158414,0.717686225551394,31d91e275fe95fe28f8a1157,5,ok,,0.6028578277804617,5,5,spherical,-49936.510752841124,0.14911195798777044,"{""agglom_affinities"":[""mahalanobis""],""agglom_linkages"":[""ward""],""covariances"":[""full"",""diag"",""tied"",""spherical""],""criterion"":""bic"",""early_stop_delta"":0.0,""eigen_thres"":true,""init_agglomerative"":true,""max_components"":5,""min_components"":5,""n_init_kmeans"":1,""n_jobs"":1,""random_state"":18,""reg_covar"":1e-06,""verbose"":false}"
independent_permutation,2048,18,pca,tcga_d2048_seed18_pca_f739faa2a2ee41032015.npz,c700b88299175d592f72538d57213730f1178b5fac3668ccde468609aeef4edf,3eafe74c355aa7e49e237322c20ad7957d9b39f51b375f821c23a6eea3a09a00,aa61ab4cc86d051f499b,0.8670924864379265,6,diag,73400.4774479932,0.9944652517686224,641ebe6fcf5efb35539eecd0,5,ok,,0.9907046830195056,5,5,diag,74036.8963606696,0.08734120801091194,"{""agglom_affinities"":[""mahalanobis""],""agglom_linkages"":[""ward""],""covariances"":[""full"",""diag"",""tied"",""spherical""],""criterion"":""bic"",""early_stop_delta"":0.0,""eigen_thres"":true,""init_agglomerative"":true,""max_components"":5,""min_components"":5,""n_init_kmeans"":1,""n_jobs"":1,""random_state"":18,""reg_covar"":1e-06,""verbose"":false}"
independent_permutation,2048,18,umap,tcga_d2048_seed18_umap_25dea66ecdcc94752189.npz,4d98a6f6059e06e19ba2a10030fdec6b03933efabf2f595c05e4fc1eb3872011,d7088084feebff5ecfbb98a696dfd61ea0bb290f8570e14354009700ef9e14ec,aa61ab4cc86d051f499b,0.8005428409434998,6,full,-58154.289092045685,0.9946733250104036,816c9ae9bec548546c73a25f,5,ok,,0.9887466505384658,5,5,full,-57972.02222929872,0.036078541015740484,"{""agglom_affinities"":[""mahalanobis""],""agglom_linkages"":[""ward""],""covariances"":[""full"",""diag"",""tied"",""spherical""],""criterion"":""bic"",""early_stop_delta"":0.0,""eigen_thres"":true,""init_agglomerative"":true,""max_components"":5,""min_components"":5,""n_init_kmeans"":1,""n_jobs"":1,""random_state"":18,""reg_covar"":1e-06,""verbose"":false}"
independent_permutation,2048,19,autog2m2,tcga_d2048_seed19_autog2m2_00f4d492f9d350266f91.npz,72185b6d7cefa68b894a90843cbe0cb4601d7a9c25965ea6a1ccf08e46f7827f,f061dd311fa986ef3afbc7f410ff01e97f4f206506af281bb9dc045eb28037f8,aa61ab4cc86d051f499b,0.4337772454321204,8,spherical,-57076.40044616694,0.6510611735330837,464df6642a1bd7d1be04398b,5,ok,,0.3334722848650657,5,5,spherical,-56951.318209492434,0.16993570799240842,"{""agglom_affinities"":[""mahalanobis""],""agglom_linkages"":[""ward""],""covariances"":[""full"",""diag"",""tied"",""spherical""],""criterion"":""bic"",""early_stop_delta"":0.0,""eigen_thres"":true,""init_agglomerative"":true,""max_components"":5,""min_components"":5,""n_init_kmeans"":1,""n_jobs"":1,""random_state"":19,""reg_covar"":1e-06,""verbose"":false}"
independent_permutation,2048,19,pca,tcga_d2048_seed19_pca_4ebdf0c3d515321ebf88.npz,06576e3bd728ed7a941069d9d27ca131df73c97a49c2c69b7fa5665dc8e586ec,329e720687473373a4d83173bf1aaecf7b15d06d6aa862a05383bc3dc431ac15,aa61ab4cc86d051f499b,0.8708228087577962,6,diag,73323.9316185979,0.9949646275488973,c6886b307a1405c318f37245,5,ok,,0.9925379262715904,5,5,diag,73975.28019318264,0.08939883299171925,"{""agglom_affinities"":[""mahalanobis""],""agglom_linkages"":[""ward""],""covariances"":[""full"",""diag"",""tied"",""spherical""],""criterion"":""bic"",""early_stop_delta"":0.0,""eigen_thres"":true,""init_agglomerative"":true,""max_components"":5,""min_components"":5,""n_init_kmeans"":1,""n_jobs"":1,""random_state"":19,""reg_covar"":1e-06,""verbose"":false}"
independent_permutation,2048,19,umap,tcga_d2048_seed19_umap_34e52682ebe538ebbba3.npz,7317235b8e511eb7bc367fc4ad10952aa5de47ff8ffef50685b8834db5a62c12,c488f025c181dd4c9c071d0854e8bfd6c117cbf7b27b67a94fda89aee4db60b9,aa61ab4cc86d051f499b,0.8803692660139585,6,full,-54895.59381252025,0.9929255097794424,08c4308057678eedd987af58,5,ok,,0.9850459881493702,5,5,full,-54116.966577787556,0.03613554098410532,"{""agglom_affinities"":[""mahalanobis""],""agglom_linkages"":[""ward""],""covariances"":[""full"",""diag"",""tied"",""spherical""],""criterion"":""bic"",""early_stop_delta"":0.0,""eigen_thres"":true,""init_agglomerative"":true,""max_components"":5,""min_components"":5,""n_init_kmeans"":1,""n_jobs"":1,""random_state"":19,""reg_covar"":1e-06,""verbose"":false}"
independent_permutation,4096,0,autog2m2,tcga_d4096_seed0_autog2m2_38f3d3d34add931a7e7b.npz,9ff2197913eee1043d75e6fa0f3cc3561fe2f6d4652dd8c65fdcb573c19f1f55,9b998ea24d53314e014eebe73dce94ed3eb5a01573ce02ace448e013ba2729f7,aa61ab4cc86d051f499b,0.1488883271378511,4,spherical,-48314.79650663924,0.4834373699542239,a9fe7332e98785c5f4aff13d,5,ok,,0.17727977480075183,5,5,spherical,-48215.955527450795,0.17864779202500358,"{""agglom_affinities"":[""mahalanobis""],""agglom_linkages"":[""ward""],""covariances"":[""full"",""diag"",""tied"",""spherical""],""criterion"":""bic"",""early_stop_delta"":0.0,""eigen_thres"":true,""init_agglomerative"":true,""max_components"":5,""min_components"":5,""n_init_kmeans"":1,""n_jobs"":1,""random_state"":0,""reg_covar"":1e-06,""verbose"":false}"
independent_permutation,4096,0,pca,tcga_d4096_seed0_pca_5f9973c27cb2e8a5ef7a.npz,8338188a2ff68ee9acb1b4a1a894d6e8544ce028b4250640d11e6165f0ff3737,8185670f05ce98986b501901e452932b5296eff8fb72cb368b5e08a665e4bb61,aa61ab4cc86d051f499b,0.8744269598224075,6,diag,79824.9269644056,0.9933000416146484,f03d1590920d3981499e4887,5,ok,,0.9907046830195056,5,5,diag,80382.71334243217,0.08794029202545062,"{""agglom_affinities"":[""mahalanobis""],""agglom_linkages"":[""ward""],""covariances"":[""full"",""diag"",""tied"",""spherical""],""criterion"":""bic"",""early_stop_delta"":0.0,""eigen_thres"":true,""init_agglomerative"":true,""max_components"":5,""min_components"":5,""n_init_kmeans"":1,""n_jobs"":1,""random_state"":0,""reg_covar"":1e-06,""verbose"":false}"
independent_permutation,4096,0,umap,tcga_d4096_seed0_umap_09692e4e82731d5056e7.npz,dc9c84cd0f86906abd645b821128bda2241141c98820f24ded8b11e1d25d285b,30c35167e2233e99aee5bd50d58bf7ddf973d9a44b0ddded54a6a9e0b3d6801b,aa61ab4cc86d051f499b,0.9901239658667678,5,full,-47928.56005278455,0.9956304619225969,dcd4266f4b21011e70536006,5,ok,,0.9901239658667678,5,5,full,-47928.56005278464,0.03618295805063099,"{""agglom_affinities"":[""mahalanobis""],""agglom_linkages"":[""ward""],""covariances"":[""full"",""diag"",""tied"",""spherical""],""criterion"":""bic"",""early_stop_delta"":0.0,""eigen_thres"":true,""init_agglomerative"":true,""max_components"":5,""min_components"":5,""n_init_kmeans"":1,""n_jobs"":1,""random_state"":0,""reg_covar"":1e-06,""verbose"":false}"
independent_permutation,4096,1,autog2m2,tcga_d4096_seed1_autog2m2_b0d6c83451b81d41e008.npz,775304c92d6e488eb94a7d386a4fb645da30517ac6e7572969dc36903e784231,cc6c4e393de74665469b06e294dc4256cc23db527b22f721f486ee5813ecfb42,aa61ab4cc86d051f499b,0.0818192044766949,2,diag,-66664.08104040474,0.4462754889721181,95c0014ef2ba8d5e6aa891f5,5,ok,,0.13953888631352157,5,5,spherical,-66528.27331665327,0.17117004201281816,"{""agglom_affinities"":[""mahalanobis""],""agglom_linkages"":[""ward""],""covariances"":[""full"",""diag"",""tied"",""spherical""],""criterion"":""bic"",""early_stop_delta"":0.0,""eigen_thres"":true,""init_agglomerative"":true,""max_components"":5,""min_components"":5,""n_init_kmeans"":1,""n_jobs"":1,""random_state"":1,""reg_covar"":1e-06,""verbose"":false}"
independent_permutation,4096,1,pca,tcga_d4096_seed1_pca_7dac825aedb3ce8fcf3f.npz,395f8699c3f95439ab43ca933e10e61a43247f62d8c143bed10875c936e67f01,d4bdf62e111180459e76c1553a3e660dd325884e6b3ab60fc247e6f0133c90cf,aa61ab4cc86d051f499b,0.8690145639371023,6,diag,79895.888356032,0.9937161880982106,4cbbe614c7f525d2d31b003d,5,ok,,0.9925379262715904,5,5,diag,80449.40030734541,0.08920641703298315,"{""agglom_affinities"":[""mahalanobis""],""agglom_linkages"":[""ward""],""covariances"":[""full"",""diag"",""tied"",""spherical""],""criterion"":""bic"",""early_stop_delta"":0.0,""eigen_thres"":true,""init_agglomerative"":true,""max_components"":5,""min_components"":5,""n_init_kmeans"":1,""n_jobs"":1,""random_state"":1,""reg_covar"":1e-06,""verbose"":false}"
independent_permutation,4096,1,umap,tcga_d4096_seed1_umap_48d3f5d9bdf40c660fc5.npz,865629843659e3582c1016fb48123fe08283a248760ad68ccdd7819c7ddeb7ab,2bb446e76235b55e7448516efe7207117016aa2fc380c2c972f81b4d8d02234e,aa61ab4cc86d051f499b,0.8522304155411009,6,full,-46585.18935286033,0.996046608406159,89c98fda80c8f91f58dbb7b2,5,ok,,0.9924697364526301,5,5,full,-46549.87455440718,0.03534891700837761,"{""agglom_affinities"":[""mahalanobis""],""agglom_linkages"":[""ward""],""covariances"":[""full"",""diag"",""tied"",""spherical""],""criterion"":""bic"",""early_stop_delta"":0.0,""eigen_thres"":true,""init_agglomerative"":true,""max_components"":5,""min_components"":5,""n_init_kmeans"":1,""n_jobs"":1,""random_state"":1,""reg_covar"":1e-06,""verbose"":false}"
independent_permutation,4096,2,autog2m2,tcga_d4096_seed2_autog2m2_30f789f9dd41905ba60f.npz,06677b2d021f0d6164ef5426e0ea0251a924684c601dedcc1340680cce0f4175,9de862846fa9745e6ac96fdce20189120c5fccb216b8560abb0d1346d2ef30ad,aa61ab4cc86d051f499b,0.0064827996350259,3,spherical,-77531.02046464146,0.3732001664585934,8d7edcf50fa13a6b06f0e8a6,5,ok,,0.029015377907144802,5,5,spherical,-77343.00168833385,0.2023485000245273,"{""agglom_affinities"":[""mahalanobis""],""agglom_linkages"":[""ward""],""covariances"":[""full"",""diag"",""tied"",""spherical""],""criterion"":""bic"",""early_stop_delta"":0.0,""eigen_thres"":true,""init_agglomerative"":true,""max_components"":5,""min_components"":5,""n_init_kmeans"":1,""n_jobs"":1,""random_state"":2,""reg_covar"":1e-06,""verbose"":false}"
independent_permutation,4096,2,pca,tcga_d4096_seed2_pca_d2ef5441b5a0c4af8e84.npz,4ce8330c63a268864f5a4ddf3b7d891d7047a12d17d4efd4221b04b64811644a,2be01ad9be690c37217b32f456024e0c96f1da5efb94cb0308cc38fb24dddb53,aa61ab4cc86d051f499b,0.8799450376737686,6,diag,79933.98753654562,0.9929255097794424,d1ea02f2707ae6c84fc546e9,5,ok,,0.99441376636965,5,5,diag,80523.86784114875,0.08664279198274016,"{""agglom_affinities"":[""mahalanobis""],""agglom_linkages"":[""ward""],""covariances"":[""full"",""diag"",""tied"",""spherical""],""criterion"":""bic"",""early_stop_delta"":0.0,""eigen_thres"":true,""init_agglomerative"":true,""max_components"":5,""min_components"":5,""n_init_kmeans"":1,""n_jobs"":1,""random_state"":2,""reg_covar"":1e-06,""verbose"":false}"
independent_permutation,4096,2,umap,tcga_d4096_seed2_umap_ddee18dfc5785b543bae.npz,2ecd08014460c52137ee47204651b3349c6c1fd26a6570f115aff4a7e0098027,298dd2515ea90d1b158f43dc6ecefb158d0e424254fb78952cc771f8359d878e,aa61ab4cc86d051f499b,0.8725712018778964,6,full,-48728.67648540922,0.9971702039117768,7f2891be85f021ab4c6743f9,5,ok,,0.9924697364526301,5,5,full,-48457.08206503052,0.0362367500201799,"{""agglom_affinities"":[""mahalanobis""],""agglom_linkages"":[""ward""],""covariances"":[""full"",""diag"",""tied"",""spherical""],""criterion"":""bic"",""early_stop_delta"":0.0,""eigen_thres"":true,""init_agglomerative"":true,""max_components"":5,""min_components"":5,""n_init_kmeans"":1,""n_jobs"":1,""random_state"":2,""reg_covar"":1e-06,""verbose"":false}"
independent_permutation,4096,3,autog2m2,tcga_d4096_seed3_autog2m2_b861a003302039ba58dd.npz,ce3af3aa192fc285c696235d2f410550dc5c94a79eaa5bd0a2ed0a48efcedeb5,a7c156cc838ea5267e9930a01fa88234bcd5bf52dc236e047f004829b598ac9f,aa61ab4cc86d051f499b,-0.0027307228357792,3,diag,-64189.784669557426,0.3419059508947149,c48d1dfb11edf72b42ecae4e,5,ok,,-0.004394381439524357,5,5,spherical,-63978.00825031761,0.20877062500221655,"{""agglom_affinities"":[""mahalanobis""],""agglom_linkages"":[""ward""],""covariances"":[""full"",""diag"",""tied"",""spherical""],""criterion"":""bic"",""early_stop_delta"":0.0,""eigen_thres"":true,""init_agglomerative"":true,""max_components"":5,""min_components"":5,""n_init_kmeans"":1,""n_jobs"":1,""random_state"":3,""reg_covar"":1e-06,""verbose"":false}"
independent_permutation,4096,3,pca,tcga_d4096_seed3_pca_2d5acf7a6ce75cc05a86.npz,fedc71a5c1085ea03b9a445eb9793e3b717c16f2fe93f932db864881e8495943,7d080b215a42a8f47583e7b5cdf2ae05dde5d228dcf37c7083685c94b2069f8c,aa61ab4cc86d051f499b,0.870687677734764,6,diag,79833.25710535701,0.9931335830212236,303ff7c1b45cbe5dc50f001d,5,ok,,0.9869156994968339,5,5,diag,80412.97953824708,0.0908490419969894,"{""agglom_affinities"":[""mahalanobis""],""agglom_linkages"":[""ward""],""covariances"":[""full"",""diag"",""tied"",""spherical""],""criterion"":""bic"",""early_stop_delta"":0.0,""eigen_thres"":true,""init_agglomerative"":true,""max_components"":5,""min_components"":5,""n_init_kmeans"":1,""n_jobs"":1,""random_state"":3,""reg_covar"":1e-06,""verbose"":false}"
independent_permutation,4096,3,umap,tcga_d4096_seed3_umap_9a478e440caa680375b1.npz,c320fea37e0e93aa9899fa026564b16499f5af02429ed21ae529a99528ae4a4c,b000fff591e8a52cd6fc8229d94c5e986624c721a0b0852a69ddc4e88f225482,aa61ab4cc86d051f499b,0.9850459881493702,5,full,-47876.530922170015,0.992675821889305,56f337a345362a6f24c63b4e,5,ok,,0.9850459881493702,5,5,full,-47876.530922169964,0.03684150002663955,"{""agglom_affinities"":[""mahalanobis""],""agglom_linkages"":[""ward""],""covariances"":[""full"",""diag"",""tied"",""spherical""],""criterion"":""bic"",""early_stop_delta"":0.0,""eigen_thres"":true,""init_agglomerative"":true,""max_components"":5,""min_components"":5,""n_init_kmeans"":1,""n_jobs"":1,""random_state"":3,""reg_covar"":1e-06,""verbose"":false}"
independent_permutation,4096,4,autog2m2,tcga_d4096_seed4_autog2m2_0c45795274f4a5ac4e06.npz,2aadf2fddf648055e812b1242e3c1826ce3fc8d3ca626eb798393bfa4dfbd56b,11eb659a40ede176c76c4539d51d6c9d5770e1a7cfb503f3387990fbe70d3d2e,aa61ab4cc86d051f499b,0.0049753777496562,3,spherical,-53707.77332362935,0.3330420307948398,73b10a37f380e9d827de1703,5,ok,,0.03616554962368798,5,5,spherical,-53568.21841409138,0.22392516600666568,"{""agglom_affinities"":[""mahalanobis""],""agglom_linkages"":[""ward""],""covariances"":[""full"",""diag"",""tied"",""spherical""],""criterion"":""bic"",""early_stop_delta"":0.0,""eigen_thres"":true,""init_agglomerative"":true,""max_components"":5,""min_components"":5,""n_init_kmeans"":1,""n_jobs"":1,""random_state"":4,""reg_covar"":1e-06,""verbose"":false}"
independent_permutation,4096,4,pca,tcga_d4096_seed4_pca_ea4d1907a1d167a1de83.npz,748d168e2de5b07ee7ae9511821823f69faae9ccd2d2d0eb391aff2469f78c9a,42afa29bccba8d2a5afc76e5df0ea662200f9f630fad7065f23c73f36fdb46c0,aa61ab4cc86d051f499b,0.8801054410735073,6,diag,79905.62658615338,0.9937578027465668,40dc0bff423fcc75a1059f88,5,ok,,0.9962578040012737,5,5,diag,80460.86535010903,0.09031204198254272,"{""agglom_affinities"":[""mahalanobis""],""agglom_linkages"":[""ward""],""covariances"":[""full"",""diag"",""tied"",""spherical""],""criterion"":""bic"",""early_stop_delta"":0.0,""eigen_thres"":true,""init_agglomerative"":true,""max_components"":5,""min_components"":5,""n_init_kmeans"":1,""n_jobs"":1,""random_state"":4,""reg_covar"":1e-06,""verbose"":false}"
independent_permutation,4096,4,umap,tcga_d4096_seed4_umap_eec6bfb82222e7f2018f.npz,39072b0a7f6ed21b0ff1572768058d13a257b5894c89908b9ed9661e31db0352,3b4e6ddcb22a45f8b2b128bab5740cdf4769c541ff36cc7e7134cf8e0663ea8a,aa61ab4cc86d051f499b,0.99246973645263,5,full,-47092.9196001408,0.9965043695380774,dff55db38a024c7cd0532325,5,ok,,0.9924697364526301,5,5,full,-47092.919600140915,0.03664945799391717,"{""agglom_affinities"":[""mahalanobis""],""agglom_linkages"":[""ward""],""covariances"":[""full"",""diag"",""tied"",""spherical""],""criterion"":""bic"",""early_stop_delta"":0.0,""eigen_thres"":true,""init_agglomerative"":true,""max_components"":5,""min_components"":5,""n_init_kmeans"":1,""n_jobs"":1,""random_state"":4,""reg_covar"":1e-06,""verbose"":false}"
independent_permutation,4096,5,autog2m2,tcga_d4096_seed5_autog2m2_47f6814bc7a5cf63df2d.npz,9171691bea8ac24e0f7f2e5d28792ba340bc1d5af4aac76c094d195da0410375,51300bd9ef3cef708ab4a421987bd42856aa9496298947a2f8d23c9d0d6e4cc1,aa61ab4cc86d051f499b,0.0685147151110598,4,spherical,-64696.38505034562,0.3906367041198502,4c42e0dcf8d722f27dbd45c5,5,ok,,0.10641420948046584,5,5,spherical,-64602.44873810819,0.26209704199573025,"{""agglom_affinities"":[""mahalanobis""],""agglom_linkages"":[""ward""],""covariances"":[""full"",""diag"",""tied"",""spherical""],""criterion"":""bic"",""early_stop_delta"":0.0,""eigen_thres"":true,""init_agglomerative"":true,""max_components"":5,""min_components"":5,""n_init_kmeans"":1,""n_jobs"":1,""random_state"":5,""reg_covar"":1e-06,""verbose"":false}"
independent_permutation,4096,5,pca,tcga_d4096_seed5_pca_9c2d03da9a3a299c9895.npz,a22d0762f701ae66d9f33e4336a19870e6e168d9525ff49479f230c313d2aaf1,19b35276d393ced83db11314793dcf77df661329dfeb8bdac77e658b411f0b46,aa61ab4cc86d051f499b,0.8744878615105641,6,diag,79821.40358772872,0.9933000416146484,0778a59e75b277d0ce384a25,5,ok,,0.9962578040012737,5,5,diag,80384.86750759615,0.10563399997772649,"{""agglom_affinities"":[""mahalanobis""],""agglom_linkages"":[""ward""],""covariances"":[""full"",""diag"",""tied"",""spherical""],""criterion"":""bic"",""early_stop_delta"":0.0,""eigen_thres"":true,""init_agglomerative"":true,""max_components"":5,""min_components"":5,""n_init_kmeans"":1,""n_jobs"":1,""random_state"":5,""reg_covar"":1e-06,""verbose"":false}"
independent_permutation,4096,5,umap,tcga_d4096_seed5_umap_b5eecc0a8bf33ced97ee.npz,e692bff84a760ebcf14b880522649e052be4001a9ba054bd65ca7a1992e9bdd4,a9aaed0e9bfeb354e3c981c901a307a6ca79b1efacc41ee7ed6a0190a762419a,aa61ab4cc86d051f499b,0.85124006017908,6,full,-46553.65737676182,0.9935081148564294,7728d75a30d7e69591fc27be,5,ok,,0.9850459881493702,5,5,full,-46311.49071490682,0.03654770797584206,"{""agglom_affinities"":[""mahalanobis""],""agglom_linkages"":[""ward""],""covariances"":[""full"",""diag"",""tied"",""spherical""],""criterion"":""bic"",""early_stop_delta"":0.0,""eigen_thres"":true,""init_agglomerative"":true,""max_components"":5,""min_components"":5,""n_init_kmeans"":1,""n_jobs"":1,""random_state"":5,""reg_covar"":1e-06,""verbose"":false}"
independent_permutation,4096,6,autog2m2,tcga_d4096_seed6_autog2m2_00afee15a89017fc4912.npz,c6769f02ca031ba65099c1e4288083baac2cd77f66099bbfbe4720a5a6b0411e,6cab9d097d3e9e7d047b7d7270752f23d0c05dfd252bccfffd22fd1e4868e41f,aa61ab4cc86d051f499b,0.4678042420572575,4,spherical,-78175.3347864733,0.5395339159384103,9ac819c19f4a69f4a9f6009b,5,ok,,0.5041925384505989,5,5,spherical,-78087.39545245029,0.1589768329868093,"{""agglom_affinities"":[""mahalanobis""],""agglom_linkages"":[""ward""],""covariances"":[""full"",""diag"",""tied"",""spherical""],""criterion"":""bic"",""early_stop_delta"":0.0,""eigen_thres"":true,""init_agglomerative"":true,""max_components"":5,""min_components"":5,""n_init_kmeans"":1,""n_jobs"":1,""random_state"":6,""reg_covar"":1e-06,""verbose"":false}"
independent_permutation,4096,6,pca,tcga_d4096_seed6_pca_7ebece44008e0960fda3.npz,0a38e565589e7640fc40da1ecfde5e83e6af36122757ea49f8223cfcb9cbebb1,5fa93261e242ae2f477368c8e27ecd93f82d5876dd10da59c43236ad7bed4e23,aa61ab4cc86d051f499b,0.8781290792648314,6,diag,79858.18775544867,0.9939658759883478,c83dc715883690825929c4e3,5,ok,,1.0,5,5,diag,80456.2346167007,0.08918229100527242,"{""agglom_affinities"":[""mahalanobis""],""agglom_linkages"":[""ward""],""covariances"":[""full"",""diag"",""tied"",""spherical""],""criterion"":""bic"",""early_stop_delta"":0.0,""eigen_thres"":true,""init_agglomerative"":true,""max_components"":5,""min_components"":5,""n_init_kmeans"":1,""n_jobs"":1,""random_state"":6,""reg_covar"":1e-06,""verbose"":false}"
independent_permutation,4096,6,umap,tcga_d4096_seed6_umap_3964ffe8a4f4ebfd25c4.npz,fe97d2b5c50089d3ab0bef2080a9e8c207d81d50ec6a8d3dc70e101b520d27a3,f1cb5ac3f4165a84816c0de573af75121b9a808782e2bf8644241b3b40237b36,aa61ab4cc86d051f499b,0.9887466505384658,5,full,-49818.99059915969,0.9960049937578028,c19bdf39ffdcc44a3eaad2a5,5,ok,,0.9887466505384658,5,5,full,-49818.99059915967,0.0370157909928821,"{""agglom_affinities"":[""mahalanobis""],""agglom_linkages"":[""ward""],""covariances"":[""full"",""diag"",""tied"",""spherical""],""criterion"":""bic"",""early_stop_delta"":0.0,""eigen_thres"":true,""init_agglomerative"":true,""max_components"":5,""min_components"":5,""n_init_kmeans"":1,""n_jobs"":1,""random_state"":6,""reg_covar"":1e-06,""verbose"":false}"
independent_permutation,4096,7,autog2m2,tcga_d4096_seed7_autog2m2_d2004fd17a415bdddac5.npz,a5d2a293f43321fc92f5fbadfc6d53c15a7898916bfefea3dfe197f9393cbdf4,19c889d7639443db2cdcc181c5a788804ddd76d231e2b9a541be990ba5cbca37,aa61ab4cc86d051f499b,0.3846682026486201,4,spherical,-71089.07196757047,0.4988347898460258,943eb66411b3527998aecf02,5,ok,,0.4213749283303354,5,5,spherical,-71008.5542157266,0.2120252500171773,"{""agglom_affinities"":[""mahalanobis""],""agglom_linkages"":[""ward""],""covariances"":[""full"",""diag"",""tied"",""spherical""],""criterion"":""bic"",""early_stop_delta"":0.0,""eigen_thres"":true,""init_agglomerative"":true,""max_components"":5,""min_components"":5,""n_init_kmeans"":1,""n_jobs"":1,""random_state"":7,""reg_covar"":1e-06,""verbose"":false}"
independent_permutation,4096,7,pca,tcga_d4096_seed7_pca_8ac83786b15325adc763.npz,fce1d3563a5d3794d6f8b2ae25cee5edc6c7c3b1bc75edab16724389559eadac,0589101d663ad02c34104c4717049a5ebeeaf6dd6bbb2a4d386aa85bfbd55aca,aa61ab4cc86d051f499b,0.8654471006796723,6,diag,79813.70697308722,0.9929255097794424,f9ed7565d82aee262dc0a602,5,ok,,0.9962578040012737,5,5,diag,80386.20305434402,0.09392729098908603,"{""agglom_affinities"":[""mahalanobis""],""agglom_linkages"":[""ward""],""covariances"":[""full"",""diag"",""tied"",""spherical""],""criterion"":""bic"",""early_stop_delta"":0.0,""eigen_thres"":true,""init_agglomerative"":true,""max_components"":5,""min_components"":5,""n_init_kmeans"":1,""n_jobs"":1,""random_state"":7,""reg_covar"":1e-06,""verbose"":false}"
independent_permutation,4096,7,umap,tcga_d4096_seed7_umap_ef1aba1c9778a77ec4da.npz,bdfdd59f8c5b60cd84ffad71c7d243be486f3ff5416a1088e1f25645064590ea,3bbf89e71b7e97eb404d6d45dc820ea0adfa5cd2fa7837716578457b9e57996c,aa61ab4cc86d051f499b,0.993833746207785,5,full,-52445.763890165545,0.996421140241365,5c1099bda9541f194f0f7862,5,ok,,0.993833746207785,5,5,full,-52445.76389016563,0.03653783298796043,"{""agglom_affinities"":[""mahalanobis""],""agglom_linkages"":[""ward""],""covariances"":[""full"",""diag"",""tied"",""spherical""],""criterion"":""bic"",""early_stop_delta"":0.0,""eigen_thres"":true,""init_agglomerative"":true,""max_components"":5,""min_components"":5,""n_init_kmeans"":1,""n_jobs"":1,""random_state"":7,""reg_covar"":1e-06,""verbose"":false}"
independent_permutation,4096,8,autog2m2,tcga_d4096_seed8_autog2m2_17883b7984ee48dde838.npz,50cfa2421bb8650eb4013035f449406e7098809bd99919232d484c2932cb29ba,0cb311e6165b17146e170ace317ef7a7b47b7e8fc718181396efa131ecbddc2b,aa61ab4cc86d051f499b,0.1405342258971885,4,spherical,-62365.34747254543,0.4405326674989596,a88a50ba1854439ab1113e57,5,ok,,0.15420396244796117,5,5,spherical,-62271.64511823435,0.18159537500469014,"{""agglom_affinities"":[""mahalanobis""],""agglom_linkages"":[""ward""],""covariances"":[""full"",""diag"",""tied"",""spherical""],""criterion"":""bic"",""early_stop_delta"":0.0,""eigen_thres"":true,""init_agglomerative"":true,""max_components"":5,""min_components"":5,""n_init_kmeans"":1,""n_jobs"":1,""random_state"":8,""reg_covar"":1e-06,""verbose"":false}"
independent_permutation,4096,8,pca,tcga_d4096_seed8_pca_08f38cd3abc56be242a1.npz,142123dbd97dabd434fe72f7c861993541fa2a8876276294ceeacecf3a825c1e,3d0088c675c8ca387f221d15243f16223ddafc83d7e867eb9e391cdd038e975f,aa61ab4cc86d051f499b,0.8726396723461899,6,diag,79957.94186098964,0.9938410320432792,c2eeb85196dcf62d5f3db290,5,ok,,0.9962578040012737,5,5,diag,80511.57029271864,0.08920416701585054,"{""agglom_affinities"":[""mahalanobis""],""agglom_linkages"":[""ward""],""covariances"":[""full"",""diag"",""tied"",""spherical""],""criterion"":""bic"",""early_stop_delta"":0.0,""eigen_thres"":true,""init_agglomerative"":true,""max_components"":5,""min_components"":5,""n_init_kmeans"":1,""n_jobs"":1,""random_state"":8,""reg_covar"":1e-06,""verbose"":false}"
independent_permutation,4096,8,umap,tcga_d4096_seed8_umap_b024e625616275508c48.npz,4820e3d60dbe62aae8cee4679f5d28171fdc6fa80d495b87c6cb2c6255a2e830,bd8dab61b586bc91fc845d80bd2245af00b2b1a27b3e2fdf0d04dbfe95d465b9,aa61ab4cc86d051f499b,0.986419423698464,5,full,-46865.9781797828,0.9923845193508116,5fea261eb41c4a134fd15459,5,ok,,0.9864194236984639,5,5,full,-46865.9781797829,0.036135667003691196,"{""agglom_affinities"":[""mahalanobis""],""agglom_linkages"":[""ward""],""covariances"":[""full"",""diag"",""tied"",""spherical""],""criterion"":""bic"",""early_stop_delta"":0.0,""eigen_thres"":true,""init_agglomerative"":true,""max_components"":5,""min_components"":5,""n_init_kmeans"":1,""n_jobs"":1,""random_state"":8,""reg_covar"":1e-06,""verbose"":false}"
independent_permutation,4096,9,autog2m2,tcga_d4096_seed9_autog2m2_836d4b1fd03cfa171c3c.npz,d8c6593716ae1939594eed6f2a6760defcc13033a4d22b41221c8de1d55d34e7,ca23930bb999c32a1d13ffcb0b4bcbde7a19c2fa57d64cd57c7ca3bf39576377,aa61ab4cc86d051f499b,0.1066335189061919,6,spherical,-80479.97505093616,0.4230545151893466,4fcdae897bc57b809ef47a83,5,ok,,0.1195732070887577,5,5,spherical,-80474.21963988588,0.1750797500135377,"{""agglom_affinities"":[""mahalanobis""],""agglom_linkages"":[""ward""],""covariances"":[""full"",""diag"",""tied"",""spherical""],""criterion"":""bic"",""early_stop_delta"":0.0,""eigen_thres"":true,""init_agglomerative"":true,""max_components"":5,""min_components"":5,""n_init_kmeans"":1,""n_jobs"":1,""random_state"":9,""reg_covar"":1e-06,""verbose"":false}"
independent_permutation,4096,9,pca,tcga_d4096_seed9_pca_8175e38fc9fae4ce07e5.npz,9eab40b6a947ea2937f958747e91a44486e38c4179af1e70602147c57a3e05e8,1b83d873e65639192d617f829d150f511edf03fd1d41b03c1afb44b34a11e20c,aa61ab4cc86d051f499b,0.8763444823673857,6,diag,79911.94052924309,0.992093216812318,ae96dd145249672f63229329,5,ok,,0.9962578040012737,5,5,diag,80482.95497074939,0.09125020797364414,"{""agglom_affinities"":[""mahalanobis""],""agglom_linkages"":[""ward""],""covariances"":[""full"",""diag"",""tied"",""spherical""],""criterion"":""bic"",""early_stop_delta"":0.0,""eigen_thres"":true,""init_agglomerative"":true,""max_components"":5,""min_components"":5,""n_init_kmeans"":1,""n_jobs"":1,""random_state"":9,""reg_covar"":1e-06,""verbose"":false}"
independent_permutation,4096,9,umap,tcga_d4096_seed9_umap_b5bcbdbd121ee2acbeef.npz,d08d8be2326e12c3c729dc224da063a541ee52e5badca8696be0581aa1a261ba,c79425e5cca78cbd1cef5c47ea1484ab6826a14ee138880e282913b52d354cec,aa61ab4cc86d051f499b,0.8600367091059982,6,full,-48154.41395824014,0.9900540990428632,ba9e6764fa0597a40ea99a54,5,ok,,0.9775927001144875,5,5,full,-48076.5368940118,0.036511458980385214,"{""agglom_affinities"":[""mahalanobis""],""agglom_linkages"":[""ward""],""covariances"":[""full"",""diag"",""tied"",""spherical""],""criterion"":""bic"",""early_stop_delta"":0.0,""eigen_thres"":true,""init_agglomerative"":true,""max_components"":5,""min_components"":5,""n_init_kmeans"":1,""n_jobs"":1,""random_state"":9,""reg_covar"":1e-06,""verbose"":false}"
independent_permutation,4096,10,autog2m2,tcga_d4096_seed10_autog2m2_11fe9c9b4f72204f68f9.npz,cd0a5aa8caf193c1a98b2ebc7f9fc4f71001e5007decf73a0a2fda80c6dcb300,af5190b362717be570761dcaa3e0df3256ea8b78b308f9d41c856ddd7f10887b,aa61ab4cc86d051f499b,0.3287970675519168,5,spherical,-83354.39559249599,0.5056595921764461,886b511d50e93d9779430e0a,5,ok,,0.32879706755191684,5,5,spherical,-83354.39559249602,0.17466808296740055,"{""agglom_affinities"":[""mahalanobis""],""agglom_linkages"":[""ward""],""covariances"":[""full"",""diag"",""tied"",""spherical""],""criterion"":""bic"",""early_stop_delta"":0.0,""eigen_thres"":true,""init_agglomerative"":true,""max_components"":5,""min_components"":5,""n_init_kmeans"":1,""n_jobs"":1,""random_state"":10,""reg_covar"":1e-06,""verbose"":false}"
independent_permutation,4096,10,pca,tcga_d4096_seed10_pca_1b2e3be4afca1660605b.npz,05032c84a13cab78751ae6317904baf8555085a7e18d4c62f6ef74cb090425af,e50ce147a363073c29b589b8d4c1c30c7399874cbc6078878064cb673c2e89c6,aa61ab4cc86d051f499b,0.87264727236487,6,diag,79963.53703581117,0.9936329588014982,7efc4e943df17c8a40fad0df,5,ok,,0.9962578040012737,5,5,diag,80477.25026780585,0.08796570904087275,"{""agglom_affinities"":[""mahalanobis""],""agglom_linkages"":[""ward""],""covariances"":[""full"",""diag"",""tied"",""spherical""],""criterion"":""bic"",""early_stop_delta"":0.0,""eigen_thres"":true,""init_agglomerative"":true,""max_components"":5,""min_components"":5,""n_init_kmeans"":1,""n_jobs"":1,""random_state"":10,""reg_covar"":1e-06,""verbose"":false}"
independent_permutation,4096,10,umap,tcga_d4096_seed10_umap_e2a3746f04993dc9041d.npz,34d31725f73822964f25b02a4793619946dd3b1ebfb3c7ec6d5d4972dedf25b2,63ba7a6ab9cf9f986283eb28db43893acccc956237ba63ced784cb81e6a44b8a,aa61ab4cc86d051f499b,0.8940110981012209,6,full,-48072.55498334598,0.9946733250104036,3e9219b5309d0b270bbf39e6,5,ok,,0.9887466505384658,5,5,full,-47799.227208638215,0.03746758302440867,"{""agglom_affinities"":[""mahalanobis""],""agglom_linkages"":[""ward""],""covariances"":[""full"",""diag"",""tied"",""spherical""],""criterion"":""bic"",""early_stop_delta"":0.0,""eigen_thres"":true,""init_agglomerative"":true,""max_components"":5,""min_components"":5,""n_init_kmeans"":1,""n_jobs"":1,""random_state"":10,""reg_covar"":1e-06,""verbose"":false}"
independent_permutation,4096,11,autog2m2,tcga_d4096_seed11_autog2m2_4fb82876664c1638d5c3.npz,0c0d83aae62babe98e171696d7b4a9285ab9137084aa45f6e59f9b1b339ae0e9,8b06ed9512b30546a103e44a4c2579426c1b90b1dcc3925b1211b45d16605772,aa61ab4cc86d051f499b,0.0146850376663647,3,spherical,-64045.8235049428,0.3606741573033707,45b1c58ba9db02c5e993b04f,5,ok,,0.01627589501012423,5,5,spherical,-63923.70892748659,0.2029669580515474,"{""agglom_affinities"":[""mahalanobis""],""agglom_linkages"":[""ward""],""covariances"":[""full"",""diag"",""tied"",""spherical""],""criterion"":""bic"",""early_stop_delta"":0.0,""eigen_thres"":true,""init_agglomerative"":true,""max_components"":5,""min_components"":5,""n_init_kmeans"":1,""n_jobs"":1,""random_state"":11,""reg_covar"":1e-06,""verbose"":false}"
independent_permutation,4096,11,pca,tcga_d4096_seed11_pca_5c99f81631da95c26308.npz,ae3ec3f8168d4b6ee3335ef7827a873031b7275f0a3d1b4791018fe15885bd5f,21dc2c093919f1e8a6ea05ea7b25f79c15f690e3d426d5a181b483ff47b38326,aa61ab4cc86d051f499b,0.8763444823673857,6,diag,79904.76065583694,0.9940907199334166,73ddc49a06c9e36d2a790d6e,5,ok,,1.0,5,5,diag,80457.49876147821,0.09119983302662149,"{""agglom_affinities"":[""mahalanobis""],""agglom_linkages"":[""ward""],""covariances"":[""full"",""diag"",""tied"",""spherical""],""criterion"":""bic"",""early_stop_delta"":0.0,""eigen_thres"":true,""init_agglomerative"":true,""max_components"":5,""min_components"":5,""n_init_kmeans"":1,""n_jobs"":1,""random_state"":11,""reg_covar"":1e-06,""verbose"":false}"
independent_permutation,4096,11,umap,tcga_d4096_seed11_umap_21d8c1b97e2f8acefd7b.npz,501ff2e03f0ea01aabfd17165d38b6ae22c2183d6f50b5b7661197f6d55501fd,7c0a762026772df7a5f2706e34185a6b3789acb5568b925c1704d9e78fb284c2,aa61ab4cc86d051f499b,0.99246973645263,5,full,-46148.961645086994,0.9959217644610904,97d2c5572f8cf98a4c8bd6c2,5,ok,,0.9924697364526301,5,5,full,-46148.961645086965,0.03643550002016127,"{""agglom_affinities"":[""mahalanobis""],""agglom_linkages"":[""ward""],""covariances"":[""full"",""diag"",""tied"",""spherical""],""criterion"":""bic"",""early_stop_delta"":0.0,""eigen_thres"":true,""init_agglomerative"":true,""max_components"":5,""min_components"":5,""n_init_kmeans"":1,""n_jobs"":1,""random_state"":11,""reg_covar"":1e-06,""verbose"":false}"
independent_permutation,4096,12,autog2m2,tcga_d4096_seed12_autog2m2_a5ddc00de68aee3e7305.npz,8ae130eef2641e188ca593bb03f6b240ed237386b0dcabcafc8c79e4c5eb117b,66772dfee453db2d65f227598918f66445fd491252a2d3b2669b677895fcaf36,aa61ab4cc86d051f499b,0.0250158191442063,2,diag,-54118.3585216272,0.4784436121514773,26041b60be0743adfe97b8e7,5,ok,,0.12731598238236638,5,5,spherical,-54031.53448299992,0.16879475000314415,"{""agglom_affinities"":[""mahalanobis""],""agglom_linkages"":[""ward""],""covariances"":[""full"",""diag"",""tied"",""spherical""],""criterion"":""bic"",""early_stop_delta"":0.0,""eigen_thres"":true,""init_agglomerative"":true,""max_components"":5,""min_components"":5,""n_init_kmeans"":1,""n_jobs"":1,""random_state"":12,""reg_covar"":1e-06,""verbose"":false}"
independent_permutation,4096,12,pca,tcga_d4096_seed12_pca_9d45a9287e2b4d8d5dff.npz,0148094fe31c9b8b848bc05dd9dedd63e572da56390c0411e2303eec01e83568,3102f07b0700d0906d69ea7d0bbc38e16cb370aa30e9e903deb86a86280450a2,aa61ab4cc86d051f499b,0.8744878615105641,6,diag,79932.76419623596,0.9939242613399916,4be8d9e2322355fccb89104d,5,ok,,0.9925379262715904,5,5,diag,80496.21277977162,0.08496599999489263,"{""agglom_affinities"":[""mahalanobis""],""agglom_linkages"":[""ward""],""covariances"":[""full"",""diag"",""tied"",""spherical""],""criterion"":""bic"",""early_stop_delta"":0.0,""eigen_thres"":true,""init_agglomerative"":true,""max_components"":5,""min_components"":5,""n_init_kmeans"":1,""n_jobs"":1,""random_state"":12,""reg_covar"":1e-06,""verbose"":false}"
independent_permutation,4096,12,umap,tcga_d4096_seed12_umap_a82fcc2c193c1b4762a5.npz,7ac75dc1dbd0f8ea9d6848f4aec6aa5d86f67e69819449248d1a7b7a9c9a3311,a055b36ff08c8b35ce01823ca4f20cb2878017e23557f202b3c94ffad508df5f,aa61ab4cc86d051f499b,0.9887466505384658,5,full,-50669.92986217753,0.9947981689554724,be0db8b70f984e0a3e5df9fd,5,ok,,0.9887466505384658,5,5,full,-50669.9298621776,0.036404874990694225,"{""agglom_affinities"":[""mahalanobis""],""agglom_linkages"":[""ward""],""covariances"":[""full"",""diag"",""tied"",""spherical""],""criterion"":""bic"",""early_stop_delta"":0.0,""eigen_thres"":true,""init_agglomerative"":true,""max_components"":5,""min_components"":5,""n_init_kmeans"":1,""n_jobs"":1,""random_state"":12,""reg_covar"":1e-06,""verbose"":false}"
independent_permutation,4096,13,autog2m2,tcga_d4096_seed13_autog2m2_fa54b12dad81376d5dba.npz,8632f2c78aa714cbcb6a3bd3b5b5992c7f2527566c02d411d44c4961ceaccd1a,525e467000bc362ea34aa5361ed1e5676b29733614bf02158e1562a16594fcb3,aa61ab4cc86d051f499b,0.118799614084109,4,spherical,-67697.8445889686,0.3993757802746567,98b88d05f370446a2ca1f5c0,5,ok,,0.12427551938383188,5,5,spherical,-67640.25095035737,0.21349654102232307,"{""agglom_affinities"":[""mahalanobis""],""agglom_linkages"":[""ward""],""covariances"":[""full"",""diag"",""tied"",""spherical""],""criterion"":""bic"",""early_stop_delta"":0.0,""eigen_thres"":true,""init_agglomerative"":true,""max_components"":5,""min_components"":5,""n_init_kmeans"":1,""n_jobs"":1,""random_state"":13,""reg_covar"":1e-06,""verbose"":false}"
independent_permutation,4096,13,pca,tcga_d4096_seed13_pca_9f72c5135a7b05ba7114.npz,cef61545b52870d0ce5e2e5baefb225adeba5988a757764a7b280dd9c064f82f,11ae7d9bba239acf09e5f1f8790a69aeb867a720231303e919685a43d1bafdac,aa61ab4cc86d051f499b,0.87264727236487,6,diag,79856.39326183122,0.99284228048273,04d8da795242d4f96ffba27a,5,ok,,0.9925379262715904,5,5,diag,80406.37712634701,0.09092558297561482,"{""agglom_affinities"":[""mahalanobis""],""agglom_linkages"":[""ward""],""covariances"":[""full"",""diag"",""tied"",""spherical""],""criterion"":""bic"",""early_stop_delta"":0.0,""eigen_thres"":true,""init_agglomerative"":true,""max_components"":5,""min_components"":5,""n_init_kmeans"":1,""n_jobs"":1,""random_state"":13,""reg_covar"":1e-06,""verbose"":false}"
independent_permutation,4096,13,umap,tcga_d4096_seed13_umap_4f9dceae89b649722d92.npz,1c38695d4ace7d340b74dc92f37dc8a96a2511c7576afca4e91fd9693d7ebbe2,a0ce0812ec6039f5098fe184e4a71f90b344abcd8c5cc2310ef007cba07ac166,aa61ab4cc86d051f499b,0.8321062211378637,6,full,-47821.74400066428,0.9954223886808156,0b993ce6ea210e9a7b1d163d,5,ok,,0.9925379262715904,5,5,full,-47763.02179730274,0.036954250012058765,"{""agglom_affinities"":[""mahalanobis""],""agglom_linkages"":[""ward""],""covariances"":[""full"",""diag"",""tied"",""spherical""],""criterion"":""bic"",""early_stop_delta"":0.0,""eigen_thres"":true,""init_agglomerative"":true,""max_components"":5,""min_components"":5,""n_init_kmeans"":1,""n_jobs"":1,""random_state"":13,""reg_covar"":1e-06,""verbose"":false}"
independent_permutation,4096,14,autog2m2,tcga_d4096_seed14_autog2m2_4607b2080c628f5ca2a2.npz,d4eb188a4e75088b6623a9fcb315744d0f7c7213645d172e6fe63d3464c65532,76bc5f835b5736284958e9dc3971c705176ff425b14738c0be9640f82e297326,aa61ab4cc86d051f499b,0.0181948506171287,3,spherical,-80663.9683415992,0.3550561797752809,04c63f5a1b93f8349d4bc4fd,5,ok,,0.048579798325376594,5,5,spherical,-80524.38505851438,0.20112516602966934,"{""agglom_affinities"":[""mahalanobis""],""agglom_linkages"":[""ward""],""covariances"":[""full"",""diag"",""tied"",""spherical""],""criterion"":""bic"",""early_stop_delta"":0.0,""eigen_thres"":true,""init_agglomerative"":true,""max_components"":5,""min_components"":5,""n_init_kmeans"":1,""n_jobs"":1,""random_state"":14,""reg_covar"":1e-06,""verbose"":false}"
independent_permutation,4096,14,pca,tcga_d4096_seed14_pca_71a1cfc9f7cb65f0d1a9.npz,52e736438ec65445044a267f69b47c7300c0226952878db1104133d6b2878977,fd44dd867335029f6a82a2d19e952f37a9e9fa4442a3c8f8a68936ac129ee5b4,aa61ab4cc86d051f499b,0.8837496936165289,6,diag,79837.74165935267,0.9931751976695796,330a3439ee0cefb6530044f6,5,ok,,0.9907046830195056,5,5,diag,80368.06006425689,0.11291000002529472,"{""agglom_affinities"":[""mahalanobis""],""agglom_linkages"":[""ward""],""covariances"":[""full"",""diag"",""tied"",""spherical""],""criterion"":""bic"",""early_stop_delta"":0.0,""eigen_thres"":true,""init_agglomerative"":true,""max_components"":5,""min_components"":5,""n_init_kmeans"":1,""n_jobs"":1,""random_state"":14,""reg_covar"":1e-06,""verbose"":false}"
independent_permutation,4096,14,umap,tcga_d4096_seed14_umap_2ce3c26bc6201d965ce4.npz,d06aac48505812626aa8dbde114c9c27696e10f5be801ba253b49692086ab820,a7651275093a39709d8b4cbe7683a5f6cc15e0c480391b7f037e35013d286c1c,aa61ab4cc86d051f499b,0.878396429783035,6,full,-50914.3431926198,0.9916770703287556,b156e79a6c256ffc7b17b4e1,5,ok,,0.9832169542635228,5,5,full,-50567.64122388215,0.03693466598633677,"{""agglom_affinities"":[""mahalanobis""],""agglom_linkages"":[""ward""],""covariances"":[""full"",""diag"",""tied"",""spherical""],""criterion"":""bic"",""early_stop_delta"":0.0,""eigen_thres"":true,""init_agglomerative"":true,""max_components"":5,""min_components"":5,""n_init_kmeans"":1,""n_jobs"":1,""random_state"":14,""reg_covar"":1e-06,""verbose"":false}"
independent_permutation,4096,15,autog2m2,tcga_d4096_seed15_autog2m2_61349203b826380650d4.npz,5b376694b38de51f5d746a5bf00f19eb0c4f409eb3d8d5ab10d10181703c88c5,2231087e98052f041c9be65f631d0f0395a949846e464a92f5c1e31bddf56431,aa61ab4cc86d051f499b,0.0068030089011046,2,diag,-85386.94172042864,0.38909696213067,ed3d91dccfc012b6fe8fc45c,5,ok,,0.0187787440623548,5,5,spherical,-85228.97955282268,0.17330983298597857,"{""agglom_affinities"":[""mahalanobis""],""agglom_linkages"":[""ward""],""covariances"":[""full"",""diag"",""tied"",""spherical""],""criterion"":""bic"",""early_stop_delta"":0.0,""eigen_thres"":true,""init_agglomerative"":true,""max_components"":5,""min_components"":5,""n_init_kmeans"":1,""n_jobs"":1,""random_state"":15,""reg_covar"":1e-06,""verbose"":false}"
independent_permutation,4096,15,pca,tcga_d4096_seed15_pca_ef84a64c9f539efe359a.npz,a4d3f1c822afd41796290b0001698eb31de7a1f6cdd123da19f1a3e1bd041874,eb4d212cbb4deb5197929552ea1d5cd8339380e9e251454d9908e944c854ecd0,aa61ab4cc86d051f499b,0.883761728932391,6,diag,79739.67922839987,0.9938410320432792,6bd9f6e0045568093d1984ae,5,ok,,0.9962578040012737,5,5,diag,80305.68763384008,0.09119979204842821,"{""agglom_affinities"":[""mahalanobis""],""agglom_linkages"":[""ward""],""covariances"":[""full"",""diag"",""tied"",""spherical""],""criterion"":""bic"",""early_stop_delta"":0.0,""eigen_thres"":true,""init_agglomerative"":true,""max_components"":5,""min_components"":5,""n_init_kmeans"":1,""n_jobs"":1,""random_state"":15,""reg_covar"":1e-06,""verbose"":false}"
independent_permutation,4096,15,umap,tcga_d4096_seed15_umap_7e576eef1c3f409a83a3.npz,785445c635fbbfbc465d1d7a8ea7a079df80ddb086c5dffbae4c5579dc1cc6fa,b17d0e361f87127802821891a8ee0b570e7b15f4f1eaebdf8f98ebcb3c31bd50,aa61ab4cc86d051f499b,0.9813677979073048,5,full,-48774.87606744024,0.992093216812318,060ca9f241e76ff95d38b928,5,ok,,0.9813677979073048,5,5,full,-48774.87606744029,0.036394541966728866,"{""agglom_affinities"":[""mahalanobis""],""agglom_linkages"":[""ward""],""covariances"":[""full"",""diag"",""tied"",""spherical""],""criterion"":""bic"",""early_stop_delta"":0.0,""eigen_thres"":true,""init_agglomerative"":true,""max_components"":5,""min_components"":5,""n_init_kmeans"":1,""n_jobs"":1,""random_state"":15,""reg_covar"":1e-06,""verbose"":false}"
independent_permutation,4096,16,autog2m2,tcga_d4096_seed16_autog2m2_af320171cd08f415b1c9.npz,caf87b4e3baeb51d9e0c0433bf3ff1c4f6b2b9e033e2752cef37e41080d96e5a,fde9bfb93bec572b383506a51b10f7b72e63a6f2f0fe6b6c650b15ac831d5063,aa61ab4cc86d051f499b,0.1549938855160548,5,spherical,-49097.79492552683,0.4233042030794839,8b9e1b68e34370755a7812af,5,ok,,0.15499388551605486,5,5,spherical,-49097.79492552683,0.2147418750100769,"{""agglom_affinities"":[""mahalanobis""],""agglom_linkages"":[""ward""],""covariances"":[""full"",""diag"",""tied"",""spherical""],""criterion"":""bic"",""early_stop_delta"":0.0,""eigen_thres"":true,""init_agglomerative"":true,""max_components"":5,""min_components"":5,""n_init_kmeans"":1,""n_jobs"":1,""random_state"":16,""reg_covar"":1e-06,""verbose"":false}"
independent_permutation,4096,16,pca,tcga_d4096_seed16_pca_61479c7800767a40aa09.npz,f964c30a2175cce01083141e8c0a5ad84a97e719fa4f9e44be0c93fe796e00ca,9f55571db99dc6f95b51d0eff5c2d7c36cf089bb4bdd33e9e4e0ffd18bd472a8,aa61ab4cc86d051f499b,0.87264727236487,6,diag,79740.88221724058,0.9945068664169788,7f86d3db0b76c6b150644536,5,ok,,0.9907046830195056,5,5,diag,80367.17615374095,0.11273691698443145,"{""agglom_affinities"":[""mahalanobis""],""agglom_linkages"":[""ward""],""covariances"":[""full"",""diag"",""tied"",""spherical""],""criterion"":""bic"",""early_stop_delta"":0.0,""eigen_thres"":true,""init_agglomerative"":true,""max_components"":5,""min_components"":5,""n_init_kmeans"":1,""n_jobs"":1,""random_state"":16,""reg_covar"":1e-06,""verbose"":false}"
independent_permutation,4096,16,umap,tcga_d4096_seed16_umap_408652bd5e0f678d2810.npz,641a770bf5103cc8e5cac6049d76c1164b6b2d0b721590b147d6a70a34bc7200,daea5ce02a54b36d32d46163c29d938ab13c3f9d95963919e3df61db8e333d1e,aa61ab4cc86d051f499b,0.8763575765784077,6,full,-46513.63264732727,0.9937994173949232,237d3399eab2396daf4a3120,5,ok,,0.9887466505384658,5,5,full,-46237.33842279165,0.03620329202385619,"{""agglom_affinities"":[""mahalanobis""],""agglom_linkages"":[""ward""],""covariances"":[""full"",""diag"",""tied"",""spherical""],""criterion"":""bic"",""early_stop_delta"":0.0,""eigen_thres"":true,""init_agglomerative"":true,""max_components"":5,""min_components"":5,""n_init_kmeans"":1,""n_jobs"":1,""random_state"":16,""reg_covar"":1e-06,""verbose"":false}"
independent_permutation,4096,17,autog2m2,tcga_d4096_seed17_autog2m2_b2351a227672894e8858.npz,77e6f0b2323dd4ccc3108008fdd612f6c41eac6928689f0ce6c88efe464e3f21,cb364b201f3a484b8eb0604d7a11cb0ef24ff4040809013b92ef44b2c8683b32,aa61ab4cc86d051f499b,0.0144323583545561,3,spherical,-62118.76851431335,0.4166458593424885,8e3671a2553d05d3ba0d3216,5,ok,,0.05428562966615995,5,5,spherical,-62110.65321720553,0.20778770797187462,"{""agglom_affinities"":[""mahalanobis""],""agglom_linkages"":[""ward""],""covariances"":[""full"",""diag"",""tied"",""spherical""],""criterion"":""bic"",""early_stop_delta"":0.0,""eigen_thres"":true,""init_agglomerative"":true,""max_components"":5,""min_components"":5,""n_init_kmeans"":1,""n_jobs"":1,""random_state"":17,""reg_covar"":1e-06,""verbose"":false}"
independent_permutation,4096,17,pca,tcga_d4096_seed17_pca_f7d342de09a4f2101f5c.npz,8a072fe462599284f1610dedb59450dbcb9ed7bfed12b290527b181a68a8b1c5,d17a0b174e90a80fb9ba377637954f2a50f7a2a2b3dc2ded8535e31fc8b12b8c,aa61ab4cc86d051f499b,0.8782170405393941,6,diag,79836.40506140803,0.9927590511860176,edeeff060d079204c4f8fc1b,5,ok,,0.9925379262715904,5,5,diag,80412.58535658478,0.0866027080337517,"{""agglom_affinities"":[""mahalanobis""],""agglom_linkages"":[""ward""],""covariances"":[""full"",""diag"",""tied"",""spherical""],""criterion"":""bic"",""early_stop_delta"":0.0,""eigen_thres"":true,""init_agglomerative"":true,""max_components"":5,""min_components"":5,""n_init_kmeans"":1,""n_jobs"":1,""random_state"":17,""reg_covar"":1e-06,""verbose"":false}"
independent_permutation,4096,17,umap,tcga_d4096_seed17_umap_6a17c60340def96c7932.npz,67c8931a6ffbb66dbdfd070df03fe7b8c1504c88a9b6d45550f3b7a61de4fab9,36159c41f90ae0bbd4c8fc8a58885b0f30915a915cbbc78b156f1f4dee9f37fd,aa61ab4cc86d051f499b,0.8315689925264934,6,full,-45731.74603204022,0.9880565959217644,296ca8fa9c537a2bc08e3ebd,5,ok,,0.9795582883832513,5,5,full,-45691.8001702636,0.0347740410361439,"{""agglom_affinities"":[""mahalanobis""],""agglom_linkages"":[""ward""],""covariances"":[""full"",""diag"",""tied"",""spherical""],""criterion"":""bic"",""early_stop_delta"":0.0,""eigen_thres"":true,""init_agglomerative"":true,""max_components"":5,""min_components"":5,""n_init_kmeans"":1,""n_jobs"":1,""random_state"":17,""reg_covar"":1e-06,""verbose"":false}"
independent_permutation,4096,18,autog2m2,tcga_d4096_seed18_autog2m2_96aacc0b3447ec4ced6b.npz,1a7681b2a65f35565f07733822838cbe2974f45ad5d7291ee37eae414aa5aff8,e74026e46a1cdcfb94fc9aea006d754968af7618788d669c957b2710323d664b,aa61ab4cc86d051f499b,0.1440074602188481,4,spherical,-65423.53981934925,0.4388264669163546,fe2063a594b66757c3e6aa98,5,ok,,0.1832845288790131,5,5,spherical,-65408.6995066625,0.1785978339612484,"{""agglom_affinities"":[""mahalanobis""],""agglom_linkages"":[""ward""],""covariances"":[""full"",""diag"",""tied"",""spherical""],""criterion"":""bic"",""early_stop_delta"":0.0,""eigen_thres"":true,""init_agglomerative"":true,""max_components"":5,""min_components"":5,""n_init_kmeans"":1,""n_jobs"":1,""random_state"":18,""reg_covar"":1e-06,""verbose"":false}"
independent_permutation,4096,18,pca,tcga_d4096_seed18_pca_4586e85341f4424e2f31.npz,aeffb4bf4525edda1a3ed5c43e1a448d271534f56e55d7f1596fb15d97bda7a1,c2d68cba867720e38f387b1adec30a3582f6c0eaea632670d277f8c62a460ece,aa61ab4cc86d051f499b,0.8744269598224075,6,diag,80008.4863590236,0.992467748647524,e975476238b10db409cbba80,5,ok,,0.9907046830195056,5,5,diag,80551.09703128597,0.09027133299969137,"{""agglom_affinities"":[""mahalanobis""],""agglom_linkages"":[""ward""],""covariances"":[""full"",""diag"",""tied"",""spherical""],""criterion"":""bic"",""early_stop_delta"":0.0,""eigen_thres"":true,""init_agglomerative"":true,""max_components"":5,""min_components"":5,""n_init_kmeans"":1,""n_jobs"":1,""random_state"":18,""reg_covar"":1e-06,""verbose"":false}"
independent_permutation,4096,18,umap,tcga_d4096_seed18_umap_20c6a476f04b89d2f97f.npz,bdb28ba8cce7c913fc2f38ba1acd14cf4311fc67189278b9dde9cb8168dd1bbd,9a461e56d952fede65648936adab638ffad78bae247f15afd293dcd222eb9417,aa61ab4cc86d051f499b,0.8865202366781805,6,full,-45720.26116761018,0.9935081148564294,654e9cec44db3f10b9124b44,5,ok,,0.9850459881493702,5,5,full,-45567.548869359445,0.03696587501326576,"{""agglom_affinities"":[""mahalanobis""],""agglom_linkages"":[""ward""],""covariances"":[""full"",""diag"",""tied"",""spherical""],""criterion"":""bic"",""early_stop_delta"":0.0,""eigen_thres"":true,""init_agglomerative"":true,""max_components"":5,""min_components"":5,""n_init_kmeans"":1,""n_jobs"":1,""random_state"":18,""reg_covar"":1e-06,""verbose"":false}"
independent_permutation,4096,19,autog2m2,tcga_d4096_seed19_autog2m2_8135886cd6873829a44a.npz,09fb9258330f03e94a16c631f81399eebb54e50f3a025464df68a22e430a496c,5ad6274d37e1e3d99ea375fcd3806b7e8c7d5fdcf5cf25a93aee857763e119cf,aa61ab4cc86d051f499b,0.120909819062215,4,spherical,-69754.6130861225,0.4957136912193092,6016f8a49c736e83e3babff6,5,ok,,0.16572399266177942,5,5,spherical,-69741.71128385742,0.20502679195487872,"{""agglom_affinities"":[""mahalanobis""],""agglom_linkages"":[""ward""],""covariances"":[""full"",""diag"",""tied"",""spherical""],""criterion"":""bic"",""early_stop_delta"":0.0,""eigen_thres"":true,""init_agglomerative"":true,""max_components"":5,""min_components"":5,""n_init_kmeans"":1,""n_jobs"":1,""random_state"":19,""reg_covar"":1e-06,""verbose"":false}"
independent_permutation,4096,19,pca,tcga_d4096_seed19_pca_1a126f69f421d4931d06.npz,d1ab1146175f82b034b2e39f0f302f7987312bdb2cb23e5426681fa1ec05337e,ef993bec5b96547b631ff84a3323cff33301206d8ccbf90b5b9061a05c692546,aa61ab4cc86d051f499b,0.8636880657385473,6,diag,79781.94463516555,0.9936329588014982,b214ff576c665401477df7bb,5,ok,,0.9925379262715904,5,5,diag,80328.1400508185,0.08640341699356213,"{""agglom_affinities"":[""mahalanobis""],""agglom_linkages"":[""ward""],""covariances"":[""full"",""diag"",""tied"",""spherical""],""criterion"":""bic"",""early_stop_delta"":0.0,""eigen_thres"":true,""init_agglomerative"":true,""max_components"":5,""min_components"":5,""n_init_kmeans"":1,""n_jobs"":1,""random_state"":19,""reg_covar"":1e-06,""verbose"":false}"
independent_permutation,4096,19,umap,tcga_d4096_seed19_umap_72d7b72216f372f3edd7.npz,92331abc5af16b1ed6f4d4e55ae05a682a3de281c6f3394decddc360946ab7f4,575f8b9b00efd3fe9be91a56978f5211a68f4f09c5956b105eb8c6631c1e98cf,aa61ab4cc86d051f499b,0.9850459881493702,5,full,-49481.01024927098,0.9920516021639616,d3e0bd45646b7b3fd25dee21,5,ok,,0.9850459881493702,5,5,full,-49481.01024927094,0.03567474998999387,"{""agglom_affinities"":[""mahalanobis""],""agglom_linkages"":[""ward""],""covariances"":[""full"",""diag"",""tied"",""spherical""],""criterion"":""bic"",""early_stop_delta"":0.0,""eigen_thres"":true,""init_agglomerative"":true,""max_components"":5,""min_components"":5,""n_init_kmeans"":1,""n_jobs"":1,""random_state"":19,""reg_covar"":1e-06,""verbose"":false}"
observed_genes,256,0,autog2m2,tcga_d256_seed0_autog2m2_b9977c31fc047c7a6650.npz,2737d9dae9a0ed73d7fba3b4c0c26aeff17447548870cb69e939217ce74b6f5a,cf9151ca22f2a45b3cbf09078e74eee9e416e184955c41d9999a0e7103b63ef8,927c1d740dc72df1f880,0.874456938861212,6,full,-80227.82447875707,0.9939658759883478,0d28a30cd046cb0971a0631a,5,ok,,0.9906263320991081,5,5,full,-80164.31831818963,0.10597933299141005,"{""agglom_affinities"":[""mahalanobis""],""agglom_linkages"":[""ward""],""covariances"":[""full"",""diag"",""tied"",""spherical""],""criterion"":""bic"",""early_stop_delta"":0.0,""eigen_thres"":true,""init_agglomerative"":true,""max_components"":5,""min_components"":5,""n_init_kmeans"":1,""n_jobs"":1,""random_state"":0,""reg_covar"":1e-06,""verbose"":false}"
observed_genes,256,0,pca,tcga_d256_seed0_pca_67d80866ef3d0766cf9b.npz,75b2de6a59299c4814bd8cef2503d85b57e59b0507ccdd91825a439e49428d49,a0b07a44639bd982cebde4fb4f44c74077f30dc22cf792fdbcc0144cfba16713,927c1d740dc72df1f880,0.9764303858672198,5,full,52646.02363825576,0.9962962962962963,73fb1758f3c75f3209db56e6,5,ok,,0.9764303858672198,5,5,full,52646.02363825576,0.10054012498585507,"{""agglom_affinities"":[""mahalanobis""],""agglom_linkages"":[""ward""],""covariances"":[""full"",""diag"",""tied"",""spherical""],""criterion"":""bic"",""early_stop_delta"":0.0,""eigen_thres"":true,""init_agglomerative"":true,""max_components"":5,""min_components"":5,""n_init_kmeans"":1,""n_jobs"":1,""random_state"":0,""reg_covar"":1e-06,""verbose"":false}"
observed_genes,256,0,umap,tcga_d256_seed0_umap_38605bc1aa812ed66086.npz,b1de45b863c1d763831a9d56ff515bbef808e970a1826fc8c1bf7a58277e557f,d5049042b3accf5fb31936e832231e9c0589c8517ec299e53deb97667b9a5cd4,927c1d740dc72df1f880,0.5698123465668482,10,full,-79682.83572009415,0.993216812317936,d62914a953dbe48030a6badd,5,ok,,0.827975137279594,5,5,full,-72068.07853058075,0.035503916966263205,"{""agglom_affinities"":[""mahalanobis""],""agglom_linkages"":[""ward""],""covariances"":[""full"",""diag"",""tied"",""spherical""],""criterion"":""bic"",""early_stop_delta"":0.0,""eigen_thres"":true,""init_agglomerative"":true,""max_components"":5,""min_components"":5,""n_init_kmeans"":1,""n_jobs"":1,""random_state"":0,""reg_covar"":1e-06,""verbose"":false}"
observed_genes,256,1,autog2m2,tcga_d256_seed1_autog2m2_632104a3b6ccf49fbb3c.npz,c933e7ae96bfd5c341726ee0503cd294d60a324567be727f6e95f491ba4688d8,d304142ea763bebdf75f9792d33a542ce2ebdfe7c88d72148c00b7e481c17e04,927c1d740dc72df1f880,0.9888331921167052,5,full,-111606.1692971888,0.990220557636288,58d78b246580685fbac60023,5,ok,,0.9888331921167051,5,5,full,-111606.16929718881,0.10041741601889953,"{""agglom_affinities"":[""mahalanobis""],""agglom_linkages"":[""ward""],""covariances"":[""full"",""diag"",""tied"",""spherical""],""criterion"":""bic"",""early_stop_delta"":0.0,""eigen_thres"":true,""init_agglomerative"":true,""max_components"":5,""min_components"":5,""n_init_kmeans"":1,""n_jobs"":1,""random_state"":1,""reg_covar"":1e-06,""verbose"":false}"
observed_genes,256,1,pca,tcga_d256_seed1_pca_de7fc8cd9c100c199bc2.npz,58b4103d053a3b3648a17cbac22ee2460ae79107caba7e226da821dc7f654998,b31ae30ab6f9466402a0eb4b969ce553cf6150fd913d6864692cce2bf1ecea2a,927c1d740dc72df1f880,0.9962578040012736,5,full,52984.64537425274,0.9962962962962963,35c1981b01bb5495e69263b4,5,ok,,0.9962578040012737,5,5,full,52984.645374252745,0.08207925001624972,"{""agglom_affinities"":[""mahalanobis""],""agglom_linkages"":[""ward""],""covariances"":[""full"",""diag"",""tied"",""spherical""],""criterion"":""bic"",""early_stop_delta"":0.0,""eigen_thres"":true,""init_agglomerative"":true,""max_components"":5,""min_components"":5,""n_init_kmeans"":1,""n_jobs"":1,""random_state"":1,""reg_covar"":1e-06,""verbose"":false}"
observed_genes,256,1,umap,tcga_d256_seed1_umap_1eb8bf6d297cb5b2d314.npz,be271193395150a7b5d62ec98c51a33b1e2ad42e92160bc47a599bac8285cce6,d60e107e3c65bff96daaf0c51e1d07fb8f3d5d3f3b0a0b0ecfbce6dac49e5ebe,927c1d740dc72df1f880,0.5496340712969419,10,full,-81712.83832749355,0.9939242613399916,7ee0cc942d7b4b90706f2fa6,5,ok,,0.827975137279594,5,5,full,-75169.83652638172,0.035122916975524276,"{""agglom_affinities"":[""mahalanobis""],""agglom_linkages"":[""ward""],""covariances"":[""full"",""diag"",""tied"",""spherical""],""criterion"":""bic"",""early_stop_delta"":0.0,""eigen_thres"":true,""init_agglomerative"":true,""max_components"":5,""min_components"":5,""n_init_kmeans"":1,""n_jobs"":1,""random_state"":1,""reg_covar"":1e-06,""verbose"":false}"
observed_genes,256,2,autog2m2,tcga_d256_seed2_autog2m2_2460232ce6a32819fccb.npz,52a884584fd65e72a4aff1109c72e614f8abb3e1b2952915cbe718c0bdb1c250,8afd99ec80718ca9c8e48a135e7582aa7982ce14f26df463b247d95ef6a92398,927c1d740dc72df1f880,0.93995594651928,7,full,-77591.076439503,0.9968789013732834,71875b83fa4d8fefd440389e,5,ok,,0.9975659265840481,5,5,full,-76220.68176397639,0.0928715419722721,"{""agglom_affinities"":[""mahalanobis""],""agglom_linkages"":[""ward""],""covariances"":[""full"",""diag"",""tied"",""spherical""],""criterion"":""bic"",""early_stop_delta"":0.0,""eigen_thres"":true,""init_agglomerative"":true,""max_components"":5,""min_components"":5,""n_init_kmeans"":1,""n_jobs"":1,""random_state"":2,""reg_covar"":1e-06,""verbose"":false}"
observed_genes,256,2,pca,tcga_d256_seed2_pca_7d9745726068a0c35a29.npz,4ea59f8df733ea758ec5e920294d481299c69286a45b12b212066d678b7c25c3,391e369f75031eca603ad2ca2431deb3b170e8d5077b2b2c093096120f1b9bab,927c1d740dc72df1f880,0.9962578040012736,5,full,53007.6707524117,0.99625468164794,3ef530ab62314c0f93eb163e,5,ok,,0.9962578040012737,5,5,full,53007.670752411694,0.08402762498008087,"{""agglom_affinities"":[""mahalanobis""],""agglom_linkages"":[""ward""],""covariances"":[""full"",""diag"",""tied"",""spherical""],""criterion"":""bic"",""early_stop_delta"":0.0,""eigen_thres"":true,""init_agglomerative"":true,""max_components"":5,""min_components"":5,""n_init_kmeans"":1,""n_jobs"":1,""random_state"":2,""reg_covar"":1e-06,""verbose"":false}"
observed_genes,256,2,umap,tcga_d256_seed2_umap_7806d7e5bb7f569d07f3.npz,37dbe3f58e7c970cd86a6a0de2889b9c1df735c4b01c79fce7affb28752a3b84,6b7c9581e7aac9a103cae92b5c8172578887008b702ff7e6ea0c1accc627fd90,927c1d740dc72df1f880,0.5631668204118073,10,full,-82625.80233909165,0.9940491052850604,fca5ecc49e34839c841da9db,5,ok,,0.827975137279594,5,5,full,-75691.23765268119,0.037383084010798484,"{""agglom_affinities"":[""mahalanobis""],""agglom_linkages"":[""ward""],""covariances"":[""full"",""diag"",""tied"",""spherical""],""criterion"":""bic"",""early_stop_delta"":0.0,""eigen_thres"":true,""init_agglomerative"":true,""max_components"":5,""min_components"":5,""n_init_kmeans"":1,""n_jobs"":1,""random_state"":2,""reg_covar"":1e-06,""verbose"":false}"
observed_genes,256,3,autog2m2,tcga_d256_seed3_autog2m2_8e681c15092ca8485178.npz,2de9c53b3e2283bce41e6d2c1f5cfcfbf1a33d9977e4d7e6da6df2e803776231,e456627018036e72390e35edc9983b924ef008fd13e089dc84d9e37c3715e09e,927c1d740dc72df1f880,0.8069530975862867,7,full,-93403.40467142194,0.9937994173949232,d5b6827e154f47f854f7726c,5,ok,,0.9888244419492582,5,5,full,-93326.43470540803,0.08739524998236448,"{""agglom_affinities"":[""mahalanobis""],""agglom_linkages"":[""ward""],""covariances"":[""full"",""diag"",""tied"",""spherical""],""criterion"":""bic"",""early_stop_delta"":0.0,""eigen_thres"":true,""init_agglomerative"":true,""max_components"":5,""min_components"":5,""n_init_kmeans"":1,""n_jobs"":1,""random_state"":3,""reg_covar"":1e-06,""verbose"":false}"
observed_genes,256,3,pca,tcga_d256_seed3_pca_7ce95b52f1b04f3a4dcd.npz,520d7f28caedad18a42a978ceb4357543a57e54467acc688c03d30739c5c560c,05c4457e6b1263ae165b65f28127c89c9ae870a973e662baa31078e57a10166c,927c1d740dc72df1f880,0.9826072564812236,5,full,52674.177051160106,0.99625468164794,48fbab128e66535d246d133f,5,ok,,0.9826072564812237,5,5,full,52674.177051160106,0.08103299996582791,"{""agglom_affinities"":[""mahalanobis""],""agglom_linkages"":[""ward""],""covariances"":[""full"",""diag"",""tied"",""spherical""],""criterion"":""bic"",""early_stop_delta"":0.0,""eigen_thres"":true,""init_agglomerative"":true,""max_components"":5,""min_components"":5,""n_init_kmeans"":1,""n_jobs"":1,""random_state"":3,""reg_covar"":1e-06,""verbose"":false}"
observed_genes,256,3,umap,tcga_d256_seed3_umap_c44f8f6eabe6588e2f2e.npz,57fe0f96fb5fd65cf10ae41ceee160acef2e7beaede3c9331e92ac4b8c7cc37e,01244a5c19bb9b3870b91b166661115024163805a157796fea803f46416b9155,927c1d740dc72df1f880,0.6173833266032354,9,full,-79860.50817380297,0.9933832709113608,d7d701e010755018795800cb,5,ok,,0.827975137279594,5,5,full,-73096.19149049834,0.0364033340010792,"{""agglom_affinities"":[""mahalanobis""],""agglom_linkages"":[""ward""],""covariances"":[""full"",""diag"",""tied"",""spherical""],""criterion"":""bic"",""early_stop_delta"":0.0,""eigen_thres"":true,""init_agglomerative"":true,""max_components"":5,""min_components"":5,""n_init_kmeans"":1,""n_jobs"":1,""random_state"":3,""reg_covar"":1e-06,""verbose"":false}"
observed_genes,256,4,autog2m2,tcga_d256_seed4_autog2m2_9f4d8b001a7492c87643.npz,b107946f4f5d87f707b0c7068f055cef90c6edd2a18f137c66a06c1fc82db026,82c3eeb2992e2d7eddb198d4a0febb5e56a431f16cc4b5543abdf1c7f746e91b,927c1d740dc72df1f880,0.8139461213095462,7,full,-76657.47314403173,0.9948813982521848,132f91e0d6d3ecaec10b3c7a,5,ok,,0.754335408982875,5,5,full,-73675.98374821925,0.11254129197914153,"{""agglom_affinities"":[""mahalanobis""],""agglom_linkages"":[""ward""],""covariances"":[""full"",""diag"",""tied"",""spherical""],""criterion"":""bic"",""early_stop_delta"":0.0,""eigen_thres"":true,""init_agglomerative"":true,""max_components"":5,""min_components"":5,""n_init_kmeans"":1,""n_jobs"":1,""random_state"":4,""reg_covar"":1e-06,""verbose"":false}"
observed_genes,256,4,pca,tcga_d256_seed4_pca_bf6bb43cc6c2334cdcd3.npz,462d448c350b23f57f7cc725f4f99a87b6749db6ac12d4506390c798da894192,c5a32a6ffe7be232e7c329fe87c8d4f4e5dc7dbd150c0b31b8d1cb1796a9e05e,927c1d740dc72df1f880,0.9962578040012736,5,full,53010.10690725814,0.9962962962962963,d15702e9d6603f58888492b1,5,ok,,0.9962578040012737,5,5,full,53010.10690725813,0.08133504097349942,"{""agglom_affinities"":[""mahalanobis""],""agglom_linkages"":[""ward""],""covariances"":[""full"",""diag"",""tied"",""spherical""],""criterion"":""bic"",""early_stop_delta"":0.0,""eigen_thres"":true,""init_agglomerative"":true,""max_components"":5,""min_components"":5,""n_init_kmeans"":1,""n_jobs"":1,""random_state"":4,""reg_covar"":1e-06,""verbose"":false}"
observed_genes,256,4,umap,tcga_d256_seed4_umap_491ce4f50db72123c4e5.npz,e5a1cccdf27df2844e8e303f2de16978aa64e4962e527b2358300f61a81d573a,3c11453d6b8638fcae37c3b2f04fb731ce1793ab8494b70f1d2abf1eadafe993,927c1d740dc72df1f880,0.6010810981945413,10,full,-79785.37628572542,0.9936329588014982,c4b5db9164db12070d5cd780,5,ok,,0.827975137279594,5,5,full,-72797.21727542597,0.034652916016057134,"{""agglom_affinities"":[""mahalanobis""],""agglom_linkages"":[""ward""],""covariances"":[""full"",""diag"",""tied"",""spherical""],""criterion"":""bic"",""early_stop_delta"":0.0,""eigen_thres"":true,""init_agglomerative"":true,""max_components"":5,""min_components"":5,""n_init_kmeans"":1,""n_jobs"":1,""random_state"":4,""reg_covar"":1e-06,""verbose"":false}"
observed_genes,256,5,autog2m2,tcga_d256_seed5_autog2m2_8ecf095f15c8ff0e80a9.npz,9a58bd968f79658c3a29929599612e2d74d597a71d5c4fe10dd99b3a53aeada7,fe7e80e1466b8006494328664503db8efe851837e158313c895bebae12fcc1aa,927c1d740dc72df1f880,0.6713066790818784,8,full,-80239.87379021096,0.9948397836038284,651ea494bee4e459862ab1bc,5,ok,,0.9906997055406637,5,5,full,-79593.54114867879,0.09020616696216166,"{""agglom_affinities"":[""mahalanobis""],""agglom_linkages"":[""ward""],""covariances"":[""full"",""diag"",""tied"",""spherical""],""criterion"":""bic"",""early_stop_delta"":0.0,""eigen_thres"":true,""init_agglomerative"":true,""max_components"":5,""min_components"":5,""n_init_kmeans"":1,""n_jobs"":1,""random_state"":5,""reg_covar"":1e-06,""verbose"":false}"
observed_genes,256,5,pca,tcga_d256_seed5_pca_2e0cd1ef01a33034b539.npz,efa248f0ef744e7f9898f32121dc1a656d262e7d85a92410a2a8e66da7626d8c,9892510a97b0f9cf121d460c112e2a1af60bf75cf435613a61424b1fba1a8cfb,927c1d740dc72df1f880,0.9641869451257336,5,full,52585.44700114006,0.9962962962962963,173a5617d1e9ee74c084bdf0,5,ok,,0.9641869451257336,5,5,full,52585.44700114006,0.08181033399887383,"{""agglom_affinities"":[""mahalanobis""],""agglom_linkages"":[""ward""],""covariances"":[""full"",""diag"",""tied"",""spherical""],""criterion"":""bic"",""early_stop_delta"":0.0,""eigen_thres"":true,""init_agglomerative"":true,""max_components"":5,""min_components"":5,""n_init_kmeans"":1,""n_jobs"":1,""random_state"":5,""reg_covar"":1e-06,""verbose"":false}"
observed_genes,256,5,umap,tcga_d256_seed5_umap_37a5c0d4d963cc6c4533.npz,bcb9611f305e4bac38a02014461719d587b61efadf3ac1e344fd2d8762cac3e3,44f7f646021211dd4dad26cecefad5a3a0c87c925531d824db5daea0908a35e7,927c1d740dc72df1f880,0.5842095224746603,10,full,-78065.34812010199,0.994548481065335,f83848b0ae15e936bded675d,5,ok,,0.827975137279594,5,5,full,-72221.84300965721,0.03728824999416247,"{""agglom_affinities"":[""mahalanobis""],""agglom_linkages"":[""ward""],""covariances"":[""full"",""diag"",""tied"",""spherical""],""criterion"":""bic"",""early_stop_delta"":0.0,""eigen_thres"":true,""init_agglomerative"":true,""max_components"":5,""min_components"":5,""n_init_kmeans"":1,""n_jobs"":1,""random_state"":5,""reg_covar"":1e-06,""verbose"":false}"
observed_genes,256,6,autog2m2,tcga_d256_seed6_autog2m2_ad025b3a801a3ace90de.npz,5c83b07dfa70aaf78452bee046bfd256bc842873507cbc50b68b271b94b3c71d,51993e8151bf0719a38732064795eab0d7e144e7764da15847c7d42431f890af,927c1d740dc72df1f880,0.9272124241461122,5,full,-95674.02766612514,0.9900957136912192,061946ee8367857c3f5adf98,5,ok,,0.9272124241461122,5,5,full,-95674.02766612517,0.11175704200286418,"{""agglom_affinities"":[""mahalanobis""],""agglom_linkages"":[""ward""],""covariances"":[""full"",""diag"",""tied"",""spherical""],""criterion"":""bic"",""early_stop_delta"":0.0,""eigen_thres"":true,""init_agglomerative"":true,""max_components"":5,""min_components"":5,""n_init_kmeans"":1,""n_jobs"":1,""random_state"":6,""reg_covar"":1e-06,""verbose"":false}"
observed_genes,256,6,pca,tcga_d256_seed6_pca_6faabcdcadfe75f84e59.npz,ab83d385d91e2f36ac15985b518bc86e8d47bd274cc73be6e278160578aa4d72,66cf49a4c4bf9bec3b5b18274199404b756f4516e8300680614e3a006c12485a,927c1d740dc72df1f880,0.9739800612078584,5,full,52704.36375268289,0.9963379109446524,b6c68ba0c0daa71c19b357a8,5,ok,,0.9739800612078583,5,5,full,52704.36375268289,0.08390025002881885,"{""agglom_affinities"":[""mahalanobis""],""agglom_linkages"":[""ward""],""covariances"":[""full"",""diag"",""tied"",""spherical""],""criterion"":""bic"",""early_stop_delta"":0.0,""eigen_thres"":true,""init_agglomerative"":true,""max_components"":5,""min_components"":5,""n_init_kmeans"":1,""n_jobs"":1,""random_state"":6,""reg_covar"":1e-06,""verbose"":false}"
observed_genes,256,6,umap,tcga_d256_seed6_umap_4d2e20292ac7c6d792c3.npz,de9b9594d916dda48026bbd06c88b621c530213971de518a96d68c00c3cae33d,bbf8512db490e49a4f7964d1ce99d2a068df8c41572c819a436141a1110c6d3a,927c1d740dc72df1f880,0.5574463815091921,10,full,-79061.95747175068,0.9938410320432792,14284bafac911b94bf436a29,5,ok,,0.827975137279594,5,5,full,-72629.5703490532,0.0351381249492988,"{""agglom_affinities"":[""mahalanobis""],""agglom_linkages"":[""ward""],""covariances"":[""full"",""diag"",""tied"",""spherical""],""criterion"":""bic"",""early_stop_delta"":0.0,""eigen_thres"":true,""init_agglomerative"":true,""max_components"":5,""min_components"":5,""n_init_kmeans"":1,""n_jobs"":1,""random_state"":6,""reg_covar"":1e-06,""verbose"":false}"
observed_genes,256,7,autog2m2,tcga_d256_seed7_autog2m2_f2a0e44182c6262ecb52.npz,cfe71a341045d3ba0010759731a767b621c2621d7514575a45ac25fd600bc23b,4a0479760d1abbdb3e49ed8a22fca9a77a68a376acc17c71c978af8398d47957,927c1d740dc72df1f880,0.7355880670226571,7,full,-91713.50690858674,0.995505617977528,32b3065546c46d519a6eb0aa,5,ok,,0.7207172197604717,5,5,full,-88631.68617951959,0.09683308296371251,"{""agglom_affinities"":[""mahalanobis""],""agglom_linkages"":[""ward""],""covariances"":[""full"",""diag"",""tied"",""spherical""],""criterion"":""bic"",""early_stop_delta"":0.0,""eigen_thres"":true,""init_agglomerative"":true,""max_components"":5,""min_components"":5,""n_init_kmeans"":1,""n_jobs"":1,""random_state"":7,""reg_covar"":1e-06,""verbose"":false}"
observed_genes,256,7,pca,tcga_d256_seed7_pca_455e608417095b36e707.npz,1a18367e2fcf3ac6e2f0a932e053101db88c78ca94bc27d819866161619fb947,2f0f1869ec347cb2249d61a94164d06eb87292b85a54e45d5107e159a8ed9f3e,927c1d740dc72df1f880,0.9962578040012736,5,full,52990.004305589086,0.9962962962962963,0e0b6f692f937b2498f0e4c1,5,ok,,0.9962578040012737,5,5,full,52990.00430558908,0.08074100001249462,"{""agglom_affinities"":[""mahalanobis""],""agglom_linkages"":[""ward""],""covariances"":[""full"",""diag"",""tied"",""spherical""],""criterion"":""bic"",""early_stop_delta"":0.0,""eigen_thres"":true,""init_agglomerative"":true,""max_components"":5,""min_components"":5,""n_init_kmeans"":1,""n_jobs"":1,""random_state"":7,""reg_covar"":1e-06,""verbose"":false}"
observed_genes,256,7,umap,tcga_d256_seed7_umap_1fece21d9918bcc8c25d.npz,c8b448cade863cda154055dfcdcaf093b9c5bf8ac4c2fba31d960b644327c30c,3419730e3bbe3d76b87d0191e963de68a8ad15ee30c1407218b2ea1108eb5181,927c1d740dc72df1f880,0.6146861825377342,9,full,-79398.74410813345,0.9935497295047856,23f61f709c090ce59a5eaeed,5,ok,,0.827975137279594,5,5,full,-72791.48749868515,0.035889542021322995,"{""agglom_affinities"":[""mahalanobis""],""agglom_linkages"":[""ward""],""covariances"":[""full"",""diag"",""tied"",""spherical""],""criterion"":""bic"",""early_stop_delta"":0.0,""eigen_thres"":true,""init_agglomerative"":true,""max_components"":5,""min_components"":5,""n_init_kmeans"":1,""n_jobs"":1,""random_state"":7,""reg_covar"":1e-06,""verbose"":false}"
observed_genes,256,8,autog2m2,tcga_d256_seed8_autog2m2_99fd9aa4cfc87ab2a299.npz,6fe4399b70b7e191de81b7dc58f340a8b9ea591ea3ae9a8f7add7e4e42f0c761,9af982ac62354419505079132536a76f94ec29e1850d0634c143b4ca5d30d2e8,927c1d740dc72df1f880,0.79803770970366,7,full,-97075.32021150424,0.9915938410320432,d70eac43f1bd424a3747669a,5,ok,,0.9813648284533236,5,5,full,-95572.67631001129,0.10025029198732227,"{""agglom_affinities"":[""mahalanobis""],""agglom_linkages"":[""ward""],""covariances"":[""full"",""diag"",""tied"",""spherical""],""criterion"":""bic"",""early_stop_delta"":0.0,""eigen_thres"":true,""init_agglomerative"":true,""max_components"":5,""min_components"":5,""n_init_kmeans"":1,""n_jobs"":1,""random_state"":8,""reg_covar"":1e-06,""verbose"":false}"
observed_genes,256,8,pca,tcga_d256_seed8_pca_91cd4a38a5793a8ae22f.npz,93c63acc007a68bc3ef5fd8e8612dbab31fd3677184c2848910d27575c08af1c,21f09f562276d94c9d2e86ddcc855d87823abc25a2ee8cd297f721c40d086dc7,927c1d740dc72df1f880,0.9641869451257336,5,full,52605.8905580087,0.9962962962962963,ece3c6461f48998145842cf0,5,ok,,0.9641869451257336,5,5,full,52605.8905580087,0.08211654197657481,"{""agglom_affinities"":[""mahalanobis""],""agglom_linkages"":[""ward""],""covariances"":[""full"",""diag"",""tied"",""spherical""],""criterion"":""bic"",""early_stop_delta"":0.0,""eigen_thres"":true,""init_agglomerative"":true,""max_components"":5,""min_components"":5,""n_init_kmeans"":1,""n_jobs"":1,""random_state"":8,""reg_covar"":1e-06,""verbose"":false}"
observed_genes,256,8,umap,tcga_d256_seed8_umap_e60488baa8d040231a52.npz,ff57c2677e28561248958c5ef7119be8eba7de8daa04c2761d1108b6ea5cd52b,885477b7b7fa6f6d6fc00f2fba63d8707a7d0079853a9e9e4dd713d34b3c6805,927c1d740dc72df1f880,0.5832936522265015,10,full,-80441.24670967525,0.9930919683728672,b9c9bfe1d5d50da50f120f80,5,ok,,0.827975137279594,5,5,full,-73298.18734618118,0.03702066600089893,"{""agglom_affinities"":[""mahalanobis""],""agglom_linkages"":[""ward""],""covariances"":[""full"",""diag"",""tied"",""spherical""],""criterion"":""bic"",""early_stop_delta"":0.0,""eigen_thres"":true,""init_agglomerative"":true,""max_components"":5,""min_components"":5,""n_init_kmeans"":1,""n_jobs"":1,""random_state"":8,""reg_covar"":1e-06,""verbose"":false}"
observed_genes,256,9,autog2m2,tcga_d256_seed9_autog2m2_7f1b1182625f3780461c.npz,c78f501de7780c0a145e152cd13edbb25cc7674edb285dfc06b15c6fa17f849f,15abf2be5527d1cd2a906c1a2429cba33a26dca01ac83c3a9a07be99106fe6f4,927c1d740dc72df1f880,0.9888088146808468,5,full,-109596.90257755722,0.9923845193508116,9e566bd20e30646ed55c36ec,5,ok,,0.9888088146808467,5,5,full,-109596.90257755727,0.10311479098163545,"{""agglom_affinities"":[""mahalanobis""],""agglom_linkages"":[""ward""],""covariances"":[""full"",""diag"",""tied"",""spherical""],""criterion"":""bic"",""early_stop_delta"":0.0,""eigen_thres"":true,""init_agglomerative"":true,""max_components"":5,""min_components"":5,""n_init_kmeans"":1,""n_jobs"":1,""random_state"":9,""reg_covar"":1e-06,""verbose"":false}"
observed_genes,256,9,pca,tcga_d256_seed9_pca_b2d97ea5945f4893fefd.npz,4ce825c67c06642e0f9b10b07e58ca3c20d68442d75656c3fecc246d707f3fbe,9d02e060353114f63a930b261d436173d75a22ddb5c458bd3cc59f29a1aecb13,927c1d740dc72df1f880,0.9653481507996692,5,full,52558.02735351288,0.9962962962962963,87430b69454949c53e7817fc,5,ok,,0.9653481507996693,5,5,full,52558.02735351288,0.0846639170194976,"{""agglom_affinities"":[""mahalanobis""],""agglom_linkages"":[""ward""],""covariances"":[""full"",""diag"",""tied"",""spherical""],""criterion"":""bic"",""early_stop_delta"":0.0,""eigen_thres"":true,""init_agglomerative"":true,""max_components"":5,""min_components"":5,""n_init_kmeans"":1,""n_jobs"":1,""random_state"":9,""reg_covar"":1e-06,""verbose"":false}"
observed_genes,256,9,umap,tcga_d256_seed9_umap_f17e748c91351b7d9815.npz,d6ab50b9f5b70d07fa6a9ee84e2f428d7f90802ffee9d2526fd0e4e92ba08d27,05095ef8e755dae72d325d28ef8a11ee9a73ddcbbdd110783b1af9b2b47692b1,927c1d740dc72df1f880,0.5601244667500586,10,full,-77633.40395641362,0.9931335830212236,82a125e5bb919feaf5cd94d2,5,ok,,0.827975137279594,5,5,full,-70972.38477804475,0.03588675003265962,"{""agglom_affinities"":[""mahalanobis""],""agglom_linkages"":[""ward""],""covariances"":[""full"",""diag"",""tied"",""spherical""],""criterion"":""bic"",""early_stop_delta"":0.0,""eigen_thres"":true,""init_agglomerative"":true,""max_components"":5,""min_components"":5,""n_init_kmeans"":1,""n_jobs"":1,""random_state"":9,""reg_covar"":1e-06,""verbose"":false}"
observed_genes,256,10,autog2m2,tcga_d256_seed10_autog2m2_dae1fbace683ffb7db52.npz,44618d88121359e1180221cd89e3377f617f04f5ad365bdc2fc7f660acacbfa6,e9758ef67e807a832675baac8db4e339b17c25c5ced383509c8d2e637b89d844,927c1d740dc72df1f880,0.831478641385405,6,full,-102401.8319695115,0.9931751976695796,741e2efface52f67291f48b2,5,ok,,0.9919836030583601,5,5,full,-101533.33286724279,0.15054908394813538,"{""agglom_affinities"":[""mahalanobis""],""agglom_linkages"":[""ward""],""covariances"":[""full"",""diag"",""tied"",""spherical""],""criterion"":""bic"",""early_stop_delta"":0.0,""eigen_thres"":true,""init_agglomerative"":true,""max_components"":5,""min_components"":5,""n_init_kmeans"":1,""n_jobs"":1,""random_state"":10,""reg_covar"":1e-06,""verbose"":false}"
observed_genes,256,10,pca,tcga_d256_seed10_pca_742e59424f1d38f75fbd.npz,dc3efd41bfddcc3b0e0b331c36e37428376a3b42aac2982e6779fd642571cfa9,4019849a496b2853936755283b1e9f6b2f85b29cc061922006946112cb48a682,927c1d740dc72df1f880,0.9962578040012736,5,full,52980.946152493874,0.99625468164794,821600876b0837322da9b3de,5,ok,,0.9962578040012737,5,5,full,52980.94615249387,0.08463583298726007,"{""agglom_affinities"":[""mahalanobis""],""agglom_linkages"":[""ward""],""covariances"":[""full"",""diag"",""tied"",""spherical""],""criterion"":""bic"",""early_stop_delta"":0.0,""eigen_thres"":true,""init_agglomerative"":true,""max_components"":5,""min_components"":5,""n_init_kmeans"":1,""n_jobs"":1,""random_state"":10,""reg_covar"":1e-06,""verbose"":false}"
observed_genes,256,10,umap,tcga_d256_seed10_umap_3168ad74b739f93fe639.npz,442b9cdbad8d64ee544e46c15eeb40787662ea9692e32b9672643ef41331b83b,eee1e20453c2ca33da09cf240ea29627436e5b00568302ed2983070e1a054f24,927c1d740dc72df1f880,0.5643280159103073,10,full,-78523.19004999816,0.993591344153142,e4ef198e6ac779dbadc10a90,5,ok,,0.827975137279594,5,5,full,-71551.47664134407,0.03583687503123656,"{""agglom_affinities"":[""mahalanobis""],""agglom_linkages"":[""ward""],""covariances"":[""full"",""diag"",""tied"",""spherical""],""criterion"":""bic"",""early_stop_delta"":0.0,""eigen_thres"":true,""init_agglomerative"":true,""max_components"":5,""min_components"":5,""n_init_kmeans"":1,""n_jobs"":1,""random_state"":10,""reg_covar"":1e-06,""verbose"":false}"
observed_genes,256,11,autog2m2,tcga_d256_seed11_autog2m2_ca8b85234b493fadcdfc.npz,10733643b32285471750525acfa5381ecc6041bbefb1b6bec1ab7d27679ef5bc,2fae40a3bdfe230a5849485dd5e53b5d183b8246cfce4841901d460994bf1621,927c1d740dc72df1f880,0.6890882536126752,10,full,-74000.9014744582,0.9958385351643778,7f6d2dde02ebb386656a5b1e,5,ok,,0.8812188732566307,5,5,full,-67539.92027969052,0.11770954198436812,"{""agglom_affinities"":[""mahalanobis""],""agglom_linkages"":[""ward""],""covariances"":[""full"",""diag"",""tied"",""spherical""],""criterion"":""bic"",""early_stop_delta"":0.0,""eigen_thres"":true,""init_agglomerative"":true,""max_components"":5,""min_components"":5,""n_init_kmeans"":1,""n_jobs"":1,""random_state"":11,""reg_covar"":1e-06,""verbose"":false}"
observed_genes,256,11,pca,tcga_d256_seed11_pca_95e1d30d6bb012f0fdce.npz,91d5cd21ca9addc0ffda18e7fd1968de6d55f9e91e86addcc79c2d64c0127274,3afb776dbfd7524a08bf42d29c735e1f5e57f1808eb2f25672bd45a73e1cf84d,927c1d740dc72df1f880,0.997608322674708,5,full,53049.447435431095,0.9962962962962963,63691bbcab0a6f0a5e655cd3,5,ok,,0.997608322674708,5,5,full,53049.447435431095,0.08149516698904335,"{""agglom_affinities"":[""mahalanobis""],""agglom_linkages"":[""ward""],""covariances"":[""full"",""diag"",""tied"",""spherical""],""criterion"":""bic"",""early_stop_delta"":0.0,""eigen_thres"":true,""init_agglomerative"":true,""max_components"":5,""min_components"":5,""n_init_kmeans"":1,""n_jobs"":1,""random_state"":11,""reg_covar"":1e-06,""verbose"":false}"
observed_genes,256,11,umap,tcga_d256_seed11_umap_0a3bef1d2eecc4c976bf.npz,e1cdfc028fe1d8447543188d36ecb00f836f8cd2e8e9333d3a210d336aae406e,cb768553ac621d84abf797cf6d2b18f8d1b204a8ad2ba415d0dcdc367bda7d57,927c1d740dc72df1f880,0.571055827539567,10,full,-78327.20556923113,0.9939658759883478,73c4eb46ae569b8c3a037092,5,ok,,0.827975137279594,5,5,full,-72443.72176400735,0.03624979202868417,"{""agglom_affinities"":[""mahalanobis""],""agglom_linkages"":[""ward""],""covariances"":[""full"",""diag"",""tied"",""spherical""],""criterion"":""bic"",""early_stop_delta"":0.0,""eigen_thres"":true,""init_agglomerative"":true,""max_components"":5,""min_components"":5,""n_init_kmeans"":1,""n_jobs"":1,""random_state"":11,""reg_covar"":1e-06,""verbose"":false}"
observed_genes,256,12,autog2m2,tcga_d256_seed12_autog2m2_cc316da3dd4ac1f91bff.npz,5af5c0866962eba610bc3ca3b1b729c0d2825e5bf05d901d42cdab50d0c24d82,aed67053fd59e9589f6cc503070f5dc98d92e134d6c1d2c7f2aace57f9017de6,927c1d740dc72df1f880,0.7419614902684479,7,full,-105973.09088019464,0.995672076570953,1d45e6d9773f69325a0ad2db,5,ok,,1.0,5,5,full,-105331.45462127379,0.12366316694533452,"{""agglom_affinities"":[""mahalanobis""],""agglom_linkages"":[""ward""],""covariances"":[""full"",""diag"",""tied"",""spherical""],""criterion"":""bic"",""early_stop_delta"":0.0,""eigen_thres"":true,""init_agglomerative"":true,""max_components"":5,""min_components"":5,""n_init_kmeans"":1,""n_jobs"":1,""random_state"":12,""reg_covar"":1e-06,""verbose"":false}"
observed_genes,256,12,pca,tcga_d256_seed12_pca_ee47dac2c2f434ece093.npz,384fb3c9c1d7b09a2895989a9752850a08d8d492fc88ee594bc906d541b18f51,fcf166a13199d8bc7796653a934553d038ac5dbc38ea9a1b4d87d915be497d1c,927c1d740dc72df1f880,0.9962578040012736,5,full,52992.94892146177,0.99625468164794,52536a20159d4eee21d082aa,5,ok,,0.9962578040012737,5,5,full,52992.94892146177,0.08136466704308987,"{""agglom_affinities"":[""mahalanobis""],""agglom_linkages"":[""ward""],""covariances"":[""full"",""diag"",""tied"",""spherical""],""criterion"":""bic"",""early_stop_delta"":0.0,""eigen_thres"":true,""init_agglomerative"":true,""max_components"":5,""min_components"":5,""n_init_kmeans"":1,""n_jobs"":1,""random_state"":12,""reg_covar"":1e-06,""verbose"":false}"
observed_genes,256,12,umap,tcga_d256_seed12_umap_f5996565cc42b2ac5934.npz,57a737b701a257147401ee8c6b177786a82ce65d3db9161cbf7af60d8f6928c4,57e36d1516a5bc432e75e2555719b9226bac21bac5a529c78cc05bb7a36b5e84,927c1d740dc72df1f880,0.6138672567959702,10,full,-79900.84271193043,0.9937161880982106,b33bde392e6cdfda9741e361,5,ok,,0.827975137279594,5,5,full,-72658.02997229173,0.036373292037751526,"{""agglom_affinities"":[""mahalanobis""],""agglom_linkages"":[""ward""],""covariances"":[""full"",""diag"",""tied"",""spherical""],""criterion"":""bic"",""early_stop_delta"":0.0,""eigen_thres"":true,""init_agglomerative"":true,""max_components"":5,""min_components"":5,""n_init_kmeans"":1,""n_jobs"":1,""random_state"":12,""reg_covar"":1e-06,""verbose"":false}"
observed_genes,256,13,autog2m2,tcga_d256_seed13_autog2m2_43f176d0f376ceabdb1c.npz,1ccee576a19f98a1498a2ba35d32780d7a7bfe7cef36cb4310eba5b62c9b3f1e,30851e26c5112460434ba86ee301cb8f2eaecce216682a266b3dc78d744d852d,927c1d740dc72df1f880,0.7436248814058894,8,full,-107613.6492742172,0.992675821889305,63a7028edae4a919122513a9,5,ok,,0.9629860812739803,5,5,full,-107546.61438797566,0.09416858304757625,"{""agglom_affinities"":[""mahalanobis""],""agglom_linkages"":[""ward""],""covariances"":[""full"",""diag"",""tied"",""spherical""],""criterion"":""bic"",""early_stop_delta"":0.0,""eigen_thres"":true,""init_agglomerative"":true,""max_components"":5,""min_components"":5,""n_init_kmeans"":1,""n_jobs"":1,""random_state"":13,""reg_covar"":1e-06,""verbose"":false}"
observed_genes,256,13,pca,tcga_d256_seed13_pca_99b2a011d17f12b4d434.npz,22316189fc20d18e037082753246bcff4df02bc5d5c30c951cc3d4ec473a64c7,f8e1b2d8699d4ae5fcfd1d89fa7c5e38fe74f25cd56667823a71fbb2ab76603b,927c1d740dc72df1f880,0.9715471741497084,5,full,52714.931716751766,0.9962962962962963,ed1ab3a28dd649ed1d3c1e59,5,ok,,0.9715471741497083,5,5,full,52714.93171675177,0.08385683299275115,"{""agglom_affinities"":[""mahalanobis""],""agglom_linkages"":[""ward""],""covariances"":[""full"",""diag"",""tied"",""spherical""],""criterion"":""bic"",""early_stop_delta"":0.0,""eigen_thres"":true,""init_agglomerative"":true,""max_components"":5,""min_components"":5,""n_init_kmeans"":1,""n_jobs"":1,""random_state"":13,""reg_covar"":1e-06,""verbose"":false}"
observed_genes,256,13,umap,tcga_d256_seed13_umap_243f6006f94a8d7714cb.npz,e2c29dcf70a8c89cd200576209bc760abeb04db361092d77b6ddc733cbb26af3,be89fa399d79d5532ee3a4ee1371e0cab7b7b6fc81e82e8c4149336663b624ba,927c1d740dc72df1f880,0.5685675577340243,10,full,-79138.05849035275,0.9933000416146484,39f8ba7164afd192258ba65f,5,ok,,0.827975137279594,5,5,full,-72399.22766804634,0.035299165989272296,"{""agglom_affinities"":[""mahalanobis""],""agglom_linkages"":[""ward""],""covariances"":[""full"",""diag"",""tied"",""spherical""],""criterion"":""bic"",""early_stop_delta"":0.0,""eigen_thres"":true,""init_agglomerative"":true,""max_components"":5,""min_components"":5,""n_init_kmeans"":1,""n_jobs"":1,""random_state"":13,""reg_covar"":1e-06,""verbose"":false}"
observed_genes,256,14,autog2m2,tcga_d256_seed14_autog2m2_865684ac52ab9f181705.npz,0671134582252c5137911656007ff950f23977834303791252480ca0ed92309e,2d9cfcb3c699acfce244ad9fb2a272b8682dfb685f7c98d83e31e611d4479a74,927c1d740dc72df1f880,0.8527114208272937,7,full,-93389.18419902842,0.994923012900541,eeaede7503f23e8eccbd643e,5,ok,,0.9957179468847985,5,5,full,-92030.8259441995,0.09298025001771748,"{""agglom_affinities"":[""mahalanobis""],""agglom_linkages"":[""ward""],""covariances"":[""full"",""diag"",""tied"",""spherical""],""criterion"":""bic"",""early_stop_delta"":0.0,""eigen_thres"":true,""init_agglomerative"":true,""max_components"":5,""min_components"":5,""n_init_kmeans"":1,""n_jobs"":1,""random_state"":14,""reg_covar"":1e-06,""verbose"":false}"
observed_genes,256,14,pca,tcga_d256_seed14_pca_7145a9534c7a0c699c82.npz,55767bd005e43e0581a25e644405c31fab3ad57acc02818e36d15e5394b15fb1,ee61c250ccc4036170a0a4e432859012ae405d8d5e23af884440c157243e133f,927c1d740dc72df1f880,0.9975658196228132,5,full,52997.63595691452,0.99625468164794,f75e654e63cfbb55f6f7424f,5,ok,,0.9975658196228133,5,5,full,52997.63595691452,0.08179708302486688,"{""agglom_affinities"":[""mahalanobis""],""agglom_linkages"":[""ward""],""covariances"":[""full"",""diag"",""tied"",""spherical""],""criterion"":""bic"",""early_stop_delta"":0.0,""eigen_thres"":true,""init_agglomerative"":true,""max_components"":5,""min_components"":5,""n_init_kmeans"":1,""n_jobs"":1,""random_state"":14,""reg_covar"":1e-06,""verbose"":false}"
observed_genes,256,14,umap,tcga_d256_seed14_umap_deb41cde258dfd63f9d9.npz,23bd4dc14971314c1cf18171ecc438a227a97705e1fee046181ce227a1546bf7,88648ae28f78ec26ae01dbd133278dd8db9fca9af326f4385a7e03147d6b000f,927c1d740dc72df1f880,0.5660867835395466,10,full,-81548.32956212723,0.993424885559717,a395fca7478622b319d4231d,5,ok,,0.827975137279594,5,5,full,-74919.67484944563,0.03559566696640104,"{""agglom_affinities"":[""mahalanobis""],""agglom_linkages"":[""ward""],""covariances"":[""full"",""diag"",""tied"",""spherical""],""criterion"":""bic"",""early_stop_delta"":0.0,""eigen_thres"":true,""init_agglomerative"":true,""max_components"":5,""min_components"":5,""n_init_kmeans"":1,""n_jobs"":1,""random_state"":14,""reg_covar"":1e-06,""verbose"":false}"
observed_genes,256,15,autog2m2,tcga_d256_seed15_autog2m2_070bda3ebd77b8280fd8.npz,4eec1126619c70a98624054de2ebbdac5e2d53eab599c20e807852aa1369fd1b,948a0032562f0e1f40ae50601e04fef8fa516f44829f00329ce61d05f2815513,927c1d740dc72df1f880,0.9497307227123178,7,full,-102439.82697519772,0.9958385351643778,78218191c62fb0c37959c686,5,ok,,0.9925612809452409,5,5,full,-100771.79402847351,0.07870274997549132,"{""agglom_affinities"":[""mahalanobis""],""agglom_linkages"":[""ward""],""covariances"":[""full"",""diag"",""tied"",""spherical""],""criterion"":""bic"",""early_stop_delta"":0.0,""eigen_thres"":true,""init_agglomerative"":true,""max_components"":5,""min_components"":5,""n_init_kmeans"":1,""n_jobs"":1,""random_state"":15,""reg_covar"":1e-06,""verbose"":false}"
observed_genes,256,15,pca,tcga_d256_seed15_pca_357e7c0807b68e8bca4c.npz,c304682767de5ca8e738ab2b71c0c1814d912fef679b3c42e3757a79bbd6096c,e88ffe6224fcc314eb532194e5f6ae7d646d61dd40bb952c4a886a267c558edf,927c1d740dc72df1f880,0.9715471741497084,5,full,52720.63343000968,0.99625468164794,b7706764d63ac9f7f473c7ca,5,ok,,0.9715471741497083,5,5,full,52720.63343000968,0.0829281669575721,"{""agglom_affinities"":[""mahalanobis""],""agglom_linkages"":[""ward""],""covariances"":[""full"",""diag"",""tied"",""spherical""],""criterion"":""bic"",""early_stop_delta"":0.0,""eigen_thres"":true,""init_agglomerative"":true,""max_components"":5,""min_components"":5,""n_init_kmeans"":1,""n_jobs"":1,""random_state"":15,""reg_covar"":1e-06,""verbose"":false}"
observed_genes,256,15,umap,tcga_d256_seed15_umap_59a5bdf2aec5aed52db5.npz,86d703f85e268e699f91675d0a3f6d11c5d3208ebf2373dd4c7aced2d541dac5,ff59ff3eef79dfe18dbb418f522e110e65b7fe431a07ef6972c601e3e7011cb0,927c1d740dc72df1f880,0.5866775638883283,10,full,-78548.53660341859,0.994173949230129,29c1413bc04221aa4b0b41df,5,ok,,0.827975137279594,5,5,full,-72836.38485966415,0.036198874993715435,"{""agglom_affinities"":[""mahalanobis""],""agglom_linkages"":[""ward""],""covariances"":[""full"",""diag"",""tied"",""spherical""],""criterion"":""bic"",""early_stop_delta"":0.0,""eigen_thres"":true,""init_agglomerative"":true,""max_components"":5,""min_components"":5,""n_init_kmeans"":1,""n_jobs"":1,""random_state"":15,""reg_covar"":1e-06,""verbose"":false}"
observed_genes,256,16,autog2m2,tcga_d256_seed16_autog2m2_4c980e1f9d5d8884ef85.npz,468d6670926319cb3eabdc79168d4740526751a633b0ab8f49b64b7f9e8e7b28,0f3f233bc9d3f26cd9cba322603b3978d41bed0214c010fe5a5d9e880a9a9809,927c1d740dc72df1f880,0.6786536750585908,4,full,-144913.0958034505,0.9143570536828964,6b3a696d96ef08d0ee6afb29,5,ok,,0.8009776376135314,5,5,full,-144416.40497589644,0.13566154200816527,"{""agglom_affinities"":[""mahalanobis""],""agglom_linkages"":[""ward""],""covariances"":[""full"",""diag"",""tied"",""spherical""],""criterion"":""bic"",""early_stop_delta"":0.0,""eigen_thres"":true,""init_agglomerative"":true,""max_components"":5,""min_components"":5,""n_init_kmeans"":1,""n_jobs"":1,""random_state"":16,""reg_covar"":1e-06,""verbose"":false}"
observed_genes,256,16,pca,tcga_d256_seed16_pca_391cd4e225b40a99ae93.npz,1bdd61e42e7e12375d5e26e4db70d4ca0e902060540d4656a392fc84014e3f47,642f6704e0cb89d7fab3b41273c3ee096e660175dd151a278717eb7560d71db2,927c1d740dc72df1f880,0.9641869451257336,5,full,52571.7522482848,0.9962962962962963,39966efa38f0f57bd72ba3b8,5,ok,,0.9641869451257336,5,5,full,52571.75224828481,0.07935620902571827,"{""agglom_affinities"":[""mahalanobis""],""agglom_linkages"":[""ward""],""covariances"":[""full"",""diag"",""tied"",""spherical""],""criterion"":""bic"",""early_stop_delta"":0.0,""eigen_thres"":true,""init_agglomerative"":true,""max_components"":5,""min_components"":5,""n_init_kmeans"":1,""n_jobs"":1,""random_state"":16,""reg_covar"":1e-06,""verbose"":false}"
observed_genes,256,16,umap,tcga_d256_seed16_umap_a05e0dd7b0e306652644.npz,c4e3c2c2205d2655edd153833cb1601cdba82208ad9f3bda30911c096ce0a6e8,5edf3cd389041906ec4e09ad29afffb302d84acc2ce7637b78bb65ddcf671e2e,927c1d740dc72df1f880,0.5595227434641721,10,full,-80344.04063960325,0.9939242613399916,065fcd2de24a57087bd0028e,5,ok,,0.832722326794133,5,5,full,-71511.2338717828,0.03486025001620874,"{""agglom_affinities"":[""mahalanobis""],""agglom_linkages"":[""ward""],""covariances"":[""full"",""diag"",""tied"",""spherical""],""criterion"":""bic"",""early_stop_delta"":0.0,""eigen_thres"":true,""init_agglomerative"":true,""max_components"":5,""min_components"":5,""n_init_kmeans"":1,""n_jobs"":1,""random_state"":16,""reg_covar"":1e-06,""verbose"":false}"
observed_genes,256,17,autog2m2,tcga_d256_seed17_autog2m2_0951b54be9040c0d69ea.npz,97562e79b553c38cb5c4c744bd4e6e66a15734825c233a6aba655d39e64ad806,a064a17bf0928d10455dd7a43a248c9871912e3510f9054b9ec3685ed1e43ba0,927c1d740dc72df1f880,0.98503434913918,5,full,-113790.51497587073,0.9877652933832708,e1f53f9147a181481e43252e,5,ok,,0.98503434913918,5,5,full,-113790.51497587071,0.10210087499581277,"{""agglom_affinities"":[""mahalanobis""],""agglom_linkages"":[""ward""],""covariances"":[""full"",""diag"",""tied"",""spherical""],""criterion"":""bic"",""early_stop_delta"":0.0,""eigen_thres"":true,""init_agglomerative"":true,""max_components"":5,""min_components"":5,""n_init_kmeans"":1,""n_jobs"":1,""random_state"":17,""reg_covar"":1e-06,""verbose"":false}"
observed_genes,256,17,pca,tcga_d256_seed17_pca_1f9ab505762aef8a192b.npz,ce048bccfaa2daa52e27b329fafbc92d8dc4d35041ac53adc7cda593d10f9d53,31d4fdfe66d55723c98ab8c3112da63cababd998b4f19f431ff1774f748548a4,927c1d740dc72df1f880,0.967845654094356,5,full,52563.494822004664,0.9962962962962963,d0efc2670428e94b1975b83d,5,ok,,0.9678456540943561,5,5,full,52563.494822004664,0.0841077080112882,"{""agglom_affinities"":[""mahalanobis""],""agglom_linkages"":[""ward""],""covariances"":[""full"",""diag"",""tied"",""spherical""],""criterion"":""bic"",""early_stop_delta"":0.0,""eigen_thres"":true,""init_agglomerative"":true,""max_components"":5,""min_components"":5,""n_init_kmeans"":1,""n_jobs"":1,""random_state"":17,""reg_covar"":1e-06,""verbose"":false}"
observed_genes,256,17,umap,tcga_d256_seed17_umap_7c819838a1546da76b2a.npz,e96a5b309345e52e6ad5e9f5e90db9dca15d29c00d67ee85703ca1c9a632ae8d,51014990c495c7560ea410744eb37f8539c839a72b6e31032ef7c4389ee6df6a,927c1d740dc72df1f880,0.583557194803653,10,full,-80533.15695522373,0.9942571785268416,3b7deb0ec90c27a7e72b46fa,5,ok,,0.827975137279594,5,5,full,-73461.32036317988,0.03639495902461931,"{""agglom_affinities"":[""mahalanobis""],""agglom_linkages"":[""ward""],""covariances"":[""full"",""diag"",""tied"",""spherical""],""criterion"":""bic"",""early_stop_delta"":0.0,""eigen_thres"":true,""init_agglomerative"":true,""max_components"":5,""min_components"":5,""n_init_kmeans"":1,""n_jobs"":1,""random_state"":17,""reg_covar"":1e-06,""verbose"":false}"
observed_genes,256,18,autog2m2,tcga_d256_seed18_autog2m2_3189b887674ffce31c88.npz,d3a221973383794b0b5b5874c97a257300b12d43d026d1cd57ccd7df4b582724,da0b10972e11dcca554ab04e0b74f123d128ca9a2d17039cd0ba908a61811d28,927c1d740dc72df1f880,0.590109818108682,10,full,-95000.8166292155,0.9954640033291718,e7a6273e017dafcc4d495d15,5,ok,,0.9887490480725646,5,5,full,-94083.8697004002,0.10164725000504404,"{""agglom_affinities"":[""mahalanobis""],""agglom_linkages"":[""ward""],""covariances"":[""full"",""diag"",""tied"",""spherical""],""criterion"":""bic"",""early_stop_delta"":0.0,""eigen_thres"":true,""init_agglomerative"":true,""max_components"":5,""min_components"":5,""n_init_kmeans"":1,""n_jobs"":1,""random_state"":18,""reg_covar"":1e-06,""verbose"":false}"
observed_genes,256,18,pca,tcga_d256_seed18_pca_701096f03264dfcb7b76.npz,161922ea7a5eaeb6fbd027ec318afd0909c4d9064b03aca00f44d9fea1fb3c63,592c5aab87c89672538605adabfaea52dce0c5ffee6435a7f7f3a1b311b6191e,927c1d740dc72df1f880,0.9962578040012736,5,full,52994.00503916762,0.99625468164794,60113d96202d07c01338c564,5,ok,,0.9962578040012737,5,5,full,52994.00503916762,0.08106154203414917,"{""agglom_affinities"":[""mahalanobis""],""agglom_linkages"":[""ward""],""covariances"":[""full"",""diag"",""tied"",""spherical""],""criterion"":""bic"",""early_stop_delta"":0.0,""eigen_thres"":true,""init_agglomerative"":true,""max_components"":5,""min_components"":5,""n_init_kmeans"":1,""n_jobs"":1,""random_state"":18,""reg_covar"":1e-06,""verbose"":false}"
observed_genes,256,18,umap,tcga_d256_seed18_umap_51b5c7f839238fa2d994.npz,55145ed58db79563c3d5e53159eee2578e1b736478ac84b3c494ce2e05388aba,f2046e00b9d0da9ea5e659150ffae3f77dcd7de99dbf8c5576a097bf99d7d37f,927c1d740dc72df1f880,0.6068153413299802,10,full,-78317.41662447002,0.9937994173949232,860f1a9e3eff3f416866acc8,5,ok,,0.827975137279594,5,5,full,-71716.68900766988,0.035499292018357664,"{""agglom_affinities"":[""mahalanobis""],""agglom_linkages"":[""ward""],""covariances"":[""full"",""diag"",""tied"",""spherical""],""criterion"":""bic"",""early_stop_delta"":0.0,""eigen_thres"":true,""init_agglomerative"":true,""max_components"":5,""min_components"":5,""n_init_kmeans"":1,""n_jobs"":1,""random_state"":18,""reg_covar"":1e-06,""verbose"":false}"
observed_genes,256,19,autog2m2,tcga_d256_seed19_autog2m2_db8196fc00909544ec21.npz,932b3893e46815080e3752d82dccc6ea7ce9989fe409a5f59997d92a839a3f5e,0f27f78a96cd3d9adb9d06bce64e34696d7976571834aa4b4ca03ba2c9dbf8ca,927c1d740dc72df1f880,0.8637152307749119,8,full,-106468.0980252888,0.995089471493966,02463118735bc3b9c6c86d22,5,ok,,0.98505906221011,5,5,full,-105548.76120630231,0.10474320797948167,"{""agglom_affinities"":[""mahalanobis""],""agglom_linkages"":[""ward""],""covariances"":[""full"",""diag"",""tied"",""spherical""],""criterion"":""bic"",""early_stop_delta"":0.0,""eigen_thres"":true,""init_agglomerative"":true,""max_components"":5,""min_components"":5,""n_init_kmeans"":1,""n_jobs"":1,""random_state"":19,""reg_covar"":1e-06,""verbose"":false}"
observed_genes,256,19,pca,tcga_d256_seed19_pca_aa66c8605ab4b3301c34.npz,f3222d58b9e2a32d1ff9b76b665f9be5a4c425176405410d8b65391c9fe2b657,ade5b0ab7d8c4662ed0641b3c3fcd1ee617e4fb0eee5c86ef492c602298a3cb1,927c1d740dc72df1f880,0.978898084457934,5,full,52641.76275151886,0.9962962962962963,3cc84c02a852ad2770f96908,5,ok,,0.9788980844579339,5,5,full,52641.76275151885,0.08242445799987763,"{""agglom_affinities"":[""mahalanobis""],""agglom_linkages"":[""ward""],""covariances"":[""full"",""diag"",""tied"",""spherical""],""criterion"":""bic"",""early_stop_delta"":0.0,""eigen_thres"":true,""init_agglomerative"":true,""max_components"":5,""min_components"":5,""n_init_kmeans"":1,""n_jobs"":1,""random_state"":19,""reg_covar"":1e-06,""verbose"":false}"
observed_genes,256,19,umap,tcga_d256_seed19_umap_da027d8fb5d4ea75a913.npz,9b8d0ff26a33378d4906d7a726e6d2cc4492a98a6b19f476a0f0fcfc8a9b867b,564de4e36218372760854087c44c961d2113014354d6108587f0f3b3f9febc39,927c1d740dc72df1f880,0.5616082682085037,10,full,-81376.64589374005,0.9933416562630044,33a06ac4fcf2d77cd5dd12be,5,ok,,0.827975137279594,5,5,full,-74132.15853029006,0.036564999958500266,"{""agglom_affinities"":[""mahalanobis""],""agglom_linkages"":[""ward""],""covariances"":[""full"",""diag"",""tied"",""spherical""],""criterion"":""bic"",""early_stop_delta"":0.0,""eigen_thres"":true,""init_agglomerative"":true,""max_components"":5,""min_components"":5,""n_init_kmeans"":1,""n_jobs"":1,""random_state"":19,""reg_covar"":1e-06,""verbose"":false}"
observed_genes,512,0,autog2m2,tcga_d512_seed0_autog2m2_43cb154da6722fb3287b.npz,aa8bba012ed95aed57c8de925fdf6b30334c56d7227e2f7637101b98e6ba3f18,bda99b8deda69340e83349afb1a1e1c3944da55ddfbebac2fa3a2b318c0bf113,927c1d740dc72df1f880,0.723080796809931,7,full,-98339.36053713066,0.9960882230545152,75ed8d2d122472202a78b173,5,ok,,0.9900930560872544,5,5,full,-97892.55088814069,0.07781158399302512,"{""agglom_affinities"":[""mahalanobis""],""agglom_linkages"":[""ward""],""covariances"":[""full"",""diag"",""tied"",""spherical""],""criterion"":""bic"",""early_stop_delta"":0.0,""eigen_thres"":true,""init_agglomerative"":true,""max_components"":5,""min_components"":5,""n_init_kmeans"":1,""n_jobs"":1,""random_state"":0,""reg_covar"":1e-06,""verbose"":false}"
observed_genes,512,0,pca,tcga_d512_seed0_pca_8a189d4fad83d6cb09f6.npz,1ed16f7e04dc0c349aa4ee9f19981f9f1155e7c389a4add3ca53fac2646f1244,958ef73cfdcc9e29fa9e6725353fee9df2e84919df31921fe3b2fa1450be4d52,927c1d740dc72df1f880,0.9962578040012736,5,full,61132.281796703945,0.996421140241365,b5ec120fffba766b512387ef,5,ok,,0.9962578040012737,5,5,full,61132.281796703945,0.08174225001130253,"{""agglom_affinities"":[""mahalanobis""],""agglom_linkages"":[""ward""],""covariances"":[""full"",""diag"",""tied"",""spherical""],""criterion"":""bic"",""early_stop_delta"":0.0,""eigen_thres"":true,""init_agglomerative"":true,""max_components"":5,""min_components"":5,""n_init_kmeans"":1,""n_jobs"":1,""random_state"":0,""reg_covar"":1e-06,""verbose"":false}"
observed_genes,512,0,umap,tcga_d512_seed0_umap_2fc4a6b828a0abd9f37a.npz,02fa6d667cbf5b2f49af5ae6ab48f4b01d20c86dd1c5bf0001a7bd59284c8392,c0d89f42b977257a1c3fe39d5e5afbe92895a535db22224e1b0e316840356320,927c1d740dc72df1f880,0.573116146718163,10,full,-83062.40598410297,0.9982521847690388,6d3c2768056cbbda04d4b101,5,ok,,0.9962578040012737,5,5,full,-72530.01538620681,0.036851582990493625,"{""agglom_affinities"":[""mahalanobis""],""agglom_linkages"":[""ward""],""covariances"":[""full"",""diag"",""tied"",""spherical""],""criterion"":""bic"",""early_stop_delta"":0.0,""eigen_thres"":true,""init_agglomerative"":true,""max_components"":5,""min_components"":5,""n_init_kmeans"":1,""n_jobs"":1,""random_state"":0,""reg_covar"":1e-06,""verbose"":false}"
observed_genes,512,1,autog2m2,tcga_d512_seed1_autog2m2_717a61a7ab921741ae5a.npz,bb7198f207850cf7dc2adb3ba4fbaf5e4c1c195b8a370aba2c3996aa0c5c5d9e,7f5d39b03f6d8fbcfe82fc90a64878ae0f8e5f2468817087ebac70736c6b30ed,927c1d740dc72df1f880,0.7510417897695386,9,full,-109035.50632597697,0.994340407823554,57c473464c98940208d0038b,5,ok,,0.9906997055406637,5,5,full,-108497.03095349834,0.09078533301362768,"{""agglom_affinities"":[""mahalanobis""],""agglom_linkages"":[""ward""],""covariances"":[""full"",""diag"",""tied"",""spherical""],""criterion"":""bic"",""early_stop_delta"":0.0,""eigen_thres"":true,""init_agglomerative"":true,""max_components"":5,""min_components"":5,""n_init_kmeans"":1,""n_jobs"":1,""random_state"":1,""reg_covar"":1e-06,""verbose"":false}"
observed_genes,512,1,pca,tcga_d512_seed1_pca_4fa3bb5d5a99624c91e5.npz,e83dbf8cd28d8e3b11aa7ce434798be87a1e351dc844e1bebb748bfcddd23277,2c24fa294342a12d4ae8e1c26e152d13720492eb24dfddc70a472f41556a74b5,927c1d740dc72df1f880,0.8801720104341728,6,full,61350.47124316124,0.996421140241365,6f5fcfb4d5649d7571096af6,5,ok,,0.8050607479148562,5,5,full,61624.9438041717,0.08499812497757375,"{""agglom_affinities"":[""mahalanobis""],""agglom_linkages"":[""ward""],""covariances"":[""full"",""diag"",""tied"",""spherical""],""criterion"":""bic"",""early_stop_delta"":0.0,""eigen_thres"":true,""init_agglomerative"":true,""max_components"":5,""min_components"":5,""n_init_kmeans"":1,""n_jobs"":1,""random_state"":1,""reg_covar"":1e-06,""verbose"":false}"
observed_genes,512,1,umap,tcga_d512_seed1_umap_dbb5858877d805a1a1e8.npz,effb9c64a1ebf7d9f440c2239a3199ae48f8ffb5adbc89cb92f624428dad837e,b203e6bcd9beb29cb3e055bc6db9c50b73cfec1aef83f815478a7265e429bc24,927c1d740dc72df1f880,0.6853402123981269,8,full,-82269.42940069514,0.9960882230545152,bbc0b4f112aedc001e2045ea,5,ok,,0.9925379262715904,5,5,full,-72596.62063609138,0.03647908300627023,"{""agglom_affinities"":[""mahalanobis""],""agglom_linkages"":[""ward""],""covariances"":[""full"",""diag"",""tied"",""spherical""],""criterion"":""bic"",""early_stop_delta"":0.0,""eigen_thres"":true,""init_agglomerative"":true,""max_components"":5,""min_components"":5,""n_init_kmeans"":1,""n_jobs"":1,""random_state"":1,""reg_covar"":1e-06,""verbose"":false}"
observed_genes,512,2,autog2m2,tcga_d512_seed2_autog2m2_35cced823ad85f709a1c.npz,d51e4ec941cfef7cfa8c67b3799a5c3b59a1c5a1dd104f1b7a35334839442dfc,83e175a8e67a75115e4b1c422954d5ab691b40bacc869c5023b0d9b4dad30e5b,927c1d740dc72df1f880,0.6067938384549392,9,full,-104817.0384858658,0.9894298793175198,15d605c47a70ce68f0fc7bce,5,ok,,0.9863579945864613,5,5,full,-104273.99300965022,0.12131424999097362,"{""agglom_affinities"":[""mahalanobis""],""agglom_linkages"":[""ward""],""covariances"":[""full"",""diag"",""tied"",""spherical""],""criterion"":""bic"",""early_stop_delta"":0.0,""eigen_thres"":true,""init_agglomerative"":true,""max_components"":5,""min_components"":5,""n_init_kmeans"":1,""n_jobs"":1,""random_state"":2,""reg_covar"":1e-06,""verbose"":false}"
observed_genes,512,2,pca,tcga_d512_seed2_pca_4f7089db557d387cd0c9.npz,7ca2af705687e70f922f4f5e9947ef37c3af778f95e3ad7ff3906f63d10d94a8,0335e549ca52ed79e9c3784d5bff4f3365ced77610c72c0ffae65db4ca08e3c1,927c1d740dc72df1f880,0.9962578040012736,5,full,61129.46916048678,0.996421140241365,601cc7e6318445bcdeaebe49,5,ok,,0.9962578040012737,5,5,full,61129.46916048678,0.07782624999526888,"{""agglom_affinities"":[""mahalanobis""],""agglom_linkages"":[""ward""],""covariances"":[""full"",""diag"",""tied"",""spherical""],""criterion"":""bic"",""early_stop_delta"":0.0,""eigen_thres"":true,""init_agglomerative"":true,""max_components"":5,""min_components"":5,""n_init_kmeans"":1,""n_jobs"":1,""random_state"":2,""reg_covar"":1e-06,""verbose"":false}"
observed_genes,512,2,umap,tcga_d512_seed2_umap_e96d881dcdb6c2963b49.npz,7df887d700be9251f262d8dc41a2989b09aabc6121d4d0333e3e49c21c0d466b,3307e25523a10050945a4890e3cf862c35be20209c44c508f2f0268760de211c,927c1d740dc72df1f880,0.6792721420357103,8,full,-83715.60359395244,0.997544735746983,4099b03385d46e1a76186dae,5,ok,,0.9962578040012737,5,5,full,-73113.66638314076,0.036045834014657885,"{""agglom_affinities"":[""mahalanobis""],""agglom_linkages"":[""ward""],""covariances"":[""full"",""diag"",""tied"",""spherical""],""criterion"":""bic"",""early_stop_delta"":0.0,""eigen_thres"":true,""init_agglomerative"":true,""max_components"":5,""min_components"":5,""n_init_kmeans"":1,""n_jobs"":1,""random_state"":2,""reg_covar"":1e-06,""verbose"":false}"
observed_genes,512,3,autog2m2,tcga_d512_seed3_autog2m2_fadf3dece3c8f4e67243.npz,2a193f9d8bae274792585317059b23f443bcea51711a24f11e048e6dcbe99105,3c54ecb88672ca93d63df3101b1328ac2289184def3c0b15bc8f3d12790ab99c,927c1d740dc72df1f880,0.9925170428621352,5,full,-85931.9972648738,0.9946317103620474,60f2126e5ebc7d1a7279e280,5,ok,,0.9925170428621352,5,5,full,-85931.9972648738,0.12197145802201703,"{""agglom_affinities"":[""mahalanobis""],""agglom_linkages"":[""ward""],""covariances"":[""full"",""diag"",""tied"",""spherical""],""criterion"":""bic"",""early_stop_delta"":0.0,""eigen_thres"":true,""init_agglomerative"":true,""max_components"":5,""min_components"":5,""n_init_kmeans"":1,""n_jobs"":1,""random_state"":3,""reg_covar"":1e-06,""verbose"":false}"
observed_genes,512,3,pca,tcga_d512_seed3_pca_911d5a27b71ef8b13bf2.npz,0c7d00abb192f58eb6897050b958e7708ea98736c922242549f74807d5297fdc,a7c33e871d2082add49150a4708217ef6aae25d26885fbfd2640f3ad2c10d7fc,927c1d740dc72df1f880,0.8801720104341728,6,full,61360.3967505612,0.9964627548897212,cd9c6afc6e0db9e9bd6f4646,5,ok,,0.9727888086546019,5,5,full,61369.369060716635,0.08606666600098833,"{""agglom_affinities"":[""mahalanobis""],""agglom_linkages"":[""ward""],""covariances"":[""full"",""diag"",""tied"",""spherical""],""criterion"":""bic"",""early_stop_delta"":0.0,""eigen_thres"":true,""init_agglomerative"":true,""max_components"":5,""min_components"":5,""n_init_kmeans"":1,""n_jobs"":1,""random_state"":3,""reg_covar"":1e-06,""verbose"":false}"
observed_genes,512,3,umap,tcga_d512_seed3_umap_b4a21d0a07773fef8183.npz,89153b39c15e622da1e97cb51383e0030b6624a8912f035b812043706f988e72,53938bfa1d76c5f79542347cff05cb965fb238479ab6b35058f72b68a8577629,927c1d740dc72df1f880,0.5899488605896378,10,full,-85338.39323494678,0.997752808988764,48377bcbc6ab0c2879764993,5,ok,,0.9962578040012737,5,5,full,-74623.76775723883,0.036962667014449835,"{""agglom_affinities"":[""mahalanobis""],""agglom_linkages"":[""ward""],""covariances"":[""full"",""diag"",""tied"",""spherical""],""criterion"":""bic"",""early_stop_delta"":0.0,""eigen_thres"":true,""init_agglomerative"":true,""max_components"":5,""min_components"":5,""n_init_kmeans"":1,""n_jobs"":1,""random_state"":3,""reg_covar"":1e-06,""verbose"":false}"
observed_genes,512,4,autog2m2,tcga_d512_seed4_autog2m2_4ad722c5f44fa365398d.npz,8090dff3bad545c387558ae5635d10d66693d4ed83021b89dac3e68c99ff48f2,21c134a469a81dc8682f3d191f744f720e02611cb2bcf804aa0ea1e7d17149df,927c1d740dc72df1f880,0.6815081292855175,8,full,-101153.9504335331,0.9952975447357468,44d557a4da4854ffa0966f65,5,ok,,0.9827135350616794,5,5,full,-100645.94431731787,0.08989020803710446,"{""agglom_affinities"":[""mahalanobis""],""agglom_linkages"":[""ward""],""covariances"":[""full"",""diag"",""tied"",""spherical""],""criterion"":""bic"",""early_stop_delta"":0.0,""eigen_thres"":true,""init_agglomerative"":true,""max_components"":5,""min_components"":5,""n_init_kmeans"":1,""n_jobs"":1,""random_state"":4,""reg_covar"":1e-06,""verbose"":false}"
observed_genes,512,4,pca,tcga_d512_seed4_pca_990f2fe1cd9e211339b0.npz,522e638b44d2540ab1f8e38af6ef5177bcee0056d6fa6e6d2556fd66538b5f0b,af10adecc689bd4259094e772240bbd6961df36c7c166efc1412ec9afbd4f4da,927c1d740dc72df1f880,0.9962578040012736,5,full,61117.82425410125,0.996421140241365,cc4b64ca1021c79c088d1a08,5,ok,,0.9962578040012737,5,5,full,61117.82425410125,0.07720912498189136,"{""agglom_affinities"":[""mahalanobis""],""agglom_linkages"":[""ward""],""covariances"":[""full"",""diag"",""tied"",""spherical""],""criterion"":""bic"",""early_stop_delta"":0.0,""eigen_thres"":true,""init_agglomerative"":true,""max_components"":5,""min_components"":5,""n_init_kmeans"":1,""n_jobs"":1,""random_state"":4,""reg_covar"":1e-06,""verbose"":false}"
observed_genes,512,4,umap,tcga_d512_seed4_umap_1ee8c2cfb7cef0ee5fb0.npz,8b23d932786337f1a4db86fb9308f9ee9fc67f99c58a1090921c90b64fb3ce53,31ffcbb7b4f24bc9887529bc28075e12434376359c52182d2f3a3b3792f0ff3e,927c1d740dc72df1f880,0.7389889419284172,8,full,-81203.02172722325,0.9976695796920516,dd2a2a7e45b831a4df192e59,5,ok,,0.9962578040012737,5,5,full,-71647.64842169678,0.03532150003593415,"{""agglom_affinities"":[""mahalanobis""],""agglom_linkages"":[""ward""],""covariances"":[""full"",""diag"",""tied"",""spherical""],""criterion"":""bic"",""early_stop_delta"":0.0,""eigen_thres"":true,""init_agglomerative"":true,""max_components"":5,""min_components"":5,""n_init_kmeans"":1,""n_jobs"":1,""random_state"":4,""reg_covar"":1e-06,""verbose"":false}"
observed_genes,512,5,autog2m2,tcga_d512_seed5_autog2m2_3869cb7ddd8d9af83344.npz,8f179635bad7686fe45a1c805b7826e7ef97dea9cd5995061f1e9ad12cda9462,a0d7fd2c8e14a890b5555c05fc76ac921369e226b551c6bf54681f3db8b42367,927c1d740dc72df1f880,0.7343152217802046,10,full,-95461.48524622626,0.9950478568456096,88f6ebae571e62722f057c3b,5,ok,,0.9887494438549305,5,5,full,-93400.7659027085,0.08965974999591708,"{""agglom_affinities"":[""mahalanobis""],""agglom_linkages"":[""ward""],""covariances"":[""full"",""diag"",""tied"",""spherical""],""criterion"":""bic"",""early_stop_delta"":0.0,""eigen_thres"":true,""init_agglomerative"":true,""max_components"":5,""min_components"":5,""n_init_kmeans"":1,""n_jobs"":1,""random_state"":5,""reg_covar"":1e-06,""verbose"":false}"
observed_genes,512,5,pca,tcga_d512_seed5_pca_df0f7520cedb41873deb.npz,a1df966f9376d0865bb5dc448dbb2cc9fa7a2071c54ceb9b57ccda0f7d81d184,3c7e7ed2cb90688e906d968e5a8979e299ba84c9eb5f15fb49c31e32d4c4d5fc,927c1d740dc72df1f880,0.9962578040012736,5,full,61085.4740425257,0.996421140241365,39e2a50a23bbc6ef0bab79cf,5,ok,,0.9962578040012737,5,5,full,61085.4740425257,0.07935929199447855,"{""agglom_affinities"":[""mahalanobis""],""agglom_linkages"":[""ward""],""covariances"":[""full"",""diag"",""tied"",""spherical""],""criterion"":""bic"",""early_stop_delta"":0.0,""eigen_thres"":true,""init_agglomerative"":true,""max_components"":5,""min_components"":5,""n_init_kmeans"":1,""n_jobs"":1,""random_state"":5,""reg_covar"":1e-06,""verbose"":false}"
observed_genes,512,5,umap,tcga_d512_seed5_umap_214acac1f525db0be7bb.npz,76835a3fcb92db61d5bd00239a0fc82098d42edc5941081ddefd5abc2d9a406b,463b9f0a7f3c325a45190f47af389428dbdf4389a18bb10f07492f493679b9ce,927c1d740dc72df1f880,0.5683041618722758,10,full,-84129.35813917192,0.9977111943404078,0fd76e7175342c09d657757a,5,ok,,0.9962578040012737,5,5,full,-73620.1456732663,0.036536125000566244,"{""agglom_affinities"":[""mahalanobis""],""agglom_linkages"":[""ward""],""covariances"":[""full"",""diag"",""tied"",""spherical""],""criterion"":""bic"",""early_stop_delta"":0.0,""eigen_thres"":true,""init_agglomerative"":true,""max_components"":5,""min_components"":5,""n_init_kmeans"":1,""n_jobs"":1,""random_state"":5,""reg_covar"":1e-06,""verbose"":false}"
observed_genes,512,6,autog2m2,tcga_d512_seed6_autog2m2_0f661d6d144470b728f2.npz,cfb137bba2fa80db025649da4f55f505ebcbb6afeadabcb14e15e92acd4d07db,902efd55de341ec703633240d265d979e7b2845efe1fcfa2f2194720731d3a3b,927c1d740dc72df1f880,0.9962525711260064,5,full,-92555.56526436978,0.993424885559717,5b182675a46ffb9d8d726ed8,5,ok,,0.9962525711260065,5,5,full,-92555.56526437018,0.10131491697393358,"{""agglom_affinities"":[""mahalanobis""],""agglom_linkages"":[""ward""],""covariances"":[""full"",""diag"",""tied"",""spherical""],""criterion"":""bic"",""early_stop_delta"":0.0,""eigen_thres"":true,""init_agglomerative"":true,""max_components"":5,""min_components"":5,""n_init_kmeans"":1,""n_jobs"":1,""random_state"":6,""reg_covar"":1e-06,""verbose"":false}"
observed_genes,512,6,pca,tcga_d512_seed6_pca_5b6f7fc4287dfddd7337.npz,3e53ef67e944fdf3957654c11c65ee4575327d7dbc9363832be1367d3d18ca9d,239f86efb816876968b393bbe09186c9140f689becad6ec4cdffc4b75b4d9f35,927c1d740dc72df1f880,0.9962578040012736,5,full,61101.44183781238,0.9964627548897212,01e6e746c9ee4ab2430a4624,5,ok,,0.9962578040012737,5,5,full,61101.44183781238,0.08004704199265689,"{""agglom_affinities"":[""mahalanobis""],""agglom_linkages"":[""ward""],""covariances"":[""full"",""diag"",""tied"",""spherical""],""criterion"":""bic"",""early_stop_delta"":0.0,""eigen_thres"":true,""init_agglomerative"":true,""max_components"":5,""min_components"":5,""n_init_kmeans"":1,""n_jobs"":1,""random_state"":6,""reg_covar"":1e-06,""verbose"":false}"
observed_genes,512,6,umap,tcga_d512_seed6_umap_4f5408a952526e7d24c5.npz,2914dd9cdfc2ec9448fbb7072445316f1e92d04c17cc9607199a486119dd2a98,e01ec7f6181b6c1a5ff4cd6cc170a818ce01714fa7b9e610ed66552ba0e9a702,927c1d740dc72df1f880,0.5640600189004719,10,full,-82274.76041828266,0.9976279650436952,b36361ef09bb600aec8e7efd,5,ok,,0.9962578040012737,5,5,full,-72764.02587917644,0.06153249996714294,"{""agglom_affinities"":[""mahalanobis""],""agglom_linkages"":[""ward""],""covariances"":[""full"",""diag"",""tied"",""spherical""],""criterion"":""bic"",""early_stop_delta"":0.0,""eigen_thres"":true,""init_agglomerative"":true,""max_components"":5,""min_components"":5,""n_init_kmeans"":1,""n_jobs"":1,""random_state"":6,""reg_covar"":1e-06,""verbose"":false}"
observed_genes,512,7,autog2m2,tcga_d512_seed7_autog2m2_5f531e22c0038350ae06.npz,9add0772cfc58989de1d4e354b358355538389f6c8d918e468e721d34049dd07,ca1ce3b47df94aa9114c3a047a1c741d3fabf402f58d50f959eac0b2d53fba6d,927c1d740dc72df1f880,0.5636776631364148,10,full,-93291.33524490982,0.9955472326258844,a5b7fe7898f7957573d66798,5,ok,,0.6286288866955012,5,5,full,-90721.82300247338,0.10732633405132219,"{""agglom_affinities"":[""mahalanobis""],""agglom_linkages"":[""ward""],""covariances"":[""full"",""diag"",""tied"",""spherical""],""criterion"":""bic"",""early_stop_delta"":0.0,""eigen_thres"":true,""init_agglomerative"":true,""max_components"":5,""min_components"":5,""n_init_kmeans"":1,""n_jobs"":1,""random_state"":7,""reg_covar"":1e-06,""verbose"":false}"
observed_genes,512,7,pca,tcga_d512_seed7_pca_93288b619c3fd4873b8e.npz,6fb0534ceb7e2a1a167592df9da08f95168bd9aff7504158b451f2ac349b96d8,8372af637717465f75e916e608b67d2c2b463c5b23d963adf0f613118522d32d,927c1d740dc72df1f880,0.9962578040012736,5,full,61084.721911053886,0.996421140241365,ccdbbb4a880153c068374a78,5,ok,,0.9962578040012737,5,5,full,61084.721911053886,0.08487333299126476,"{""agglom_affinities"":[""mahalanobis""],""agglom_linkages"":[""ward""],""covariances"":[""full"",""diag"",""tied"",""spherical""],""criterion"":""bic"",""early_stop_delta"":0.0,""eigen_thres"":true,""init_agglomerative"":true,""max_components"":5,""min_components"":5,""n_init_kmeans"":1,""n_jobs"":1,""random_state"":7,""reg_covar"":1e-06,""verbose"":false}"
observed_genes,512,7,umap,tcga_d512_seed7_umap_f3f80bd1be30d8ee2508.npz,2c8c5fa4ca707efa1ef50c19e89602bf2dcfc60f1c0275d7ec54c74f2df4787d,6a3e58c01116cda5534b7539679951fa1bdf354bf64f866960e814481b6bde5d,927c1d740dc72df1f880,0.6953384561867336,8,full,-82402.171275896,0.9971702039117768,1ae2122bcc9ced60e8515d15,5,ok,,0.9962578040012737,5,5,full,-73108.47869392963,0.037958708009682596,"{""agglom_affinities"":[""mahalanobis""],""agglom_linkages"":[""ward""],""covariances"":[""full"",""diag"",""tied"",""spherical""],""criterion"":""bic"",""early_stop_delta"":0.0,""eigen_thres"":true,""init_agglomerative"":true,""max_components"":5,""min_components"":5,""n_init_kmeans"":1,""n_jobs"":1,""random_state"":7,""reg_covar"":1e-06,""verbose"":false}"
observed_genes,512,8,autog2m2,tcga_d512_seed8_autog2m2_e654d64b810093487753.npz,14e434fd6e3ffa0cd48681931c79b431bc66240f71ac8f716d7051e36719888b,f70e2d6c578e43644051e53e72135153b3952a6ad2b470f72408df91e1813d8c,927c1d740dc72df1f880,0.6325746138886548,9,full,-104333.93713657456,0.9940907199334166,45098f82e48cb6b92c3c88d8,5,ok,,0.9925273678133084,5,5,full,-103068.19470892075,0.1205306249903515,"{""agglom_affinities"":[""mahalanobis""],""agglom_linkages"":[""ward""],""covariances"":[""full"",""diag"",""tied"",""spherical""],""criterion"":""bic"",""early_stop_delta"":0.0,""eigen_thres"":true,""init_agglomerative"":true,""max_components"":5,""min_components"":5,""n_init_kmeans"":1,""n_jobs"":1,""random_state"":8,""reg_covar"":1e-06,""verbose"":false}"
observed_genes,512,8,pca,tcga_d512_seed8_pca_e3ae4860a56e558d8b3c.npz,624691c8c00324036c052ff1c0bc921381e66e833ad2e0c9a287a8f87ef56080,3f46fa027f128b34383866a521f1e25bd7e980a31e0ea2bb4b4f4684366d7841,927c1d740dc72df1f880,0.9962578040012736,5,full,61072.12220288684,0.9964627548897212,570a82c098dacd2418d56328,5,ok,,0.9962578040012737,5,5,full,61072.12220288684,0.11371199996210635,"{""agglom_affinities"":[""mahalanobis""],""agglom_linkages"":[""ward""],""covariances"":[""full"",""diag"",""tied"",""spherical""],""criterion"":""bic"",""early_stop_delta"":0.0,""eigen_thres"":true,""init_agglomerative"":true,""max_components"":5,""min_components"":5,""n_init_kmeans"":1,""n_jobs"":1,""random_state"":8,""reg_covar"":1e-06,""verbose"":false}"
observed_genes,512,8,umap,tcga_d512_seed8_umap_e41efcdf6ba6c7e59b61.npz,5517cc9884c962037beb06cc0428ff943f82cf0c561ce67148f958558c8a1715,fb90404c363882aeed2d626c24ab6bcc70c228a788013bb33ffb7f1ec6cf93b1,927c1d740dc72df1f880,0.6896611615710776,8,full,-84144.48615182645,0.997544735746983,5a6a04b40293c8f83f03b141,5,ok,,0.9962578040012737,5,5,full,-73908.11092905345,0.036240375018678606,"{""agglom_affinities"":[""mahalanobis""],""agglom_linkages"":[""ward""],""covariances"":[""full"",""diag"",""tied"",""spherical""],""criterion"":""bic"",""early_stop_delta"":0.0,""eigen_thres"":true,""init_agglomerative"":true,""max_components"":5,""min_components"":5,""n_init_kmeans"":1,""n_jobs"":1,""random_state"":8,""reg_covar"":1e-06,""verbose"":false}"
observed_genes,512,9,autog2m2,tcga_d512_seed9_autog2m2_cb2b263159ca5064a190.npz,ba11c22dfe29575bd63054f78722bcff539ace5f2baa291d4097a166c2e055e9,a9f7461ae9b97540eab3a5343488bb51c2d73aac191ec087e278943983cb0977,927c1d740dc72df1f880,0.8745777552997714,6,full,-111128.7880125113,0.9967124427798584,cf43f1bbcd871a87a216a6eb,5,ok,,0.9962578040012737,5,5,full,-110571.95708383876,0.09754429099848494,"{""agglom_affinities"":[""mahalanobis""],""agglom_linkages"":[""ward""],""covariances"":[""full"",""diag"",""tied"",""spherical""],""criterion"":""bic"",""early_stop_delta"":0.0,""eigen_thres"":true,""init_agglomerative"":true,""max_components"":5,""min_components"":5,""n_init_kmeans"":1,""n_jobs"":1,""random_state"":9,""reg_covar"":1e-06,""verbose"":false}"
observed_genes,512,9,pca,tcga_d512_seed9_pca_78e5291c1d02d25c7d61.npz,bbdeb00d540a73acd08a68219187b704d50ec16e2c5fa013a47096318921fcbc,ca57598a469dbebc8b542ac07cc3a692d7079a1f7ca961169b25daf5469fe966,927c1d740dc72df1f880,0.8801720104341728,6,full,61307.65973554252,0.9964627548897212,c15fefd9941d6c3109281fdb,5,ok,,0.8077347470884167,5,5,full,61581.337363392326,0.08471999998437241,"{""agglom_affinities"":[""mahalanobis""],""agglom_linkages"":[""ward""],""covariances"":[""full"",""diag"",""tied"",""spherical""],""criterion"":""bic"",""early_stop_delta"":0.0,""eigen_thres"":true,""init_agglomerative"":true,""max_components"":5,""min_components"":5,""n_init_kmeans"":1,""n_jobs"":1,""random_state"":9,""reg_covar"":1e-06,""verbose"":false}"
observed_genes,512,9,umap,tcga_d512_seed9_umap_2363fc8ba59c87c24c41.npz,05fb860e56bde4f0b1904cc4621c40af8ef1ed9f4df5f6d89f362287a7430361,ad0d9b6d0790a39ff42117aac6b55b1b09b73d5d3c962cf5b9b791fefa559064,927c1d740dc72df1f880,0.6101953212379989,10,full,-82446.46065964001,0.9975031210986268,f6bcc3ebe46f5cf543d69729,5,ok,,0.9962578040012737,5,5,full,-72238.5166983446,0.03691679099574685,"{""agglom_affinities"":[""mahalanobis""],""agglom_linkages"":[""ward""],""covariances"":[""full"",""diag"",""tied"",""spherical""],""criterion"":""bic"",""early_stop_delta"":0.0,""eigen_thres"":true,""init_agglomerative"":true,""max_components"":5,""min_components"":5,""n_init_kmeans"":1,""n_jobs"":1,""random_state"":9,""reg_covar"":1e-06,""verbose"":false}"
observed_genes,512,10,autog2m2,tcga_d512_seed10_autog2m2_671a565043c8456051ff.npz,0ec82a22f78bde73ad896a9e3d110130f72351d800749bf85fd835e2db1068e8,7daec9875d11ef861f96b2922bdd3513bc11f845b4d32b156c136af845d0d33b,927c1d740dc72df1f880,0.5951139604337193,10,full,-91376.9380872939,0.9921348314606742,8acc97c46e0e62703641a0ce,5,ok,,0.9863623727409643,5,5,full,-89973.38868025427,0.09372750000329688,"{""agglom_affinities"":[""mahalanobis""],""agglom_linkages"":[""ward""],""covariances"":[""full"",""diag"",""tied"",""spherical""],""criterion"":""bic"",""early_stop_delta"":0.0,""eigen_thres"":true,""init_agglomerative"":true,""max_components"":5,""min_components"":5,""n_init_kmeans"":1,""n_jobs"":1,""random_state"":10,""reg_covar"":1e-06,""verbose"":false}"
observed_genes,512,10,pca,tcga_d512_seed10_pca_3ecd1838c44ec0988e44.npz,47affacdef3f2a072ede84cba13feffcb80aac29dd152385645623dfa9091752,66964d9657b12116dc48c25145d55f9c3bd2cd94de006f4636357e8b925414ef,927c1d740dc72df1f880,0.9962578040012736,5,full,61061.5372383357,0.9964627548897212,c8d57a736ca284b02e08f127,5,ok,,0.9962578040012737,5,5,full,61061.5372383357,0.08025300002191216,"{""agglom_affinities"":[""mahalanobis""],""agglom_linkages"":[""ward""],""covariances"":[""full"",""diag"",""tied"",""spherical""],""criterion"":""bic"",""early_stop_delta"":0.0,""eigen_thres"":true,""init_agglomerative"":true,""max_components"":5,""min_components"":5,""n_init_kmeans"":1,""n_jobs"":1,""random_state"":10,""reg_covar"":1e-06,""verbose"":false}"
observed_genes,512,10,umap,tcga_d512_seed10_umap_e0a15f3ca2a1ec5c5d39.npz,e2828e77aa81b829f05c7c577da9659bad24183a1cf1714c9847d3a3fe3a184e,738c1acd24f8dee5bbd1017acf0a51b7b2215be13a8490b3ed408dd0416c0819,927c1d740dc72df1f880,0.7154048108577248,8,full,-80963.67766580306,0.9973366625052018,dc5a566ff9b74e43b11160be,5,ok,,0.9962578040012737,5,5,full,-70185.68507266977,0.03536974999587983,"{""agglom_affinities"":[""mahalanobis""],""agglom_linkages"":[""ward""],""covariances"":[""full"",""diag"",""tied"",""spherical""],""criterion"":""bic"",""early_stop_delta"":0.0,""eigen_thres"":true,""init_agglomerative"":true,""max_components"":5,""min_components"":5,""n_init_kmeans"":1,""n_jobs"":1,""random_state"":10,""reg_covar"":1e-06,""verbose"":false}"
observed_genes,512,11,autog2m2,tcga_d512_seed11_autog2m2_40a32be0afb621b84a9b.npz,fd93595ecd050a7534c924762fba8626788782457775a681d361b7af928d68c3,95e55a789cd193480998f5506be0a3002113fecdfac9e4b179a1f52497b76ea7,927c1d740dc72df1f880,0.7882105063582955,7,full,-100526.87819669848,0.9952975447357468,fe21c9ab14d58f745e7861bc,5,ok,,1.0,5,5,full,-99659.40239827638,0.09627320797881112,"{""agglom_affinities"":[""mahalanobis""],""agglom_linkages"":[""ward""],""covariances"":[""full"",""diag"",""tied"",""spherical""],""criterion"":""bic"",""early_stop_delta"":0.0,""eigen_thres"":true,""init_agglomerative"":true,""max_components"":5,""min_components"":5,""n_init_kmeans"":1,""n_jobs"":1,""random_state"":11,""reg_covar"":1e-06,""verbose"":false}"
observed_genes,512,11,pca,tcga_d512_seed11_pca_f98df53bfad29d5627de.npz,580d6cfe50834c90a054e978cad348648060f6683f04766d76b6be5a28c66adb,6a8f17e0c4f7a892190271af4dee6868703911860cafbadd367a10ad17d5765d,927c1d740dc72df1f880,0.9962578040012736,5,full,61062.87664294862,0.9965043695380774,cf125a3fa5f95eb39a8a10ad,5,ok,,0.9962578040012737,5,5,full,61062.87664294862,0.0824173329747282,"{""agglom_affinities"":[""mahalanobis""],""agglom_linkages"":[""ward""],""covariances"":[""full"",""diag"",""tied"",""spherical""],""criterion"":""bic"",""early_stop_delta"":0.0,""eigen_thres"":true,""init_agglomerative"":true,""max_components"":5,""min_components"":5,""n_init_kmeans"":1,""n_jobs"":1,""random_state"":11,""reg_covar"":1e-06,""verbose"":false}"
observed_genes,512,11,umap,tcga_d512_seed11_umap_71380c470e88a7ef1a59.npz,9a154ada3055e86cf5b0dd7c3109c6c740b3a921e7f9841f43f85b9ef5bb9492,aabac2c43443dbbcf10d816f60bab18be660e9fa1ee74a413feb35344fdf28a4,927c1d740dc72df1f880,0.7064340943145694,8,full,-82012.31799623548,0.9960882230545152,2602a17f6ce23dfbfa8d1d8d,5,ok,,0.9925379262715904,5,5,full,-72425.75398139052,0.036930040980223566,"{""agglom_affinities"":[""mahalanobis""],""agglom_linkages"":[""ward""],""covariances"":[""full"",""diag"",""tied"",""spherical""],""criterion"":""bic"",""early_stop_delta"":0.0,""eigen_thres"":true,""init_agglomerative"":true,""max_components"":5,""min_components"":5,""n_init_kmeans"":1,""n_jobs"":1,""random_state"":11,""reg_covar"":1e-06,""verbose"":false}"
observed_genes,512,12,autog2m2,tcga_d512_seed12_autog2m2_e791d8a2a20e810b497e.npz,0163aae84f0c10df0b8a63e63aaf844ee712ec2ad129fd33fe7bf90866c2dfe4,23eac68d706bdcac3e251c0777ed8ef602e61a19b00845fbc86da8199dcac7e8,927c1d740dc72df1f880,0.6753818966305742,8,full,-70363.0822076983,0.9945068664169788,6b0b2c4e5174cc0d16675460,5,ok,,0.9962525711260065,5,5,full,-70041.69301533668,0.09682095801690593,"{""agglom_affinities"":[""mahalanobis""],""agglom_linkages"":[""ward""],""covariances"":[""full"",""diag"",""tied"",""spherical""],""criterion"":""bic"",""early_stop_delta"":0.0,""eigen_thres"":true,""init_agglomerative"":true,""max_components"":5,""min_components"":5,""n_init_kmeans"":1,""n_jobs"":1,""random_state"":12,""reg_covar"":1e-06,""verbose"":false}"
observed_genes,512,12,pca,tcga_d512_seed12_pca_fb66c76583e312d82cb3.npz,4646f828b555820078a7452589cf449984d060bf1a7767976a9cec6443fbee3b,15064bbaf211348f996349f42f9509996e8c5fae123dc5fa48748dc4e917c20f,927c1d740dc72df1f880,0.90780423179338,4,full,61530.347983035615,0.9964627548897212,28ca6efbda35a374ee946ae3,5,ok,,0.8135627490177668,5,5,full,61692.31006795324,0.08058620896190405,"{""agglom_affinities"":[""mahalanobis""],""agglom_linkages"":[""ward""],""covariances"":[""full"",""diag"",""tied"",""spherical""],""criterion"":""bic"",""early_stop_delta"":0.0,""eigen_thres"":true,""init_agglomerative"":true,""max_components"":5,""min_components"":5,""n_init_kmeans"":1,""n_jobs"":1,""random_state"":12,""reg_covar"":1e-06,""verbose"":false}"
observed_genes,512,12,umap,tcga_d512_seed12_umap_ade5dc2ce30948bec5f5.npz,f9428a6f00c27edccc7c30931ab63f1d3a77508dde789ff21cac24d44f7ebed2,8ba5faa8df7a18d4f366b16c797c8eb3d98d691353f699108fb8079ad6132f2b,927c1d740dc72df1f880,0.5706681621772436,10,full,-82784.63454573452,0.9974198918019144,58a16b4fa39bdf04b8ac7c82,5,ok,,0.9962578040012737,5,5,full,-72617.2489837714,0.035241291974671185,"{""agglom_affinities"":[""mahalanobis""],""agglom_linkages"":[""ward""],""covariances"":[""full"",""diag"",""tied"",""spherical""],""criterion"":""bic"",""early_stop_delta"":0.0,""eigen_thres"":true,""init_agglomerative"":true,""max_components"":5,""min_components"":5,""n_init_kmeans"":1,""n_jobs"":1,""random_state"":12,""reg_covar"":1e-06,""verbose"":false}"
observed_genes,512,13,autog2m2,tcga_d512_seed13_autog2m2_9c482a6fcc79ee6b053f.npz,00a2552ae5f6532efb2ebbcd4426823e155452a85dbe065122af0f4c6c50da28,e1a12ba2a5fca044dcd4461a787ab5ef91cbaec424101be213f44ffe7d6e5c8f,927c1d740dc72df1f880,0.9925379262715904,5,full,-99651.048622682,0.9915938410320432,c1747d8ad9c677a7d6990cdb,5,ok,,0.9925379262715904,5,5,full,-99651.04862268253,0.0934664579690434,"{""agglom_affinities"":[""mahalanobis""],""agglom_linkages"":[""ward""],""covariances"":[""full"",""diag"",""tied"",""spherical""],""criterion"":""bic"",""early_stop_delta"":0.0,""eigen_thres"":true,""init_agglomerative"":true,""max_components"":5,""min_components"":5,""n_init_kmeans"":1,""n_jobs"":1,""random_state"":13,""reg_covar"":1e-06,""verbose"":false}"
observed_genes,512,13,pca,tcga_d512_seed13_pca_ac98e1bdfc64a301f45d.npz,625db5b3d7d864135079d33f485969aaf18c27b77688ae67c00a94a3297e5bd2,64c7b7918fe47ec3c7728f9efa3e710b1d05c3a49494a75d7b6e87ce628aefbe,927c1d740dc72df1f880,0.8801720104341728,6,full,61366.10584464956,0.9965043695380774,d3aedce7cb37eee013fb20a8,5,ok,,0.9727888086546019,5,5,full,61374.34710149027,0.08735633397009224,"{""agglom_affinities"":[""mahalanobis""],""agglom_linkages"":[""ward""],""covariances"":[""full"",""diag"",""tied"",""spherical""],""criterion"":""bic"",""early_stop_delta"":0.0,""eigen_thres"":true,""init_agglomerative"":true,""max_components"":5,""min_components"":5,""n_init_kmeans"":1,""n_jobs"":1,""random_state"":13,""reg_covar"":1e-06,""verbose"":false}"
observed_genes,512,13,umap,tcga_d512_seed13_umap_27ed5743a4bd8b7cb242.npz,4508a12469031364c3bbfe70864973f3a30915e713b7e76b5727537c8c23db56,bbef0487690f24c3fc9ba24836dcb0d0cbe57b03df00b771ed45c241dc0c980c,927c1d740dc72df1f880,0.618964273726148,9,full,-80674.50547309207,0.9978776529338328,5a0f0f8522fc1dcf1d8c9e62,5,ok,,0.9962578040012737,5,5,full,-71479.51555319721,0.03603466600179672,"{""agglom_affinities"":[""mahalanobis""],""agglom_linkages"":[""ward""],""covariances"":[""full"",""diag"",""tied"",""spherical""],""criterion"":""bic"",""early_stop_delta"":0.0,""eigen_thres"":true,""init_agglomerative"":true,""max_components"":5,""min_components"":5,""n_init_kmeans"":1,""n_jobs"":1,""random_state"":13,""reg_covar"":1e-06,""verbose"":false}"
observed_genes,512,14,autog2m2,tcga_d512_seed14_autog2m2_bcfe271920ff1ab9e86b.npz,9737addfcb5592ff86e2871d26e9bdd4b18f1dfd79b6d359029c2c149fd781f1,3fabe920fabdf0dd40ec48b25227da4ad08975d0ef8934d63199c88a1514758a,927c1d740dc72df1f880,0.7541441926404284,9,full,-102438.8777627714,0.9951310861423222,3a60f3a058eef334af8d7f14,5,ok,,0.9924697364526301,5,5,full,-100053.52728728356,0.09312770800897852,"{""agglom_affinities"":[""mahalanobis""],""agglom_linkages"":[""ward""],""covariances"":[""full"",""diag"",""tied"",""spherical""],""criterion"":""bic"",""early_stop_delta"":0.0,""eigen_thres"":true,""init_agglomerative"":true,""max_components"":5,""min_components"":5,""n_init_kmeans"":1,""n_jobs"":1,""random_state"":14,""reg_covar"":1e-06,""verbose"":false}"
observed_genes,512,14,pca,tcga_d512_seed14_pca_277e0272261f97ce9648.npz,e7f1c5acc2646be82b79fa1af477a64abb65f634229da3e7ffaa885130440eff,faaa0752b191e98278a3b141bc467f34fdb09b1032a0c94dd036036b1b51b083,927c1d740dc72df1f880,0.9962578040012736,5,full,61086.86991645913,0.9965043695380774,d8b563ce32090de80d01c8c5,5,ok,,0.9962578040012737,5,5,full,61086.86991645912,0.08343925001099706,"{""agglom_affinities"":[""mahalanobis""],""agglom_linkages"":[""ward""],""covariances"":[""full"",""diag"",""tied"",""spherical""],""criterion"":""bic"",""early_stop_delta"":0.0,""eigen_thres"":true,""init_agglomerative"":true,""max_components"":5,""min_components"":5,""n_init_kmeans"":1,""n_jobs"":1,""random_state"":14,""reg_covar"":1e-06,""verbose"":false}"
observed_genes,512,14,umap,tcga_d512_seed14_umap_4d91b5006388d4192f70.npz,bb8d30b17c20e6540a13a43479858a4973507c1d4b3c959dac94c1ac8945ab8c,7aa0cd5772fefc2ab66b02eb2eea309c70d18d033a76f04a580709a426cf60cc,927c1d740dc72df1f880,0.6889394500415538,8,full,-82418.00219107236,0.9977111943404078,70a64cfd708b3ee709e273c8,5,ok,,0.9962578040012737,5,5,full,-72544.58117372137,0.03505454200785607,"{""agglom_affinities"":[""mahalanobis""],""agglom_linkages"":[""ward""],""covariances"":[""full"",""diag"",""tied"",""spherical""],""criterion"":""bic"",""early_stop_delta"":0.0,""eigen_thres"":true,""init_agglomerative"":true,""max_components"":5,""min_components"":5,""n_init_kmeans"":1,""n_jobs"":1,""random_state"":14,""reg_covar"":1e-06,""verbose"":false}"
observed_genes,512,15,autog2m2,tcga_d512_seed15_autog2m2_642e562c29a7bedb2fdb.npz,ef5de36501d2711e8c384f0b9459c7607d980475c8dc3f00e404430a02775281,4a7495c1ce31cdf85f3c384656ed80169f4b36f6b4a51724aec22807e901a60c,927c1d740dc72df1f880,0.7134323590306286,9,full,-83410.36313826697,0.9956304619225969,ef4a2d8c9b489df9dccb4736,5,ok,,0.9925379262715904,5,5,full,-80777.87794479191,0.08868241601157933,"{""agglom_affinities"":[""mahalanobis""],""agglom_linkages"":[""ward""],""covariances"":[""full"",""diag"",""tied"",""spherical""],""criterion"":""bic"",""early_stop_delta"":0.0,""eigen_thres"":true,""init_agglomerative"":true,""max_components"":5,""min_components"":5,""n_init_kmeans"":1,""n_jobs"":1,""random_state"":15,""reg_covar"":1e-06,""verbose"":false}"
observed_genes,512,15,pca,tcga_d512_seed15_pca_c6ec55ae83a31f69b001.npz,4fb58cb610c901eabe984a3a02227c33f6245b500e09b5ab8965e9566e53e402,10f1829f559c6f364b13f7695625e52e6f414f5d8c0d28003463c890c5ab5802,927c1d740dc72df1f880,0.9962578040012736,5,full,61090.66411197314,0.9965043695380774,fd932c51cb9eed0a9704c032,5,ok,,0.9962578040012737,5,5,full,61090.66411197315,0.08375558402622119,"{""agglom_affinities"":[""mahalanobis""],""agglom_linkages"":[""ward""],""covariances"":[""full"",""diag"",""tied"",""spherical""],""criterion"":""bic"",""early_stop_delta"":0.0,""eigen_thres"":true,""init_agglomerative"":true,""max_components"":5,""min_components"":5,""n_init_kmeans"":1,""n_jobs"":1,""random_state"":15,""reg_covar"":1e-06,""verbose"":false}"
observed_genes,512,15,umap,tcga_d512_seed15_umap_d0a521c54ddd1f9ed23f.npz,7b206f6cd4173a41334babc3f0f8cf77aaef4d19afecf89b561fe2795f94ecd3,08177db427e1d9a15fca5a7e1a2d673bc19dfcdc8add0f42ecf01e582c3787ca,927c1d740dc72df1f880,0.6165004966983233,9,full,-83532.74062859897,0.9978360382854764,4e8775d38755dc2fec61f21f,5,ok,,0.9962578040012737,5,5,full,-73938.25808449791,0.037635416025295854,"{""agglom_affinities"":[""mahalanobis""],""agglom_linkages"":[""ward""],""covariances"":[""full"",""diag"",""tied"",""spherical""],""criterion"":""bic"",""early_stop_delta"":0.0,""eigen_thres"":true,""init_agglomerative"":true,""max_components"":5,""min_components"":5,""n_init_kmeans"":1,""n_jobs"":1,""random_state"":15,""reg_covar"":1e-06,""verbose"":false}"
observed_genes,512,16,autog2m2,tcga_d512_seed16_autog2m2_4751eb9b2cd6ae575d9f.npz,bcfd4ce617e21394904143719865a4219ca0b60ce0f8093a2acff2e51aec35cd,abe6b313c60800fe65c525dcc826984d195ba6e80944b237c91ec77bdd6dc019,927c1d740dc72df1f880,0.7452571814736477,7,full,-87197.27925738599,0.9920516021639616,6a893479a0850615f5f194e7,5,ok,,0.6880355660820633,5,5,full,-83283.31224687966,0.10986287496052682,"{""agglom_affinities"":[""mahalanobis""],""agglom_linkages"":[""ward""],""covariances"":[""full"",""diag"",""tied"",""spherical""],""criterion"":""bic"",""early_stop_delta"":0.0,""eigen_thres"":true,""init_agglomerative"":true,""max_components"":5,""min_components"":5,""n_init_kmeans"":1,""n_jobs"":1,""random_state"":16,""reg_covar"":1e-06,""verbose"":false}"
observed_genes,512,16,pca,tcga_d512_seed16_pca_8816b9c6b5006500b481.npz,358e257bd8c8754e83ca22d683eaf2d03be25b22cd7e210a0e1e11d91c586cde,eabfc5c53537dea01ef4ba9ad679f3d7ba414b319fd065a5daa88ea076ac47e3,927c1d740dc72df1f880,0.9962578040012736,5,full,61127.16089267897,0.9964627548897212,ad17b1e5a3ca957996f8ab36,5,ok,,0.9962578040012737,5,5,full,61127.160892678956,0.08032866701250896,"{""agglom_affinities"":[""mahalanobis""],""agglom_linkages"":[""ward""],""covariances"":[""full"",""diag"",""tied"",""spherical""],""criterion"":""bic"",""early_stop_delta"":0.0,""eigen_thres"":true,""init_agglomerative"":true,""max_components"":5,""min_components"":5,""n_init_kmeans"":1,""n_jobs"":1,""random_state"":16,""reg_covar"":1e-06,""verbose"":false}"
observed_genes,512,16,umap,tcga_d512_seed16_umap_a5d5cb947491b81e13ab.npz,5ec1c4afca9be2893ab39c916603e12a624f355a407b8b5b30d738f36316d42a,078e5932aa062528d5a6397fa0f2e639a9ba12b21593e71fbd9ef6d4f5486fce,927c1d740dc72df1f880,0.5702871910362702,10,full,-83178.27219070407,0.9976279650436952,ef7daf4a125691bac67845a5,5,ok,,0.9962578040012737,5,5,full,-73088.26422884675,0.03687183401780203,"{""agglom_affinities"":[""mahalanobis""],""agglom_linkages"":[""ward""],""covariances"":[""full"",""diag"",""tied"",""spherical""],""criterion"":""bic"",""early_stop_delta"":0.0,""eigen_thres"":true,""init_agglomerative"":true,""max_components"":5,""min_components"":5,""n_init_kmeans"":1,""n_jobs"":1,""random_state"":16,""reg_covar"":1e-06,""verbose"":false}"
observed_genes,512,17,autog2m2,tcga_d512_seed17_autog2m2_fc9e4a9119342ff35aca.npz,ed9bc9b7aba20b0e13ea8d01589d6ae3d5981053fc1d5274da7d534632a37ed2,ec8c8276a19095b840177f3af221516f25f9f6ceda601bf833a8fea929681f6c,927c1d740dc72df1f880,0.9070685594304208,7,full,-74975.70789986492,0.995880149812734,c86ed9f426710b69948a8c2e,5,ok,,0.989340391099634,5,5,full,-73001.53616725848,0.09532020898768678,"{""agglom_affinities"":[""mahalanobis""],""agglom_linkages"":[""ward""],""covariances"":[""full"",""diag"",""tied"",""spherical""],""criterion"":""bic"",""early_stop_delta"":0.0,""eigen_thres"":true,""init_agglomerative"":true,""max_components"":5,""min_components"":5,""n_init_kmeans"":1,""n_jobs"":1,""random_state"":17,""reg_covar"":1e-06,""verbose"":false}"
observed_genes,512,17,pca,tcga_d512_seed17_pca_a177d0f0c173d9662f9f.npz,8857bfaecda33a5ae9a4e7a992b51163ed12d61d8983c0b1130acbc50e67f6e4,be4a5a484fc4255dff548af60099f333a60f779f7a53a4d6831c814a5475444b,927c1d740dc72df1f880,0.8801720104341728,6,full,61333.70539847238,0.996421140241365,f611947f2a8a4a52e1192cd7,5,ok,,0.9689587993967689,5,5,full,61357.00364391169,0.08437520801089704,"{""agglom_affinities"":[""mahalanobis""],""agglom_linkages"":[""ward""],""covariances"":[""full"",""diag"",""tied"",""spherical""],""criterion"":""bic"",""early_stop_delta"":0.0,""eigen_thres"":true,""init_agglomerative"":true,""max_components"":5,""min_components"":5,""n_init_kmeans"":1,""n_jobs"":1,""random_state"":17,""reg_covar"":1e-06,""verbose"":false}"
observed_genes,512,17,umap,tcga_d512_seed17_umap_6aebbf883b760d77143b.npz,e3b7222b04142f129295e3616d86e62a11ac63be64745e6d8d16067cfbe021a8,a0261bc0ba9a29a1e0568ac914d29d8a5808be9b213fa7940c1a8a257b4703ef,927c1d740dc72df1f880,0.6589448139317102,9,full,-83018.40652518526,0.9977944236371202,4b9faddf36682ec2e7450379,5,ok,,0.9962578040012737,5,5,full,-72247.77363000279,0.036773999978322536,"{""agglom_affinities"":[""mahalanobis""],""agglom_linkages"":[""ward""],""covariances"":[""full"",""diag"",""tied"",""spherical""],""criterion"":""bic"",""early_stop_delta"":0.0,""eigen_thres"":true,""init_agglomerative"":true,""max_components"":5,""min_components"":5,""n_init_kmeans"":1,""n_jobs"":1,""random_state"":17,""reg_covar"":1e-06,""verbose"":false}"
observed_genes,512,18,autog2m2,tcga_d512_seed18_autog2m2_923a309029f28b50ef3c.npz,46eb26d1f2c9a521273e97918df327dea885dc2c861141c27652085f3b4323e2,c5ffff63c08266ce463debc4927fdc9b7d33ab398a7ed620f87fe4ff7ceb2535,927c1d740dc72df1f880,0.6644014050815855,9,full,-93710.88108746786,0.9975031210986268,c432d172545280c719c689c2,5,ok,,0.9962525711260065,5,5,full,-89700.35890460074,0.11816704203374684,"{""agglom_affinities"":[""mahalanobis""],""agglom_linkages"":[""ward""],""covariances"":[""full"",""diag"",""tied"",""spherical""],""criterion"":""bic"",""early_stop_delta"":0.0,""eigen_thres"":true,""init_agglomerative"":true,""max_components"":5,""min_components"":5,""n_init_kmeans"":1,""n_jobs"":1,""random_state"":18,""reg_covar"":1e-06,""verbose"":false}"
observed_genes,512,18,pca,tcga_d512_seed18_pca_7836027be14bb4def264.npz,972b8b812056f95b8317ebc751c6940c80585418c97980554cde5839393afbac,6c7044158772ce8c36804e0d4185166d1f9ab1615bd4eb9828c6dee13b10adfa,927c1d740dc72df1f880,0.9962578040012736,5,full,61099.24644102768,0.996421140241365,3ab8d748517e78ebffd7b1ab,5,ok,,0.9962578040012737,5,5,full,61099.24644102768,0.10707066702889279,"{""agglom_affinities"":[""mahalanobis""],""agglom_linkages"":[""ward""],""covariances"":[""full"",""diag"",""tied"",""spherical""],""criterion"":""bic"",""early_stop_delta"":0.0,""eigen_thres"":true,""init_agglomerative"":true,""max_components"":5,""min_components"":5,""n_init_kmeans"":1,""n_jobs"":1,""random_state"":18,""reg_covar"":1e-06,""verbose"":false}"
observed_genes,512,18,umap,tcga_d512_seed18_umap_acec6f0376ceda7be4fe.npz,9446dae1275a171b2f4b56e0e5ebd6ea3e3c10aef7d28dcd10cab2fb6bc5bccd,202069b3a87388fda731dcb7de32343d9b364fb759fec6be2c4d0d9340458b0e,927c1d740dc72df1f880,0.6135786605974284,9,full,-82696.76265871314,0.9972950478568456,791f808ff77661b03b86d2a7,5,ok,,0.9962578040012737,5,5,full,-71881.82574480107,0.036802290997002274,"{""agglom_affinities"":[""mahalanobis""],""agglom_linkages"":[""ward""],""covariances"":[""full"",""diag"",""tied"",""spherical""],""criterion"":""bic"",""early_stop_delta"":0.0,""eigen_thres"":true,""init_agglomerative"":true,""max_components"":5,""min_components"":5,""n_init_kmeans"":1,""n_jobs"":1,""random_state"":18,""reg_covar"":1e-06,""verbose"":false}"
observed_genes,512,19,autog2m2,tcga_d512_seed19_autog2m2_b6f99523b4683664a64a.npz,d26abd3325c9c10718f68f3261175b0cbe88d333e4794b4e21b68cc944221bb1,8305072a92a026e5a7868a072d226848fb1620e506ea6f144cf014b6ac32717d,927c1d740dc72df1f880,0.8419412651057544,6,full,-95593.8894537939,0.9948397836038284,b1ef5bdd9638c8dca079c545,5,ok,,0.9788980844579339,5,5,full,-95262.6622434957,0.09754991700174287,"{""agglom_affinities"":[""mahalanobis""],""agglom_linkages"":[""ward""],""covariances"":[""full"",""diag"",""tied"",""spherical""],""criterion"":""bic"",""early_stop_delta"":0.0,""eigen_thres"":true,""init_agglomerative"":true,""max_components"":5,""min_components"":5,""n_init_kmeans"":1,""n_jobs"":1,""random_state"":19,""reg_covar"":1e-06,""verbose"":false}"
observed_genes,512,19,pca,tcga_d512_seed19_pca_bb886ce498279a27a87f.npz,f325d7b29c86846d3e9e38be55254373fa941b8afa6c140c90dc5fbd74a602f2,f4a7c348dbcdc38926829c3135c0f925d0232588b51b03379d4aad494f81228d,927c1d740dc72df1f880,0.9962578040012736,5,full,61081.67530098775,0.996421140241365,8613a822c003c03498365c14,5,ok,,0.9962578040012737,5,5,full,61081.67530098775,0.07737029099371284,"{""agglom_affinities"":[""mahalanobis""],""agglom_linkages"":[""ward""],""covariances"":[""full"",""diag"",""tied"",""spherical""],""criterion"":""bic"",""early_stop_delta"":0.0,""eigen_thres"":true,""init_agglomerative"":true,""max_components"":5,""min_components"":5,""n_init_kmeans"":1,""n_jobs"":1,""random_state"":19,""reg_covar"":1e-06,""verbose"":false}"
observed_genes,512,19,umap,tcga_d512_seed19_umap_60cba10de832dd834507.npz,95d5d8ac81f6d4eaf8ab7ebf0eda6113e74083a16d02df6208f3795649219f09,80a83c9055dba7aac640c91b12e3f073283657fe1b187fa3e44dd8bfeef025e9,927c1d740dc72df1f880,0.6277762039975999,9,full,-81609.28472071579,0.997919267582189,43507e14d2bee2ba3380b82b,5,ok,,0.9962578040012737,5,5,full,-71614.84534711069,0.03603595803724602,"{""agglom_affinities"":[""mahalanobis""],""agglom_linkages"":[""ward""],""covariances"":[""full"",""diag"",""tied"",""spherical""],""criterion"":""bic"",""early_stop_delta"":0.0,""eigen_thres"":true,""init_agglomerative"":true,""max_components"":5,""min_components"":5,""n_init_kmeans"":1,""n_jobs"":1,""random_state"":19,""reg_covar"":1e-06,""verbose"":false}"
observed_genes,1024,0,autog2m2,tcga_d1024_seed0_autog2m2_c7fb13afee735bc39850.npz,d6683836c081a866dfdd725877999d9e6670a3af2df947d8652a9ee9be39c1ee,d32cbe0ea22d99d2cd889dcbca720ed210e2c408f43b0af2e2d2dc08857a8d62,927c1d740dc72df1f880,0.5954474952655583,10,spherical,-113417.30455443758,0.963171036204744,ea74b629762b25ffc672c1f3,5,ok,,0.9581093168951047,5,5,diag,-112769.40268549541,0.10100920801050961,"{""agglom_affinities"":[""mahalanobis""],""agglom_linkages"":[""ward""],""covariances"":[""full"",""diag"",""tied"",""spherical""],""criterion"":""bic"",""early_stop_delta"":0.0,""eigen_thres"":true,""init_agglomerative"":true,""max_components"":5,""min_components"":5,""n_init_kmeans"":1,""n_jobs"":1,""random_state"":0,""reg_covar"":1e-06,""verbose"":false}"
observed_genes,1024,0,pca,tcga_d1024_seed0_pca_53f693d4a2d764c91622.npz,19708b2dab7c9436d0ae410f2471cee1bfd6ef0ac15e14d3d4fcb7ff393bc8ab,7df4415f9df4ed42e7d54008e1e6f8d9a2e4c4b9b1304ea9369cae596b6b3629,927c1d740dc72df1f880,0.99205580846001,5,full,71544.27276260412,0.995880149812734,c97020fa00f614036ea94f62,5,ok,,0.99205580846001,5,5,full,71544.27276260412,0.08589558402309194,"{""agglom_affinities"":[""mahalanobis""],""agglom_linkages"":[""ward""],""covariances"":[""full"",""diag"",""tied"",""spherical""],""criterion"":""bic"",""early_stop_delta"":0.0,""eigen_thres"":true,""init_agglomerative"":true,""max_components"":5,""min_components"":5,""n_init_kmeans"":1,""n_jobs"":1,""random_state"":0,""reg_covar"":1e-06,""verbose"":false}"
observed_genes,1024,0,umap,tcga_d1024_seed0_umap_3a723d617a72b2136f9c.npz,e0f88588da387fd51b6e4cfd4c0b7334613f10ef3634639025670840deb1baf8,5c22c56aced92c4b33c4498786f70f814212de4eadef9b32b23df2a0a78717d1,927c1d740dc72df1f880,0.6429348199254293,9,full,-83827.95086641781,0.9960882230545152,1449311082bf12404decd2be,5,ok,,0.9925379262715904,5,5,full,-74646.50399881137,0.037106582953128964,"{""agglom_affinities"":[""mahalanobis""],""agglom_linkages"":[""ward""],""covariances"":[""full"",""diag"",""tied"",""spherical""],""criterion"":""bic"",""early_stop_delta"":0.0,""eigen_thres"":true,""init_agglomerative"":true,""max_components"":5,""min_components"":5,""n_init_kmeans"":1,""n_jobs"":1,""random_state"":0,""reg_covar"":1e-06,""verbose"":false}"
observed_genes,1024,1,autog2m2,tcga_d1024_seed1_autog2m2_1abcd6d79641173f406b.npz,04cc24ab314e721551c43a03d62f0df2c9d9a2ea046240c808c9eca60f089e48,a69722558022eb93d2c8f587982735d75c8a83d832595fea11d86ed1654917a6,927c1d740dc72df1f880,0.6258142565453702,10,full,-92454.01584971772,0.9890137328339575,2fe0f6328f59caa79180ab18,5,ok,,0.9925379262715904,5,5,full,-91880.48097699218,0.09908941696630791,"{""agglom_affinities"":[""mahalanobis""],""agglom_linkages"":[""ward""],""covariances"":[""full"",""diag"",""tied"",""spherical""],""criterion"":""bic"",""early_stop_delta"":0.0,""eigen_thres"":true,""init_agglomerative"":true,""max_components"":5,""min_components"":5,""n_init_kmeans"":1,""n_jobs"":1,""random_state"":1,""reg_covar"":1e-06,""verbose"":false}"
observed_genes,1024,1,pca,tcga_d1024_seed1_pca_82be5b2a477a3ccc692e.npz,c6e98f877b630fc224124e0e9a22d9e565f803475a6e17165a96002aee6de900,7a43627e63ab4029119ab517fd0a5cf3a6517e80cec12216136b8e094bc25d8c,927c1d740dc72df1f880,0.9925379262715904,5,full,71397.31021644126,0.995880149812734,52b70fa9b9fd6bc86d4623c2,5,ok,,0.9925379262715904,5,5,full,71397.31021644126,0.08284083299804479,"{""agglom_affinities"":[""mahalanobis""],""agglom_linkages"":[""ward""],""covariances"":[""full"",""diag"",""tied"",""spherical""],""criterion"":""bic"",""early_stop_delta"":0.0,""eigen_thres"":true,""init_agglomerative"":true,""max_components"":5,""min_components"":5,""n_init_kmeans"":1,""n_jobs"":1,""random_state"":1,""reg_covar"":1e-06,""verbose"":false}"
observed_genes,1024,1,umap,tcga_d1024_seed1_umap_632ded1e7dec7ccbeca6.npz,02fbc67c31b4bd195e46d196071649b7713a270b06e99bcf999ffe1864350d4d,180ac4ca93057ed9f32b5b88b5ee9949f2c6c7f5165f377e8d01c87520443f76,927c1d740dc72df1f880,0.5530284815399451,10,full,-84378.39018005587,0.9960882230545152,ba84be75b62fa5b4572b338b,5,ok,,0.9925379262715904,5,5,full,-73716.20169558834,0.03707387502072379,"{""agglom_affinities"":[""mahalanobis""],""agglom_linkages"":[""ward""],""covariances"":[""full"",""diag"",""tied"",""spherical""],""criterion"":""bic"",""early_stop_delta"":0.0,""eigen_thres"":true,""init_agglomerative"":true,""max_components"":5,""min_components"":5,""n_init_kmeans"":1,""n_jobs"":1,""random_state"":1,""reg_covar"":1e-06,""verbose"":false}"
observed_genes,1024,2,autog2m2,tcga_d1024_seed2_autog2m2_2b7258ac52f68a39fddf.npz,223b21afb54a54639b60ada1529be9071586e78fd0cc32ec60e5fface50a237b,d45007ab6fdc74e191652ce5ee64f2e94ad4f0713f7b8b8a2a17327a94eb43b5,927c1d740dc72df1f880,0.9612816790947084,5,full,-89896.95943289915,0.993216812317936,8eb1efdd1f0b778bdcdb8906,5,ok,,0.9612816790947083,5,5,full,-89896.95943288783,0.0941077500465326,"{""agglom_affinities"":[""mahalanobis""],""agglom_linkages"":[""ward""],""covariances"":[""full"",""diag"",""tied"",""spherical""],""criterion"":""bic"",""early_stop_delta"":0.0,""eigen_thres"":true,""init_agglomerative"":true,""max_components"":5,""min_components"":5,""n_init_kmeans"":1,""n_jobs"":1,""random_state"":2,""reg_covar"":1e-06,""verbose"":false}"
observed_genes,1024,2,pca,tcga_d1024_seed2_pca_b195804987054bcf2aa6.npz,eb3c59a0950168bbd233bbccd1a3777a362b901fa277fcadea0e841b3b28358d,bfd85b9536b30d5d264d6ed208558627454aa9d3576cd76b508922fab03e1c34,927c1d740dc72df1f880,0.9925379262715904,5,full,71400.82021684884,0.995880149812734,3315170ea16d4678bf5700bf,5,ok,,0.9925379262715904,5,5,full,71400.82021684885,0.08480241702636704,"{""agglom_affinities"":[""mahalanobis""],""agglom_linkages"":[""ward""],""covariances"":[""full"",""diag"",""tied"",""spherical""],""criterion"":""bic"",""early_stop_delta"":0.0,""eigen_thres"":true,""init_agglomerative"":true,""max_components"":5,""min_components"":5,""n_init_kmeans"":1,""n_jobs"":1,""random_state"":2,""reg_covar"":1e-06,""verbose"":false}"
observed_genes,1024,2,umap,tcga_d1024_seed2_umap_56afecb021a4955fbbf8.npz,68be67925650a11093d9454e9792bf7af1334873bdff5690b448ed82d2433664,f080db07286a60f075a0e18614fcff202eb94566992c6966891ce88ed8a0daac,927c1d740dc72df1f880,0.6712911646804008,8,full,-88414.29146975433,0.9960049937578028,32cd06936074bf1ec6553920,5,ok,,0.9925379262715904,5,5,full,-78140.84363700883,0.0363820840138942,"{""agglom_affinities"":[""mahalanobis""],""agglom_linkages"":[""ward""],""covariances"":[""full"",""diag"",""tied"",""spherical""],""criterion"":""bic"",""early_stop_delta"":0.0,""eigen_thres"":true,""init_agglomerative"":true,""max_components"":5,""min_components"":5,""n_init_kmeans"":1,""n_jobs"":1,""random_state"":2,""reg_covar"":1e-06,""verbose"":false}"
observed_genes,1024,3,autog2m2,tcga_d1024_seed3_autog2m2_990e0f537caf3221e28b.npz,84ecb243f200cb90e6747329b9519ca6128cf2a1302c9cf0ed95d4f754ebf09d,fc81167bdbc7e0efb6dbd2b876bb52f553a11615daacf3f0267c31fdc7f732d1,927c1d740dc72df1f880,0.5870979629952424,10,full,-80110.51878341378,0.9917602996254682,bfb8a64a6aad7b318b369471,5,ok,,0.9813481454257551,5,5,full,-78722.84988515846,0.09850674995686859,"{""agglom_affinities"":[""mahalanobis""],""agglom_linkages"":[""ward""],""covariances"":[""full"",""diag"",""tied"",""spherical""],""criterion"":""bic"",""early_stop_delta"":0.0,""eigen_thres"":true,""init_agglomerative"":true,""max_components"":5,""min_components"":5,""n_init_kmeans"":1,""n_jobs"":1,""random_state"":3,""reg_covar"":1e-06,""verbose"":false}"
observed_genes,1024,3,pca,tcga_d1024_seed3_pca_f1bab994f7dd98acbeee.npz,40b5e45bf7b38d0292a862652a8777549a69a210ca39d31495af60458527e82c,b367338fb1d930dacbb505dfe817112678624d7e6e9d0116a5b293312b345724,927c1d740dc72df1f880,0.9925379262715904,5,full,71416.39562270512,0.995880149812734,cdecc156764df6c2b9fead7d,5,ok,,0.9925379262715904,5,5,full,71416.39562270512,0.08290499995928258,"{""agglom_affinities"":[""mahalanobis""],""agglom_linkages"":[""ward""],""covariances"":[""full"",""diag"",""tied"",""spherical""],""criterion"":""bic"",""early_stop_delta"":0.0,""eigen_thres"":true,""init_agglomerative"":true,""max_components"":5,""min_components"":5,""n_init_kmeans"":1,""n_jobs"":1,""random_state"":3,""reg_covar"":1e-06,""verbose"":false}"
observed_genes,1024,3,umap,tcga_d1024_seed3_umap_79c29dae901b318afeed.npz,9a8215e3fcd21b692bb1da42275b09668dbcb6a80035ec30c9f4100f52b2d7b5,8a26ae573bcbde23020eb1c1f762ca3678cb3f1d6e0028409521d05ee502ce0e,927c1d740dc72df1f880,0.6203491705278684,9,full,-85514.00712426915,0.9959633791094464,dba16165df80077359fae105,5,ok,,0.9925379262715904,5,5,full,-74764.63464124424,0.036146749975159764,"{""agglom_affinities"":[""mahalanobis""],""agglom_linkages"":[""ward""],""covariances"":[""full"",""diag"",""tied"",""spherical""],""criterion"":""bic"",""early_stop_delta"":0.0,""eigen_thres"":true,""init_agglomerative"":true,""max_components"":5,""min_components"":5,""n_init_kmeans"":1,""n_jobs"":1,""random_state"":3,""reg_covar"":1e-06,""verbose"":false}"
observed_genes,1024,4,autog2m2,tcga_d1024_seed4_autog2m2_882b00810ee3a7e2ff40.npz,e482a586f7ef5ee3524f5cbb4cc4642b92874c6d884e2b654ef0b5b27c3ce6f0,8c9cbd15cd234624845f9679b91d93683e5a843692dc24e02e658bb002c3b4a4,927c1d740dc72df1f880,0.9100693017201748,8,full,-86294.0225841522,0.985726175613816,ad621de9c71d421272779d46,5,ok,,0.9850374506884821,5,5,full,-84050.07509867362,0.10140416701324284,"{""agglom_affinities"":[""mahalanobis""],""agglom_linkages"":[""ward""],""covariances"":[""full"",""diag"",""tied"",""spherical""],""criterion"":""bic"",""early_stop_delta"":0.0,""eigen_thres"":true,""init_agglomerative"":true,""max_components"":5,""min_components"":5,""n_init_kmeans"":1,""n_jobs"":1,""random_state"":4,""reg_covar"":1e-06,""verbose"":false}"
observed_genes,1024,4,pca,tcga_d1024_seed4_pca_4ef0b2c82ee73e36829f.npz,b581b87fb9b697653b6c364c0c3a3e04b065c36e76ab3955f9fbee8814d2e52d,ada13f6ec4b6e1d3a3f670fcde4d08379adf2d7925c4318bb91f248df360d645,927c1d740dc72df1f880,0.9668107148716056,5,full,71758.48786586871,0.995880149812734,45edc8f32cf6a26e0c2b3e17,5,ok,,0.9668107148716055,5,5,full,71758.48786586872,0.0915201660245657,"{""agglom_affinities"":[""mahalanobis""],""agglom_linkages"":[""ward""],""covariances"":[""full"",""diag"",""tied"",""spherical""],""criterion"":""bic"",""early_stop_delta"":0.0,""eigen_thres"":true,""init_agglomerative"":true,""max_components"":5,""min_components"":5,""n_init_kmeans"":1,""n_jobs"":1,""random_state"":4,""reg_covar"":1e-06,""verbose"":false}"
observed_genes,1024,4,umap,tcga_d1024_seed4_umap_0a4dcc30968b89777297.npz,91620fe3862c3505bae68b28fdb793369b036f8e600775621a3602d2d7b93aed,9ae35b0cfdd7e787c1adf2b8702b370a9518d12bbb166fb0a2bb06ca5aae3012,927c1d740dc72df1f880,0.6089931553970729,9,full,-84682.43933617364,0.99658759883479,5f3080414a6163bb1de66f55,5,ok,,0.9925379262715904,5,5,full,-72985.10497865088,0.036111790977884084,"{""agglom_affinities"":[""mahalanobis""],""agglom_linkages"":[""ward""],""covariances"":[""full"",""diag"",""tied"",""spherical""],""criterion"":""bic"",""early_stop_delta"":0.0,""eigen_thres"":true,""init_agglomerative"":true,""max_components"":5,""min_components"":5,""n_init_kmeans"":1,""n_jobs"":1,""random_state"":4,""reg_covar"":1e-06,""verbose"":false}"
observed_genes,1024,5,autog2m2,tcga_d1024_seed5_autog2m2_9867eeda8f767f608449.npz,4f92cdf6b3e921577093e3df66fb945e098a304e2c8c3b0c13d299beab83ac4b,d8e3f1efe22e5b6810382f445cc15a95ae0a01cf633c37c1ae8d2894e2f95f5b,927c1d740dc72df1f880,0.6066908335273612,10,full,-84394.719338374,0.9937578027465668,c8b2c2b250c65d10b1a77125,5,ok,,0.7172556254884286,5,5,full,-79975.84496151548,0.10083145799580961,"{""agglom_affinities"":[""mahalanobis""],""agglom_linkages"":[""ward""],""covariances"":[""full"",""diag"",""tied"",""spherical""],""criterion"":""bic"",""early_stop_delta"":0.0,""eigen_thres"":true,""init_agglomerative"":true,""max_components"":5,""min_components"":5,""n_init_kmeans"":1,""n_jobs"":1,""random_state"":5,""reg_covar"":1e-06,""verbose"":false}"
observed_genes,1024,5,pca,tcga_d1024_seed5_pca_32aa4aabc7c7535549a3.npz,7ecfc24a4aa0b6ed1d2b745d94fd4272aee2f59885db16aa67f4b02fee254dd4,7be2557ce831b8bef3f7b0050dbad86768099b8a8905aeb2d6f13b2e7b472672,927c1d740dc72df1f880,0.9925379262715904,5,full,71400.02636690719,0.995880149812734,a3a7f17c1c124224d574da15,5,ok,,0.9925379262715904,5,5,full,71400.02636690719,0.08154479198856279,"{""agglom_affinities"":[""mahalanobis""],""agglom_linkages"":[""ward""],""covariances"":[""full"",""diag"",""tied"",""spherical""],""criterion"":""bic"",""early_stop_delta"":0.0,""eigen_thres"":true,""init_agglomerative"":true,""max_components"":5,""min_components"":5,""n_init_kmeans"":1,""n_jobs"":1,""random_state"":5,""reg_covar"":1e-06,""verbose"":false}"
observed_genes,1024,5,umap,tcga_d1024_seed5_umap_2723cb49828f01eb1a20.npz,34e91388fdd1794524dbf958698ea013ab04ba361660c701b94aa006646bb62b,c36f0f125c2a66c0baa4c221123d10dcc895cb930c5dc116cd34780f421ab2fb,927c1d740dc72df1f880,0.667374995319064,8,full,-86422.26374274117,0.9960049937578028,4926bdac3f1e6df7a1289a3b,5,ok,,0.9925379262715904,5,5,full,-77066.06335864421,0.03516308299731463,"{""agglom_affinities"":[""mahalanobis""],""agglom_linkages"":[""ward""],""covariances"":[""full"",""diag"",""tied"",""spherical""],""criterion"":""bic"",""early_stop_delta"":0.0,""eigen_thres"":true,""init_agglomerative"":true,""max_components"":5,""min_components"":5,""n_init_kmeans"":1,""n_jobs"":1,""random_state"":5,""reg_covar"":1e-06,""verbose"":false}"
observed_genes,1024,6,autog2m2,tcga_d1024_seed6_autog2m2_1d865186190beeaf95b2.npz,5a248c853fe21e33c2f33599e0f80f09077f43d5a7b789b88e06e117fd658015,e383928100878b50800fb86e7829a019805681a59ebfe36c64069622f59b560b,927c1d740dc72df1f880,0.8115717869843175,7,full,-94269.9893884744,0.9873907615480648,695368b370e4e0b25ebf944f,5,ok,,1.0,5,5,full,-93936.75818323891,0.09620020800502971,"{""agglom_affinities"":[""mahalanobis""],""agglom_linkages"":[""ward""],""covariances"":[""full"",""diag"",""tied"",""spherical""],""criterion"":""bic"",""early_stop_delta"":0.0,""eigen_thres"":true,""init_agglomerative"":true,""max_components"":5,""min_components"":5,""n_init_kmeans"":1,""n_jobs"":1,""random_state"":6,""reg_covar"":1e-06,""verbose"":false}"
observed_genes,1024,6,pca,tcga_d1024_seed6_pca_162497434d550987b8b1.npz,cc8c2707d9d3bd00149d2746a85be9eb07ea64ec425c3b99cf08f8a0bac5a447,fe0b064179b36b22293cd930f8c83af5ef26606e4f7cd6b3d90618bd175eac56,927c1d740dc72df1f880,0.9925379262715904,5,full,71397.9458223622,0.995880149812734,d3389ad86bcb66affbbfd605,5,ok,,0.9925379262715904,5,5,full,71397.9458223622,0.08443283301312476,"{""agglom_affinities"":[""mahalanobis""],""agglom_linkages"":[""ward""],""covariances"":[""full"",""diag"",""tied"",""spherical""],""criterion"":""bic"",""early_stop_delta"":0.0,""eigen_thres"":true,""init_agglomerative"":true,""max_components"":5,""min_components"":5,""n_init_kmeans"":1,""n_jobs"":1,""random_state"":6,""reg_covar"":1e-06,""verbose"":false}"
observed_genes,1024,6,umap,tcga_d1024_seed6_umap_7a8157f8e1f3f884afc0.npz,9e2e302234ec57eccf2dca3b93237568bb2fb3c7b807e9dae057e7d8ca0f3902,c4246bf27df6bb4c2cc083608156a4803404f1498c8d95b1016429426159fbfa,927c1d740dc72df1f880,0.5676142818318402,10,full,-87154.78564270688,0.9964627548897212,88a4ccdfac2a443217bccf5c,5,ok,,0.9925379262715904,5,5,full,-77274.41291651108,0.036761750001460314,"{""agglom_affinities"":[""mahalanobis""],""agglom_linkages"":[""ward""],""covariances"":[""full"",""diag"",""tied"",""spherical""],""criterion"":""bic"",""early_stop_delta"":0.0,""eigen_thres"":true,""init_agglomerative"":true,""max_components"":5,""min_components"":5,""n_init_kmeans"":1,""n_jobs"":1,""random_state"":6,""reg_covar"":1e-06,""verbose"":false}"
observed_genes,1024,7,autog2m2,tcga_d1024_seed7_autog2m2_66eb99475183591bd042.npz,b9d2ee3ad082ec0792b59b29724885959e3d6c487414d4c652c86f7141273b57,709961e0bf0a2829454e6c4dff71f004677c65610bd66935ba8e4e738fc24298,927c1d740dc72df1f880,0.7998713328820326,8,full,-70732.50611612244,0.9927174365376612,e2be836210e215bf88b77519,5,ok,,0.9925170428621352,5,5,full,-70006.05135465357,0.11064391600666568,"{""agglom_affinities"":[""mahalanobis""],""agglom_linkages"":[""ward""],""covariances"":[""full"",""diag"",""tied"",""spherical""],""criterion"":""bic"",""early_stop_delta"":0.0,""eigen_thres"":true,""init_agglomerative"":true,""max_components"":5,""min_components"":5,""n_init_kmeans"":1,""n_jobs"":1,""random_state"":7,""reg_covar"":1e-06,""verbose"":false}"
observed_genes,1024,7,pca,tcga_d1024_seed7_pca_1382239687a28c02ec9a.npz,4897712f4d9dbecbd8d0edf5fd6c45da1af772aaa7c703adb15253351d62a08a,fce1c03501e194526f0a8ff192a2179b93e22bdde6871bdde6a7fe137aa57b8c,927c1d740dc72df1f880,0.8673771666873255,7,full,71292.06641727846,0.995880149812734,26c4374702770e7b63519bab,5,ok,,0.9925379262715904,5,5,full,71399.6510770633,0.08194999996339902,"{""agglom_affinities"":[""mahalanobis""],""agglom_linkages"":[""ward""],""covariances"":[""full"",""diag"",""tied"",""spherical""],""criterion"":""bic"",""early_stop_delta"":0.0,""eigen_thres"":true,""init_agglomerative"":true,""max_components"":5,""min_components"":5,""n_init_kmeans"":1,""n_jobs"":1,""random_state"":7,""reg_covar"":1e-06,""verbose"":false}"
observed_genes,1024,7,umap,tcga_d1024_seed7_umap_3fa8fd284eb5c085a5f9.npz,13b7d82bd6b831ed151955a28c133a888e185153955cc223d482b1469661ff49,c57ee535521c973fbe13dc8e8d7b56c65aba57f5a7222c087186c71cefa823ac,927c1d740dc72df1f880,0.6714472962324471,8,full,-87424.84568531334,0.9963379109446524,09d6a66b20da528b09f2dec9,5,ok,,0.9925379262715904,5,5,full,-77354.98770701076,0.06787395902210847,"{""agglom_affinities"":[""mahalanobis""],""agglom_linkages"":[""ward""],""covariances"":[""full"",""diag"",""tied"",""spherical""],""criterion"":""bic"",""early_stop_delta"":0.0,""eigen_thres"":true,""init_agglomerative"":true,""max_components"":5,""min_components"":5,""n_init_kmeans"":1,""n_jobs"":1,""random_state"":7,""reg_covar"":1e-06,""verbose"":false}"
observed_genes,1024,8,autog2m2,tcga_d1024_seed8_autog2m2_0ce09e379caf82b112ff.npz,0b30c6133856294f2ce486fc1f587700d9680a3a0084eb19cd78d519b7f69eb7,aa217e9233dd7f4632510ff1c0e0ac0bd6d69b37dba8b427e41d5eb9555acb0b,927c1d740dc72df1f880,0.9887476499764132,5,full,-85439.67539080155,0.990220557636288,d1ca7950071cdc8f73e5c6ef,5,ok,,0.9887476499764132,5,5,full,-85439.67539080155,0.11384725000243634,"{""agglom_affinities"":[""mahalanobis""],""agglom_linkages"":[""ward""],""covariances"":[""full"",""diag"",""tied"",""spherical""],""criterion"":""bic"",""early_stop_delta"":0.0,""eigen_thres"":true,""init_agglomerative"":true,""max_components"":5,""min_components"":5,""n_init_kmeans"":1,""n_jobs"":1,""random_state"":8,""reg_covar"":1e-06,""verbose"":false}"
observed_genes,1024,8,pca,tcga_d1024_seed8_pca_513145adedc878bc2d0d.npz,c811f8867f57161fdeff092023f71fafde3b65b70d24dc68456c0804152a9ca9,3effeaae66179a12f863acfd16bad8520a406f6b1e9abdd7cc634739ee38a4d5,927c1d740dc72df1f880,0.9925379262715904,5,full,71401.39867285208,0.995880149812734,28fe23003e5e913f30b4e0ff,5,ok,,0.9925379262715904,5,5,full,71401.3986728521,0.08233062503859401,"{""agglom_affinities"":[""mahalanobis""],""agglom_linkages"":[""ward""],""covariances"":[""full"",""diag"",""tied"",""spherical""],""criterion"":""bic"",""early_stop_delta"":0.0,""eigen_thres"":true,""init_agglomerative"":true,""max_components"":5,""min_components"":5,""n_init_kmeans"":1,""n_jobs"":1,""random_state"":8,""reg_covar"":1e-06,""verbose"":false}"
observed_genes,1024,8,umap,tcga_d1024_seed8_umap_405d9a93a774c4f4a0f9.npz,3d5ab7dde196333c75e06c047b792fdc485c3e2902a5540a1c07d75fd2dbd0c6,3a8a98c60d14f9359aa16961405e1d10367ca3a653ea98d0736d523a6c6cb9ba,927c1d740dc72df1f880,0.8358499352751846,7,full,-86395.94427694422,0.9968372867249272,55ae174d02830030d05d65f8,5,ok,,0.9925379262715904,5,5,full,-75782.7658044077,0.03664966701762751,"{""agglom_affinities"":[""mahalanobis""],""agglom_linkages"":[""ward""],""covariances"":[""full"",""diag"",""tied"",""spherical""],""criterion"":""bic"",""early_stop_delta"":0.0,""eigen_thres"":true,""init_agglomerative"":true,""max_components"":5,""min_components"":5,""n_init_kmeans"":1,""n_jobs"":1,""random_state"":8,""reg_covar"":1e-06,""verbose"":false}"
observed_genes,1024,9,autog2m2,tcga_d1024_seed9_autog2m2_d6ea3e314ed9ef9c3f3a.npz,4094266eafbcbf1b210b81cfec68d06076ec23b33e43010d547c2c00037e9bd2,b9e714703c2620dd08994f6eab7c74b9f732a0aa42a9b2579c33ebcb1609bac3,927c1d740dc72df1f880,0.7008210415717347,8,full,-82066.31539550576,0.9928006658343737,aa0142563cbda8b3d053dc08,5,ok,,0.9906140372459825,5,5,full,-79985.85382273591,0.12925550004001707,"{""agglom_affinities"":[""mahalanobis""],""agglom_linkages"":[""ward""],""covariances"":[""full"",""diag"",""tied"",""spherical""],""criterion"":""bic"",""early_stop_delta"":0.0,""eigen_thres"":true,""init_agglomerative"":true,""max_components"":5,""min_components"":5,""n_init_kmeans"":1,""n_jobs"":1,""random_state"":9,""reg_covar"":1e-06,""verbose"":false}"
observed_genes,1024,9,pca,tcga_d1024_seed9_pca_658894e6cf47a2c65510.npz,7e8c6a3a2ad00dd412effb729718b822d1b7b4718df4ebac1b151cd8174200ec,302ea35a1ae48658fd558eea0c8bebfabac5a61120945cdce8d152a7aa2b0442,927c1d740dc72df1f880,0.8765017896103239,6,full,71620.52647248885,0.995880149812734,852f193e980cb1f174eae956,5,ok,,0.9691698859813643,5,5,full,71689.74629181286,0.10417145799146965,"{""agglom_affinities"":[""mahalanobis""],""agglom_linkages"":[""ward""],""covariances"":[""full"",""diag"",""tied"",""spherical""],""criterion"":""bic"",""early_stop_delta"":0.0,""eigen_thres"":true,""init_agglomerative"":true,""max_components"":5,""min_components"":5,""n_init_kmeans"":1,""n_jobs"":1,""random_state"":9,""reg_covar"":1e-06,""verbose"":false}"
observed_genes,1024,9,umap,tcga_d1024_seed9_umap_1436ef1ca192ac3380aa.npz,037ddc0a0844b853469c3884213fe429d2b81f557f79fcefa4a372216f657c6c,1828301b772ad09e259a376f7be133b7bca1c9d8a3239448f13c8e5d91988734,927c1d740dc72df1f880,0.6095580747988959,9,full,-85583.67372204158,0.9963379109446524,d9f57d3f52f3b89aaff2f951,5,ok,,0.9925379262715904,5,5,full,-74758.59399604543,0.03694308298872784,"{""agglom_affinities"":[""mahalanobis""],""agglom_linkages"":[""ward""],""covariances"":[""full"",""diag"",""tied"",""spherical""],""criterion"":""bic"",""early_stop_delta"":0.0,""eigen_thres"":true,""init_agglomerative"":true,""max_components"":5,""min_components"":5,""n_init_kmeans"":1,""n_jobs"":1,""random_state"":9,""reg_covar"":1e-06,""verbose"":false}"
observed_genes,1024,10,autog2m2,tcga_d1024_seed10_autog2m2_60295d78a170f2760b13.npz,f63322cb93656273b2cb8cb0cb365b73c443f2e0ec36f32f4e59d635b7887102,32679906f4f8b076ac1a943afe6f73705f37635ba42b5767349b4b1198a6c696,927c1d740dc72df1f880,0.6055785676501696,9,full,-78179.35251914542,0.9933000416146484,aa4a1e37deb5caa157ada710,5,ok,,0.9888404171169738,5,5,full,-73768.90739681417,0.09043624997138977,"{""agglom_affinities"":[""mahalanobis""],""agglom_linkages"":[""ward""],""covariances"":[""full"",""diag"",""tied"",""spherical""],""criterion"":""bic"",""early_stop_delta"":0.0,""eigen_thres"":true,""init_agglomerative"":true,""max_components"":5,""min_components"":5,""n_init_kmeans"":1,""n_jobs"":1,""random_state"":10,""reg_covar"":1e-06,""verbose"":false}"
observed_genes,1024,10,pca,tcga_d1024_seed10_pca_18d41c687387966a9524.npz,6940be0f54397a9aaf4ee060fa6c6fe2b4074234f5edbbdf5e80ce5df864f862,325b8fe4a85ff05aec093257a8dc5381d4df2c44f5c002950ad9aedd27686674,927c1d740dc72df1f880,0.9925379262715904,5,full,71395.82075415581,0.995880149812734,1c592db5db4e3887dba6c42a,5,ok,,0.9925379262715904,5,5,full,71395.82075415581,0.08112420898396522,"{""agglom_affinities"":[""mahalanobis""],""agglom_linkages"":[""ward""],""covariances"":[""full"",""diag"",""tied"",""spherical""],""criterion"":""bic"",""early_stop_delta"":0.0,""eigen_thres"":true,""init_agglomerative"":true,""max_components"":5,""min_components"":5,""n_init_kmeans"":1,""n_jobs"":1,""random_state"":10,""reg_covar"":1e-06,""verbose"":false}"
observed_genes,1024,10,umap,tcga_d1024_seed10_umap_3d0c3ec150b41b571b02.npz,f8365631ae01e1ddfe4d6581b7a68426fa1d78a99668ab815afa7e10cb6462c3,f9e5572eefc56ab0a5fe99211a1b6a3cb14a73b7d5584c83a81aa137687cf19a,927c1d740dc72df1f880,0.6675267655369835,8,full,-86015.46805334998,0.996046608406159,0a40774824e4e8e289cccde7,5,ok,,0.9925379262715904,5,5,full,-76380.32381657425,0.03708275000099093,"{""agglom_affinities"":[""mahalanobis""],""agglom_linkages"":[""ward""],""covariances"":[""full"",""diag"",""tied"",""spherical""],""criterion"":""bic"",""early_stop_delta"":0.0,""eigen_thres"":true,""init_agglomerative"":true,""max_components"":5,""min_components"":5,""n_init_kmeans"":1,""n_jobs"":1,""random_state"":10,""reg_covar"":1e-06,""verbose"":false}"
observed_genes,1024,11,autog2m2,tcga_d1024_seed11_autog2m2_ed29598710b7faf1a3eb.npz,79400768767b01d0c2a1afeb9eeeedf1d9c8af07d73e4985538e518a40a4b8e2,773cac795f876a538c62f3daa4df4664ce2acb4ec087d203444aa7717d5206ed,927c1d740dc72df1f880,0.9431340533485928,7,full,-85313.58563403731,0.9884727424053268,af2360c251ac10a304a44698,5,ok,,0.9900930560872544,5,5,full,-84087.8785999871,0.09023241698741913,"{""agglom_affinities"":[""mahalanobis""],""agglom_linkages"":[""ward""],""covariances"":[""full"",""diag"",""tied"",""spherical""],""criterion"":""bic"",""early_stop_delta"":0.0,""eigen_thres"":true,""init_agglomerative"":true,""max_components"":5,""min_components"":5,""n_init_kmeans"":1,""n_jobs"":1,""random_state"":11,""reg_covar"":1e-06,""verbose"":false}"
observed_genes,1024,11,pca,tcga_d1024_seed11_pca_7d6a82537b7a841f643d.npz,af0ccf7d8fabc2e83ce88a4e8d8bbaabd0262d6a03992c996661be4474e493f4,42df73252fedbbf749b9d370561d4f4eeea13cc5f7011763d8d372d172607268,927c1d740dc72df1f880,0.9925379262715904,5,full,71396.49264022885,0.995880149812734,423dcf0f574e4f6c44e4c98b,5,ok,,0.9925379262715904,5,5,full,71396.49264022885,0.08400691696442664,"{""agglom_affinities"":[""mahalanobis""],""agglom_linkages"":[""ward""],""covariances"":[""full"",""diag"",""tied"",""spherical""],""criterion"":""bic"",""early_stop_delta"":0.0,""eigen_thres"":true,""init_agglomerative"":true,""max_components"":5,""min_components"":5,""n_init_kmeans"":1,""n_jobs"":1,""random_state"":11,""reg_covar"":1e-06,""verbose"":false}"
observed_genes,1024,11,umap,tcga_d1024_seed11_umap_e781dcb736ea4d99d678.npz,07f36f2db1ef399f0ee602128b3b4dd8d14ece265832a6a02daa5dd718889ab4,73d5e7571bae833c27aa719d26b3151a43164b9fe0b3b496427af206a3a1b18d,927c1d740dc72df1f880,0.6222452450787888,9,full,-85613.48411557869,0.995880149812734,d6145e0568a646d0ac78bb0b,5,ok,,0.9925379262715904,5,5,full,-76853.55903208924,0.03686558298068121,"{""agglom_affinities"":[""mahalanobis""],""agglom_linkages"":[""ward""],""covariances"":[""full"",""diag"",""tied"",""spherical""],""criterion"":""bic"",""early_stop_delta"":0.0,""eigen_thres"":true,""init_agglomerative"":true,""max_components"":5,""min_components"":5,""n_init_kmeans"":1,""n_jobs"":1,""random_state"":11,""reg_covar"":1e-06,""verbose"":false}"
observed_genes,1024,12,autog2m2,tcga_d1024_seed12_autog2m2_f199179571dda61a3aa4.npz,e8902cd2e99e3f3cbe06afae15ea0b4400c67277ff698a66335a857427026a1d,38abb54623e4e7bfdc438b4120c27bad7534d40cdfb755b606d8567c0aa66b8b,927c1d740dc72df1f880,0.6177594066681978,10,full,-88984.71282503103,0.9925509779442364,a73d5328d9176e880fe458b5,5,ok,,0.821188250087761,5,5,full,-86084.20374343278,0.12529991596238688,"{""agglom_affinities"":[""mahalanobis""],""agglom_linkages"":[""ward""],""covariances"":[""full"",""diag"",""tied"",""spherical""],""criterion"":""bic"",""early_stop_delta"":0.0,""eigen_thres"":true,""init_agglomerative"":true,""max_components"":5,""min_components"":5,""n_init_kmeans"":1,""n_jobs"":1,""random_state"":12,""reg_covar"":1e-06,""verbose"":false}"
observed_genes,1024,12,pca,tcga_d1024_seed12_pca_c10607bf0b998c62b132.npz,37196d1f2ba7142d4619bc88934a295b592fa38d1f43909642706454eccca41e,77a9d68b51d066c766b27eb6138fdb1814acdc8ffd3a1973a73c061d4946d0d0,927c1d740dc72df1f880,0.994388977342912,5,full,71391.31805955505,0.995880149812734,9890cade32b12bb27d65ca82,5,ok,,0.9943889773429121,5,5,full,71391.31805955504,0.08501887496095151,"{""agglom_affinities"":[""mahalanobis""],""agglom_linkages"":[""ward""],""covariances"":[""full"",""diag"",""tied"",""spherical""],""criterion"":""bic"",""early_stop_delta"":0.0,""eigen_thres"":true,""init_agglomerative"":true,""max_components"":5,""min_components"":5,""n_init_kmeans"":1,""n_jobs"":1,""random_state"":12,""reg_covar"":1e-06,""verbose"":false}"
observed_genes,1024,12,umap,tcga_d1024_seed12_umap_00c2dea4da327cc49e79.npz,caff25a8f1176e25ea2e761772bdbbdd3f51aa4bb8833d4ddcccefde5a75ecc0,64339ab1b7a2e5c883647459697446c2de20c4f03d26db798cc1cfa8e1babcb2,927c1d740dc72df1f880,0.6641011638143374,8,full,-85116.84271669957,0.9960882230545152,24886ee4cd82b1bc519e92fa,5,ok,,0.9925379262715904,5,5,full,-74836.90339265596,0.03732329199556261,"{""agglom_affinities"":[""mahalanobis""],""agglom_linkages"":[""ward""],""covariances"":[""full"",""diag"",""tied"",""spherical""],""criterion"":""bic"",""early_stop_delta"":0.0,""eigen_thres"":true,""init_agglomerative"":true,""max_components"":5,""min_components"":5,""n_init_kmeans"":1,""n_jobs"":1,""random_state"":12,""reg_covar"":1e-06,""verbose"":false}"
observed_genes,1024,13,autog2m2,tcga_d1024_seed13_autog2m2_926e90e9b1b96e2441d2.npz,0bbffc53c3dd16ae0c8cb35fb565bd94d8b04b13910e219b6c708eb05b29b806,2b7f6060d8f3b165f4449cc5dac768422c3079fa543b27f007834fb9a1f6b45c,927c1d740dc72df1f880,0.9647482527636,6,full,-90849.26069417234,0.990220557636288,f6dde12f538016a2046e5504,5,ok,,0.9887490480725646,5,5,full,-90419.6291336612,0.10200941702350974,"{""agglom_affinities"":[""mahalanobis""],""agglom_linkages"":[""ward""],""covariances"":[""full"",""diag"",""tied"",""spherical""],""criterion"":""bic"",""early_stop_delta"":0.0,""eigen_thres"":true,""init_agglomerative"":true,""max_components"":5,""min_components"":5,""n_init_kmeans"":1,""n_jobs"":1,""random_state"":13,""reg_covar"":1e-06,""verbose"":false}"
observed_genes,1024,13,pca,tcga_d1024_seed13_pca_c832972c62771aeee24d.npz,ab434756f8541b4f2fcd3afc04a25dfc194fdad413c4107439d2288cfe58f9af,1351305351617386f6583d9835b2fad7fcef0c15337747d5b05e7623f009bf4b,927c1d740dc72df1f880,0.8784276811374782,6,full,71618.69689723314,0.995880149812734,9a5a08e24804c048cb47d203,5,ok,,0.9725828678413356,5,5,full,71662.81100745499,0.08929066703421995,"{""agglom_affinities"":[""mahalanobis""],""agglom_linkages"":[""ward""],""covariances"":[""full"",""diag"",""tied"",""spherical""],""criterion"":""bic"",""early_stop_delta"":0.0,""eigen_thres"":true,""init_agglomerative"":true,""max_components"":5,""min_components"":5,""n_init_kmeans"":1,""n_jobs"":1,""random_state"":13,""reg_covar"":1e-06,""verbose"":false}"
observed_genes,1024,13,umap,tcga_d1024_seed13_umap_6921e129678b402570b5.npz,243ea33b27de30f7825975591d9ae17687cdf0f824ccaf36ee266afd4f7952e1,e6632cebdee0197e4b957ac11d6b25d2b79f7597a60361bba7edc99a7b7ac1a5,927c1d740dc72df1f880,0.7310587796242047,7,full,-84738.27730727413,0.996421140241365,54c63324f529cb9fa0d45154,5,ok,,0.9925379262715904,5,5,full,-73620.51292728167,0.035579957999289036,"{""agglom_affinities"":[""mahalanobis""],""agglom_linkages"":[""ward""],""covariances"":[""full"",""diag"",""tied"",""spherical""],""criterion"":""bic"",""early_stop_delta"":0.0,""eigen_thres"":true,""init_agglomerative"":true,""max_components"":5,""min_components"":5,""n_init_kmeans"":1,""n_jobs"":1,""random_state"":13,""reg_covar"":1e-06,""verbose"":false}"
observed_genes,1024,14,autog2m2,tcga_d1024_seed14_autog2m2_5b05ca39b6ee72c693d0.npz,aac91c0165aac53baa013f12303fc91cc8ca05bcc76e4a0592770bfd59024c79,5bec112da090496167e82769cc56b1fd4db5de369562e01762278661a33c751f,927c1d740dc72df1f880,0.8554130492164994,9,full,-78467.96851679709,0.990595089471494,a9453993f5df496c839448dc,5,ok,,0.9888088146808467,5,5,full,-76905.50703583109,0.0992289999849163,"{""agglom_affinities"":[""mahalanobis""],""agglom_linkages"":[""ward""],""covariances"":[""full"",""diag"",""tied"",""spherical""],""criterion"":""bic"",""early_stop_delta"":0.0,""eigen_thres"":true,""init_agglomerative"":true,""max_components"":5,""min_components"":5,""n_init_kmeans"":1,""n_jobs"":1,""random_state"":14,""reg_covar"":1e-06,""verbose"":false}"
observed_genes,1024,14,pca,tcga_d1024_seed14_pca_5c6485f6391e37147ca4.npz,b21137ebd33abbf2bdae9d6d3e13cf89acc07c188949b414f9200d81736a5fdd,c282182620da2b73fa61568f5208e559ffb1fca0618edf639fc0ed6511864c65,927c1d740dc72df1f880,0.9925273678133084,5,full,71423.21342026726,0.995880149812734,52cfe69b5eaa327241ef92db,5,ok,,0.9925273678133084,5,5,full,71423.21342026728,0.08374012494459748,"{""agglom_affinities"":[""mahalanobis""],""agglom_linkages"":[""ward""],""covariances"":[""full"",""diag"",""tied"",""spherical""],""criterion"":""bic"",""early_stop_delta"":0.0,""eigen_thres"":true,""init_agglomerative"":true,""max_components"":5,""min_components"":5,""n_init_kmeans"":1,""n_jobs"":1,""random_state"":14,""reg_covar"":1e-06,""verbose"":false}"
observed_genes,1024,14,umap,tcga_d1024_seed14_umap_c79014420bc947d4b882.npz,46988300f0388c7a54696ebc5995afc0d8fa76e528443743f5110030617cc9a3,f18d2ec4e15e3b4b03b5e61eb1acda9250f2701cb75c15e62e95feb52941a412,927c1d740dc72df1f880,0.564939088620416,10,full,-84407.30838349853,0.996046608406159,969954d2796fa5122269adee,5,ok,,0.9925379262715904,5,5,full,-74094.003330886,0.03657795797334984,"{""agglom_affinities"":[""mahalanobis""],""agglom_linkages"":[""ward""],""covariances"":[""full"",""diag"",""tied"",""spherical""],""criterion"":""bic"",""early_stop_delta"":0.0,""eigen_thres"":true,""init_agglomerative"":true,""max_components"":5,""min_components"":5,""n_init_kmeans"":1,""n_jobs"":1,""random_state"":14,""reg_covar"":1e-06,""verbose"":false}"
observed_genes,1024,15,autog2m2,tcga_d1024_seed15_autog2m2_0093fae533ece2703407.npz,b8252b401ce40703319d0e66a2986b1279ba1763f2131b98e776c11b35404336,dddae943567e8aa8d1350633ccddc3ea65043e12fb48deeb7a47d41c894b717d,927c1d740dc72df1f880,0.7896394705814753,7,full,-78846.06592426405,0.9909280066583436,85e5c971dca4d4eab4d34ffb,5,ok,,0.9925170428621352,5,5,full,-78300.16698532563,0.09453820897033438,"{""agglom_affinities"":[""mahalanobis""],""agglom_linkages"":[""ward""],""covariances"":[""full"",""diag"",""tied"",""spherical""],""criterion"":""bic"",""early_stop_delta"":0.0,""eigen_thres"":true,""init_agglomerative"":true,""max_components"":5,""min_components"":5,""n_init_kmeans"":1,""n_jobs"":1,""random_state"":15,""reg_covar"":1e-06,""verbose"":false}"
observed_genes,1024,15,pca,tcga_d1024_seed15_pca_1e0aa96df18e1b53e840.npz,6759644c7cc9a29f9c229f8dcb10aec946ffe396405cbda747de99b1f6204778,4db64d0d4afc01678d26c8807b0e05d164d60d2ea8dec4bf55a00518f40cc9bd,927c1d740dc72df1f880,0.9925379262715904,5,full,71397.14990392442,0.995880149812734,1c595ae9aa1868f47f558b09,5,ok,,0.9925379262715904,5,5,full,71397.14990392442,0.0896327500231564,"{""agglom_affinities"":[""mahalanobis""],""agglom_linkages"":[""ward""],""covariances"":[""full"",""diag"",""tied"",""spherical""],""criterion"":""bic"",""early_stop_delta"":0.0,""eigen_thres"":true,""init_agglomerative"":true,""max_components"":5,""min_components"":5,""n_init_kmeans"":1,""n_jobs"":1,""random_state"":15,""reg_covar"":1e-06,""verbose"":false}"
observed_genes,1024,15,umap,tcga_d1024_seed15_umap_79880baa7d85b4475e4a.npz,bf4b3d315dd4c02864b61781bc870bf9330d696039696722d2ed58684ba52aeb,c6a29feff9faf4fbe6fd2300c8862c819a78db91e227def45a738c26d6e2b480,927c1d740dc72df1f880,0.6153144035664782,9,full,-87488.55306137526,0.9960882230545152,529e2865573c4f1c5c6ca89a,5,ok,,0.9925379262715904,5,5,full,-75647.70793951073,0.03666287497617304,"{""agglom_affinities"":[""mahalanobis""],""agglom_linkages"":[""ward""],""covariances"":[""full"",""diag"",""tied"",""spherical""],""criterion"":""bic"",""early_stop_delta"":0.0,""eigen_thres"":true,""init_agglomerative"":true,""max_components"":5,""min_components"":5,""n_init_kmeans"":1,""n_jobs"":1,""random_state"":15,""reg_covar"":1e-06,""verbose"":false}"
observed_genes,1024,16,autog2m2,tcga_d1024_seed16_autog2m2_36cfbfe06922b0c3dc6b.npz,0093576e359b56e525aebc7ec93ca1c2a5a96f1169c4ae55ddb7d099abaed0de,7393ecea5e1be4dcf8ab567b06900092441ceec104fe0188ae903e53b46cb948,927c1d740dc72df1f880,0.8021086026915187,6,full,-96958.550463758,0.9952975447357468,32c8d713744ff69b47552142,5,ok,,0.9900930560872544,5,5,full,-95908.12079679716,0.08499945898074657,"{""agglom_affinities"":[""mahalanobis""],""agglom_linkages"":[""ward""],""covariances"":[""full"",""diag"",""tied"",""spherical""],""criterion"":""bic"",""early_stop_delta"":0.0,""eigen_thres"":true,""init_agglomerative"":true,""max_components"":5,""min_components"":5,""n_init_kmeans"":1,""n_jobs"":1,""random_state"":16,""reg_covar"":1e-06,""verbose"":false}"
observed_genes,1024,16,pca,tcga_d1024_seed16_pca_7fe841bf78aa5112fdcd.npz,fa871b1d9d405c5c048ca40e1a117cb7ca653e388357a887ac44c4e7ae2d8ba0,e188ecd6dd94736420bdcfdfc8d1fde92174a3eace3ebca93dd735f678b0feef,927c1d740dc72df1f880,0.9925379262715904,5,full,71402.02797744803,0.995880149812734,a9d7d7eaa940e8a86958bd43,5,ok,,0.9925379262715904,5,5,full,71402.02797744803,0.08403558301506564,"{""agglom_affinities"":[""mahalanobis""],""agglom_linkages"":[""ward""],""covariances"":[""full"",""diag"",""tied"",""spherical""],""criterion"":""bic"",""early_stop_delta"":0.0,""eigen_thres"":true,""init_agglomerative"":true,""max_components"":5,""min_components"":5,""n_init_kmeans"":1,""n_jobs"":1,""random_state"":16,""reg_covar"":1e-06,""verbose"":false}"
observed_genes,1024,16,umap,tcga_d1024_seed16_umap_b40bfc9be149abc4ea5c.npz,2b03f3755dc0b7f5f5a02c47e536a84bdd8e1055dec0d849d24078c9bec2469b,8e2a2eaae83de00afc731e53a08ead112420825ff5b7b257e3aa94da13327897,927c1d740dc72df1f880,0.6290865364206998,9,full,-83625.55080728595,0.996421140241365,4d2368f7fb133a3634a1c86a,5,ok,,0.9925379262715904,5,5,full,-73785.25932166619,0.038377416029106826,"{""agglom_affinities"":[""mahalanobis""],""agglom_linkages"":[""ward""],""covariances"":[""full"",""diag"",""tied"",""spherical""],""criterion"":""bic"",""early_stop_delta"":0.0,""eigen_thres"":true,""init_agglomerative"":true,""max_components"":5,""min_components"":5,""n_init_kmeans"":1,""n_jobs"":1,""random_state"":16,""reg_covar"":1e-06,""verbose"":false}"
observed_genes,1024,17,autog2m2,tcga_d1024_seed17_autog2m2_d885a750807ea66793a0.npz,4e1d207be9d37e207b204ed8b3295a7d7d0dce53e978a9e3f6b71dbef657ec1f,b79d333a52835f01436e83ce4148714ce460ed4e52725ec0ce1cd14e871fd6fc,927c1d740dc72df1f880,0.7778275578756072,8,full,-86689.07325430907,0.9897211818560132,e95172abf8a9eeceec3ebed1,5,ok,,0.9925170428621352,5,5,full,-84188.93947153563,0.08346929197432473,"{""agglom_affinities"":[""mahalanobis""],""agglom_linkages"":[""ward""],""covariances"":[""full"",""diag"",""tied"",""spherical""],""criterion"":""bic"",""early_stop_delta"":0.0,""eigen_thres"":true,""init_agglomerative"":true,""max_components"":5,""min_components"":5,""n_init_kmeans"":1,""n_jobs"":1,""random_state"":17,""reg_covar"":1e-06,""verbose"":false}"
observed_genes,1024,17,pca,tcga_d1024_seed17_pca_bcdb97745e585324f1dc.npz,d8987637a79edcb9add7fa1bf56f2537f2bfba8b1ae5ce456a0f8cc6a348ba2d,d5e14f67b1a95e8ec0e57e2aa0ee17f249be7c28a93503274c483da401e33616,927c1d740dc72df1f880,0.994388977342912,5,full,71393.77079990364,0.995880149812734,a16a358c1ade06521e7376a1,5,ok,,0.9943889773429121,5,5,full,71393.77079990364,0.08362516696797684,"{""agglom_affinities"":[""mahalanobis""],""agglom_linkages"":[""ward""],""covariances"":[""full"",""diag"",""tied"",""spherical""],""criterion"":""bic"",""early_stop_delta"":0.0,""eigen_thres"":true,""init_agglomerative"":true,""max_components"":5,""min_components"":5,""n_init_kmeans"":1,""n_jobs"":1,""random_state"":17,""reg_covar"":1e-06,""verbose"":false}"
observed_genes,1024,17,umap,tcga_d1024_seed17_umap_9bda742a9208ad360544.npz,4192beb398c79399b426bdf6fdf9ccf5ef949237ffddb0a7ec90b04c24c6b7a9,c37428e0307df73dbd726b574d2ab8d7a0d4189b30aaf35492b2422205ce0acf,927c1d740dc72df1f880,0.6651194010404334,8,full,-85228.19627421326,0.9967124427798584,999699421ed6c53b2199d272,5,ok,,0.9925379262715904,5,5,full,-73024.87443074587,0.03617470804601908,"{""agglom_affinities"":[""mahalanobis""],""agglom_linkages"":[""ward""],""covariances"":[""full"",""diag"",""tied"",""spherical""],""criterion"":""bic"",""early_stop_delta"":0.0,""eigen_thres"":true,""init_agglomerative"":true,""max_components"":5,""min_components"":5,""n_init_kmeans"":1,""n_jobs"":1,""random_state"":17,""reg_covar"":1e-06,""verbose"":false}"
observed_genes,1024,18,autog2m2,tcga_d1024_seed18_autog2m2_9e2621a7f55dd7658266.npz,fff0cc33494f8f45e1d82b78116780a91e8fe7a8513c5570d389284b56131b72,0269db814a72305d2fa3c7543d46ab771002a05345e6f8966cbf39f2d2b58411,927c1d740dc72df1f880,0.5813376467280218,10,full,-75518.7646541041,0.9929255097794424,7240ff2da383ec1f8da8d0f8,5,ok,,0.9962525711260065,5,5,full,-75128.34281658036,0.10837395797716454,"{""agglom_affinities"":[""mahalanobis""],""agglom_linkages"":[""ward""],""covariances"":[""full"",""diag"",""tied"",""spherical""],""criterion"":""bic"",""early_stop_delta"":0.0,""eigen_thres"":true,""init_agglomerative"":true,""max_components"":5,""min_components"":5,""n_init_kmeans"":1,""n_jobs"":1,""random_state"":18,""reg_covar"":1e-06,""verbose"":false}"
observed_genes,1024,18,pca,tcga_d1024_seed18_pca_80fc7589347268364083.npz,9d29672eae9fbe67283e1bdd91e73e9059fd272f37f382103c7efa01544298f0,ca741f7442d92fa11b647415fcfd32daea04d86a98b7cc55eef4e6e6fce632b5,927c1d740dc72df1f880,0.9925379262715904,5,full,71406.74653826121,0.9958385351643778,5830ce33445807df8cd9e404,5,ok,,0.9925379262715904,5,5,full,71406.74653826121,0.08221233397489414,"{""agglom_affinities"":[""mahalanobis""],""agglom_linkages"":[""ward""],""covariances"":[""full"",""diag"",""tied"",""spherical""],""criterion"":""bic"",""early_stop_delta"":0.0,""eigen_thres"":true,""init_agglomerative"":true,""max_components"":5,""min_components"":5,""n_init_kmeans"":1,""n_jobs"":1,""random_state"":18,""reg_covar"":1e-06,""verbose"":false}"
observed_genes,1024,18,umap,tcga_d1024_seed18_umap_b76788c9d4056bd848b9.npz,38e97dc7dfc5fcbef973e18ed379128416985778150c821dd9888d6160234ed4,3fbe29ade1d982d9f220195d5f1d529c4507380e98239fc23c29d7f4eb157c84,927c1d740dc72df1f880,0.6663470936271065,8,full,-85256.86067223718,0.9962962962962963,8c4be2de33602e7fddb89aea,5,ok,,0.9925379262715904,5,5,full,-74360.09519621129,0.0371640840312466,"{""agglom_affinities"":[""mahalanobis""],""agglom_linkages"":[""ward""],""covariances"":[""full"",""diag"",""tied"",""spherical""],""criterion"":""bic"",""early_stop_delta"":0.0,""eigen_thres"":true,""init_agglomerative"":true,""max_components"":5,""min_components"":5,""n_init_kmeans"":1,""n_jobs"":1,""random_state"":18,""reg_covar"":1e-06,""verbose"":false}"
observed_genes,1024,19,autog2m2,tcga_d1024_seed19_autog2m2_c827c9f765efdb7893f9.npz,f67c11f5019bdf9053ec74c5950c588c6d29356369acb7d403f15b0bd99fbcd3,9da9650c405d48d9b11898a95dccacce55d9ac099f1fca10b6cad86f437e5bd8,927c1d740dc72df1f880,0.8562149282054111,7,full,-110880.4236716108,0.9945068664169788,bbd30f65c3c4db0c3308a731,5,ok,,0.9939102941882474,5,5,full,-108431.17236152277,0.08482741698389873,"{""agglom_affinities"":[""mahalanobis""],""agglom_linkages"":[""ward""],""covariances"":[""full"",""diag"",""tied"",""spherical""],""criterion"":""bic"",""early_stop_delta"":0.0,""eigen_thres"":true,""init_agglomerative"":true,""max_components"":5,""min_components"":5,""n_init_kmeans"":1,""n_jobs"":1,""random_state"":19,""reg_covar"":1e-06,""verbose"":false}"
observed_genes,1024,19,pca,tcga_d1024_seed19_pca_3061d6d91458aa71e524.npz,939207c1677026edb5eadd37b70b4ea09d344d31d04117051bd029010535c60f,b47f57549cde370a0998d5880ecb525ec0e7eaf9d020ee0375c4c066a363e5a5,927c1d740dc72df1f880,0.9906745988258084,5,full,71458.77507794458,0.995880149812734,66f805f1f544fa154418bbcc,5,ok,,0.9906745988258083,5,5,full,71458.77507794458,0.1116673750220798,"{""agglom_affinities"":[""mahalanobis""],""agglom_linkages"":[""ward""],""covariances"":[""full"",""diag"",""tied"",""spherical""],""criterion"":""bic"",""early_stop_delta"":0.0,""eigen_thres"":true,""init_agglomerative"":true,""max_components"":5,""min_components"":5,""n_init_kmeans"":1,""n_jobs"":1,""random_state"":19,""reg_covar"":1e-06,""verbose"":false}"
observed_genes,1024,19,umap,tcga_d1024_seed19_umap_5bb0fa0fdba235a598ed.npz,f4a3e8673ba9babbc4bdf5a3a434bb130fe6706ba91d727b05233b8f801ab594,bbb4d256e72dd4521b5c20125c8d0dd8d50e58d53ca3025c9b3fe984d63fea2b,927c1d740dc72df1f880,0.7250868024493641,7,full,-85778.4217223376,0.996629213483146,cbda2392bea326cba42ac7cf,5,ok,,0.9925379262715904,5,5,full,-76292.33277721878,0.058667999983299524,"{""agglom_affinities"":[""mahalanobis""],""agglom_linkages"":[""ward""],""covariances"":[""full"",""diag"",""tied"",""spherical""],""criterion"":""bic"",""early_stop_delta"":0.0,""eigen_thres"":true,""init_agglomerative"":true,""max_components"":5,""min_components"":5,""n_init_kmeans"":1,""n_jobs"":1,""random_state"":19,""reg_covar"":1e-06,""verbose"":false}"
observed_genes,2048,0,autog2m2,tcga_d2048_seed0_autog2m2_7f6b4fb3d0839ea32d6a.npz,8723a17a01e0beab3e28763c3d56eac72c431fc6c8db7dd034070753834d012d,86a6f3c3fded971274bd5ee9896df7b9827a9db68ff09dd573e83e6e69ba6ac3,927c1d740dc72df1f880,0.8546283428519907,7,full,-79394.29071459782,0.9786516853932584,237a976b005b2b3c964f8da8,5,ok,,0.8772178692509983,5,5,full,-79218.16718855797,0.12282520800363272,"{""agglom_affinities"":[""mahalanobis""],""agglom_linkages"":[""ward""],""covariances"":[""full"",""diag"",""tied"",""spherical""],""criterion"":""bic"",""early_stop_delta"":0.0,""eigen_thres"":true,""init_agglomerative"":true,""max_components"":5,""min_components"":5,""n_init_kmeans"":1,""n_jobs"":1,""random_state"":0,""reg_covar"":1e-06,""verbose"":false}"
observed_genes,2048,0,pca,tcga_d2048_seed0_pca_3fac33fc826f81264091.npz,f199ffbddc92e32c2481e495a41525f36b273c357a80d1ed3da9551c810b8701,75142c263f0c6667d6c41ad463987596da2e748cdc43479a9389b8fb2744cbf8,927c1d740dc72df1f880,0.9907046830195056,5,full,82889.83720020464,0.9948397836038284,79a70bb6359650461fe0d67a,5,ok,,0.9907046830195056,5,5,full,82889.83720020462,0.08428016700781882,"{""agglom_affinities"":[""mahalanobis""],""agglom_linkages"":[""ward""],""covariances"":[""full"",""diag"",""tied"",""spherical""],""criterion"":""bic"",""early_stop_delta"":0.0,""eigen_thres"":true,""init_agglomerative"":true,""max_components"":5,""min_components"":5,""n_init_kmeans"":1,""n_jobs"":1,""random_state"":0,""reg_covar"":1e-06,""verbose"":false}"
observed_genes,2048,0,umap,tcga_d2048_seed0_umap_cd4014577c88f3e3ff83.npz,4a56232ec07b9719d75c29536cd7d1840a8008fe509f17190917fac84c9417af,164d2304233ebfea93c416ebd0036b1843e431965b2c8ad7c0835d34b5dd38a2,927c1d740dc72df1f880,0.6654703058061298,8,full,-91000.51555900462,0.9965459841864336,ba2e5e4209cb9cd6bb3ec70e,5,ok,,0.9925379262715904,5,5,full,-77103.9211080332,0.035976832965388894,"{""agglom_affinities"":[""mahalanobis""],""agglom_linkages"":[""ward""],""covariances"":[""full"",""diag"",""tied"",""spherical""],""criterion"":""bic"",""early_stop_delta"":0.0,""eigen_thres"":true,""init_agglomerative"":true,""max_components"":5,""min_components"":5,""n_init_kmeans"":1,""n_jobs"":1,""random_state"":0,""reg_covar"":1e-06,""verbose"":false}"
observed_genes,2048,1,autog2m2,tcga_d2048_seed1_autog2m2_bac9ea52d165ca225a28.npz,d6720e3f2d52c46b2f54e327033b77fdd426518155470a57dbb2c4a9665e83d3,fa32aece38137d3e714eef051c801e694050b20e22445faacee3aea21be97a42,927c1d740dc72df1f880,0.8523964727956518,6,full,-78470.03593134189,0.9886392009987516,00ecaa0bb77d8fac8e8dad91,5,ok,,0.7641489545194168,5,5,full,-76449.36714855659,0.09134516696212813,"{""agglom_affinities"":[""mahalanobis""],""agglom_linkages"":[""ward""],""covariances"":[""full"",""diag"",""tied"",""spherical""],""criterion"":""bic"",""early_stop_delta"":0.0,""eigen_thres"":true,""init_agglomerative"":true,""max_components"":5,""min_components"":5,""n_init_kmeans"":1,""n_jobs"":1,""random_state"":1,""reg_covar"":1e-06,""verbose"":false}"
observed_genes,2048,1,pca,tcga_d2048_seed1_pca_ef1035a93b4cb9faf642.npz,2c30ec80bf9cf3343567e449d5d384cdb5a5811eff5e720f5df12aa48ebd76ff,f4ad9bb9267803cf72807fc1b4f3fe0e3699e4b8c1cd3081f5b76a8b9f8a31b5,927c1d740dc72df1f880,0.8592139096236026,5,full,82852.89949749371,0.9947981689554724,d28295200f4d9075f58b839f,5,ok,,0.8592139096236026,5,5,full,82852.89949749371,0.08766029099933803,"{""agglom_affinities"":[""mahalanobis""],""agglom_linkages"":[""ward""],""covariances"":[""full"",""diag"",""tied"",""spherical""],""criterion"":""bic"",""early_stop_delta"":0.0,""eigen_thres"":true,""init_agglomerative"":true,""max_components"":5,""min_components"":5,""n_init_kmeans"":1,""n_jobs"":1,""random_state"":1,""reg_covar"":1e-06,""verbose"":false}"
observed_genes,2048,1,umap,tcga_d2048_seed1_umap_b887e476df06859bd339.npz,9df4357576e8d77f03d07ab3162e986926f6cac59e9d6bde111b7d163671aa1e,ae369e3060b297c2cf673908026cd9fda2f4c4ddc535a7fcb1215898b0bf3165,927c1d740dc72df1f880,0.6203856627949201,9,full,-89420.71806862904,0.996213066999584,7272e2d835c018107d468d18,5,ok,,0.9925379262715904,5,5,full,-76286.29944500832,0.037275874987244606,"{""agglom_affinities"":[""mahalanobis""],""agglom_linkages"":[""ward""],""covariances"":[""full"",""diag"",""tied"",""spherical""],""criterion"":""bic"",""early_stop_delta"":0.0,""eigen_thres"":true,""init_agglomerative"":true,""max_components"":5,""min_components"":5,""n_init_kmeans"":1,""n_jobs"":1,""random_state"":1,""reg_covar"":1e-06,""verbose"":false}"
observed_genes,2048,2,autog2m2,tcga_d2048_seed2_autog2m2_6664660911691620a094.npz,e62ec68be144ae756ac84672a73864a429fdfcf7a8418c5526861a1e821b8133,9f94680edf7d6bfa10d5e9659eb064373acd0edbf5870ff419bb0c52a9e348b2,927c1d740dc72df1f880,0.7182462324841625,10,full,-65617.30432524567,0.9870994590095714,04ea883958ce530623801d32,5,ok,,0.9925550548366372,5,5,full,-64921.42751601954,0.09333850000984967,"{""agglom_affinities"":[""mahalanobis""],""agglom_linkages"":[""ward""],""covariances"":[""full"",""diag"",""tied"",""spherical""],""criterion"":""bic"",""early_stop_delta"":0.0,""eigen_thres"":true,""init_agglomerative"":true,""max_components"":5,""min_components"":5,""n_init_kmeans"":1,""n_jobs"":1,""random_state"":2,""reg_covar"":1e-06,""verbose"":false}"
observed_genes,2048,2,pca,tcga_d2048_seed2_pca_092e03a277425eed5b5b.npz,6928d0fc5a2edab0eb5e124a8bfe0dcc506e47e0ac29f5fc163240344665b893,54e04ea7d389b42f2926f82dd7202f6459b36949fae1e1e70e5b68a639e24337,927c1d740dc72df1f880,0.9907046830195056,5,full,82907.64672086251,0.994756554307116,9ea60650e7bf2d098bf6a299,5,ok,,0.9907046830195056,5,5,full,82907.6467208625,0.08343620802043006,"{""agglom_affinities"":[""mahalanobis""],""agglom_linkages"":[""ward""],""covariances"":[""full"",""diag"",""tied"",""spherical""],""criterion"":""bic"",""early_stop_delta"":0.0,""eigen_thres"":true,""init_agglomerative"":true,""max_components"":5,""min_components"":5,""n_init_kmeans"":1,""n_jobs"":1,""random_state"":2,""reg_covar"":1e-06,""verbose"":false}"
observed_genes,2048,2,umap,tcga_d2048_seed2_umap_946fc9254963fdc167d4.npz,e2c0a2790b8e7463c61c4cdcdd30f7e8ddb5e0287c388fe05b2c217d6b6f065a,98b1baa65ed03811e9712c9f09cc4611c2be6b80ab2f30e99216d77153c93c58,927c1d740dc72df1f880,0.7260289794325502,7,full,-89710.51010452418,0.9963379109446524,82191282a83d783c3f3ba363,5,ok,,0.9925379262715904,5,5,full,-76448.95862389411,0.0358222090289928,"{""agglom_affinities"":[""mahalanobis""],""agglom_linkages"":[""ward""],""covariances"":[""full"",""diag"",""tied"",""spherical""],""criterion"":""bic"",""early_stop_delta"":0.0,""eigen_thres"":true,""init_agglomerative"":true,""max_components"":5,""min_components"":5,""n_init_kmeans"":1,""n_jobs"":1,""random_state"":2,""reg_covar"":1e-06,""verbose"":false}"
observed_genes,2048,3,autog2m2,tcga_d2048_seed3_autog2m2_f7f01139e7219a20f32b.npz,6501f7e696254caf051b9d60caa888bf01f6a52ee4415a4e9e42368256c127ea,fbf2eca7c988f3b098d747fa61d6b6fab2e4693063f69653d64a7e8a79ca0996,927c1d740dc72df1f880,0.9827045709892174,5,full,-84245.430188414,0.986475239284228,00caa0f74c559e06dbec9c8d,5,ok,,0.9827045709892174,5,5,full,-84245.43018841401,0.0955654580029659,"{""agglom_affinities"":[""mahalanobis""],""agglom_linkages"":[""ward""],""covariances"":[""full"",""diag"",""tied"",""spherical""],""criterion"":""bic"",""early_stop_delta"":0.0,""eigen_thres"":true,""init_agglomerative"":true,""max_components"":5,""min_components"":5,""n_init_kmeans"":1,""n_jobs"":1,""random_state"":3,""reg_covar"":1e-06,""verbose"":false}"
observed_genes,2048,3,pca,tcga_d2048_seed3_pca_cab89bedd2fa9c2adf0e.npz,f06852a7f5b51d769e5b9fcdc81acbf8aea0dc99562da97cc74fe8ada4e0fe81,3e03cb9533b2af6d2c6fbd8f0b1de9a803044fb5e76d2023546d7a9ca4a09e3f,927c1d740dc72df1f880,0.8304820544782894,5,full,82892.48016132241,0.9947981689554724,a285fdfec5e3df25965ee3e6,5,ok,,0.8304820544782894,5,5,full,82892.48016132241,0.09206362499389797,"{""agglom_affinities"":[""mahalanobis""],""agglom_linkages"":[""ward""],""covariances"":[""full"",""diag"",""tied"",""spherical""],""criterion"":""bic"",""early_stop_delta"":0.0,""eigen_thres"":true,""init_agglomerative"":true,""max_components"":5,""min_components"":5,""n_init_kmeans"":1,""n_jobs"":1,""random_state"":3,""reg_covar"":1e-06,""verbose"":false}"
observed_genes,2048,3,umap,tcga_d2048_seed3_umap_a9a616004609a1d078c1.npz,0a172a7dc06f30d5637e01f40cdfe09406d812c8faac057cef116a9e39b48ee6,a0a170fd146960783c220a94114cb687b71918604c141886c93c4a0d4ba360be,927c1d740dc72df1f880,0.664709875088085,8,full,-88097.06662427823,0.9950062421972534,cc0ae42b01bf64417ef18d91,5,ok,,0.9925379262715904,5,5,full,-74702.30071472884,0.03611291601555422,"{""agglom_affinities"":[""mahalanobis""],""agglom_linkages"":[""ward""],""covariances"":[""full"",""diag"",""tied"",""spherical""],""criterion"":""bic"",""early_stop_delta"":0.0,""eigen_thres"":true,""init_agglomerative"":true,""max_components"":5,""min_components"":5,""n_init_kmeans"":1,""n_jobs"":1,""random_state"":3,""reg_covar"":1e-06,""verbose"":false}"
observed_genes,2048,4,autog2m2,tcga_d2048_seed4_autog2m2_9accf46f63e83920f7ef.npz,63c57d6fda5e8faade9f8f94c05ad37eead153745980c6e07df6e13cbe273d95,2e35a03ec667125ff9512dabe15000e1162f9c27aa7cce9de1f7eb9b47c33a01,927c1d740dc72df1f880,0.9758101907208686,5,full,-94725.32137234588,0.9780690803162714,c496a9caddf66e033fe44a3e,5,ok,,0.9758101907208686,5,5,full,-94725.32137234589,0.10944362496957183,"{""agglom_affinities"":[""mahalanobis""],""agglom_linkages"":[""ward""],""covariances"":[""full"",""diag"",""tied"",""spherical""],""criterion"":""bic"",""early_stop_delta"":0.0,""eigen_thres"":true,""init_agglomerative"":true,""max_components"":5,""min_components"":5,""n_init_kmeans"":1,""n_jobs"":1,""random_state"":4,""reg_covar"":1e-06,""verbose"":false}"
observed_genes,2048,4,pca,tcga_d2048_seed4_pca_8c7be8cd023452b6b576.npz,ae1c5f717c4e79470face30a3663735e46d6a00ff8e6e36e671a1b3025205418,0a615a838d998e063c5efff15ea3d2e5e5b3a30ee1ee1313781cf6a6b9a7f423,927c1d740dc72df1f880,0.7089232247392012,8,full,82687.28779780773,0.994756554307116,41c330d72da7b8842d551c4a,5,ok,,0.7947029123452982,5,5,full,83274.19782086932,0.08407299994723871,"{""agglom_affinities"":[""mahalanobis""],""agglom_linkages"":[""ward""],""covariances"":[""full"",""diag"",""tied"",""spherical""],""criterion"":""bic"",""early_stop_delta"":0.0,""eigen_thres"":true,""init_agglomerative"":true,""max_components"":5,""min_components"":5,""n_init_kmeans"":1,""n_jobs"":1,""random_state"":4,""reg_covar"":1e-06,""verbose"":false}"
observed_genes,2048,4,umap,tcga_d2048_seed4_umap_a723fb0bb2eb8b86971f.npz,2f1ec72b639a835662f63fac1868f01eea4be9613132221c9e91469434700743,2d728566ac44901874912b348b250cf43bc1fc20e2aa852ab79bd3ecc3c3aaa1,927c1d740dc72df1f880,0.6237016531606177,9,full,-87798.74012722836,0.9965043695380774,ea1f81dbcb4dff6fadec3130,5,ok,,0.9925379262715904,5,5,full,-73666.14351091594,0.03634329198393971,"{""agglom_affinities"":[""mahalanobis""],""agglom_linkages"":[""ward""],""covariances"":[""full"",""diag"",""tied"",""spherical""],""criterion"":""bic"",""early_stop_delta"":0.0,""eigen_thres"":true,""init_agglomerative"":true,""max_components"":5,""min_components"":5,""n_init_kmeans"":1,""n_jobs"":1,""random_state"":4,""reg_covar"":1e-06,""verbose"":false}"
observed_genes,2048,5,autog2m2,tcga_d2048_seed5_autog2m2_77cabfa821ee617ffc9e.npz,afc27959969a1e870d0de4cd69c223a2d6bbdbf1513adde7dfc941292e4f450a,dc52cbe6f85315b22b4b8cee5331361b95940277b8ee9668d5163044ed96a7af,927c1d740dc72df1f880,0.7825259222996338,6,full,-86453.02416087544,0.9603828547648772,f166ee8701b262a5f64981cf,5,ok,,0.8718966451155961,5,5,full,-86190.07310798862,0.13092750002397224,"{""agglom_affinities"":[""mahalanobis""],""agglom_linkages"":[""ward""],""covariances"":[""full"",""diag"",""tied"",""spherical""],""criterion"":""bic"",""early_stop_delta"":0.0,""eigen_thres"":true,""init_agglomerative"":true,""max_components"":5,""min_components"":5,""n_init_kmeans"":1,""n_jobs"":1,""random_state"":5,""reg_covar"":1e-06,""verbose"":false}"
observed_genes,2048,5,pca,tcga_d2048_seed5_pca_d60bb33d0a88c114de00.npz,4ace49e0346f3f9aa8a40c64575230bf788f16275216452e363bc6f9bc4ef32d,edbec652339b8c5b89bb1f6502f9e24d73eba922b3897c52738deb2bff9a01d3,927c1d740dc72df1f880,0.9907046830195056,5,full,82866.02615037057,0.994756554307116,2ed3a7e418ef0e4e77dee008,5,ok,,0.9907046830195056,5,5,full,82866.02615037058,0.08518991700839251,"{""agglom_affinities"":[""mahalanobis""],""agglom_linkages"":[""ward""],""covariances"":[""full"",""diag"",""tied"",""spherical""],""criterion"":""bic"",""early_stop_delta"":0.0,""eigen_thres"":true,""init_agglomerative"":true,""max_components"":5,""min_components"":5,""n_init_kmeans"":1,""n_jobs"":1,""random_state"":5,""reg_covar"":1e-06,""verbose"":false}"
observed_genes,2048,5,umap,tcga_d2048_seed5_umap_b78f18786f0433aa583a.npz,7d45c0d7ba4d067554284f79d48f6b96340547c4afaf923cf12b82918d017a8e,ec041d65dace1d7c25b7561b7e3a835cb5120adf6703500344def3cf62799591,927c1d740dc72df1f880,0.6774526286988163,8,full,-88372.33945827305,0.9961714523512276,2cbe93f492b58a18f5a2ac7a,5,ok,,0.9925379262715904,5,5,full,-74453.89468257577,0.03692079201573506,"{""agglom_affinities"":[""mahalanobis""],""agglom_linkages"":[""ward""],""covariances"":[""full"",""diag"",""tied"",""spherical""],""criterion"":""bic"",""early_stop_delta"":0.0,""eigen_thres"":true,""init_agglomerative"":true,""max_components"":5,""min_components"":5,""n_init_kmeans"":1,""n_jobs"":1,""random_state"":5,""reg_covar"":1e-06,""verbose"":false}"
observed_genes,2048,6,autog2m2,tcga_d2048_seed6_autog2m2_f075ef1c1904cf246ff9.npz,169e017d23a86a45b5f8ee5ec32a68692221756d2ce82038d52dd023ef4a3048,ba6822bbf143a0a0de156b3d8517bbbf0b23032f0e2db064006c8b91946cc37f,927c1d740dc72df1f880,0.9486161203581588,5,full,-82404.43411638796,0.98535164377861,ac350bcb7b7c025ef60e524d,5,ok,,0.9486161203581589,5,5,full,-82404.43411638796,0.12525554199237376,"{""agglom_affinities"":[""mahalanobis""],""agglom_linkages"":[""ward""],""covariances"":[""full"",""diag"",""tied"",""spherical""],""criterion"":""bic"",""early_stop_delta"":0.0,""eigen_thres"":true,""init_agglomerative"":true,""max_components"":5,""min_components"":5,""n_init_kmeans"":1,""n_jobs"":1,""random_state"":6,""reg_covar"":1e-06,""verbose"":false}"
observed_genes,2048,6,pca,tcga_d2048_seed6_pca_49a2a52868a6eab2eabc.npz,0ae0f94b9feb041f8bf09d519a8caefe0a91f196dd5ba43bda0b49a49aef1fbf,a9f9b44e931755c34681f46099a120eccbac1c803efba7b5dbde194b2246b95d,927c1d740dc72df1f880,0.8304820544782894,5,full,82918.31110534749,0.99471493965876,069c453039233fd8edfcd0ef,5,ok,,0.8304820544782894,5,5,full,82918.31110534749,0.08737454103538767,"{""agglom_affinities"":[""mahalanobis""],""agglom_linkages"":[""ward""],""covariances"":[""full"",""diag"",""tied"",""spherical""],""criterion"":""bic"",""early_stop_delta"":0.0,""eigen_thres"":true,""init_agglomerative"":true,""max_components"":5,""min_components"":5,""n_init_kmeans"":1,""n_jobs"":1,""random_state"":6,""reg_covar"":1e-06,""verbose"":false}"
observed_genes,2048,6,umap,tcga_d2048_seed6_umap_2abc1d4fe4aabbb57ffe.npz,bac77c49764210f1471787a82c533f2779ea3109ccbd5adbfdb9ff67954ca9e6,a9301fcdbaf38b6c2bd23a27589ac5040b07afe462a7ec47fb039834f67e9929,927c1d740dc72df1f880,0.6661882927380257,8,full,-87310.22927553419,0.995672076570953,0e173295799fc5b036aa76c3,5,ok,,0.9925379262715904,5,5,full,-74881.4516271692,0.036977583018597215,"{""agglom_affinities"":[""mahalanobis""],""agglom_linkages"":[""ward""],""covariances"":[""full"",""diag"",""tied"",""spherical""],""criterion"":""bic"",""early_stop_delta"":0.0,""eigen_thres"":true,""init_agglomerative"":true,""max_components"":5,""min_components"":5,""n_init_kmeans"":1,""n_jobs"":1,""random_state"":6,""reg_covar"":1e-06,""verbose"":false}"
observed_genes,2048,7,autog2m2,tcga_d2048_seed7_autog2m2_c413536cbe9b37d9cfc5.npz,9282da201db40618a5e636a84aea638b2d2b9e638d24707fd369031c77a58c91,9bb5a21d9929e660abfef26899058c31df40ef0e73666e5a8f71ecd387a7a3db,927c1d740dc72df1f880,0.7958793757803814,7,full,-74169.4714744411,0.9897211818560132,91c10bb7c8ee275703684514,5,ok,,0.9962578040012737,5,5,full,-73774.65795443508,0.1322384169907309,"{""agglom_affinities"":[""mahalanobis""],""agglom_linkages"":[""ward""],""covariances"":[""full"",""diag"",""tied"",""spherical""],""criterion"":""bic"",""early_stop_delta"":0.0,""eigen_thres"":true,""init_agglomerative"":true,""max_components"":5,""min_components"":5,""n_init_kmeans"":1,""n_jobs"":1,""random_state"":7,""reg_covar"":1e-06,""verbose"":false}"
observed_genes,2048,7,pca,tcga_d2048_seed7_pca_17a2e95620274ffcc113.npz,5b9b238ccb33c01ba34932388ca390de3a9907ecd82375db0507bc20d38cea2b,4913dd2000f4b201bf41761a8e1ff3204f1498a1729112781e2fa4223f6b360d,927c1d740dc72df1f880,0.869486435704934,7,full,81852.46191742293,0.9947981689554724,395665ea2ec46c1a146a15a0,5,ok,,0.9907046830195056,5,5,full,82868.12906852922,0.11149466701317579,"{""agglom_affinities"":[""mahalanobis""],""agglom_linkages"":[""ward""],""covariances"":[""full"",""diag"",""tied"",""spherical""],""criterion"":""bic"",""early_stop_delta"":0.0,""eigen_thres"":true,""init_agglomerative"":true,""max_components"":5,""min_components"":5,""n_init_kmeans"":1,""n_jobs"":1,""random_state"":7,""reg_covar"":1e-06,""verbose"":false}"
observed_genes,2048,7,umap,tcga_d2048_seed7_umap_0709e605fac615cb1a74.npz,6a7a1a0d053d6af2d7b0c7e5670c8a3db9cd56c97ff33e7babd338bea737a813,b6c4eb98a72b363ccc11a45b588b206f48a6136ae5bfa4b6718ee0efa38dd789,927c1d740dc72df1f880,0.607874789138641,9,full,-88099.30210672528,0.99658759883479,d9f9a0a0956a82d87db4b3a7,5,ok,,0.9925379262715904,5,5,full,-73347.08370411392,0.035833041998557746,"{""agglom_affinities"":[""mahalanobis""],""agglom_linkages"":[""ward""],""covariances"":[""full"",""diag"",""tied"",""spherical""],""criterion"":""bic"",""early_stop_delta"":0.0,""eigen_thres"":true,""init_agglomerative"":true,""max_components"":5,""min_components"":5,""n_init_kmeans"":1,""n_jobs"":1,""random_state"":7,""reg_covar"":1e-06,""verbose"":false}"
observed_genes,2048,8,autog2m2,tcga_d2048_seed8_autog2m2_a8b6e2dfb581027a2f69.npz,63630b31eca612c478fa77cf2b78dfc30f8139b05194572e7a093157013e3c11,76654781be4e8c26990ff577b570c60657d485eadf3ac7daf66803b08ae3178f,927c1d740dc72df1f880,0.6918937444650708,8,full,-92150.22440498276,0.9845609654598418,7e1046c8b551199db6bb25b7,5,ok,,0.9776811827591497,5,5,full,-92014.39575611665,0.09685362497111782,"{""agglom_affinities"":[""mahalanobis""],""agglom_linkages"":[""ward""],""covariances"":[""full"",""diag"",""tied"",""spherical""],""criterion"":""bic"",""early_stop_delta"":0.0,""eigen_thres"":true,""init_agglomerative"":true,""max_components"":5,""min_components"":5,""n_init_kmeans"":1,""n_jobs"":1,""random_state"":8,""reg_covar"":1e-06,""verbose"":false}"
observed_genes,2048,8,pca,tcga_d2048_seed8_pca_3ec6d0c36916d30db751.npz,3a494f47cd3721b4fa3f43769af6012948ddd573ceebc9f81183e32f31d25736,9369b3a7ceada4a5fd65777043a64a696975f10a0798bcfd7ea29a28e9912d4f,927c1d740dc72df1f880,0.9907046830195056,5,full,82865.12665870867,0.994756554307116,a8380117a402faad1d5f74b8,5,ok,,0.9907046830195056,5,5,full,82865.12665870867,0.08540425001410767,"{""agglom_affinities"":[""mahalanobis""],""agglom_linkages"":[""ward""],""covariances"":[""full"",""diag"",""tied"",""spherical""],""criterion"":""bic"",""early_stop_delta"":0.0,""eigen_thres"":true,""init_agglomerative"":true,""max_components"":5,""min_components"":5,""n_init_kmeans"":1,""n_jobs"":1,""random_state"":8,""reg_covar"":1e-06,""verbose"":false}"
observed_genes,2048,8,umap,tcga_d2048_seed8_umap_0869180af902adab53dc.npz,6e953c50e2e443125e5204052ae186798ada4049478d0c18a3389f45e93d8ac2,13966c4204a0159c81e274ef9a0b7fe26084fcb77ae6e34ada76759e6d3e5359,927c1d740dc72df1f880,0.6681880899358359,8,full,-86596.95877387714,0.998085726175614,8d81c71ca1e72de72fd9ce39,5,ok,,0.9962578040012737,5,5,full,-74133.01188407834,0.036830709024798125,"{""agglom_affinities"":[""mahalanobis""],""agglom_linkages"":[""ward""],""covariances"":[""full"",""diag"",""tied"",""spherical""],""criterion"":""bic"",""early_stop_delta"":0.0,""eigen_thres"":true,""init_agglomerative"":true,""max_components"":5,""min_components"":5,""n_init_kmeans"":1,""n_jobs"":1,""random_state"":8,""reg_covar"":1e-06,""verbose"":false}"
observed_genes,2048,9,autog2m2,tcga_d2048_seed9_autog2m2_2f7855bfca59c58e125c.npz,87fcbb6305979cfbf3cd54e135d5562d527194af8b536fad8b386afe6da38f71,82c9292550428f3110da7cfde7cf1f2864b3a1a370813a854063efb62ade6e7b,927c1d740dc72df1f880,0.634061798585304,10,full,-74092.86411509456,0.9913025384935498,51da9b9434c4968730892886,5,ok,,0.9962578040012737,5,5,full,-71095.22363197208,0.09981462504947558,"{""agglom_affinities"":[""mahalanobis""],""agglom_linkages"":[""ward""],""covariances"":[""full"",""diag"",""tied"",""spherical""],""criterion"":""bic"",""early_stop_delta"":0.0,""eigen_thres"":true,""init_agglomerative"":true,""max_components"":5,""min_components"":5,""n_init_kmeans"":1,""n_jobs"":1,""random_state"":9,""reg_covar"":1e-06,""verbose"":false}"
observed_genes,2048,9,pca,tcga_d2048_seed9_pca_07815a856507fb4ba297.npz,ca2859913a4f4b9a7be9d2a9bdb78a9fe63bc5531730b097ecd75ba2a3e49628,2542b648d9fa9f8140f616c65db193a7de823bb5e49c43a3250916cd1bfa68ac,927c1d740dc72df1f880,0.8688350904674895,6,full,82910.1556564207,0.9947981689554724,bceaacb3340f3452907c0796,5,ok,,0.7834571506227431,5,5,full,83229.0986983531,0.08587879198603332,"{""agglom_affinities"":[""mahalanobis""],""agglom_linkages"":[""ward""],""covariances"":[""full"",""diag"",""tied"",""spherical""],""criterion"":""bic"",""early_stop_delta"":0.0,""eigen_thres"":true,""init_agglomerative"":true,""max_components"":5,""min_components"":5,""n_init_kmeans"":1,""n_jobs"":1,""random_state"":9,""reg_covar"":1e-06,""verbose"":false}"
observed_genes,2048,9,umap,tcga_d2048_seed9_umap_4268489569d832a0f1bb.npz,d9ca9674fa3d53029475d988ae580af45ae6992ee15b99d03e9cf1724a5a9fa7,d07855fb536810acfd64003d102d47e7e7735217aeb4159f6fac61e133e89bd6,927c1d740dc72df1f880,0.6651895906671262,8,full,-87405.82457968629,0.9962962962962963,43b52685a35e2860822807d9,5,ok,,0.8003323207824978,5,5,full,-78789.91564647436,0.03631112503353506,"{""agglom_affinities"":[""mahalanobis""],""agglom_linkages"":[""ward""],""covariances"":[""full"",""diag"",""tied"",""spherical""],""criterion"":""bic"",""early_stop_delta"":0.0,""eigen_thres"":true,""init_agglomerative"":true,""max_components"":5,""min_components"":5,""n_init_kmeans"":1,""n_jobs"":1,""random_state"":9,""reg_covar"":1e-06,""verbose"":false}"
observed_genes,2048,10,autog2m2,tcga_d2048_seed10_autog2m2_289ca2524db97e07c063.npz,4905b41ca58ffed9c1b7335e942634000817cc8a59f0487b12951adb213b384c,42e9507c6bb7edfa3d17320e949b1892aa2d43146750a65399ad27c1348a096d,927c1d740dc72df1f880,0.7948565533094929,5,full,-113152.41157070865,0.9439034540158135,2400d131872c820ed250c7b4,5,ok,,0.7948565533094929,5,5,full,-113152.41157070865,0.152029707969632,"{""agglom_affinities"":[""mahalanobis""],""agglom_linkages"":[""ward""],""covariances"":[""full"",""diag"",""tied"",""spherical""],""criterion"":""bic"",""early_stop_delta"":0.0,""eigen_thres"":true,""init_agglomerative"":true,""max_components"":5,""min_components"":5,""n_init_kmeans"":1,""n_jobs"":1,""random_state"":10,""reg_covar"":1e-06,""verbose"":false}"
observed_genes,2048,10,pca,tcga_d2048_seed10_pca_7630e5f505083e0beed4.npz,0c428372fb19cb99753af15b9563a552cd8135e9e64426b4bae5bd7ca7fa08b3,a0c938fd1779d362cec2c92cb0a96341cd331e65b1768afc9b25d5c352494816,927c1d740dc72df1f880,0.8304820544782894,5,full,82868.0203593003,0.994756554307116,3e979d0222d6306e15394c5a,5,ok,,0.8304820544782894,5,5,full,82868.0203593003,0.08513991604559124,"{""agglom_affinities"":[""mahalanobis""],""agglom_linkages"":[""ward""],""covariances"":[""full"",""diag"",""tied"",""spherical""],""criterion"":""bic"",""early_stop_delta"":0.0,""eigen_thres"":true,""init_agglomerative"":true,""max_components"":5,""min_components"":5,""n_init_kmeans"":1,""n_jobs"":1,""random_state"":10,""reg_covar"":1e-06,""verbose"":false}"
observed_genes,2048,10,umap,tcga_d2048_seed10_umap_8b460a5f598f660b68ba.npz,b43bfe9de605a662b78579c34ec021f9a124fa7fa5ec1d97cc8e5f7213d89239,639059599812f076c879fb60c811c0db7a2e873aaeabab793a16a65aafad8871,927c1d740dc72df1f880,0.6639606456617085,8,full,-86693.94664650015,0.9961298377028714,a79dcd9d8e5a9b92be46b084,5,ok,,0.9925379262715904,5,5,full,-73466.70421659178,0.03616666700690985,"{""agglom_affinities"":[""mahalanobis""],""agglom_linkages"":[""ward""],""covariances"":[""full"",""diag"",""tied"",""spherical""],""criterion"":""bic"",""early_stop_delta"":0.0,""eigen_thres"":true,""init_agglomerative"":true,""max_components"":5,""min_components"":5,""n_init_kmeans"":1,""n_jobs"":1,""random_state"":10,""reg_covar"":1e-06,""verbose"":false}"
observed_genes,2048,11,autog2m2,tcga_d2048_seed11_autog2m2_a9625de8d69ce2a77dbd.npz,957ee879f54e991ad96fe8c13ad2936ac9dfd07df6b8752feb50423e9cc1ee0c,b270fc2d20d9d6844f0965cba4a40eda9668e06c6112cc08669eef84967ae1c9,927c1d740dc72df1f880,0.988834119833276,5,full,-88086.0546024241,0.9907615480649188,e245cc0fde52e2556f82c2e3,5,ok,,0.988834119833276,5,5,full,-88086.05460242431,0.08300874999258667,"{""agglom_affinities"":[""mahalanobis""],""agglom_linkages"":[""ward""],""covariances"":[""full"",""diag"",""tied"",""spherical""],""criterion"":""bic"",""early_stop_delta"":0.0,""eigen_thres"":true,""init_agglomerative"":true,""max_components"":5,""min_components"":5,""n_init_kmeans"":1,""n_jobs"":1,""random_state"":11,""reg_covar"":1e-06,""verbose"":false}"
observed_genes,2048,11,pca,tcga_d2048_seed11_pca_0cb5724762772ee7ffa5.npz,352ff9ef3ab7a91d704a70265915b6e39bd141d1c9efd5d20c8f718e8bcecd43,66cf69345c9d818e586f0b6d74ab88edf753cba275eca551087daf484203776f,927c1d740dc72df1f880,0.9907046830195056,5,full,82897.06161695936,0.9947981689554724,eca8dabd8bd5ceaf6c6a0719,5,ok,,0.9907046830195056,5,5,full,82897.06161695934,0.08189916698029265,"{""agglom_affinities"":[""mahalanobis""],""agglom_linkages"":[""ward""],""covariances"":[""full"",""diag"",""tied"",""spherical""],""criterion"":""bic"",""early_stop_delta"":0.0,""eigen_thres"":true,""init_agglomerative"":true,""max_components"":5,""min_components"":5,""n_init_kmeans"":1,""n_jobs"":1,""random_state"":11,""reg_covar"":1e-06,""verbose"":false}"
observed_genes,2048,11,umap,tcga_d2048_seed11_umap_ae5155c9e1becf4e9f20.npz,0e06387f75dc12fac83025a41732facd3c782b47f7d262a42b858340da4434ee,1ce428db38ef9ef402fc8ef8e20bb59d500647f1dc1995bc780911dad6177020,927c1d740dc72df1f880,0.7249648149734322,7,full,-88945.95667602548,0.9965043695380774,2563dbbdd26b1c1c6f7ac925,5,ok,,0.9925379262715904,5,5,full,-75360.30006633842,0.03632962499978021,"{""agglom_affinities"":[""mahalanobis""],""agglom_linkages"":[""ward""],""covariances"":[""full"",""diag"",""tied"",""spherical""],""criterion"":""bic"",""early_stop_delta"":0.0,""eigen_thres"":true,""init_agglomerative"":true,""max_components"":5,""min_components"":5,""n_init_kmeans"":1,""n_jobs"":1,""random_state"":11,""reg_covar"":1e-06,""verbose"":false}"
observed_genes,2048,12,autog2m2,tcga_d2048_seed12_autog2m2_4f46590f9c30e73794c4.npz,8a17e39afafa620bd666920090281e88e8c75737b26eba4e0bda0bd8af2c9d74,7b76fa8855b7c7af74678abebc1f8c0699e1834887e2182d214ee55ff992409a,927c1d740dc72df1f880,0.9925379262715904,5,full,-66569.91090641158,0.9892634207240948,a8701ce52391485bc2d37a02,5,ok,,0.9925379262715904,5,5,full,-66569.91090641158,0.11195475002750754,"{""agglom_affinities"":[""mahalanobis""],""agglom_linkages"":[""ward""],""covariances"":[""full"",""diag"",""tied"",""spherical""],""criterion"":""bic"",""early_stop_delta"":0.0,""eigen_thres"":true,""init_agglomerative"":true,""max_components"":5,""min_components"":5,""n_init_kmeans"":1,""n_jobs"":1,""random_state"":12,""reg_covar"":1e-06,""verbose"":false}"
observed_genes,2048,12,pca,tcga_d2048_seed12_pca_7de1ded4fc582560bdf6.npz,29795f7b0cdcc6d675f129efd800d4e71a96c6fab2b03b30d6b6e0a6f180e970,59ea4a8e4b74691281c4bb89d7b101a96a925250f0b6735b2b8a28b2a5dc2554,927c1d740dc72df1f880,0.9107114808322576,4,full,83186.17166233966,0.9947981689554724,c3f7ed07afb2d13c20f20ae9,5,ok,,0.8023116635421562,5,5,full,83257.23849231897,0.11070774996187538,"{""agglom_affinities"":[""mahalanobis""],""agglom_linkages"":[""ward""],""covariances"":[""full"",""diag"",""tied"",""spherical""],""criterion"":""bic"",""early_stop_delta"":0.0,""eigen_thres"":true,""init_agglomerative"":true,""max_components"":5,""min_components"":5,""n_init_kmeans"":1,""n_jobs"":1,""random_state"":12,""reg_covar"":1e-06,""verbose"":false}"
observed_genes,2048,12,umap,tcga_d2048_seed12_umap_34b038ba5e9525b93a2d.npz,fd82a9da756dd144ed66d273ec5b6492ad1345cd23de34ba24a229ecb6b8b178,77685a9d539178a1d78d04d0cebe80ecc5f87259c4e231bf5fbbd059113c783c,927c1d740dc72df1f880,0.6650843046005194,8,full,-89070.54627446018,0.9960882230545152,294de1bab35ab378ceac9e76,5,ok,,0.9925379262715904,5,5,full,-75614.95619752703,0.03614250000100583,"{""agglom_affinities"":[""mahalanobis""],""agglom_linkages"":[""ward""],""covariances"":[""full"",""diag"",""tied"",""spherical""],""criterion"":""bic"",""early_stop_delta"":0.0,""eigen_thres"":true,""init_agglomerative"":true,""max_components"":5,""min_components"":5,""n_init_kmeans"":1,""n_jobs"":1,""random_state"":12,""reg_covar"":1e-06,""verbose"":false}"
observed_genes,2048,13,autog2m2,tcga_d2048_seed13_autog2m2_98db2060b68f85680f70.npz,76d4a1dc9c758b145adb474a8d58d542c0c88667fe70c7f825a3c70bc1cb7bb0,62c0971c3bd1a5a5f4969d6ddca9cbfc8fa407dcb273bbc7aacf1eee4207953d,927c1d740dc72df1f880,0.5718667581141282,10,full,-78032.13907813064,0.991177694548481,5b95829da893f64fd743df01,5,ok,,0.7025375535711954,5,5,full,-72671.46368089101,0.10778220900101587,"{""agglom_affinities"":[""mahalanobis""],""agglom_linkages"":[""ward""],""covariances"":[""full"",""diag"",""tied"",""spherical""],""criterion"":""bic"",""early_stop_delta"":0.0,""eigen_thres"":true,""init_agglomerative"":true,""max_components"":5,""min_components"":5,""n_init_kmeans"":1,""n_jobs"":1,""random_state"":13,""reg_covar"":1e-06,""verbose"":false}"
observed_genes,2048,13,pca,tcga_d2048_seed13_pca_3c5fed7a051f78cbb33f.npz,aea530c97bf46d471da629060ca0d7286b0a8ae6a04b3d0803509e79e5532651,182f97245fe1a65d57c034211ddf49d8e482f11d02deb74115da3c981f0ef51f,927c1d740dc72df1f880,0.9907046830195056,5,full,82868.2796113327,0.994756554307116,2127e3ad0e3cd30866a87df2,5,ok,,0.9907046830195056,5,5,full,82868.2796113327,0.08264824998332188,"{""agglom_affinities"":[""mahalanobis""],""agglom_linkages"":[""ward""],""covariances"":[""full"",""diag"",""tied"",""spherical""],""criterion"":""bic"",""early_stop_delta"":0.0,""eigen_thres"":true,""init_agglomerative"":true,""max_components"":5,""min_components"":5,""n_init_kmeans"":1,""n_jobs"":1,""random_state"":13,""reg_covar"":1e-06,""verbose"":false}"
observed_genes,2048,13,umap,tcga_d2048_seed13_umap_41c114b912721a7830b8.npz,97dcfbedf7330751157e5da74b8a59482cdfa83f279dec15fff23d0af122ed1d,597a75332d0296858179998e7163aff8d2540426a7c57651cbac16b24ee648e6,927c1d740dc72df1f880,0.6684836177273192,8,full,-88969.58961574238,0.9963379109446524,628126b47233dfe79388d2c8,5,ok,,0.9925379262715904,5,5,full,-74726.03227200007,0.03673429199261591,"{""agglom_affinities"":[""mahalanobis""],""agglom_linkages"":[""ward""],""covariances"":[""full"",""diag"",""tied"",""spherical""],""criterion"":""bic"",""early_stop_delta"":0.0,""eigen_thres"":true,""init_agglomerative"":true,""max_components"":5,""min_components"":5,""n_init_kmeans"":1,""n_jobs"":1,""random_state"":13,""reg_covar"":1e-06,""verbose"":false}"
observed_genes,2048,14,autog2m2,tcga_d2048_seed14_autog2m2_03e9de4a478a4a7689ce.npz,dc2e6977a7cc10a5f1c07e788212936e0b111ded92fb28efc7556cedbcf78fca,8a0708b6b6b53b170e7def8f1ecd8d2721be0ad9e4362ea9ec7dffee81b42951,927c1d740dc72df1f880,0.9213910357409903,5,full,-93275.73799765382,0.98381190178943,412cab8e6179df3b1f5def63,5,ok,,0.9213910357409903,5,5,full,-93275.73799765382,0.10447725001722574,"{""agglom_affinities"":[""mahalanobis""],""agglom_linkages"":[""ward""],""covariances"":[""full"",""diag"",""tied"",""spherical""],""criterion"":""bic"",""early_stop_delta"":0.0,""eigen_thres"":true,""init_agglomerative"":true,""max_components"":5,""min_components"":5,""n_init_kmeans"":1,""n_jobs"":1,""random_state"":14,""reg_covar"":1e-06,""verbose"":false}"
observed_genes,2048,14,pca,tcga_d2048_seed14_pca_adf306d6ca94528f0463.npz,ed5a27612a4202866ade46299d9b5b6ae999ef992f36d8872f9ff7a5fcc0a188,0f2397a227bf6ec7945f30ceeb5e5448dc81970846e290fc27d2fdabc977f150,927c1d740dc72df1f880,0.8304820544782894,5,full,82807.84104890739,0.99471493965876,c0145ca9b30ff68b57d04912,5,ok,,0.8304820544782894,5,5,full,82807.84104890739,0.08658279204973951,"{""agglom_affinities"":[""mahalanobis""],""agglom_linkages"":[""ward""],""covariances"":[""full"",""diag"",""tied"",""spherical""],""criterion"":""bic"",""early_stop_delta"":0.0,""eigen_thres"":true,""init_agglomerative"":true,""max_components"":5,""min_components"":5,""n_init_kmeans"":1,""n_jobs"":1,""random_state"":14,""reg_covar"":1e-06,""verbose"":false}"
observed_genes,2048,14,umap,tcga_d2048_seed14_umap_656361084e5b41c7f576.npz,000b64e89434649c64b4549c9bce0aacc9cc3845be3b832fb3c519ce61177b7b,114ac6a63328b73075ceb7df0d1d17c2f782112ac4aecdb661e121077adfa0c8,927c1d740dc72df1f880,0.6688101629632839,8,full,-88794.15472219125,0.9963379109446524,9996e0da093cb318e1ea9f3a,5,ok,,0.9925379262715904,5,5,full,-75214.59019433991,0.03579620795790106,"{""agglom_affinities"":[""mahalanobis""],""agglom_linkages"":[""ward""],""covariances"":[""full"",""diag"",""tied"",""spherical""],""criterion"":""bic"",""early_stop_delta"":0.0,""eigen_thres"":true,""init_agglomerative"":true,""max_components"":5,""min_components"":5,""n_init_kmeans"":1,""n_jobs"":1,""random_state"":14,""reg_covar"":1e-06,""verbose"":false}"
observed_genes,2048,15,autog2m2,tcga_d2048_seed15_autog2m2_d57bd31ebdee466422de.npz,d2c3baa0dd9a47caf01e681f8123a2d631062882e51c713d26f8a79e88dd5e6d,cf007f3d64e1cbd896157dd2bc615133208911422d447d48dce524f4ac69759e,927c1d740dc72df1f880,0.938354683233918,6,full,-82672.41800159989,0.9786516853932584,55a22bcafebd100e0feaa9e8,5,ok,,0.8427849451218375,5,5,full,-81615.49079625124,0.1090035000233911,"{""agglom_affinities"":[""mahalanobis""],""agglom_linkages"":[""ward""],""covariances"":[""full"",""diag"",""tied"",""spherical""],""criterion"":""bic"",""early_stop_delta"":0.0,""eigen_thres"":true,""init_agglomerative"":true,""max_components"":5,""min_components"":5,""n_init_kmeans"":1,""n_jobs"":1,""random_state"":15,""reg_covar"":1e-06,""verbose"":false}"
observed_genes,2048,15,pca,tcga_d2048_seed15_pca_dcfac5494cc4aece0218.npz,7cf709f43742db7b6de8d2130d7166e1dd2e514f470f3872ebaa5c44362ad229,ad94daaae876bc00032077e1c3b8423b557bf0700d216f402793e05c7975ace0,927c1d740dc72df1f880,0.90780423179338,4,full,83175.6826715349,0.994756554307116,e26b46476dac5a0afff5eca8,5,ok,,0.9782473123358252,5,5,full,83194.70759229071,0.09978516702540219,"{""agglom_affinities"":[""mahalanobis""],""agglom_linkages"":[""ward""],""covariances"":[""full"",""diag"",""tied"",""spherical""],""criterion"":""bic"",""early_stop_delta"":0.0,""eigen_thres"":true,""init_agglomerative"":true,""max_components"":5,""min_components"":5,""n_init_kmeans"":1,""n_jobs"":1,""random_state"":15,""reg_covar"":1e-06,""verbose"":false}"
observed_genes,2048,15,umap,tcga_d2048_seed15_umap_55afda156c52446ea1ef.npz,05968bba478e1b360c81df19bbde8463e6a7541dccf2a46adbf8f770ba760333,bb846137fa04be1b929d35ef8882d279cf1e5164bb9d4fd3a9ac91ab8b81a0c5,927c1d740dc72df1f880,0.6683553063710526,8,full,-87735.152602368,0.9962962962962963,85025d6171581c832321b5bd,5,ok,,0.9925379262715904,5,5,full,-74830.94146882738,0.03599004098214209,"{""agglom_affinities"":[""mahalanobis""],""agglom_linkages"":[""ward""],""covariances"":[""full"",""diag"",""tied"",""spherical""],""criterion"":""bic"",""early_stop_delta"":0.0,""eigen_thres"":true,""init_agglomerative"":true,""max_components"":5,""min_components"":5,""n_init_kmeans"":1,""n_jobs"":1,""random_state"":15,""reg_covar"":1e-06,""verbose"":false}"
observed_genes,2048,16,autog2m2,tcga_d2048_seed16_autog2m2_3095546d7056deb0bd8f.npz,b806edd59bd08fb88c7676e00c275a680ba254f0ad7913bd20ff407556a29b43,8492d126adba400a5e5f3025b5c997447272e788a407ccd20be1c9290a6bd069,927c1d740dc72df1f880,0.9219660293039246,7,full,-78918.86862068657,0.9828131502288806,d54b4e284b71921b5dbbb5de,5,ok,,0.6816677767955721,5,5,full,-76645.78605715632,0.09373737499117851,"{""agglom_affinities"":[""mahalanobis""],""agglom_linkages"":[""ward""],""covariances"":[""full"",""diag"",""tied"",""spherical""],""criterion"":""bic"",""early_stop_delta"":0.0,""eigen_thres"":true,""init_agglomerative"":true,""max_components"":5,""min_components"":5,""n_init_kmeans"":1,""n_jobs"":1,""random_state"":16,""reg_covar"":1e-06,""verbose"":false}"
observed_genes,2048,16,pca,tcga_d2048_seed16_pca_fc731528e042e2d7b3a9.npz,ff170465d1526a59eedf55d36fb74379997f3b30eca976a0ac7b95cbe32557a0,5528e83f53bf29b5a6c2c9d806c132dcd6d0b0d5b0a33d77952db07eb66b1289,927c1d740dc72df1f880,0.8543601340148679,5,full,82958.9544836073,0.994756554307116,17326f206392a75055551e70,5,ok,,0.8543601340148679,5,5,full,82958.9544836073,0.09650916699320078,"{""agglom_affinities"":[""mahalanobis""],""agglom_linkages"":[""ward""],""covariances"":[""full"",""diag"",""tied"",""spherical""],""criterion"":""bic"",""early_stop_delta"":0.0,""eigen_thres"":true,""init_agglomerative"":true,""max_components"":5,""min_components"":5,""n_init_kmeans"":1,""n_jobs"":1,""random_state"":16,""reg_covar"":1e-06,""verbose"":false}"
observed_genes,2048,16,umap,tcga_d2048_seed16_umap_5536551c34b2849ab715.npz,3fbd87fc35a7afee3ef02cf5d793f175e305869acff7a9e73ce504277b2cb0ef,170e96504d1551fb05d40770f53e6172b6df67173e3479301bcc9b33c4fff425,927c1d740dc72df1f880,0.6339105933513933,9,full,-90428.28717656407,0.9982521847690388,ca0a2191c4c3d943a05cbf6a,5,ok,,0.9962578040012737,5,5,full,-75583.01722603402,0.036606332985684276,"{""agglom_affinities"":[""mahalanobis""],""agglom_linkages"":[""ward""],""covariances"":[""full"",""diag"",""tied"",""spherical""],""criterion"":""bic"",""early_stop_delta"":0.0,""eigen_thres"":true,""init_agglomerative"":true,""max_components"":5,""min_components"":5,""n_init_kmeans"":1,""n_jobs"":1,""random_state"":16,""reg_covar"":1e-06,""verbose"":false}"
observed_genes,2048,17,autog2m2,tcga_d2048_seed17_autog2m2_1ee1ea9f71a4a1f6a606.npz,f5843d314bb199121783ade5d78753cb09cc684e6026dc264920ce32afe4fb36,8da4059b67d4fc135f668fc625e1084be1145ee914e4e976deb2e8424ddb38b0,927c1d740dc72df1f880,0.6529623178507735,8,full,-74001.0095658334,0.9856429463171036,039b6b171b1504edfca61744,5,ok,,0.98879353842466,5,5,full,-73783.40305751357,0.10148037504404783,"{""agglom_affinities"":[""mahalanobis""],""agglom_linkages"":[""ward""],""covariances"":[""full"",""diag"",""tied"",""spherical""],""criterion"":""bic"",""early_stop_delta"":0.0,""eigen_thres"":true,""init_agglomerative"":true,""max_components"":5,""min_components"":5,""n_init_kmeans"":1,""n_jobs"":1,""random_state"":17,""reg_covar"":1e-06,""verbose"":false}"
observed_genes,2048,17,pca,tcga_d2048_seed17_pca_3b3de436173fd9ce28ce.npz,96101f9796b04bd537c373698b1bb4e62b8ec2d76ceadc3c6f67b0dad29e9389,159ea79bc7bb8b9ddc8cd7f040f264a59c6512db64af12565edcd8d6f27200a0,927c1d740dc72df1f880,0.9907046830195056,5,full,82863.98623075309,0.994756554307116,e64419e4f6f5744ce997e708,5,ok,,0.9907046830195056,5,5,full,82863.98623075309,0.0813145829597488,"{""agglom_affinities"":[""mahalanobis""],""agglom_linkages"":[""ward""],""covariances"":[""full"",""diag"",""tied"",""spherical""],""criterion"":""bic"",""early_stop_delta"":0.0,""eigen_thres"":true,""init_agglomerative"":true,""max_components"":5,""min_components"":5,""n_init_kmeans"":1,""n_jobs"":1,""random_state"":17,""reg_covar"":1e-06,""verbose"":false}"
observed_genes,2048,17,umap,tcga_d2048_seed17_umap_3d7a93e995f403755402.npz,dac26c21c57ed7c7fd755b72aeb7d1f78e574f58651e751f56f01327d8236050,aaa05813a1c1ec89f57416cfe6d2044d5b4afa6c9fcc8947a10be187b32fbb26,927c1d740dc72df1f880,0.6663752826424777,8,full,-86753.89951428662,0.9957553058676654,40f0bb3a56e1467584387d01,5,ok,,0.9925379262715904,5,5,full,-75250.00185686711,0.03571999998530373,"{""agglom_affinities"":[""mahalanobis""],""agglom_linkages"":[""ward""],""covariances"":[""full"",""diag"",""tied"",""spherical""],""criterion"":""bic"",""early_stop_delta"":0.0,""eigen_thres"":true,""init_agglomerative"":true,""max_components"":5,""min_components"":5,""n_init_kmeans"":1,""n_jobs"":1,""random_state"":17,""reg_covar"":1e-06,""verbose"":false}"
observed_genes,2048,18,autog2m2,tcga_d2048_seed18_autog2m2_a9b1087ffda2ddc8e961.npz,3b2be1418bb07caf655f92935a0b8a1af95ad21ce7b408321f5ed0dc925d0420,1bb326d36efbb52932c10b366f2cc729c180df2e9c7aadcb04a51f6d8dc3dd7f,927c1d740dc72df1f880,0.9790347371064688,5,full,-84721.43263431515,0.9850603412401164,3dbc1f2d6192ae7dc3fa1d44,5,ok,,0.9790347371064689,5,5,full,-84721.43263431515,0.10310224996646866,"{""agglom_affinities"":[""mahalanobis""],""agglom_linkages"":[""ward""],""covariances"":[""full"",""diag"",""tied"",""spherical""],""criterion"":""bic"",""early_stop_delta"":0.0,""eigen_thres"":true,""init_agglomerative"":true,""max_components"":5,""min_components"":5,""n_init_kmeans"":1,""n_jobs"":1,""random_state"":18,""reg_covar"":1e-06,""verbose"":false}"
observed_genes,2048,18,pca,tcga_d2048_seed18_pca_1cbb8610205449ceb0ba.npz,6594700af105d04eb674d7d1ae79bebf1a8bba9d4c6af0dc87ea7822fe66a08a,47a0f1480f7193359a8f5540c0502adc171bdb31a44f493846813eca3fd8cc07,927c1d740dc72df1f880,0.8592139096236026,5,full,82900.24607865275,0.99471493965876,702ba6719448f6f783dde3c3,5,ok,,0.8592139096236026,5,5,full,82900.24607865275,0.09118312504142523,"{""agglom_affinities"":[""mahalanobis""],""agglom_linkages"":[""ward""],""covariances"":[""full"",""diag"",""tied"",""spherical""],""criterion"":""bic"",""early_stop_delta"":0.0,""eigen_thres"":true,""init_agglomerative"":true,""max_components"":5,""min_components"":5,""n_init_kmeans"":1,""n_jobs"":1,""random_state"":18,""reg_covar"":1e-06,""verbose"":false}"
observed_genes,2048,18,umap,tcga_d2048_seed18_umap_7048a06ce0aee35d9a99.npz,6345d396876729e225f844eb4c38bbbb7b0a5c0b726419265cdc93b0f37f5146,1629d777fb5971887fe050c5fd3f83c0549cc12cfcc1ded9d9b845068c3fe854,927c1d740dc72df1f880,0.6097913310669022,9,full,-88770.1524802371,0.9963795255930088,b0c1430f16431b5bf453296c,5,ok,,0.9925379262715904,5,5,full,-75476.6451743121,0.0381417500320822,"{""agglom_affinities"":[""mahalanobis""],""agglom_linkages"":[""ward""],""covariances"":[""full"",""diag"",""tied"",""spherical""],""criterion"":""bic"",""early_stop_delta"":0.0,""eigen_thres"":true,""init_agglomerative"":true,""max_components"":5,""min_components"":5,""n_init_kmeans"":1,""n_jobs"":1,""random_state"":18,""reg_covar"":1e-06,""verbose"":false}"
observed_genes,2048,19,autog2m2,tcga_d2048_seed19_autog2m2_98712e1e083484dfa619.npz,72ed29e94da86cf5b1aefb21cc98f609d22ee6a81d48d58b657d9a2ade19b210,5956403896ecc87afd85b8885ea7cd9b0ff86814dc89c93b93d59e021f1350d9,927c1d740dc72df1f880,0.9594530424294508,5,full,-104900.85658194571,0.9794839783603828,affb02f88573920c195bfd89,5,ok,,0.9594530424294507,5,5,full,-104900.85658194573,0.1387199999880977,"{""agglom_affinities"":[""mahalanobis""],""agglom_linkages"":[""ward""],""covariances"":[""full"",""diag"",""tied"",""spherical""],""criterion"":""bic"",""early_stop_delta"":0.0,""eigen_thres"":true,""init_agglomerative"":true,""max_components"":5,""min_components"":5,""n_init_kmeans"":1,""n_jobs"":1,""random_state"":19,""reg_covar"":1e-06,""verbose"":false}"
observed_genes,2048,19,pca,tcga_d2048_seed19_pca_eec83cc8a35fc445d27d.npz,f3a606e7e7dce80a92f6d6ce0daedf985d0bf2e8591c3859c1fc54a723e82cab,47956887a1acd03b022fe1896adc5b085381beb1509d71a6d2a341d23e79c0da,927c1d740dc72df1f880,0.9907046830195056,5,full,82845.96625936111,0.99471493965876,a307086ae330101f04452215,5,ok,,0.9907046830195056,5,5,full,82845.96625936111,0.08258741704048589,"{""agglom_affinities"":[""mahalanobis""],""agglom_linkages"":[""ward""],""covariances"":[""full"",""diag"",""tied"",""spherical""],""criterion"":""bic"",""early_stop_delta"":0.0,""eigen_thres"":true,""init_agglomerative"":true,""max_components"":5,""min_components"":5,""n_init_kmeans"":1,""n_jobs"":1,""random_state"":19,""reg_covar"":1e-06,""verbose"":false}"
observed_genes,2048,19,umap,tcga_d2048_seed19_umap_f97ef3a2cf015296dff8.npz,bb8ce78af953c657ad5c7410d3e5dc8dbbf8620a5e77589bca7295cb43b9afb6,7dca1eca3eada0a397c58fd620639761fb0fba278d90df2f9a7b2cd895949397,927c1d740dc72df1f880,0.6658678668460223,8,full,-88875.15105658217,0.9954223886808156,245025720d67439b508f84cb,5,ok,,0.9925379262715904,5,5,full,-75299.50522218311,0.03649116697488353,"{""agglom_affinities"":[""mahalanobis""],""agglom_linkages"":[""ward""],""covariances"":[""full"",""diag"",""tied"",""spherical""],""criterion"":""bic"",""early_stop_delta"":0.0,""eigen_thres"":true,""init_agglomerative"":true,""max_components"":5,""min_components"":5,""n_init_kmeans"":1,""n_jobs"":1,""random_state"":19,""reg_covar"":1e-06,""verbose"":false}"
observed_genes,4096,0,autog2m2,tcga_d4096_seed0_autog2m2_b5e485bace6fac8c3073.npz,acb8e726088511766a7345a2260fe864e13b1a09ee739f48994095f7be050819,472971bd5c110322d0e6e83127a9290bb0cee8e9869b676ced62757e97d4f175,927c1d740dc72df1f880,0.9607254938887916,5,full,-63952.82853196371,0.974823137744486,35e2c57191a25971252e2630,5,ok,,0.9607254938887915,5,5,full,-63952.82853196371,0.10525454202434048,"{""agglom_affinities"":[""mahalanobis""],""agglom_linkages"":[""ward""],""covariances"":[""full"",""diag"",""tied"",""spherical""],""criterion"":""bic"",""early_stop_delta"":0.0,""eigen_thres"":true,""init_agglomerative"":true,""max_components"":5,""min_components"":5,""n_init_kmeans"":1,""n_jobs"":1,""random_state"":0,""reg_covar"":1e-06,""verbose"":false}"
observed_genes,4096,0,pca,tcga_d4096_seed0_pca_bb436adb911f96639e5f.npz,f8e6bd3bb95de648d14d999f402550017f3118aa1b2b4b4b968baeeed1e3da32,005b8fcabd1bf738fc43e3840b7e46dfd882fdd8e5abd307b97cc4292d0e6d2e,927c1d740dc72df1f880,0.9882828854836692,5,full,96332.76070612842,0.9922180607573866,9840f8e9abcda0c40b5f6468,5,ok,,0.9882828854836692,5,5,full,96332.76070612842,0.08734412502963096,"{""agglom_affinities"":[""mahalanobis""],""agglom_linkages"":[""ward""],""covariances"":[""full"",""diag"",""tied"",""spherical""],""criterion"":""bic"",""early_stop_delta"":0.0,""eigen_thres"":true,""init_agglomerative"":true,""max_components"":5,""min_components"":5,""n_init_kmeans"":1,""n_jobs"":1,""random_state"":0,""reg_covar"":1e-06,""verbose"":false}"
observed_genes,4096,0,umap,tcga_d4096_seed0_umap_ff33b0691d475cfe14bb.npz,e7b5a81d1eb19d677c4563c8d7ebc1e2b1f2257cae08741e0a44857aff32c094,384f3b71f1894380a1544cb87b871775dcca4a483d3cf868cc6f143147a49cfa,927c1d740dc72df1f880,0.6087480675992971,9,full,-89189.80585817859,0.9957969205160216,015a6866aaaf49c21133ab04,5,ok,,0.99441376636965,5,5,full,-81336.40269648166,0.03680029103998095,"{""agglom_affinities"":[""mahalanobis""],""agglom_linkages"":[""ward""],""covariances"":[""full"",""diag"",""tied"",""spherical""],""criterion"":""bic"",""early_stop_delta"":0.0,""eigen_thres"":true,""init_agglomerative"":true,""max_components"":5,""min_components"":5,""n_init_kmeans"":1,""n_jobs"":1,""random_state"":0,""reg_covar"":1e-06,""verbose"":false}"
observed_genes,4096,1,autog2m2,tcga_d4096_seed1_autog2m2_ac5677ed31cff4c4cb13.npz,a932a8dcb10162562191e02a7a0ad7e87647da8125c2af7924a88dec168916ce,b83476d3006c8320815871ef8789833101f5b5e6a76d6644bc76727188fa5165,927c1d740dc72df1f880,0.9274553859448752,5,full,-61190.52106364595,0.9733666250520184,cbf6c6a390d1d019fcf98b83,5,ok,,0.9274553859448752,5,5,full,-61190.52106364595,0.12695720797637478,"{""agglom_affinities"":[""mahalanobis""],""agglom_linkages"":[""ward""],""covariances"":[""full"",""diag"",""tied"",""spherical""],""criterion"":""bic"",""early_stop_delta"":0.0,""eigen_thres"":true,""init_agglomerative"":true,""max_components"":5,""min_components"":5,""n_init_kmeans"":1,""n_jobs"":1,""random_state"":1,""reg_covar"":1e-06,""verbose"":false}"
observed_genes,4096,1,pca,tcga_d4096_seed1_pca_6f1b9b0776ac10ca9514.npz,5c947a1015900f4856ffbdc208da0846b951676a1d9a5c08b9ce71b1a61daa1a,df7a21ea07a306f193291e57a73402fea70320c816f4eb082768d5b87f533bc5,927c1d740dc72df1f880,0.9882828854836692,5,full,96340.5333291095,0.9922180607573866,5e4abb20e56bf2ef4eee3ed7,5,ok,,0.9882828854836692,5,5,full,96340.5333291095,0.08740841597318649,"{""agglom_affinities"":[""mahalanobis""],""agglom_linkages"":[""ward""],""covariances"":[""full"",""diag"",""tied"",""spherical""],""criterion"":""bic"",""early_stop_delta"":0.0,""eigen_thres"":true,""init_agglomerative"":true,""max_components"":5,""min_components"":5,""n_init_kmeans"":1,""n_jobs"":1,""random_state"":1,""reg_covar"":1e-06,""verbose"":false}"
observed_genes,4096,1,umap,tcga_d4096_seed1_umap_336aaa9b7e923ef349ce.npz,bee99dec35f466744d58bb8bcd0f9214db5fdfb97c63c3bc1f1ea5a492dafc4f,3b9578d0a56f68d3b22e9e793c173ef86908a5e3309f5fec29e3e09d03bfb878,927c1d740dc72df1f880,0.6706878049369858,8,full,-87405.62511262263,0.9956304619225969,d7dae1a522664e72b247fe9f,5,ok,,0.99441376636965,5,5,full,-79372.03662660811,0.03682633402058855,"{""agglom_affinities"":[""mahalanobis""],""agglom_linkages"":[""ward""],""covariances"":[""full"",""diag"",""tied"",""spherical""],""criterion"":""bic"",""early_stop_delta"":0.0,""eigen_thres"":true,""init_agglomerative"":true,""max_components"":5,""min_components"":5,""n_init_kmeans"":1,""n_jobs"":1,""random_state"":1,""reg_covar"":1e-06,""verbose"":false}"
observed_genes,4096,2,autog2m2,tcga_d4096_seed2_autog2m2_f355bc7b13591f95cd19.npz,a0a4cabd8bd949cde6dbee203f87d352daf652407e15eb37c97ed9fd89020a21,e9b7079e37ebe58a900827dba91dcd8ef870ba26eef3e175f99278d51a7a2877,927c1d740dc72df1f880,0.9739833470613902,5,full,-53799.61924373761,0.9805659592176446,ed16017813bd3dc4801ffa99,5,ok,,0.9739833470613902,5,5,full,-53799.61924373761,0.09723529097391292,"{""agglom_affinities"":[""mahalanobis""],""agglom_linkages"":[""ward""],""covariances"":[""full"",""diag"",""tied"",""spherical""],""criterion"":""bic"",""early_stop_delta"":0.0,""eigen_thres"":true,""init_agglomerative"":true,""max_components"":5,""min_components"":5,""n_init_kmeans"":1,""n_jobs"":1,""random_state"":2,""reg_covar"":1e-06,""verbose"":false}"
observed_genes,4096,2,pca,tcga_d4096_seed2_pca_1d1edc613189ca229ec4.npz,c789a282ba035845aefe906d54d77649a28b069c7e9c1694a3c40d6e0b82cca3,ad009972117a017b082946189b99a76edfb19aa9975c8df00146600334764010,927c1d740dc72df1f880,0.991981870902717,5,full,96320.12872201664,0.9922180607573866,bc0cbf6a29a49d1a7e941362,5,ok,,0.991981870902717,5,5,full,96320.12872201666,0.08726920798653737,"{""agglom_affinities"":[""mahalanobis""],""agglom_linkages"":[""ward""],""covariances"":[""full"",""diag"",""tied"",""spherical""],""criterion"":""bic"",""early_stop_delta"":0.0,""eigen_thres"":true,""init_agglomerative"":true,""max_components"":5,""min_components"":5,""n_init_kmeans"":1,""n_jobs"":1,""random_state"":2,""reg_covar"":1e-06,""verbose"":false}"
observed_genes,4096,2,umap,tcga_d4096_seed2_umap_ad2d3bb8b193a1db637d.npz,6a9129c626a26367ca0fa4ef5b924f6e824d38e0e59845cb15b626054b098721,2b9783447fd6c7b2174ee2bd8f7572aa2f65cb5218094e77a786deab059ecf28,927c1d740dc72df1f880,0.6082810488296128,9,full,-87359.37943114336,0.9959633791094464,6dfec01119334401ce5aef0d,5,ok,,0.99441376636965,5,5,full,-80575.70937192188,0.03685695905005559,"{""agglom_affinities"":[""mahalanobis""],""agglom_linkages"":[""ward""],""covariances"":[""full"",""diag"",""tied"",""spherical""],""criterion"":""bic"",""early_stop_delta"":0.0,""eigen_thres"":true,""init_agglomerative"":true,""max_components"":5,""min_components"":5,""n_init_kmeans"":1,""n_jobs"":1,""random_state"":2,""reg_covar"":1e-06,""verbose"":false}"
observed_genes,4096,3,autog2m2,tcga_d4096_seed3_autog2m2_c005d18b7ca0fb93aacc.npz,b8035aec4da1b8b2c610d92c4b26ba6f0fedf20be0d86973ce680aad5dd6d49f,b19d32cbac6cdabf1d72e9dfa23ca4f6ab5cc823d989e51a73ed8e0878103434,927c1d740dc72df1f880,0.9636287881446652,5,full,-54451.87656411011,0.9769454848106534,ae420db9e44c62fd32c81ed5,5,ok,,0.9636287881446651,5,5,full,-54451.876564110105,0.1298100840067491,"{""agglom_affinities"":[""mahalanobis""],""agglom_linkages"":[""ward""],""covariances"":[""full"",""diag"",""tied"",""spherical""],""criterion"":""bic"",""early_stop_delta"":0.0,""eigen_thres"":true,""init_agglomerative"":true,""max_components"":5,""min_components"":5,""n_init_kmeans"":1,""n_jobs"":1,""random_state"":3,""reg_covar"":1e-06,""verbose"":false}"
observed_genes,4096,3,pca,tcga_d4096_seed3_pca_1111bff5209e6893a9c1.npz,35d6ae0b01f6378c3012d27c68ace40b79f236fcfc61df023f13761b775a3ba8,c9259afe7a76b6eb9146f2e84360553382af35f8b2234c44c9e168abdf941d04,927c1d740dc72df1f880,0.991981870902717,5,full,96335.79578409369,0.9922180607573866,624fc22a7cca4b17ce9e15ef,5,ok,,0.991981870902717,5,5,full,96335.79578409367,0.11152420897269621,"{""agglom_affinities"":[""mahalanobis""],""agglom_linkages"":[""ward""],""covariances"":[""full"",""diag"",""tied"",""spherical""],""criterion"":""bic"",""early_stop_delta"":0.0,""eigen_thres"":true,""init_agglomerative"":true,""max_components"":5,""min_components"":5,""n_init_kmeans"":1,""n_jobs"":1,""random_state"":3,""reg_covar"":1e-06,""verbose"":false}"
observed_genes,4096,3,umap,tcga_d4096_seed3_umap_7f6e0dd06318a135ac3c.npz,79b52fb9cf6675cc20e643cb839e0e12654e57ba71b6675534620e55860b2a26,1b0e452dc0798be2e2d459920455a024ba2e0287444fecf5ceab09ae1455a6a7,927c1d740dc72df1f880,0.6724080576234286,8,full,-87862.65968313601,0.9961298377028714,c470964b75235e62f8b8170b,5,ok,,0.99441376636965,5,5,full,-80865.82869792746,0.03635283396579325,"{""agglom_affinities"":[""mahalanobis""],""agglom_linkages"":[""ward""],""covariances"":[""full"",""diag"",""tied"",""spherical""],""criterion"":""bic"",""early_stop_delta"":0.0,""eigen_thres"":true,""init_agglomerative"":true,""max_components"":5,""min_components"":5,""n_init_kmeans"":1,""n_jobs"":1,""random_state"":3,""reg_covar"":1e-06,""verbose"":false}"
observed_genes,4096,4,autog2m2,tcga_d4096_seed4_autog2m2_b0d896ea28205d56c5b1.npz,75a613d97f4115573d07dfa2d3f123f181b1080c727d79a7ce71f338705b84fd,cc319cc004b89f395b7c8821df148f7b5fd1ee228dfff997dc28d9c6d0d2a01a,927c1d740dc72df1f880,0.9858874014098534,5,full,-72970.74735872327,0.9840615896795673,53b5b497b11380959909712e,5,ok,,0.9858874014098534,5,5,full,-72970.74735872325,0.09820904198568314,"{""agglom_affinities"":[""mahalanobis""],""agglom_linkages"":[""ward""],""covariances"":[""full"",""diag"",""tied"",""spherical""],""criterion"":""bic"",""early_stop_delta"":0.0,""eigen_thres"":true,""init_agglomerative"":true,""max_components"":5,""min_components"":5,""n_init_kmeans"":1,""n_jobs"":1,""random_state"":4,""reg_covar"":1e-06,""verbose"":false}"
observed_genes,4096,4,pca,tcga_d4096_seed4_pca_ee185f0e380e529472fb.npz,20dc38db96fafb067f81554b18e1af5a6d49be4edec295de468cd2a3403b29fb,181b87ba5109609b030e6c870a4accec09c8987bdf4a1b6870284b7b24ad224e,927c1d740dc72df1f880,0.850061702915018,8,full,96186.68082480448,0.9922596754057428,a90c21bd008c10913d904ee4,5,ok,,0.7915317022955186,5,5,full,96827.31015991767,0.09354841598542407,"{""agglom_affinities"":[""mahalanobis""],""agglom_linkages"":[""ward""],""covariances"":[""full"",""diag"",""tied"",""spherical""],""criterion"":""bic"",""early_stop_delta"":0.0,""eigen_thres"":true,""init_agglomerative"":true,""max_components"":5,""min_components"":5,""n_init_kmeans"":1,""n_jobs"":1,""random_state"":4,""reg_covar"":1e-06,""verbose"":false}"
observed_genes,4096,4,umap,tcga_d4096_seed4_umap_8320121993cf6b533dea.npz,7c91969d83fb264bdcc2bc3c30d9c741b1b3a5c27b1c7f0bcd812997a3203f9c,57a89a9d7c9d21f210c35775e5f4c246c4345bf2a203b9af89649541175636cd,927c1d740dc72df1f880,0.6249648125512922,9,full,-87052.26208620924,0.9959633791094464,de979a060e4de9f2ae6f0b85,5,ok,,0.99441376636965,5,5,full,-79768.17189380093,0.03534266701899469,"{""agglom_affinities"":[""mahalanobis""],""agglom_linkages"":[""ward""],""covariances"":[""full"",""diag"",""tied"",""spherical""],""criterion"":""bic"",""early_stop_delta"":0.0,""eigen_thres"":true,""init_agglomerative"":true,""max_components"":5,""min_components"":5,""n_init_kmeans"":1,""n_jobs"":1,""random_state"":4,""reg_covar"":1e-06,""verbose"":false}"
observed_genes,4096,5,autog2m2,tcga_d4096_seed5_autog2m2_4ec9f9fd48467378b776.npz,aa220aeabd21a084a8290f155eded509b644c17310d31a18065f37f95bb82609,b058092efc282e84e14ca5048c53ebaba3637a890cf85c7b1df7882c96d4b297,927c1d740dc72df1f880,0.7513320656882575,5,full,-73400.16121650727,0.9811485642946316,638bd9e2080d37459643ff20,5,ok,,0.7513320656882575,5,5,full,-73400.16121650727,0.09715979098109528,"{""agglom_affinities"":[""mahalanobis""],""agglom_linkages"":[""ward""],""covariances"":[""full"",""diag"",""tied"",""spherical""],""criterion"":""bic"",""early_stop_delta"":0.0,""eigen_thres"":true,""init_agglomerative"":true,""max_components"":5,""min_components"":5,""n_init_kmeans"":1,""n_jobs"":1,""random_state"":5,""reg_covar"":1e-06,""verbose"":false}"
observed_genes,4096,5,pca,tcga_d4096_seed5_pca_355200548002acef652d.npz,11344096bf2277d4d737e4bf802a79108a07a78f2ff6d083524ff7c4bf8a7c66,e6faf819a001d89934fd2a53f14f32c89f03fbe70f3ee1147e7fedffb89f1025,927c1d740dc72df1f880,0.8335591376026359,5,full,96329.80292151216,0.9922596754057428,8ce7091a667a4fbc48ffac2b,5,ok,,0.8335591376026359,5,5,full,96329.80292151215,0.08900362503482029,"{""agglom_affinities"":[""mahalanobis""],""agglom_linkages"":[""ward""],""covariances"":[""full"",""diag"",""tied"",""spherical""],""criterion"":""bic"",""early_stop_delta"":0.0,""eigen_thres"":true,""init_agglomerative"":true,""max_components"":5,""min_components"":5,""n_init_kmeans"":1,""n_jobs"":1,""random_state"":5,""reg_covar"":1e-06,""verbose"":false}"
observed_genes,4096,5,umap,tcga_d4096_seed5_umap_2cc8bef22e49f39c2720.npz,1c03d4b44a459cc47ed59e358ae9545d79823d840a7883cd03d98545c13dc466,5e8e652f10c375d3bd93cb4d1db0da8fac632861e4ec030c250d1e6fde30d233,927c1d740dc72df1f880,0.6220677843685064,9,full,-90252.11063321328,0.9961714523512276,3c60b7f1b7bf90247b6bad40,5,ok,,0.99441376636965,5,5,full,-81929.95109326199,0.03565095801604912,"{""agglom_affinities"":[""mahalanobis""],""agglom_linkages"":[""ward""],""covariances"":[""full"",""diag"",""tied"",""spherical""],""criterion"":""bic"",""early_stop_delta"":0.0,""eigen_thres"":true,""init_agglomerative"":true,""max_components"":5,""min_components"":5,""n_init_kmeans"":1,""n_jobs"":1,""random_state"":5,""reg_covar"":1e-06,""verbose"":false}"
observed_genes,4096,6,autog2m2,tcga_d4096_seed6_autog2m2_8033448fc5f45c3e02f7.npz,2db8ffc1e0572fa92ea275163af0cd7739ab21eb579135afc474c21011ad6c67,3835dfe3eb3bf96ea5c2e168ab093ad486c8dd22258fe61ebdb28bd23a432abf,927c1d740dc72df1f880,0.5989807655592809,5,full,-90786.359861949,0.9305867665418228,963b6a4c6a7456e7aadb8b67,5,ok,,0.5989807655592809,5,5,full,-90786.35986194898,0.13464333402225748,"{""agglom_affinities"":[""mahalanobis""],""agglom_linkages"":[""ward""],""covariances"":[""full"",""diag"",""tied"",""spherical""],""criterion"":""bic"",""early_stop_delta"":0.0,""eigen_thres"":true,""init_agglomerative"":true,""max_components"":5,""min_components"":5,""n_init_kmeans"":1,""n_jobs"":1,""random_state"":6,""reg_covar"":1e-06,""verbose"":false}"
observed_genes,4096,6,pca,tcga_d4096_seed6_pca_9b4ad781646caf016952.npz,9339d4bf234e52944ca7de5015b35eafcb19e419167e95b7d7c5859bb5d0354e,a56111f1e284022a6a99c0d2480f5c5276c053de579f258cac0ced6541dd8559,927c1d740dc72df1f880,0.9882828854836692,5,full,96317.14227445408,0.9922180607573866,55bd813c347b0c28e065d32c,5,ok,,0.9882828854836692,5,5,full,96317.14227445408,0.08863837498938665,"{""agglom_affinities"":[""mahalanobis""],""agglom_linkages"":[""ward""],""covariances"":[""full"",""diag"",""tied"",""spherical""],""criterion"":""bic"",""early_stop_delta"":0.0,""eigen_thres"":true,""init_agglomerative"":true,""max_components"":5,""min_components"":5,""n_init_kmeans"":1,""n_jobs"":1,""random_state"":6,""reg_covar"":1e-06,""verbose"":false}"
observed_genes,4096,6,umap,tcga_d4096_seed6_umap_e8805e1077b48a3a3f98.npz,a577c0a4ef217842907e28ad09e2921e336f05c27180ab54452a0d7c6158eac5,907498114dedf719864e78fad6f5570e6afc7a4ae2a3bc4240b53fa9cc72506b,927c1d740dc72df1f880,0.6702806062162073,8,full,-88393.03816004017,0.995672076570953,6a37f0a76477e5bf292bccec,5,ok,,0.99441376636965,5,5,full,-80460.76685241579,0.07585487503092736,"{""agglom_affinities"":[""mahalanobis""],""agglom_linkages"":[""ward""],""covariances"":[""full"",""diag"",""tied"",""spherical""],""criterion"":""bic"",""early_stop_delta"":0.0,""eigen_thres"":true,""init_agglomerative"":true,""max_components"":5,""min_components"":5,""n_init_kmeans"":1,""n_jobs"":1,""random_state"":6,""reg_covar"":1e-06,""verbose"":false}"
observed_genes,4096,7,autog2m2,tcga_d4096_seed7_autog2m2_8079244d8fb784865796.npz,7924e6e162e884e01a39c444dbcb032efe546b12d3b4a4021b510bc026bd3e86,935bd7af1666544796a182a89fa1a3412e031c1e816c90b8b7c352b5e5509c56,927c1d740dc72df1f880,0.901059424269103,5,full,-80298.85055846818,0.9734914689970868,a5c287a783f0f2b1ccc9ef3e,5,ok,,0.901059424269103,5,5,full,-80298.85055846814,0.14165000000502914,"{""agglom_affinities"":[""mahalanobis""],""agglom_linkages"":[""ward""],""covariances"":[""full"",""diag"",""tied"",""spherical""],""criterion"":""bic"",""early_stop_delta"":0.0,""eigen_thres"":true,""init_agglomerative"":true,""max_components"":5,""min_components"":5,""n_init_kmeans"":1,""n_jobs"":1,""random_state"":7,""reg_covar"":1e-06,""verbose"":false}"
observed_genes,4096,7,pca,tcga_d4096_seed7_pca_79c54700fe73eb191ace.npz,6398c7d7cf02c8cea83f3a3ff29281d1cbb8b1f65c196d90717c7a6ed76812b9,ef7e1b640f9518e4020b6b49432b05420f617f1db7e1176204b85f76537370d9,927c1d740dc72df1f880,0.9882828854836692,5,full,96306.50262640852,0.992093216812318,157a8fb5df55bcb05787098d,5,ok,,0.9882828854836692,5,5,full,96306.50262640852,0.09206679195631295,"{""agglom_affinities"":[""mahalanobis""],""agglom_linkages"":[""ward""],""covariances"":[""full"",""diag"",""tied"",""spherical""],""criterion"":""bic"",""early_stop_delta"":0.0,""eigen_thres"":true,""init_agglomerative"":true,""max_components"":5,""min_components"":5,""n_init_kmeans"":1,""n_jobs"":1,""random_state"":7,""reg_covar"":1e-06,""verbose"":false}"
observed_genes,4096,7,umap,tcga_d4096_seed7_umap_9c7bfce57d6d67b43923.npz,5dfd3b8aa61d4c57efb7643908bc916e685c89136eaf76f95b3ebce7b4d9377a,c25d0fe5a123b8e59915cbcefb7b84a06a34ebf18a697437475fd1a4bede5b2a,927c1d740dc72df1f880,0.6700827711750892,8,full,-87188.83731228765,0.9959633791094464,f68afee5417ad700fe474966,5,ok,,0.99441376636965,5,5,full,-80441.8860773873,0.03617541602579877,"{""agglom_affinities"":[""mahalanobis""],""agglom_linkages"":[""ward""],""covariances"":[""full"",""diag"",""tied"",""spherical""],""criterion"":""bic"",""early_stop_delta"":0.0,""eigen_thres"":true,""init_agglomerative"":true,""max_components"":5,""min_components"":5,""n_init_kmeans"":1,""n_jobs"":1,""random_state"":7,""reg_covar"":1e-06,""verbose"":false}"
observed_genes,4096,8,autog2m2,tcga_d4096_seed8_autog2m2_2d107bcfc7fb35265d2c.npz,82b0ff54cf5562145e01c3e49ed1e5b36f4b6504f419db7774421459b3b3262e,3389e8647653eafeaf78ae5bdd9a5647a03df7d88a2d19c0736514bf968e162a,927c1d740dc72df1f880,0.8018172098514627,6,full,-46380.789841788195,0.9776945484810652,5cf75126d436ca377c981b79,5,ok,,0.979516164787371,5,5,full,-46103.44736449114,0.11109995900187641,"{""agglom_affinities"":[""mahalanobis""],""agglom_linkages"":[""ward""],""covariances"":[""full"",""diag"",""tied"",""spherical""],""criterion"":""bic"",""early_stop_delta"":0.0,""eigen_thres"":true,""init_agglomerative"":true,""max_components"":5,""min_components"":5,""n_init_kmeans"":1,""n_jobs"":1,""random_state"":8,""reg_covar"":1e-06,""verbose"":false}"
observed_genes,4096,8,pca,tcga_d4096_seed8_pca_e6a74c27ae311a8a5f2f.npz,1f545ba7249bab8137ef1418db0e21a6e2f48987d0eaddc1247165cbd3280ef5,f74bfb1e4a8ba766f5f617cf5d8a0c80d7e388967cde6f3db5a320da82896852,927c1d740dc72df1f880,0.991981870902717,5,full,96329.18000995544,0.9922596754057428,c1a42034d54c98383a49081b,5,ok,,0.991981870902717,5,5,full,96329.18000995545,0.08556429203599691,"{""agglom_affinities"":[""mahalanobis""],""agglom_linkages"":[""ward""],""covariances"":[""full"",""diag"",""tied"",""spherical""],""criterion"":""bic"",""early_stop_delta"":0.0,""eigen_thres"":true,""init_agglomerative"":true,""max_components"":5,""min_components"":5,""n_init_kmeans"":1,""n_jobs"":1,""random_state"":8,""reg_covar"":1e-06,""verbose"":false}"
observed_genes,4096,8,umap,tcga_d4096_seed8_umap_dfd475a5aacb310d4a4e.npz,22026097c4ccb7e2579d90a56591689fbbe1d32aa43896a90ef480bd22f0bdec,b0937e54f0f78fd6a0b3c2852283e9a0a820361f3b770ba2f17df6227ce3bd05,927c1d740dc72df1f880,0.6669802925626558,8,full,-89039.25479192821,0.994548481065335,5ff6aa96b55f5d0a3ad6a257,5,ok,,0.9907046830195056,5,5,full,-81903.88742874243,0.03561804199125618,"{""agglom_affinities"":[""mahalanobis""],""agglom_linkages"":[""ward""],""covariances"":[""full"",""diag"",""tied"",""spherical""],""criterion"":""bic"",""early_stop_delta"":0.0,""eigen_thres"":true,""init_agglomerative"":true,""max_components"":5,""min_components"":5,""n_init_kmeans"":1,""n_jobs"":1,""random_state"":8,""reg_covar"":1e-06,""verbose"":false}"
observed_genes,4096,9,autog2m2,tcga_d4096_seed9_autog2m2_0ace3c4b59bb93ab37c1.npz,54a5251fd9969c66d95ccf1fc90dbcdf2b7281079142b5a80e53569b2c7a53dc,f82313118389bb03322592361ed627928a680d7becf93b3c195c51a434db817a,927c1d740dc72df1f880,0.8629991367611634,5,full,-84132.09063614796,0.9529338327091136,16bb04cc66af54e92e0e0540,5,ok,,0.8629991367611634,5,5,full,-84132.09063614793,0.11784258304396644,"{""agglom_affinities"":[""mahalanobis""],""agglom_linkages"":[""ward""],""covariances"":[""full"",""diag"",""tied"",""spherical""],""criterion"":""bic"",""early_stop_delta"":0.0,""eigen_thres"":true,""init_agglomerative"":true,""max_components"":5,""min_components"":5,""n_init_kmeans"":1,""n_jobs"":1,""random_state"":9,""reg_covar"":1e-06,""verbose"":false}"
observed_genes,4096,9,pca,tcga_d4096_seed9_pca_689c9d566e5cf8f2edb6.npz,b480806047ed512375e96f32e150d99116eb26d9b086eca56bd07bdd6906001d,1dca82614ad2f1aa2e00cef10f5481a68d0396698df1db832465b8f0733e0250,927c1d740dc72df1f880,0.9499006537246528,5,full,96730.4377901765,0.9922596754057428,4e73de60bed96c16f1be05a9,5,ok,,0.9499006537246529,5,5,full,96730.4377901765,0.0945894579635933,"{""agglom_affinities"":[""mahalanobis""],""agglom_linkages"":[""ward""],""covariances"":[""full"",""diag"",""tied"",""spherical""],""criterion"":""bic"",""early_stop_delta"":0.0,""eigen_thres"":true,""init_agglomerative"":true,""max_components"":5,""min_components"":5,""n_init_kmeans"":1,""n_jobs"":1,""random_state"":9,""reg_covar"":1e-06,""verbose"":false}"
observed_genes,4096,9,umap,tcga_d4096_seed9_umap_f40a1a4e2d68cd74e075.npz,096a6fa8e0513d9bb7266818ade51a482774865361357aca8934af18c79eb900,c484c62d0e65c75fee28e15e8df185d722f393330634d1b4474d5771f2f06366,927c1d740dc72df1f880,0.6134430225184919,9,full,-86462.85621045702,0.9952975447357468,631277d0d3331d89edb3f9c4,5,ok,,0.99441376636965,5,5,full,-79364.57516911488,0.0369162920396775,"{""agglom_affinities"":[""mahalanobis""],""agglom_linkages"":[""ward""],""covariances"":[""full"",""diag"",""tied"",""spherical""],""criterion"":""bic"",""early_stop_delta"":0.0,""eigen_thres"":true,""init_agglomerative"":true,""max_components"":5,""min_components"":5,""n_init_kmeans"":1,""n_jobs"":1,""random_state"":9,""reg_covar"":1e-06,""verbose"":false}"
observed_genes,4096,10,autog2m2,tcga_d4096_seed10_autog2m2_3c10a44da2804c82fcc8.npz,80d258fdabfc0fd62011bf50837473c273739fabe0b1c93ca0ae51287ab8a14b,539c2e88c4cc01782818c62a01b46f09fbed9c3dc576b938fe8499ff68914d1c,927c1d740dc72df1f880,0.9593733964075274,5,full,-75123.09690873769,0.9788181439866832,0ccc7f5f96499ce41dc99090,5,ok,,0.9593733964075274,5,5,full,-75123.09690873769,0.10248449997743592,"{""agglom_affinities"":[""mahalanobis""],""agglom_linkages"":[""ward""],""covariances"":[""full"",""diag"",""tied"",""spherical""],""criterion"":""bic"",""early_stop_delta"":0.0,""eigen_thres"":true,""init_agglomerative"":true,""max_components"":5,""min_components"":5,""n_init_kmeans"":1,""n_jobs"":1,""random_state"":10,""reg_covar"":1e-06,""verbose"":false}"
observed_genes,4096,10,pca,tcga_d4096_seed10_pca_3aacea80d85f040ab1a0.npz,b369d29f63f093cb20def3dc43fa25d4d398cdbf8d24a8e377622001d7b40571,9987c1de71d91203972d3e4e7b9e2ea3344b1396eb367fa8c407beafb5076572,927c1d740dc72df1f880,0.991981870902717,5,full,96329.87514569316,0.9921764461090304,08129d267e1618438e8975d2,5,ok,,0.991981870902717,5,5,full,96329.87514569315,0.08842329203616828,"{""agglom_affinities"":[""mahalanobis""],""agglom_linkages"":[""ward""],""covariances"":[""full"",""diag"",""tied"",""spherical""],""criterion"":""bic"",""early_stop_delta"":0.0,""eigen_thres"":true,""init_agglomerative"":true,""max_components"":5,""min_components"":5,""n_init_kmeans"":1,""n_jobs"":1,""random_state"":10,""reg_covar"":1e-06,""verbose"":false}"
observed_genes,4096,10,umap,tcga_d4096_seed10_umap_f229d84702a405e88a02.npz,4f78e542a42515e9b3a8591ef521b1ecd2039adca6d1c32c8b735670882dcac2,e3eb3d38970036054425d4021adf1412d309fb3ace76820fef6a6289372b2726,927c1d740dc72df1f880,0.6104379266630156,9,full,-88428.26192376768,0.9953807740324594,375b436b2028d3bce9816933,5,ok,,0.99441376636965,5,5,full,-81408.94954387793,0.037140625005122274,"{""agglom_affinities"":[""mahalanobis""],""agglom_linkages"":[""ward""],""covariances"":[""full"",""diag"",""tied"",""spherical""],""criterion"":""bic"",""early_stop_delta"":0.0,""eigen_thres"":true,""init_agglomerative"":true,""max_components"":5,""min_components"":5,""n_init_kmeans"":1,""n_jobs"":1,""random_state"":10,""reg_covar"":1e-06,""verbose"":false}"
observed_genes,4096,11,autog2m2,tcga_d4096_seed11_autog2m2_b693e83018719a262b5d.npz,ed112d035c81fe7770d947f8276bc02bd44e3f7656756c396782a0cf5081a0a7,cbced922bc840be0a6b8634de0ea089dcd84e4e0f23a49a70370f8468492aa9a,927c1d740dc72df1f880,0.9716255237181152,5,full,-73434.32977309417,0.971785268414482,385f94e3dcded41463513a0a,5,ok,,0.9716255237181151,5,5,full,-73434.32977309417,0.09741162502905354,"{""agglom_affinities"":[""mahalanobis""],""agglom_linkages"":[""ward""],""covariances"":[""full"",""diag"",""tied"",""spherical""],""criterion"":""bic"",""early_stop_delta"":0.0,""eigen_thres"":true,""init_agglomerative"":true,""max_components"":5,""min_components"":5,""n_init_kmeans"":1,""n_jobs"":1,""random_state"":11,""reg_covar"":1e-06,""verbose"":false}"
observed_genes,4096,11,pca,tcga_d4096_seed11_pca_9a316b5db20723b4f26e.npz,31a00d8aac245ee5cff6a72173db1713cbffce190e62031aaa8327f8b316944a,27306b8585fe8c974063478073f746e330ac5556687350793ddc1e4472b005fc,927c1d740dc72df1f880,0.9882828854836692,5,full,96320.00621203224,0.9922180607573866,ae89e6e656a1b15195b369d0,5,ok,,0.9882828854836692,5,5,full,96320.00621203223,0.0918585000326857,"{""agglom_affinities"":[""mahalanobis""],""agglom_linkages"":[""ward""],""covariances"":[""full"",""diag"",""tied"",""spherical""],""criterion"":""bic"",""early_stop_delta"":0.0,""eigen_thres"":true,""init_agglomerative"":true,""max_components"":5,""min_components"":5,""n_init_kmeans"":1,""n_jobs"":1,""random_state"":11,""reg_covar"":1e-06,""verbose"":false}"
observed_genes,4096,11,umap,tcga_d4096_seed11_umap_f1b1bc7f814f80ad8092.npz,7ff6e720eabbaa73a1c60672634bc1436bc853c88c6f1707bb4e3e09236bb8d6,ff03ed337b33088453f91f0db1cf2fba921b962e67c52040858cc5ec33260804,927c1d740dc72df1f880,0.614115327014344,9,full,-86985.68661539521,0.9963379109446524,dab418613d10ed158f1fc716,5,ok,,0.99441376636965,5,5,full,-80202.39387570626,0.036603374988771975,"{""agglom_affinities"":[""mahalanobis""],""agglom_linkages"":[""ward""],""covariances"":[""full"",""diag"",""tied"",""spherical""],""criterion"":""bic"",""early_stop_delta"":0.0,""eigen_thres"":true,""init_agglomerative"":true,""max_components"":5,""min_components"":5,""n_init_kmeans"":1,""n_jobs"":1,""random_state"":11,""reg_covar"":1e-06,""verbose"":false}"
observed_genes,4096,12,autog2m2,tcga_d4096_seed12_autog2m2_81edc7fcd8b83a8561ce.npz,78e7a1eebb037d4fe62dfd2cd436d50b9bfb7fad994d36a3636607ed476c8334,294c6e6aad5ce69febc33ccde7639c51b59a726404a0e686779c3a582e78e689,927c1d740dc72df1f880,0.6163553674200252,10,full,-70732.29701950037,0.9866416978776528,327bdb27278ad131569a9521,5,ok,,0.9938340711223325,5,5,full,-68307.99441479532,0.1133250420098193,"{""agglom_affinities"":[""mahalanobis""],""agglom_linkages"":[""ward""],""covariances"":[""full"",""diag"",""tied"",""spherical""],""criterion"":""bic"",""early_stop_delta"":0.0,""eigen_thres"":true,""init_agglomerative"":true,""max_components"":5,""min_components"":5,""n_init_kmeans"":1,""n_jobs"":1,""random_state"":12,""reg_covar"":1e-06,""verbose"":false}"
observed_genes,4096,12,pca,tcga_d4096_seed12_pca_67266ed2b4cab07727db.npz,793449c926a0af7eb67c626ee644fe7d0a4a06ff785e65457a381d0709c8b53d,6fd7931687f905d38b10c9a02775124573b98976ac21339b97e093e4601fc04f,927c1d740dc72df1f880,0.8335591376026359,5,full,96330.04154901842,0.9922596754057428,1b358d44eb28e52e1f04fbdf,5,ok,,0.8335591376026359,5,5,full,96330.04154901842,0.09151554096024483,"{""agglom_affinities"":[""mahalanobis""],""agglom_linkages"":[""ward""],""covariances"":[""full"",""diag"",""tied"",""spherical""],""criterion"":""bic"",""early_stop_delta"":0.0,""eigen_thres"":true,""init_agglomerative"":true,""max_components"":5,""min_components"":5,""n_init_kmeans"":1,""n_jobs"":1,""random_state"":12,""reg_covar"":1e-06,""verbose"":false}"
observed_genes,4096,12,umap,tcga_d4096_seed12_umap_1c5dc92a0c67799eef4b.npz,e5ca9fadac8eec2947dfec58abadcd5db54d53a4684029b4786c22b4e2b10321,3473aa5a048a7aa778d5e7dd8e6a771661fb2059ccd2fdb16136a90aabab99a6,927c1d740dc72df1f880,0.6652727988366307,8,full,-88076.36773931496,0.995880149812734,e19c247ebdb943b573dc3d88,5,ok,,0.99441376636965,5,5,full,-81706.75493321301,0.036187666992191225,"{""agglom_affinities"":[""mahalanobis""],""agglom_linkages"":[""ward""],""covariances"":[""full"",""diag"",""tied"",""spherical""],""criterion"":""bic"",""early_stop_delta"":0.0,""eigen_thres"":true,""init_agglomerative"":true,""max_components"":5,""min_components"":5,""n_init_kmeans"":1,""n_jobs"":1,""random_state"":12,""reg_covar"":1e-06,""verbose"":false}"
observed_genes,4096,13,autog2m2,tcga_d4096_seed13_autog2m2_ecdc8ca38969dc3e8b66.npz,d9cad61b94f6988fd565135e7fd2d2330029a1af4fcbfb66f6c8422d7e932632,1ad0fa90097c1a449a7cc7faf6b938ff99fcd3c72a03ebb7419299ac2c0038a6,927c1d740dc72df1f880,0.671153284196186,6,full,-61682.51834096268,0.9822305451518936,e5ddff84915c88d9b6d058fc,5,ok,,0.9642925455078281,5,5,full,-61033.54132244883,0.11213262495584786,"{""agglom_affinities"":[""mahalanobis""],""agglom_linkages"":[""ward""],""covariances"":[""full"",""diag"",""tied"",""spherical""],""criterion"":""bic"",""early_stop_delta"":0.0,""eigen_thres"":true,""init_agglomerative"":true,""max_components"":5,""min_components"":5,""n_init_kmeans"":1,""n_jobs"":1,""random_state"":13,""reg_covar"":1e-06,""verbose"":false}"
observed_genes,4096,13,pca,tcga_d4096_seed13_pca_77193ded368d4c1302e6.npz,cceced1605e3ac20bf08cdfbcc93c583627f84735592a1df98b3704b24c99a00,c2bf5584d1dd4f35f52f4d68a1906242dfe5fa3cc5ceef622b0a3c783b80b608,927c1d740dc72df1f880,0.7927890076701776,5,full,96820.71606742645,0.9921764461090304,bc07bd87d1324dc6cb71d8fe,5,ok,,0.7927890076701776,5,5,full,96820.71606742646,0.08883012499427423,"{""agglom_affinities"":[""mahalanobis""],""agglom_linkages"":[""ward""],""covariances"":[""full"",""diag"",""tied"",""spherical""],""criterion"":""bic"",""early_stop_delta"":0.0,""eigen_thres"":true,""init_agglomerative"":true,""max_components"":5,""min_components"":5,""n_init_kmeans"":1,""n_jobs"":1,""random_state"":13,""reg_covar"":1e-06,""verbose"":false}"
observed_genes,4096,13,umap,tcga_d4096_seed13_umap_0e0db7602347d35f726e.npz,ca1f9e161093fd72c5b228218ca6f9969821abb176ede61522312981ed940e54,4cf2b7adb3f0d3dc9b03dec976b42f7f9dc33fed47fdcdb0e6c96938a38ff742,927c1d740dc72df1f880,0.6131336114501822,9,full,-86990.93892944798,0.9955472326258844,97cc84c63634a131f97b6cf0,5,ok,,0.99441376636965,5,5,full,-80400.09730146544,0.03652662504464388,"{""agglom_affinities"":[""mahalanobis""],""agglom_linkages"":[""ward""],""covariances"":[""full"",""diag"",""tied"",""spherical""],""criterion"":""bic"",""early_stop_delta"":0.0,""eigen_thres"":true,""init_agglomerative"":true,""max_components"":5,""min_components"":5,""n_init_kmeans"":1,""n_jobs"":1,""random_state"":13,""reg_covar"":1e-06,""verbose"":false}"
observed_genes,4096,14,autog2m2,tcga_d4096_seed14_autog2m2_77acb33e8c964a174197.npz,c2df5045eda94c62cd1b9d258cd91706f5cbf476b6e5e0b11d77e135132985b6,eea4d49edc9187cf8c9ac39534b331875cb1cff283edf7997b2d1824e8b36a05,927c1d740dc72df1f880,0.8287368233349878,5,full,-97614.66814844712,0.9637536412817312,d3d6db5186f1da5b4afcf9e4,5,ok,,0.8287368233349878,5,5,full,-97614.66814844712,0.13837466697441414,"{""agglom_affinities"":[""mahalanobis""],""agglom_linkages"":[""ward""],""covariances"":[""full"",""diag"",""tied"",""spherical""],""criterion"":""bic"",""early_stop_delta"":0.0,""eigen_thres"":true,""init_agglomerative"":true,""max_components"":5,""min_components"":5,""n_init_kmeans"":1,""n_jobs"":1,""random_state"":14,""reg_covar"":1e-06,""verbose"":false}"
observed_genes,4096,14,pca,tcga_d4096_seed14_pca_e39e267c3e0e967fa0c4.npz,3c94d36bf1724d89efb3f3aee6cb457ba835212f1d171b95c32ba767575df07e,d965a3ff0c87d98d549bf8402851c34e2861ab438f39c134d989cb5810bf4536,927c1d740dc72df1f880,0.9882828854836692,5,full,96320.6997218665,0.9923012900540992,fe03c283de4f25937a619297,5,ok,,0.9882828854836692,5,5,full,96320.6997218665,0.11152224999386817,"{""agglom_affinities"":[""mahalanobis""],""agglom_linkages"":[""ward""],""covariances"":[""full"",""diag"",""tied"",""spherical""],""criterion"":""bic"",""early_stop_delta"":0.0,""eigen_thres"":true,""init_agglomerative"":true,""max_components"":5,""min_components"":5,""n_init_kmeans"":1,""n_jobs"":1,""random_state"":14,""reg_covar"":1e-06,""verbose"":false}"
observed_genes,4096,14,umap,tcga_d4096_seed14_umap_7d4597afb47aa6a5ba03.npz,2e833f0137a8be1358c370993d451215ac1e4a78872ae1c133cc078a6fc8f7ac,ff81aaaa33de769fbb5a9778c54dd3217b1a92833fa7cae6a4cc43ffed76fcdd,927c1d740dc72df1f880,0.6686304454349387,8,full,-87895.4213633932,0.9959633791094464,59ef7c6d9c0d373982bcdc1f,5,ok,,0.99441376636965,5,5,full,-81314.94805967652,0.036533250007778406,"{""agglom_affinities"":[""mahalanobis""],""agglom_linkages"":[""ward""],""covariances"":[""full"",""diag"",""tied"",""spherical""],""criterion"":""bic"",""early_stop_delta"":0.0,""eigen_thres"":true,""init_agglomerative"":true,""max_components"":5,""min_components"":5,""n_init_kmeans"":1,""n_jobs"":1,""random_state"":14,""reg_covar"":1e-06,""verbose"":false}"
observed_genes,4096,15,autog2m2,tcga_d4096_seed15_autog2m2_9361364638a0866f7e46.npz,f9da5c635c2a376018823c3e58c38134f1d5e71d6af9281178688a877237261d,a2573eee3f30160f840eb43e168c8173c822c9a0b8ba39f8bad0de297768f3c9,927c1d740dc72df1f880,0.6578514917599649,9,full,-71429.31243691155,0.9852267998335414,8c667ae97ac79f304a523582,5,ok,,0.9631508550157637,5,5,full,-66553.2769238118,0.11027154105249792,"{""agglom_affinities"":[""mahalanobis""],""agglom_linkages"":[""ward""],""covariances"":[""full"",""diag"",""tied"",""spherical""],""criterion"":""bic"",""early_stop_delta"":0.0,""eigen_thres"":true,""init_agglomerative"":true,""max_components"":5,""min_components"":5,""n_init_kmeans"":1,""n_jobs"":1,""random_state"":15,""reg_covar"":1e-06,""verbose"":false}"
observed_genes,4096,15,pca,tcga_d4096_seed15_pca_7111df90d9413093579a.npz,21541d5e4bf5ed91416571fb865d323693b4ae8b0d73f2b638d6a390dd8eebee,ce70b3c413b33df0b7d8b0b7929ffeb2b3ea97656c101494165471d01193524e,927c1d740dc72df1f880,0.777852035159183,8,full,96116.625696727,0.9922180607573866,dbf48203d2c9683cc75a5569,5,ok,,0.991981870902717,5,5,full,96340.74135888676,0.09244658396346495,"{""agglom_affinities"":[""mahalanobis""],""agglom_linkages"":[""ward""],""covariances"":[""full"",""diag"",""tied"",""spherical""],""criterion"":""bic"",""early_stop_delta"":0.0,""eigen_thres"":true,""init_agglomerative"":true,""max_components"":5,""min_components"":5,""n_init_kmeans"":1,""n_jobs"":1,""random_state"":15,""reg_covar"":1e-06,""verbose"":false}"
observed_genes,4096,15,umap,tcga_d4096_seed15_umap_6a5d5154b6f434a4d04d.npz,3cab892d9f60340cbaaca4ae16be7e8d3fe600ad507a278215b3c67245aeeea9,f3807b78e0d19df1c7662adf08c926d5d028af486357ce31a05556abd882ee18,927c1d740dc72df1f880,0.6707343326177403,8,full,-88419.82487511376,0.9956304619225969,8008a2a1f37a4206a54f7ad0,5,ok,,0.99441376636965,5,5,full,-80664.4828000825,0.037085084011778235,"{""agglom_affinities"":[""mahalanobis""],""agglom_linkages"":[""ward""],""covariances"":[""full"",""diag"",""tied"",""spherical""],""criterion"":""bic"",""early_stop_delta"":0.0,""eigen_thres"":true,""init_agglomerative"":true,""max_components"":5,""min_components"":5,""n_init_kmeans"":1,""n_jobs"":1,""random_state"":15,""reg_covar"":1e-06,""verbose"":false}"
observed_genes,4096,16,autog2m2,tcga_d4096_seed16_autog2m2_be783e129c60272c5b4f.npz,06876e0c2bcf5a221fb71d6db6a88f6695543319cea0a8a889b19b3c3cf7ffe5,217334318e26edcc1d12e0e1665f7cae3428515c2cd07ae20d2f7911db0104e2,927c1d740dc72df1f880,0.9564393808834376,6,full,-54101.86095351933,0.9838951310861423,aabfe462d2cfdd7e44b75b7e,5,ok,,0.9962525711260065,5,5,full,-53821.57007378635,0.09161062503699213,"{""agglom_affinities"":[""mahalanobis""],""agglom_linkages"":[""ward""],""covariances"":[""full"",""diag"",""tied"",""spherical""],""criterion"":""bic"",""early_stop_delta"":0.0,""eigen_thres"":true,""init_agglomerative"":true,""max_components"":5,""min_components"":5,""n_init_kmeans"":1,""n_jobs"":1,""random_state"":16,""reg_covar"":1e-06,""verbose"":false}"
observed_genes,4096,16,pca,tcga_d4096_seed16_pca_42f82674195d86d8c9da.npz,d89cfb88eecaf6485ec4de59cf6dc2b4e2f8f9a41fefe7235b54962ebe6174e8,a5cc9a36a0b3c18138ed9f9a13c1d594a5d4c53b6263248839cc1c3939142463,927c1d740dc72df1f880,0.9882828854836692,5,full,96323.99892507166,0.9922596754057428,73e7c3f24c744eb126f22c0b,5,ok,,0.9882828854836692,5,5,full,96323.99892507166,0.08543945802375674,"{""agglom_affinities"":[""mahalanobis""],""agglom_linkages"":[""ward""],""covariances"":[""full"",""diag"",""tied"",""spherical""],""criterion"":""bic"",""early_stop_delta"":0.0,""eigen_thres"":true,""init_agglomerative"":true,""max_components"":5,""min_components"":5,""n_init_kmeans"":1,""n_jobs"":1,""random_state"":16,""reg_covar"":1e-06,""verbose"":false}"
observed_genes,4096,16,umap,tcga_d4096_seed16_umap_c9c070e1eba8207163c0.npz,58f341d0bd6a0adf642b66048e8a5ed8ec4a89f643c842217c686d4537236763,43d421b9d8532c68eff9aac9b8fba2b1624cd22cb6762a7243487dfee574573a,927c1d740dc72df1f880,0.731719232076897,7,full,-89679.09908112636,0.9957136912193092,9e1654bdd255dedd56a2c04d,5,ok,,0.99441376636965,5,5,full,-81811.48551831585,0.03656633401988074,"{""agglom_affinities"":[""mahalanobis""],""agglom_linkages"":[""ward""],""covariances"":[""full"",""diag"",""tied"",""spherical""],""criterion"":""bic"",""early_stop_delta"":0.0,""eigen_thres"":true,""init_agglomerative"":true,""max_components"":5,""min_components"":5,""n_init_kmeans"":1,""n_jobs"":1,""random_state"":16,""reg_covar"":1e-06,""verbose"":false}"
observed_genes,4096,17,autog2m2,tcga_d4096_seed17_autog2m2_f90ba6912cb7f1751df9.npz,9fa78169872f7db655fcfa36c137748d03e8bf61b96aae996335408136ff5754,92dbfd654014bb5aba1d28784b63c685bc06ffc2bf199eb4baf4b178656b76a2,927c1d740dc72df1f880,0.938428495323839,5,full,-83636.37675433226,0.9651269246774864,122a5ab83e02e2713a726198,5,ok,,0.938428495323839,5,5,full,-83636.37675433226,0.10626324999611825,"{""agglom_affinities"":[""mahalanobis""],""agglom_linkages"":[""ward""],""covariances"":[""full"",""diag"",""tied"",""spherical""],""criterion"":""bic"",""early_stop_delta"":0.0,""eigen_thres"":true,""init_agglomerative"":true,""max_components"":5,""min_components"":5,""n_init_kmeans"":1,""n_jobs"":1,""random_state"":17,""reg_covar"":1e-06,""verbose"":false}"
observed_genes,4096,17,pca,tcga_d4096_seed17_pca_503ab2976b96f84b25ca.npz,918a301a49307862fbbb7744093967f62503c37a473506580c99fd3b4e151145,1b981cf2530f8017ca84b04c0c923633e4c4f98d8467304621e38b6d5e7ee3af,927c1d740dc72df1f880,0.9882828854836692,5,full,96281.1162439703,0.9922180607573866,4d5dc0823c8c9ce8d7d6448f,5,ok,,0.9882828854836692,5,5,full,96281.1162439703,0.08519749995321035,"{""agglom_affinities"":[""mahalanobis""],""agglom_linkages"":[""ward""],""covariances"":[""full"",""diag"",""tied"",""spherical""],""criterion"":""bic"",""early_stop_delta"":0.0,""eigen_thres"":true,""init_agglomerative"":true,""max_components"":5,""min_components"":5,""n_init_kmeans"":1,""n_jobs"":1,""random_state"":17,""reg_covar"":1e-06,""verbose"":false}"
observed_genes,4096,17,umap,tcga_d4096_seed17_umap_78e4b9f9e2380548032d.npz,3de29db70bbb558f007204fc1e71d7318ea5443ee1cae3e5f9c4205234567cb4,38ce124fab0a140baaf190bc8726101b0cf4189486cc031adf78aa44f6ffc6ab,927c1d740dc72df1f880,0.6694774142544575,8,full,-88018.86327259496,0.996629213483146,a604bf30f8ce572df5f75cf2,5,ok,,0.99441376636965,5,5,full,-80334.9311161685,0.035987542010843754,"{""agglom_affinities"":[""mahalanobis""],""agglom_linkages"":[""ward""],""covariances"":[""full"",""diag"",""tied"",""spherical""],""criterion"":""bic"",""early_stop_delta"":0.0,""eigen_thres"":true,""init_agglomerative"":true,""max_components"":5,""min_components"":5,""n_init_kmeans"":1,""n_jobs"":1,""random_state"":17,""reg_covar"":1e-06,""verbose"":false}"
observed_genes,4096,18,autog2m2,tcga_d4096_seed18_autog2m2_24f915bc7b37d2035380.npz,e1a0e92c1ca575fb7ee84706bdd418ea6eb750a3dd2a960724e9b9b8c479b2ad,1603418c0b353ad382c5c92098d3e44230bd41ab2e4a96ced55dccd9f356f642,927c1d740dc72df1f880,0.5827525886843883,10,spherical,-105265.70403584473,0.9564294631710362,828bc2cf91482ad489e7c814,5,ok,,0.7278392270793961,5,5,diag,-104875.47066424621,0.11762458295561373,"{""agglom_affinities"":[""mahalanobis""],""agglom_linkages"":[""ward""],""covariances"":[""full"",""diag"",""tied"",""spherical""],""criterion"":""bic"",""early_stop_delta"":0.0,""eigen_thres"":true,""init_agglomerative"":true,""max_components"":5,""min_components"":5,""n_init_kmeans"":1,""n_jobs"":1,""random_state"":18,""reg_covar"":1e-06,""verbose"":false}"
observed_genes,4096,18,pca,tcga_d4096_seed18_pca_b2e32bd4aad056ae5b55.npz,389cfbdfc65b7bda534eb9bb97f99fb24285a544e050fd781a394381ee5c2555,ebd0c4f7d7dc36f6d96573473913445b599226a2e47322ebfa78ecccfb23c4a2,927c1d740dc72df1f880,0.991981870902717,5,full,96341.74200236272,0.9921764461090304,35cc7124965236e43aea4b75,5,ok,,0.991981870902717,5,5,full,96341.74200236272,0.08624383399728686,"{""agglom_affinities"":[""mahalanobis""],""agglom_linkages"":[""ward""],""covariances"":[""full"",""diag"",""tied"",""spherical""],""criterion"":""bic"",""early_stop_delta"":0.0,""eigen_thres"":true,""init_agglomerative"":true,""max_components"":5,""min_components"":5,""n_init_kmeans"":1,""n_jobs"":1,""random_state"":18,""reg_covar"":1e-06,""verbose"":false}"
observed_genes,4096,18,umap,tcga_d4096_seed18_umap_1ef0851cce064fbd1626.npz,3640b6f22b2e4c8c6413470f3b6ac2ca967e4438915945e6e0bc1a595c7e8983,b3a8302f1740bef68a513e1b8d7d378c085942413adb785b764b52a9a311cff8,927c1d740dc72df1f880,0.6150616738470587,9,full,-90256.24619165156,0.9960882230545152,0c68f6d545bba562722d5b04,5,ok,,0.99441376636965,5,5,full,-83820.88259647189,0.036238291999325156,"{""agglom_affinities"":[""mahalanobis""],""agglom_linkages"":[""ward""],""covariances"":[""full"",""diag"",""tied"",""spherical""],""criterion"":""bic"",""early_stop_delta"":0.0,""eigen_thres"":true,""init_agglomerative"":true,""max_components"":5,""min_components"":5,""n_init_kmeans"":1,""n_jobs"":1,""random_state"":18,""reg_covar"":1e-06,""verbose"":false}"
observed_genes,4096,19,autog2m2,tcga_d4096_seed19_autog2m2_dd1814d74e349f39b9e2.npz,f0edceec9f130c9c0aec6847614c3b087be34681063b644bd708ca7179b2441b,bcedb4fa470ee1f0d166a2f1a1314b3991f0f15920a74a0693c6a44b6c8df3d4,927c1d740dc72df1f880,0.9431688374597612,5,full,-72270.0191311461,0.94548481065335,942e717cac5ac3c845768bdd,5,ok,,0.9431688374597613,5,5,full,-72270.0191311461,0.12658895796630532,"{""agglom_affinities"":[""mahalanobis""],""agglom_linkages"":[""ward""],""covariances"":[""full"",""diag"",""tied"",""spherical""],""criterion"":""bic"",""early_stop_delta"":0.0,""eigen_thres"":true,""init_agglomerative"":true,""max_components"":5,""min_components"":5,""n_init_kmeans"":1,""n_jobs"":1,""random_state"":19,""reg_covar"":1e-06,""verbose"":false}"
observed_genes,4096,19,pca,tcga_d4096_seed19_pca_f0e54e63f9850cac2934.npz,5c4b997d896019a8a2c8775ceaeff897bcd7a42d8c800fc259a9b93706c736d9,aff85d2ee14c5a161eabd8c752d6cff0c7aa9d4118ab93b4c75552b695dd5dd1,927c1d740dc72df1f880,0.991981870902717,5,full,96333.01134066656,0.9922596754057428,860aaf11744bc1a5f57f1f3b,5,ok,,0.991981870902717,5,5,full,96333.01134066656,0.08789708296535537,"{""agglom_affinities"":[""mahalanobis""],""agglom_linkages"":[""ward""],""covariances"":[""full"",""diag"",""tied"",""spherical""],""criterion"":""bic"",""early_stop_delta"":0.0,""eigen_thres"":true,""init_agglomerative"":true,""max_components"":5,""min_components"":5,""n_init_kmeans"":1,""n_jobs"":1,""random_state"":19,""reg_covar"":1e-06,""verbose"":false}"
observed_genes,4096,19,umap,tcga_d4096_seed19_umap_c648665258a12a2f8db1.npz,0bece281f91c2fb479a083c7fac101fba74f9fb827d22584472133216369b9cd,0b7e10a24f19b17b9d585fc36c25f0471ff21f864fe58cdb606102372997098f,927c1d740dc72df1f880,0.72771387065012,7,full,-87511.52248254669,0.9959633791094464,92b1d01f7c917c088cd932a0,5,ok,,0.99441376636965,5,5,full,-81549.3673861022,0.0362822919851169,"{""agglom_affinities"":[""mahalanobis""],""agglom_linkages"":[""ward""],""covariances"":[""full"",""diag"",""tied"",""spherical""],""criterion"":""bic"",""early_stop_delta"":0.0,""eigen_thres"":true,""init_agglomerative"":true,""max_components"":5,""min_components"":5,""n_init_kmeans"":1,""n_jobs"":1,""random_state"":19,""reg_covar"":1e-06,""verbose"":false}"
structured_lowrank,256,0,autog2m2,tcga_d256_seed0_autog2m2_6ea619ceac916f0c4bed.npz,41ce486d1fdbc91b1392229939844ef739f4082ff1123de0ff34840ce149cf38,0c5704f1d27f668bf843373c0f5ec7b017adaa7a4f9bf89860f0163dc7f238c9,4aa749e47f61f515fb02,0.8437306670595919,7,full,-84039.86297280125,0.9946733250104036,e48ea92fbdf438370763b5d9,5,ok,,1.0,5,5,full,-82504.95885940314,0.09877533401595429,"{""agglom_affinities"":[""mahalanobis""],""agglom_linkages"":[""ward""],""covariances"":[""full"",""diag"",""tied"",""spherical""],""criterion"":""bic"",""early_stop_delta"":0.0,""eigen_thres"":true,""init_agglomerative"":true,""max_components"":5,""min_components"":5,""n_init_kmeans"":1,""n_jobs"":1,""random_state"":0,""reg_covar"":1e-06,""verbose"":false}"
structured_lowrank,256,0,pca,tcga_d256_seed0_pca_49da1c425536b3917e82.npz,9274547ddc45947602691180433e75be0700f6f32e3cde1ae4b76f8f25c8929b,a0b07a44639bd982cebde4fb4f44c74077f30dc22cf792fdbcc0144cfba16713,4aa749e47f61f515fb02,0.9764303858672198,5,full,52646.02363825576,0.9962962962962963,73fb1758f3c75f3209db56e6,5,ok,,0.9764303858672198,5,5,full,52646.02363825576,0.10054012498585507,"{""agglom_affinities"":[""mahalanobis""],""agglom_linkages"":[""ward""],""covariances"":[""full"",""diag"",""tied"",""spherical""],""criterion"":""bic"",""early_stop_delta"":0.0,""eigen_thres"":true,""init_agglomerative"":true,""max_components"":5,""min_components"":5,""n_init_kmeans"":1,""n_jobs"":1,""random_state"":0,""reg_covar"":1e-06,""verbose"":false}"
structured_lowrank,256,0,umap,tcga_d256_seed0_umap_7928e6fdf31b473b9248.npz,a913c01f30ec05ebf3babd408a716b9fac971b3b61d00800dfc88b91271a904f,d5049042b3accf5fb31936e832231e9c0589c8517ec299e53deb97667b9a5cd4,4aa749e47f61f515fb02,0.5698123465668482,10,full,-79682.83572009415,0.993216812317936,d62914a953dbe48030a6badd,5,ok,,0.827975137279594,5,5,full,-72068.07853058075,0.035503916966263205,"{""agglom_affinities"":[""mahalanobis""],""agglom_linkages"":[""ward""],""covariances"":[""full"",""diag"",""tied"",""spherical""],""criterion"":""bic"",""early_stop_delta"":0.0,""eigen_thres"":true,""init_agglomerative"":true,""max_components"":5,""min_components"":5,""n_init_kmeans"":1,""n_jobs"":1,""random_state"":0,""reg_covar"":1e-06,""verbose"":false}"
structured_lowrank,256,1,autog2m2,tcga_d256_seed1_autog2m2_29f7041e9a31f8b29513.npz,c406bd528ad875fb25558eb9556d6b628dfc272d08cebb0e734dbcfb8580a14f,5d81b9a7ac5c5c537fa53055f9201d67cb24add8c0588136001a2d8ff48151ab,4aa749e47f61f515fb02,0.996295074086556,5,full,-92786.05054859018,0.9958385351643778,7bfae13c6159c98c55928877,5,ok,,0.996295074086556,5,5,full,-92786.05054859004,0.07954666600562632,"{""agglom_affinities"":[""mahalanobis""],""agglom_linkages"":[""ward""],""covariances"":[""full"",""diag"",""tied"",""spherical""],""criterion"":""bic"",""early_stop_delta"":0.0,""eigen_thres"":true,""init_agglomerative"":true,""max_components"":5,""min_components"":5,""n_init_kmeans"":1,""n_jobs"":1,""random_state"":1,""reg_covar"":1e-06,""verbose"":false}"
structured_lowrank,256,1,pca,tcga_d256_seed1_pca_ae3d566ce09669c67302.npz,9cd61ac88039dbf1c7ab98c014ccaa7a4d04e33c04f1868886dc851750955a47,b31ae30ab6f9466402a0eb4b969ce553cf6150fd913d6864692cce2bf1ecea2a,4aa749e47f61f515fb02,0.9962578040012736,5,full,52984.64537425274,0.9962962962962963,35c1981b01bb5495e69263b4,5,ok,,0.9962578040012737,5,5,full,52984.645374252745,0.08207925001624972,"{""agglom_affinities"":[""mahalanobis""],""agglom_linkages"":[""ward""],""covariances"":[""full"",""diag"",""tied"",""spherical""],""criterion"":""bic"",""early_stop_delta"":0.0,""eigen_thres"":true,""init_agglomerative"":true,""max_components"":5,""min_components"":5,""n_init_kmeans"":1,""n_jobs"":1,""random_state"":1,""reg_covar"":1e-06,""verbose"":false}"
structured_lowrank,256,1,umap,tcga_d256_seed1_umap_40ec489537880b37bd8f.npz,6655e43162217e0ee930c3a53ab15361eca60e238a95c7758a551a03547fb732,6a5a4f7d0392371e50afc786f528b1d733dca983e550036d780337975f25bf6d,4aa749e47f61f515fb02,0.5625538636641412,10,full,-82237.3805997195,0.994007490636704,c74f8262a2a477d9b3b8f54d,5,ok,,0.827975137279594,5,5,full,-75778.80073476887,0.03693524998379871,"{""agglom_affinities"":[""mahalanobis""],""agglom_linkages"":[""ward""],""covariances"":[""full"",""diag"",""tied"",""spherical""],""criterion"":""bic"",""early_stop_delta"":0.0,""eigen_thres"":true,""init_agglomerative"":true,""max_components"":5,""min_components"":5,""n_init_kmeans"":1,""n_jobs"":1,""random_state"":1,""reg_covar"":1e-06,""verbose"":false}"
structured_lowrank,256,2,autog2m2,tcga_d256_seed2_autog2m2_b3f1c1d829e6be0e692a.npz,289c62c20dbe2d4f8838e60fce811f8db54873870143014ff1c68b6240b3c39a,a4e28633fb4fff42925cfc0e31b10ae3514943ecbc8667cfdd63d0336e95a847,4aa749e47f61f515fb02,0.9925379262715904,5,full,-99901.1556215983,0.9945900957136912,10fbc24ca094adb32c08f835,5,ok,,0.9925379262715904,5,5,full,-99901.15562159849,0.11174545797985047,"{""agglom_affinities"":[""mahalanobis""],""agglom_linkages"":[""ward""],""covariances"":[""full"",""diag"",""tied"",""spherical""],""criterion"":""bic"",""early_stop_delta"":0.0,""eigen_thres"":true,""init_agglomerative"":true,""max_components"":5,""min_components"":5,""n_init_kmeans"":1,""n_jobs"":1,""random_state"":2,""reg_covar"":1e-06,""verbose"":false}"
structured_lowrank,256,2,pca,tcga_d256_seed2_pca_780437e65d1872837e95.npz,6bad595b053f421a81d78d306fd5d39a04f37b5cf7a9a17dcdc3579ac17a4213,391e369f75031eca603ad2ca2431deb3b170e8d5077b2b2c093096120f1b9bab,4aa749e47f61f515fb02,0.9962578040012736,5,full,53007.6707524117,0.99625468164794,3ef530ab62314c0f93eb163e,5,ok,,0.9962578040012737,5,5,full,53007.670752411694,0.08402762498008087,"{""agglom_affinities"":[""mahalanobis""],""agglom_linkages"":[""ward""],""covariances"":[""full"",""diag"",""tied"",""spherical""],""criterion"":""bic"",""early_stop_delta"":0.0,""eigen_thres"":true,""init_agglomerative"":true,""max_components"":5,""min_components"":5,""n_init_kmeans"":1,""n_jobs"":1,""random_state"":2,""reg_covar"":1e-06,""verbose"":false}"
structured_lowrank,256,2,umap,tcga_d256_seed2_umap_05def88f7865cd0421e1.npz,2696a3485dfc1b0b736f2a2be95a23bc8f4d2107b9d9cdf207d58aa6d8c3925a,6b7c9581e7aac9a103cae92b5c8172578887008b702ff7e6ea0c1accc627fd90,4aa749e47f61f515fb02,0.5631668204118073,10,full,-82625.80233909165,0.9940491052850604,fca5ecc49e34839c841da9db,5,ok,,0.827975137279594,5,5,full,-75691.23765268119,0.037383084010798484,"{""agglom_affinities"":[""mahalanobis""],""agglom_linkages"":[""ward""],""covariances"":[""full"",""diag"",""tied"",""spherical""],""criterion"":""bic"",""early_stop_delta"":0.0,""eigen_thres"":true,""init_agglomerative"":true,""max_components"":5,""min_components"":5,""n_init_kmeans"":1,""n_jobs"":1,""random_state"":2,""reg_covar"":1e-06,""verbose"":false}"
structured_lowrank,256,3,autog2m2,tcga_d256_seed3_autog2m2_d188d5886d9f3edeec9e.npz,0cb5f7e87052c3e98224a35b9599da3d0ffcc5a69e2878e8d760529fe6169374,1be0d5a8b53a2929bc6a6678c02f3f25fc9813e38bedd7f95b5b49d9b7121732,4aa749e47f61f515fb02,0.8749236390905467,5,full,-158480.81359185648,0.9613816063254266,45c1b756326d6799efcef311,5,ok,,0.8749236390905467,5,5,full,-158480.8135918565,0.10580275004031137,"{""agglom_affinities"":[""mahalanobis""],""agglom_linkages"":[""ward""],""covariances"":[""full"",""diag"",""tied"",""spherical""],""criterion"":""bic"",""early_stop_delta"":0.0,""eigen_thres"":true,""init_agglomerative"":true,""max_components"":5,""min_components"":5,""n_init_kmeans"":1,""n_jobs"":1,""random_state"":3,""reg_covar"":1e-06,""verbose"":false}"
structured_lowrank,256,3,pca,tcga_d256_seed3_pca_3b3e191f4cf53d9f44ef.npz,0fc804799d400473becaaa831cfebfbe669c49a825db1b31058e678746103ab8,05c4457e6b1263ae165b65f28127c89c9ae870a973e662baa31078e57a10166c,4aa749e47f61f515fb02,0.9826072564812236,5,full,52674.177051160106,0.99625468164794,48fbab128e66535d246d133f,5,ok,,0.9826072564812237,5,5,full,52674.177051160106,0.08103299996582791,"{""agglom_affinities"":[""mahalanobis""],""agglom_linkages"":[""ward""],""covariances"":[""full"",""diag"",""tied"",""spherical""],""criterion"":""bic"",""early_stop_delta"":0.0,""eigen_thres"":true,""init_agglomerative"":true,""max_components"":5,""min_components"":5,""n_init_kmeans"":1,""n_jobs"":1,""random_state"":3,""reg_covar"":1e-06,""verbose"":false}"
structured_lowrank,256,3,umap,tcga_d256_seed3_umap_ca55216eb2fbdd7954ae.npz,ed41e33a2482545abb03c229576f06d108cc0e40d174c329b96afa01c9843ea7,01244a5c19bb9b3870b91b166661115024163805a157796fea803f46416b9155,4aa749e47f61f515fb02,0.6173833266032354,9,full,-79860.50817380297,0.9933832709113608,d7d701e010755018795800cb,5,ok,,0.827975137279594,5,5,full,-73096.19149049834,0.0364033340010792,"{""agglom_affinities"":[""mahalanobis""],""agglom_linkages"":[""ward""],""covariances"":[""full"",""diag"",""tied"",""spherical""],""criterion"":""bic"",""early_stop_delta"":0.0,""eigen_thres"":true,""init_agglomerative"":true,""max_components"":5,""min_components"":5,""n_init_kmeans"":1,""n_jobs"":1,""random_state"":3,""reg_covar"":1e-06,""verbose"":false}"
structured_lowrank,256,4,autog2m2,tcga_d256_seed4_autog2m2_ab1a9ac48779ab036768.npz,ae14e1195e837639671a766bad6fcdd1abf5a24e65712e224a1c26d213448aaa,0f61da7d3fa2b7f256648232ded1c3ae402a9a2b7abffd42e58946a2a65a767b,4aa749e47f61f515fb02,0.8143345818861508,7,full,-106968.65440156814,0.994756554307116,5c55f1d978b4d8ab3336ace6,5,ok,,0.9924761697432413,5,5,full,-105540.36412403347,0.09452104201773182,"{""agglom_affinities"":[""mahalanobis""],""agglom_linkages"":[""ward""],""covariances"":[""full"",""diag"",""tied"",""spherical""],""criterion"":""bic"",""early_stop_delta"":0.0,""eigen_thres"":true,""init_agglomerative"":true,""max_components"":5,""min_components"":5,""n_init_kmeans"":1,""n_jobs"":1,""random_state"":4,""reg_covar"":1e-06,""verbose"":false}"
structured_lowrank,256,4,pca,tcga_d256_seed4_pca_3070889b2b41ba5aeb69.npz,4b5ab40d06bf863d86b45ce101b62e9a8720ce90538461b39ee2ebe1a067628d,c5a32a6ffe7be232e7c329fe87c8d4f4e5dc7dbd150c0b31b8d1cb1796a9e05e,4aa749e47f61f515fb02,0.9962578040012736,5,full,53010.10690725814,0.9962962962962963,d15702e9d6603f58888492b1,5,ok,,0.9962578040012737,5,5,full,53010.10690725813,0.08133504097349942,"{""agglom_affinities"":[""mahalanobis""],""agglom_linkages"":[""ward""],""covariances"":[""full"",""diag"",""tied"",""spherical""],""criterion"":""bic"",""early_stop_delta"":0.0,""eigen_thres"":true,""init_agglomerative"":true,""max_components"":5,""min_components"":5,""n_init_kmeans"":1,""n_jobs"":1,""random_state"":4,""reg_covar"":1e-06,""verbose"":false}"
structured_lowrank,256,4,umap,tcga_d256_seed4_umap_7a844f75f8037879d61c.npz,e22ba1132edb41cec952704cffb5ca1ce23875b58d01aae2d891da13e416fc80,3c11453d6b8638fcae37c3b2f04fb731ce1793ab8494b70f1d2abf1eadafe993,4aa749e47f61f515fb02,0.6010810981945413,10,full,-79785.37628572542,0.9936329588014982,c4b5db9164db12070d5cd780,5,ok,,0.827975137279594,5,5,full,-72797.21727542597,0.034652916016057134,"{""agglom_affinities"":[""mahalanobis""],""agglom_linkages"":[""ward""],""covariances"":[""full"",""diag"",""tied"",""spherical""],""criterion"":""bic"",""early_stop_delta"":0.0,""eigen_thres"":true,""init_agglomerative"":true,""max_components"":5,""min_components"":5,""n_init_kmeans"":1,""n_jobs"":1,""random_state"":4,""reg_covar"":1e-06,""verbose"":false}"
structured_lowrank,256,5,autog2m2,tcga_d256_seed5_autog2m2_cbb796d703ea177edc04.npz,c6b06a5e1c02210d5d844cde4bcb2ef1e97093d80a855c8f2d592da09e1e09e8,567014c4799a6f2258ca58d22c102e40f8e895f3ab1b76200832182132394fb9,4aa749e47f61f515fb02,0.7584666522293748,7,full,-83456.60599123516,0.9929671244277986,f1e6f1b0101dade1c174dc3c,5,ok,,0.6896841501430704,5,5,full,-81832.67780476196,0.1437366249738261,"{""agglom_affinities"":[""mahalanobis""],""agglom_linkages"":[""ward""],""covariances"":[""full"",""diag"",""tied"",""spherical""],""criterion"":""bic"",""early_stop_delta"":0.0,""eigen_thres"":true,""init_agglomerative"":true,""max_components"":5,""min_components"":5,""n_init_kmeans"":1,""n_jobs"":1,""random_state"":5,""reg_covar"":1e-06,""verbose"":false}"
structured_lowrank,256,5,pca,tcga_d256_seed5_pca_dcfcdaf99af55136633a.npz,e13307220da5cf178695a0113b18ca526d8471b59ef0da4265381cc14eb886be,9892510a97b0f9cf121d460c112e2a1af60bf75cf435613a61424b1fba1a8cfb,4aa749e47f61f515fb02,0.9641869451257336,5,full,52585.44700114006,0.9962962962962963,173a5617d1e9ee74c084bdf0,5,ok,,0.9641869451257336,5,5,full,52585.44700114006,0.08181033399887383,"{""agglom_affinities"":[""mahalanobis""],""agglom_linkages"":[""ward""],""covariances"":[""full"",""diag"",""tied"",""spherical""],""criterion"":""bic"",""early_stop_delta"":0.0,""eigen_thres"":true,""init_agglomerative"":true,""max_components"":5,""min_components"":5,""n_init_kmeans"":1,""n_jobs"":1,""random_state"":5,""reg_covar"":1e-06,""verbose"":false}"
structured_lowrank,256,5,umap,tcga_d256_seed5_umap_a92e0ea10b9655ab80e2.npz,7372a22ed0129b22d599a18b83e17f0b4c2cd8b03e24121b5821304be027847b,44f7f646021211dd4dad26cecefad5a3a0c87c925531d824db5daea0908a35e7,4aa749e47f61f515fb02,0.5842095224746603,10,full,-78065.34812010199,0.994548481065335,f83848b0ae15e936bded675d,5,ok,,0.827975137279594,5,5,full,-72221.84300965721,0.03728824999416247,"{""agglom_affinities"":[""mahalanobis""],""agglom_linkages"":[""ward""],""covariances"":[""full"",""diag"",""tied"",""spherical""],""criterion"":""bic"",""early_stop_delta"":0.0,""eigen_thres"":true,""init_agglomerative"":true,""max_components"":5,""min_components"":5,""n_init_kmeans"":1,""n_jobs"":1,""random_state"":5,""reg_covar"":1e-06,""verbose"":false}"
structured_lowrank,256,6,autog2m2,tcga_d256_seed6_autog2m2_4367674f0b90c60b93df.npz,52f2de8da6efbee9d123f02b1b58db5e0e12e3ec21b9161a27d41eb298e9d08a,4c61741d2f22649e0c0053290992a4a9d4d062d1f0d2b5c0ac85da84a022af0c,4aa749e47f61f515fb02,0.719451115117765,9,full,-79961.31894163575,0.9957136912193092,47091f8fbba31a33281aa4ec,5,ok,,0.9924761697432413,5,5,full,-78012.92363501075,0.0969826250220649,"{""agglom_affinities"":[""mahalanobis""],""agglom_linkages"":[""ward""],""covariances"":[""full"",""diag"",""tied"",""spherical""],""criterion"":""bic"",""early_stop_delta"":0.0,""eigen_thres"":true,""init_agglomerative"":true,""max_components"":5,""min_components"":5,""n_init_kmeans"":1,""n_jobs"":1,""random_state"":6,""reg_covar"":1e-06,""verbose"":false}"
structured_lowrank,256,6,pca,tcga_d256_seed6_pca_2eeb0f801c0730eb0d2b.npz,fbd5cd829a0c0dbb73dd1ca6801a15b04b81c0e15de8ac14396837bae5728b16,66cf49a4c4bf9bec3b5b18274199404b756f4516e8300680614e3a006c12485a,4aa749e47f61f515fb02,0.9739800612078584,5,full,52704.36375268289,0.9963379109446524,b6c68ba0c0daa71c19b357a8,5,ok,,0.9739800612078583,5,5,full,52704.36375268289,0.08390025002881885,"{""agglom_affinities"":[""mahalanobis""],""agglom_linkages"":[""ward""],""covariances"":[""full"",""diag"",""tied"",""spherical""],""criterion"":""bic"",""early_stop_delta"":0.0,""eigen_thres"":true,""init_agglomerative"":true,""max_components"":5,""min_components"":5,""n_init_kmeans"":1,""n_jobs"":1,""random_state"":6,""reg_covar"":1e-06,""verbose"":false}"
structured_lowrank,256,6,umap,tcga_d256_seed6_umap_69c238babd82909b105f.npz,683e3c640a7f92c40cf282b000c621dd8bdc62b2ac404ffe122474dd137b0b53,7d9daecbac322961ae120256324bf459d7272bd80ab47397061275fc947dd3c8,4aa749e47f61f515fb02,0.618906088320173,9,full,-78259.34593639638,0.994173949230129,aeea8accd37563d0ce1c6a5e,5,ok,,0.827975137279594,5,5,full,-72286.57260771809,0.03527216601651162,"{""agglom_affinities"":[""mahalanobis""],""agglom_linkages"":[""ward""],""covariances"":[""full"",""diag"",""tied"",""spherical""],""criterion"":""bic"",""early_stop_delta"":0.0,""eigen_thres"":true,""init_agglomerative"":true,""max_components"":5,""min_components"":5,""n_init_kmeans"":1,""n_jobs"":1,""random_state"":6,""reg_covar"":1e-06,""verbose"":false}"
structured_lowrank,256,7,autog2m2,tcga_d256_seed7_autog2m2_d47c7d40c650d1e6a27e.npz,bc0f4cff6b1667d32e3a088c3e342fa425412fa5b5eb7b85289d475b4d663c0c,3912f2080e6293a8b4cf64904669a6dff8d7f815ed3c3356bf7579db843414a0,4aa749e47f61f515fb02,0.8726890274309639,6,full,-101739.60527083743,0.9868081564710778,fbe64bc8e2f3830c42c539f0,5,ok,,0.7791709719861173,5,5,full,-100966.8849902346,0.11017387500032783,"{""agglom_affinities"":[""mahalanobis""],""agglom_linkages"":[""ward""],""covariances"":[""full"",""diag"",""tied"",""spherical""],""criterion"":""bic"",""early_stop_delta"":0.0,""eigen_thres"":true,""init_agglomerative"":true,""max_components"":5,""min_components"":5,""n_init_kmeans"":1,""n_jobs"":1,""random_state"":7,""reg_covar"":1e-06,""verbose"":false}"
structured_lowrank,256,7,pca,tcga_d256_seed7_pca_32710be858fdd85d5710.npz,42120df5b8bac1a4c7b088b48bf2be1adcfdaf4c1e02bfefeed65bed4642e11c,2f0f1869ec347cb2249d61a94164d06eb87292b85a54e45d5107e159a8ed9f3e,4aa749e47f61f515fb02,0.9962578040012736,5,full,52990.004305589086,0.9962962962962963,0e0b6f692f937b2498f0e4c1,5,ok,,0.9962578040012737,5,5,full,52990.00430558908,0.08074100001249462,"{""agglom_affinities"":[""mahalanobis""],""agglom_linkages"":[""ward""],""covariances"":[""full"",""diag"",""tied"",""spherical""],""criterion"":""bic"",""early_stop_delta"":0.0,""eigen_thres"":true,""init_agglomerative"":true,""max_components"":5,""min_components"":5,""n_init_kmeans"":1,""n_jobs"":1,""random_state"":7,""reg_covar"":1e-06,""verbose"":false}"
structured_lowrank,256,7,umap,tcga_d256_seed7_umap_8b1a3c8282d0dc7a1f9e.npz,c83932fd39ccb760b2841c415159b17208146109de4ffcaf1bcb0c68ca5517e0,3419730e3bbe3d76b87d0191e963de68a8ad15ee30c1407218b2ea1108eb5181,4aa749e47f61f515fb02,0.6146861825377342,9,full,-79398.74410813345,0.9935497295047856,23f61f709c090ce59a5eaeed,5,ok,,0.827975137279594,5,5,full,-72791.48749868515,0.035889542021322995,"{""agglom_affinities"":[""mahalanobis""],""agglom_linkages"":[""ward""],""covariances"":[""full"",""diag"",""tied"",""spherical""],""criterion"":""bic"",""early_stop_delta"":0.0,""eigen_thres"":true,""init_agglomerative"":true,""max_components"":5,""min_components"":5,""n_init_kmeans"":1,""n_jobs"":1,""random_state"":7,""reg_covar"":1e-06,""verbose"":false}"
structured_lowrank,256,8,autog2m2,tcga_d256_seed8_autog2m2_fb26baa887d20c811dd9.npz,168e857a9a05f156eccaa570ec2b745fe8c03538a6369e68799d4a0770420c73,aa27e26df597eb45e04c93a84e886033e683cf3b49259e8a1acf4db8979ef3c0,4aa749e47f61f515fb02,0.8481853253289163,7,full,-86583.53635261329,0.9942987931751976,cfa655682203b157754932e9,5,ok,,0.9855560459015117,5,5,full,-85756.91643159815,0.100011458969675,"{""agglom_affinities"":[""mahalanobis""],""agglom_linkages"":[""ward""],""covariances"":[""full"",""diag"",""tied"",""spherical""],""criterion"":""bic"",""early_stop_delta"":0.0,""eigen_thres"":true,""init_agglomerative"":true,""max_components"":5,""min_components"":5,""n_init_kmeans"":1,""n_jobs"":1,""random_state"":8,""reg_covar"":1e-06,""verbose"":false}"
structured_lowrank,256,8,pca,tcga_d256_seed8_pca_aebbb6fd73137e093fd3.npz,4edaa0f33e21029a10d17f66627685b054ce710bf25a655ff2fdb89c28763567,21f09f562276d94c9d2e86ddcc855d87823abc25a2ee8cd297f721c40d086dc7,4aa749e47f61f515fb02,0.9641869451257336,5,full,52605.8905580087,0.9962962962962963,ece3c6461f48998145842cf0,5,ok,,0.9641869451257336,5,5,full,52605.8905580087,0.08211654197657481,"{""agglom_affinities"":[""mahalanobis""],""agglom_linkages"":[""ward""],""covariances"":[""full"",""diag"",""tied"",""spherical""],""criterion"":""bic"",""early_stop_delta"":0.0,""eigen_thres"":true,""init_agglomerative"":true,""max_components"":5,""min_components"":5,""n_init_kmeans"":1,""n_jobs"":1,""random_state"":8,""reg_covar"":1e-06,""verbose"":false}"
structured_lowrank,256,8,umap,tcga_d256_seed8_umap_ab12c68e950f9d2534df.npz,dab729e7d14a4acb99b102990e7c363ab247f6c1609dbcb5abcf3272bdeb6677,885477b7b7fa6f6d6fc00f2fba63d8707a7d0079853a9e9e4dd713d34b3c6805,4aa749e47f61f515fb02,0.5832936522265015,10,full,-80441.24670967525,0.9930919683728672,b9c9bfe1d5d50da50f120f80,5,ok,,0.827975137279594,5,5,full,-73298.18734618118,0.03702066600089893,"{""agglom_affinities"":[""mahalanobis""],""agglom_linkages"":[""ward""],""covariances"":[""full"",""diag"",""tied"",""spherical""],""criterion"":""bic"",""early_stop_delta"":0.0,""eigen_thres"":true,""init_agglomerative"":true,""max_components"":5,""min_components"":5,""n_init_kmeans"":1,""n_jobs"":1,""random_state"":8,""reg_covar"":1e-06,""verbose"":false}"
structured_lowrank,256,9,autog2m2,tcga_d256_seed9_autog2m2_80db98c834f4844c003e.npz,dd1bda2b1f57dfe88d6a4c0fde77833f1642260c080dfc060e2f79c5ee8631bd,58474b2d31494f82d2583e7f7416f10caad27c798651a040c59bbba5b8b803ff,4aa749e47f61f515fb02,0.6243896550314215,9,full,-91178.87354482785,0.996629213483146,4a9dbc5ce76f7fb63a30e594,5,ok,,0.9816172298446888,5,5,full,-90809.51480634665,0.10401479201391339,"{""agglom_affinities"":[""mahalanobis""],""agglom_linkages"":[""ward""],""covariances"":[""full"",""diag"",""tied"",""spherical""],""criterion"":""bic"",""early_stop_delta"":0.0,""eigen_thres"":true,""init_agglomerative"":true,""max_components"":5,""min_components"":5,""n_init_kmeans"":1,""n_jobs"":1,""random_state"":9,""reg_covar"":1e-06,""verbose"":false}"
structured_lowrank,256,9,pca,tcga_d256_seed9_pca_699f0957cf3af635c44c.npz,36e8bb2b9087fe9c7b1369509fad63a75430e48d217e4765546fe53c36a40d40,9d02e060353114f63a930b261d436173d75a22ddb5c458bd3cc59f29a1aecb13,4aa749e47f61f515fb02,0.9653481507996692,5,full,52558.02735351288,0.9962962962962963,87430b69454949c53e7817fc,5,ok,,0.9653481507996693,5,5,full,52558.02735351288,0.0846639170194976,"{""agglom_affinities"":[""mahalanobis""],""agglom_linkages"":[""ward""],""covariances"":[""full"",""diag"",""tied"",""spherical""],""criterion"":""bic"",""early_stop_delta"":0.0,""eigen_thres"":true,""init_agglomerative"":true,""max_components"":5,""min_components"":5,""n_init_kmeans"":1,""n_jobs"":1,""random_state"":9,""reg_covar"":1e-06,""verbose"":false}"
structured_lowrank,256,9,umap,tcga_d256_seed9_umap_6b99704c5f0cd4a39c0b.npz,a7fb88a3ba767e52e5c5f3e54db13ad271ef0c3015fbc3931a65c6e7e9763462,05095ef8e755dae72d325d28ef8a11ee9a73ddcbbdd110783b1af9b2b47692b1,4aa749e47f61f515fb02,0.5601244667500586,10,full,-77633.40395641362,0.9931335830212236,82a125e5bb919feaf5cd94d2,5,ok,,0.827975137279594,5,5,full,-70972.38477804475,0.03588675003265962,"{""agglom_affinities"":[""mahalanobis""],""agglom_linkages"":[""ward""],""covariances"":[""full"",""diag"",""tied"",""spherical""],""criterion"":""bic"",""early_stop_delta"":0.0,""eigen_thres"":true,""init_agglomerative"":true,""max_components"":5,""min_components"":5,""n_init_kmeans"":1,""n_jobs"":1,""random_state"":9,""reg_covar"":1e-06,""verbose"":false}"
structured_lowrank,256,10,autog2m2,tcga_d256_seed10_autog2m2_b0b08fc53efc774b563c.npz,44ad348645466c11e8285101fb74695950facc7f5ec5c77860359d60b410709c,905b5bc6075775faedd6c17c4d6ac23ce34d2bbfaba33b13c426308d64e6e9e2,4aa749e47f61f515fb02,0.988781473633014,5,full,-98406.33886192105,0.9944652517686224,03b2f4be785b6bafbd65326c,5,ok,,0.988781473633014,5,5,full,-98406.33886192151,0.07901929097715765,"{""agglom_affinities"":[""mahalanobis""],""agglom_linkages"":[""ward""],""covariances"":[""full"",""diag"",""tied"",""spherical""],""criterion"":""bic"",""early_stop_delta"":0.0,""eigen_thres"":true,""init_agglomerative"":true,""max_components"":5,""min_components"":5,""n_init_kmeans"":1,""n_jobs"":1,""random_state"":10,""reg_covar"":1e-06,""verbose"":false}"
structured_lowrank,256,10,pca,tcga_d256_seed10_pca_011294433c32835c1245.npz,30c1ba79503a443d94ceb11e16bac9a11948af18da1c34b3629f1b8fc9e26f60,4019849a496b2853936755283b1e9f6b2f85b29cc061922006946112cb48a682,4aa749e47f61f515fb02,0.9962578040012736,5,full,52980.946152493874,0.99625468164794,821600876b0837322da9b3de,5,ok,,0.9962578040012737,5,5,full,52980.94615249387,0.08463583298726007,"{""agglom_affinities"":[""mahalanobis""],""agglom_linkages"":[""ward""],""covariances"":[""full"",""diag"",""tied"",""spherical""],""criterion"":""bic"",""early_stop_delta"":0.0,""eigen_thres"":true,""init_agglomerative"":true,""max_components"":5,""min_components"":5,""n_init_kmeans"":1,""n_jobs"":1,""random_state"":10,""reg_covar"":1e-06,""verbose"":false}"
structured_lowrank,256,10,umap,tcga_d256_seed10_umap_a53d4bee5a7e215a75c4.npz,99e1d63d18428e830f5b72edd79cb709311688a7b6a02758535ae724f53d896c,eee1e20453c2ca33da09cf240ea29627436e5b00568302ed2983070e1a054f24,4aa749e47f61f515fb02,0.5643280159103073,10,full,-78523.19004999816,0.993591344153142,e4ef198e6ac779dbadc10a90,5,ok,,0.827975137279594,5,5,full,-71551.47664134407,0.03583687503123656,"{""agglom_affinities"":[""mahalanobis""],""agglom_linkages"":[""ward""],""covariances"":[""full"",""diag"",""tied"",""spherical""],""criterion"":""bic"",""early_stop_delta"":0.0,""eigen_thres"":true,""init_agglomerative"":true,""max_components"":5,""min_components"":5,""n_init_kmeans"":1,""n_jobs"":1,""random_state"":10,""reg_covar"":1e-06,""verbose"":false}"
structured_lowrank,256,11,autog2m2,tcga_d256_seed11_autog2m2_6f5cf96977b385e1bd05.npz,5aefca3a1147164750590ea35f307c8d43dba59915a83f8f0ce40e20e5d7b82a,588040b372f59c4cfcaf4655ae9bc49fa3cde543e303c077293649c9e5e4c5ed,4aa749e47f61f515fb02,0.8654471006796723,6,full,-92338.74803939751,0.9969621306699958,11a0a2d17061ce3c32db1a44,5,ok,,0.9888088146808467,5,5,full,-91566.96429345263,0.07999337505316362,"{""agglom_affinities"":[""mahalanobis""],""agglom_linkages"":[""ward""],""covariances"":[""full"",""diag"",""tied"",""spherical""],""criterion"":""bic"",""early_stop_delta"":0.0,""eigen_thres"":true,""init_agglomerative"":true,""max_components"":5,""min_components"":5,""n_init_kmeans"":1,""n_jobs"":1,""random_state"":11,""reg_covar"":1e-06,""verbose"":false}"
structured_lowrank,256,11,pca,tcga_d256_seed11_pca_a64753946c89acbbefb0.npz,d4c5a3ded06318881d0f6fe914a17f5e6b09fe272cc1b3157db5d1c10a373462,3afb776dbfd7524a08bf42d29c735e1f5e57f1808eb2f25672bd45a73e1cf84d,4aa749e47f61f515fb02,0.997608322674708,5,full,53049.447435431095,0.9962962962962963,63691bbcab0a6f0a5e655cd3,5,ok,,0.997608322674708,5,5,full,53049.447435431095,0.08149516698904335,"{""agglom_affinities"":[""mahalanobis""],""agglom_linkages"":[""ward""],""covariances"":[""full"",""diag"",""tied"",""spherical""],""criterion"":""bic"",""early_stop_delta"":0.0,""eigen_thres"":true,""init_agglomerative"":true,""max_components"":5,""min_components"":5,""n_init_kmeans"":1,""n_jobs"":1,""random_state"":11,""reg_covar"":1e-06,""verbose"":false}"
structured_lowrank,256,11,umap,tcga_d256_seed11_umap_f38df7fb8ee5c0f1d0a3.npz,d4529a5c5357081304d1c5d31371adf5ddf324009b1fc77413f4b7689258df16,cb768553ac621d84abf797cf6d2b18f8d1b204a8ad2ba415d0dcdc367bda7d57,4aa749e47f61f515fb02,0.571055827539567,10,full,-78327.20556923113,0.9939658759883478,73c4eb46ae569b8c3a037092,5,ok,,0.827975137279594,5,5,full,-72443.72176400735,0.03624979202868417,"{""agglom_affinities"":[""mahalanobis""],""agglom_linkages"":[""ward""],""covariances"":[""full"",""diag"",""tied"",""spherical""],""criterion"":""bic"",""early_stop_delta"":0.0,""eigen_thres"":true,""init_agglomerative"":true,""max_components"":5,""min_components"":5,""n_init_kmeans"":1,""n_jobs"":1,""random_state"":11,""reg_covar"":1e-06,""verbose"":false}"
structured_lowrank,256,12,autog2m2,tcga_d256_seed12_autog2m2_aa12a98ded17c6481545.npz,9a317ef12e175e02e5c237b8c1226f2bb0224e7c7597431526965841451744a3,4671560005ddb3a6d2e6cf0f1d1c005a473dc2d51c527481f735c0bd8553db43,4aa749e47f61f515fb02,0.6168385603386658,10,full,-94686.29121475352,0.9961714523512276,989d0f27c525adc3d42673fa,5,ok,,1.0,5,5,full,-93226.42943303748,0.08991758298361674,"{""agglom_affinities"":[""mahalanobis""],""agglom_linkages"":[""ward""],""covariances"":[""full"",""diag"",""tied"",""spherical""],""criterion"":""bic"",""early_stop_delta"":0.0,""eigen_thres"":true,""init_agglomerative"":true,""max_components"":5,""min_components"":5,""n_init_kmeans"":1,""n_jobs"":1,""random_state"":12,""reg_covar"":1e-06,""verbose"":false}"
structured_lowrank,256,12,pca,tcga_d256_seed12_pca_f9ab98f3ad04e653b368.npz,8835c4d0618c1e6606b0c911911b58f1c2a5ebb9a1c78a1cf9eb05acae19ea72,fcf166a13199d8bc7796653a934553d038ac5dbc38ea9a1b4d87d915be497d1c,4aa749e47f61f515fb02,0.9962578040012736,5,full,52992.94892146177,0.99625468164794,52536a20159d4eee21d082aa,5,ok,,0.9962578040012737,5,5,full,52992.94892146177,0.08136466704308987,"{""agglom_affinities"":[""mahalanobis""],""agglom_linkages"":[""ward""],""covariances"":[""full"",""diag"",""tied"",""spherical""],""criterion"":""bic"",""early_stop_delta"":0.0,""eigen_thres"":true,""init_agglomerative"":true,""max_components"":5,""min_components"":5,""n_init_kmeans"":1,""n_jobs"":1,""random_state"":12,""reg_covar"":1e-06,""verbose"":false}"
structured_lowrank,256,12,umap,tcga_d256_seed12_umap_c172d5957537eabc9321.npz,58b91c065f35201157e5dfa5dd7865641fe2c79f16461d90a91090a6e3744453,57e36d1516a5bc432e75e2555719b9226bac21bac5a529c78cc05bb7a36b5e84,4aa749e47f61f515fb02,0.6138672567959702,10,full,-79900.84271193043,0.9937161880982106,b33bde392e6cdfda9741e361,5,ok,,0.827975137279594,5,5,full,-72658.02997229173,0.036373292037751526,"{""agglom_affinities"":[""mahalanobis""],""agglom_linkages"":[""ward""],""covariances"":[""full"",""diag"",""tied"",""spherical""],""criterion"":""bic"",""early_stop_delta"":0.0,""eigen_thres"":true,""init_agglomerative"":true,""max_components"":5,""min_components"":5,""n_init_kmeans"":1,""n_jobs"":1,""random_state"":12,""reg_covar"":1e-06,""verbose"":false}"
structured_lowrank,256,13,autog2m2,tcga_d256_seed13_autog2m2_098e3df38eb7001b3cc7.npz,cd13873f63f89c19f4c9c79faecd0b9b4e3701a3f58e46a66c2b8dc4c74d629a,f4230659981af9235d54e612244c009bc80e735e6cc0a3249d50237e64a45e79,4aa749e47f61f515fb02,0.5894217558576236,10,full,-87732.11248287486,0.9925509779442364,957f271c25ddc953622fa2de,5,ok,,0.9887652523484154,5,5,full,-85779.07656576468,0.09733666700776666,"{""agglom_affinities"":[""mahalanobis""],""agglom_linkages"":[""ward""],""covariances"":[""full"",""diag"",""tied"",""spherical""],""criterion"":""bic"",""early_stop_delta"":0.0,""eigen_thres"":true,""init_agglomerative"":true,""max_components"":5,""min_components"":5,""n_init_kmeans"":1,""n_jobs"":1,""random_state"":13,""reg_covar"":1e-06,""verbose"":false}"
structured_lowrank,256,13,pca,tcga_d256_seed13_pca_9cab9044937d0c46d37b.npz,038f021bc79b66c92c54cff3e99a9f064d5793ac99531baecab8e8de4aa29bb0,f8e1b2d8699d4ae5fcfd1d89fa7c5e38fe74f25cd56667823a71fbb2ab76603b,4aa749e47f61f515fb02,0.9715471741497084,5,full,52714.931716751766,0.9962962962962963,ed1ab3a28dd649ed1d3c1e59,5,ok,,0.9715471741497083,5,5,full,52714.93171675177,0.08385683299275115,"{""agglom_affinities"":[""mahalanobis""],""agglom_linkages"":[""ward""],""covariances"":[""full"",""diag"",""tied"",""spherical""],""criterion"":""bic"",""early_stop_delta"":0.0,""eigen_thres"":true,""init_agglomerative"":true,""max_components"":5,""min_components"":5,""n_init_kmeans"":1,""n_jobs"":1,""random_state"":13,""reg_covar"":1e-06,""verbose"":false}"
structured_lowrank,256,13,umap,tcga_d256_seed13_umap_9c2b2c34ee0069f3962d.npz,0d2ea0fa74a3f7448877b46bf8357a64a679c94a5bbe380caa39208914913c7e,be89fa399d79d5532ee3a4ee1371e0cab7b7b6fc81e82e8c4149336663b624ba,4aa749e47f61f515fb02,0.5685675577340243,10,full,-79138.05849035275,0.9933000416146484,39f8ba7164afd192258ba65f,5,ok,,0.827975137279594,5,5,full,-72399.22766804634,0.035299165989272296,"{""agglom_affinities"":[""mahalanobis""],""agglom_linkages"":[""ward""],""covariances"":[""full"",""diag"",""tied"",""spherical""],""criterion"":""bic"",""early_stop_delta"":0.0,""eigen_thres"":true,""init_agglomerative"":true,""max_components"":5,""min_components"":5,""n_init_kmeans"":1,""n_jobs"":1,""random_state"":13,""reg_covar"":1e-06,""verbose"":false}"
structured_lowrank,256,14,autog2m2,tcga_d256_seed14_autog2m2_76b08cd79aca37ae1f4d.npz,c398560284709d77f012a9e6f3299c1219c36d27d7d4079308e185b23119fc8d,73aa7a022d34f23d99e9d5dd3fa32d79d40b3aed9357f4417305b2536cce97c3,4aa749e47f61f515fb02,0.7782475061055357,8,full,-98163.89981559398,0.9962962962962963,e9013e009d374fe68837e82f,5,ok,,0.988781473633014,5,5,full,-97260.993432919,0.0816800000029616,"{""agglom_affinities"":[""mahalanobis""],""agglom_linkages"":[""ward""],""covariances"":[""full"",""diag"",""tied"",""spherical""],""criterion"":""bic"",""early_stop_delta"":0.0,""eigen_thres"":true,""init_agglomerative"":true,""max_components"":5,""min_components"":5,""n_init_kmeans"":1,""n_jobs"":1,""random_state"":14,""reg_covar"":1e-06,""verbose"":false}"
structured_lowrank,256,14,pca,tcga_d256_seed14_pca_d3f53c7c771925687c36.npz,a92a72e0e1b251378474bdfc7e0d6cee7b70ff66f771a497fe038d7b54c60249,ee61c250ccc4036170a0a4e432859012ae405d8d5e23af884440c157243e133f,4aa749e47f61f515fb02,0.9975658196228132,5,full,52997.63595691452,0.99625468164794,f75e654e63cfbb55f6f7424f,5,ok,,0.9975658196228133,5,5,full,52997.63595691452,0.08179708302486688,"{""agglom_affinities"":[""mahalanobis""],""agglom_linkages"":[""ward""],""covariances"":[""full"",""diag"",""tied"",""spherical""],""criterion"":""bic"",""early_stop_delta"":0.0,""eigen_thres"":true,""init_agglomerative"":true,""max_components"":5,""min_components"":5,""n_init_kmeans"":1,""n_jobs"":1,""random_state"":14,""reg_covar"":1e-06,""verbose"":false}"
structured_lowrank,256,14,umap,tcga_d256_seed14_umap_f0b80fa531a6abb01090.npz,100c5249fe63ee7c376af54df49aadc57a0f3ac159834104aeb250da3dd0bede,88648ae28f78ec26ae01dbd133278dd8db9fca9af326f4385a7e03147d6b000f,4aa749e47f61f515fb02,0.5660867835395466,10,full,-81548.32956212723,0.993424885559717,a395fca7478622b319d4231d,5,ok,,0.827975137279594,5,5,full,-74919.67484944563,0.03559566696640104,"{""agglom_affinities"":[""mahalanobis""],""agglom_linkages"":[""ward""],""covariances"":[""full"",""diag"",""tied"",""spherical""],""criterion"":""bic"",""early_stop_delta"":0.0,""eigen_thres"":true,""init_agglomerative"":true,""max_components"":5,""min_components"":5,""n_init_kmeans"":1,""n_jobs"":1,""random_state"":14,""reg_covar"":1e-06,""verbose"":false}"
structured_lowrank,256,15,autog2m2,tcga_d256_seed15_autog2m2_5e5744608dd64b55a690.npz,6846e5601b8a7beb9e0678ead9a7c59e0c4f67d91baecdbe12728347c87e3971,b286c09bb1c89ed24bd894a2f79d54a4966b37ac22565761a9b37d99d3bbb910,4aa749e47f61f515fb02,0.7915408933573883,7,full,-83387.53022748425,0.9959217644610904,de578d01716dd3cfb9924899,5,ok,,0.9962151959482266,5,5,full,-82205.1081333484,0.0825370000093244,"{""agglom_affinities"":[""mahalanobis""],""agglom_linkages"":[""ward""],""covariances"":[""full"",""diag"",""tied"",""spherical""],""criterion"":""bic"",""early_stop_delta"":0.0,""eigen_thres"":true,""init_agglomerative"":true,""max_components"":5,""min_components"":5,""n_init_kmeans"":1,""n_jobs"":1,""random_state"":15,""reg_covar"":1e-06,""verbose"":false}"
structured_lowrank,256,15,pca,tcga_d256_seed15_pca_2329258dcab24e3ce805.npz,1def46f273805fbf171205f918eb1cec69b7e79882d05c65884d882d01a166f9,e88ffe6224fcc314eb532194e5f6ae7d646d61dd40bb952c4a886a267c558edf,4aa749e47f61f515fb02,0.9715471741497084,5,full,52720.63343000968,0.99625468164794,b7706764d63ac9f7f473c7ca,5,ok,,0.9715471741497083,5,5,full,52720.63343000968,0.0829281669575721,"{""agglom_affinities"":[""mahalanobis""],""agglom_linkages"":[""ward""],""covariances"":[""full"",""diag"",""tied"",""spherical""],""criterion"":""bic"",""early_stop_delta"":0.0,""eigen_thres"":true,""init_agglomerative"":true,""max_components"":5,""min_components"":5,""n_init_kmeans"":1,""n_jobs"":1,""random_state"":15,""reg_covar"":1e-06,""verbose"":false}"
structured_lowrank,256,15,umap,tcga_d256_seed15_umap_0baa7d0e61eab180efac.npz,43bbd33edcc0637db21f45ea7be1ac9176db1d10fd61bc41f6a0c80ab78c1858,ff59ff3eef79dfe18dbb418f522e110e65b7fe431a07ef6972c601e3e7011cb0,4aa749e47f61f515fb02,0.5866775638883283,10,full,-78548.53660341859,0.994173949230129,29c1413bc04221aa4b0b41df,5,ok,,0.827975137279594,5,5,full,-72836.38485966415,0.036198874993715435,"{""agglom_affinities"":[""mahalanobis""],""agglom_linkages"":[""ward""],""covariances"":[""full"",""diag"",""tied"",""spherical""],""criterion"":""bic"",""early_stop_delta"":0.0,""eigen_thres"":true,""init_agglomerative"":true,""max_components"":5,""min_components"":5,""n_init_kmeans"":1,""n_jobs"":1,""random_state"":15,""reg_covar"":1e-06,""verbose"":false}"
structured_lowrank,256,16,autog2m2,tcga_d256_seed16_autog2m2_1187cd53caacb4a3efd8.npz,3fae3ddf22bf56fbaa5b564a4469c15270373cfeb6c593a92ef95b0a51da157a,19a7f0c81a8b4b852cfb2afcef912070af68849c81cdd33f07a0fcf568608cf5,4aa749e47f61f515fb02,0.6558494138081362,8,full,-73919.33924339799,0.99625468164794,25e941602f4b8a69fad4267b,5,ok,,0.7185349505849844,5,5,full,-72012.66779464521,0.11593020800501108,"{""agglom_affinities"":[""mahalanobis""],""agglom_linkages"":[""ward""],""covariances"":[""full"",""diag"",""tied"",""spherical""],""criterion"":""bic"",""early_stop_delta"":0.0,""eigen_thres"":true,""init_agglomerative"":true,""max_components"":5,""min_components"":5,""n_init_kmeans"":1,""n_jobs"":1,""random_state"":16,""reg_covar"":1e-06,""verbose"":false}"
structured_lowrank,256,16,pca,tcga_d256_seed16_pca_5f876ce33239b832e122.npz,f6ff4209897a5b3c8e2a9234f49ea87821ee542c065c2e413c52c387250a8eb9,642f6704e0cb89d7fab3b41273c3ee096e660175dd151a278717eb7560d71db2,4aa749e47f61f515fb02,0.9641869451257336,5,full,52571.7522482848,0.9962962962962963,39966efa38f0f57bd72ba3b8,5,ok,,0.9641869451257336,5,5,full,52571.75224828481,0.07935620902571827,"{""agglom_affinities"":[""mahalanobis""],""agglom_linkages"":[""ward""],""covariances"":[""full"",""diag"",""tied"",""spherical""],""criterion"":""bic"",""early_stop_delta"":0.0,""eigen_thres"":true,""init_agglomerative"":true,""max_components"":5,""min_components"":5,""n_init_kmeans"":1,""n_jobs"":1,""random_state"":16,""reg_covar"":1e-06,""verbose"":false}"
structured_lowrank,256,16,umap,tcga_d256_seed16_umap_91caedfe3aad59f79cce.npz,b8fa995c534d5c7e2fbcc224db7eb0d0617073b2a6e0a01f0c2080d61b23f560,5edf3cd389041906ec4e09ad29afffb302d84acc2ce7637b78bb65ddcf671e2e,4aa749e47f61f515fb02,0.5595227434641721,10,full,-80344.04063960325,0.9939242613399916,065fcd2de24a57087bd0028e,5,ok,,0.832722326794133,5,5,full,-71511.2338717828,0.03486025001620874,"{""agglom_affinities"":[""mahalanobis""],""agglom_linkages"":[""ward""],""covariances"":[""full"",""diag"",""tied"",""spherical""],""criterion"":""bic"",""early_stop_delta"":0.0,""eigen_thres"":true,""init_agglomerative"":true,""max_components"":5,""min_components"":5,""n_init_kmeans"":1,""n_jobs"":1,""random_state"":16,""reg_covar"":1e-06,""verbose"":false}"
structured_lowrank,256,17,autog2m2,tcga_d256_seed17_autog2m2_c5f0c554067b7501cab7.npz,aabcf7f36bd9233007cf4e195b4b83d7993f6854bdc0f1bd572185b08ef98322,bee185758751c3f5d17127e0390d9b9b49b08975fa9c847573705dfa3c696c08,4aa749e47f61f515fb02,0.6220400918928929,9,full,-79201.70051535162,0.9958385351643778,074b70582bdd40c1620d27bf,5,ok,,0.9944107238247881,5,5,full,-78797.95363107721,0.1370318749686703,"{""agglom_affinities"":[""mahalanobis""],""agglom_linkages"":[""ward""],""covariances"":[""full"",""diag"",""tied"",""spherical""],""criterion"":""bic"",""early_stop_delta"":0.0,""eigen_thres"":true,""init_agglomerative"":true,""max_components"":5,""min_components"":5,""n_init_kmeans"":1,""n_jobs"":1,""random_state"":17,""reg_covar"":1e-06,""verbose"":false}"
structured_lowrank,256,17,pca,tcga_d256_seed17_pca_fc0227b1ef393be7740b.npz,c741a667bbba39361ec31fae06bbe9f5a6c30e74870aba922ef35348bad18f08,31d4fdfe66d55723c98ab8c3112da63cababd998b4f19f431ff1774f748548a4,4aa749e47f61f515fb02,0.967845654094356,5,full,52563.494822004664,0.9962962962962963,d0efc2670428e94b1975b83d,5,ok,,0.9678456540943561,5,5,full,52563.494822004664,0.0841077080112882,"{""agglom_affinities"":[""mahalanobis""],""agglom_linkages"":[""ward""],""covariances"":[""full"",""diag"",""tied"",""spherical""],""criterion"":""bic"",""early_stop_delta"":0.0,""eigen_thres"":true,""init_agglomerative"":true,""max_components"":5,""min_components"":5,""n_init_kmeans"":1,""n_jobs"":1,""random_state"":17,""reg_covar"":1e-06,""verbose"":false}"
structured_lowrank,256,17,umap,tcga_d256_seed17_umap_011c8fb52ce37ba1ad8c.npz,bb567c7582a70063fadba096f2a4dba613d872acad3c9039e9ed9facb5d9f93f,f48c2b41260cb9bc4d31345b7f21bf6284753105775cb5ce94465b7d0e59e4d7,4aa749e47f61f515fb02,0.6308358560324793,10,full,-80259.5902372562,0.9942155638784852,d5ea8639a597d7b984c20230,5,ok,,0.827975137279594,5,5,full,-73750.29829838517,0.035413207951933146,"{""agglom_affinities"":[""mahalanobis""],""agglom_linkages"":[""ward""],""covariances"":[""full"",""diag"",""tied"",""spherical""],""criterion"":""bic"",""early_stop_delta"":0.0,""eigen_thres"":true,""init_agglomerative"":true,""max_components"":5,""min_components"":5,""n_init_kmeans"":1,""n_jobs"":1,""random_state"":17,""reg_covar"":1e-06,""verbose"":false}"
structured_lowrank,256,18,autog2m2,tcga_d256_seed18_autog2m2_51f7b0e9dcf30cc986c4.npz,a17da120bc9d5023b26ac086795cf19f02e496ee200ac101eb1f2f0248e72f25,a42a6c162a87f4da551a432e76493d6a313ea9aa9b97e107fb8aca8c0995a741,4aa749e47f61f515fb02,0.8224932887429302,7,full,-83870.84261498896,0.99471493965876,b40ceaf187122680a81169cd,5,ok,,0.9925379262715904,5,5,full,-83542.64005682887,0.14517720899311826,"{""agglom_affinities"":[""mahalanobis""],""agglom_linkages"":[""ward""],""covariances"":[""full"",""diag"",""tied"",""spherical""],""criterion"":""bic"",""early_stop_delta"":0.0,""eigen_thres"":true,""init_agglomerative"":true,""max_components"":5,""min_components"":5,""n_init_kmeans"":1,""n_jobs"":1,""random_state"":18,""reg_covar"":1e-06,""verbose"":false}"
structured_lowrank,256,18,pca,tcga_d256_seed18_pca_36d27d5c21772bbd6bad.npz,48945d891bffb890edef1daf1b97f8872470812c83ed9ebe3f0eb5e8d9e8cdf7,592c5aab87c89672538605adabfaea52dce0c5ffee6435a7f7f3a1b311b6191e,4aa749e47f61f515fb02,0.9962578040012736,5,full,52994.00503916762,0.99625468164794,60113d96202d07c01338c564,5,ok,,0.9962578040012737,5,5,full,52994.00503916762,0.08106154203414917,"{""agglom_affinities"":[""mahalanobis""],""agglom_linkages"":[""ward""],""covariances"":[""full"",""diag"",""tied"",""spherical""],""criterion"":""bic"",""early_stop_delta"":0.0,""eigen_thres"":true,""init_agglomerative"":true,""max_components"":5,""min_components"":5,""n_init_kmeans"":1,""n_jobs"":1,""random_state"":18,""reg_covar"":1e-06,""verbose"":false}"
structured_lowrank,256,18,umap,tcga_d256_seed18_umap_390d42235c3d88e1081a.npz,0436fc4326ff231f792c53fedf4cd6af31ad8d02d182b1131da05ca0dc82e3d5,f2046e00b9d0da9ea5e659150ffae3f77dcd7de99dbf8c5576a097bf99d7d37f,4aa749e47f61f515fb02,0.6068153413299802,10,full,-78317.41662447002,0.9937994173949232,860f1a9e3eff3f416866acc8,5,ok,,0.827975137279594,5,5,full,-71716.68900766988,0.035499292018357664,"{""agglom_affinities"":[""mahalanobis""],""agglom_linkages"":[""ward""],""covariances"":[""full"",""diag"",""tied"",""spherical""],""criterion"":""bic"",""early_stop_delta"":0.0,""eigen_thres"":true,""init_agglomerative"":true,""max_components"":5,""min_components"":5,""n_init_kmeans"":1,""n_jobs"":1,""random_state"":18,""reg_covar"":1e-06,""verbose"":false}"
structured_lowrank,256,19,autog2m2,tcga_d256_seed19_autog2m2_9f5ee0dd2425f73bf743.npz,19e371da1fef01d2c106b55a3cbb7896403f6a48509d465426699db70a98310b,99dd4028a86fdcbf35dd10389cfec3142d16cccd4bf187489dd854931a7ac6c2,4aa749e47f61f515fb02,0.9322029936163102,7,full,-93605.26333653646,0.9964627548897212,13631d7295ff8983df23dfe6,5,ok,,0.9943595315575298,5,5,full,-91909.86796713427,0.08628995902836323,"{""agglom_affinities"":[""mahalanobis""],""agglom_linkages"":[""ward""],""covariances"":[""full"",""diag"",""tied"",""spherical""],""criterion"":""bic"",""early_stop_delta"":0.0,""eigen_thres"":true,""init_agglomerative"":true,""max_components"":5,""min_components"":5,""n_init_kmeans"":1,""n_jobs"":1,""random_state"":19,""reg_covar"":1e-06,""verbose"":false}"
structured_lowrank,256,19,pca,tcga_d256_seed19_pca_0f227c7f7d5824983a20.npz,64433edfbcc9dbc170a0c9cbf0774eb78939a7de9800dc864874b02c4835f6ba,ade5b0ab7d8c4662ed0641b3c3fcd1ee617e4fb0eee5c86ef492c602298a3cb1,4aa749e47f61f515fb02,0.978898084457934,5,full,52641.76275151886,0.9962962962962963,3cc84c02a852ad2770f96908,5,ok,,0.9788980844579339,5,5,full,52641.76275151885,0.08242445799987763,"{""agglom_affinities"":[""mahalanobis""],""agglom_linkages"":[""ward""],""covariances"":[""full"",""diag"",""tied"",""spherical""],""criterion"":""bic"",""early_stop_delta"":0.0,""eigen_thres"":true,""init_agglomerative"":true,""max_components"":5,""min_components"":5,""n_init_kmeans"":1,""n_jobs"":1,""random_state"":19,""reg_covar"":1e-06,""verbose"":false}"
structured_lowrank,256,19,umap,tcga_d256_seed19_umap_21f8fce32dda49da9649.npz,9c071d38c0e311710523b00a526c5d96c702f7a907d2eaad18b201d137687d2e,564de4e36218372760854087c44c961d2113014354d6108587f0f3b3f9febc39,4aa749e47f61f515fb02,0.5616082682085037,10,full,-81376.64589374005,0.9933416562630044,33a06ac4fcf2d77cd5dd12be,5,ok,,0.827975137279594,5,5,full,-74132.15853029006,0.036564999958500266,"{""agglom_affinities"":[""mahalanobis""],""agglom_linkages"":[""ward""],""covariances"":[""full"",""diag"",""tied"",""spherical""],""criterion"":""bic"",""early_stop_delta"":0.0,""eigen_thres"":true,""init_agglomerative"":true,""max_components"":5,""min_components"":5,""n_init_kmeans"":1,""n_jobs"":1,""random_state"":19,""reg_covar"":1e-06,""verbose"":false}"
structured_lowrank,512,0,autog2m2,tcga_d512_seed0_autog2m2_be4dbff731d47891c225.npz,fffb85377a9500548021e9d123ed17c9ee18dd1398286ba109ddb91a82f3dfb1,63a1569d307b21c9a6fd0b8ca3ecdf5498fb9702e8987362655121bf2e012e3e,4aa749e47f61f515fb02,0.8707081340646077,7,full,-54487.76622991329,0.9933832709113608,e872b7f6e345b30ed414ed76,5,ok,,0.810955471154674,5,5,full,-50332.093121447135,0.10175220796372741,"{""agglom_affinities"":[""mahalanobis""],""agglom_linkages"":[""ward""],""covariances"":[""full"",""diag"",""tied"",""spherical""],""criterion"":""bic"",""early_stop_delta"":0.0,""eigen_thres"":true,""init_agglomerative"":true,""max_components"":5,""min_components"":5,""n_init_kmeans"":1,""n_jobs"":1,""random_state"":0,""reg_covar"":1e-06,""verbose"":false}"
structured_lowrank,512,0,pca,tcga_d512_seed0_pca_d574c6f39b359fe6ba31.npz,324e658d6f1b0790ef77a75b78ad16c836a5213f07345e277595375bde18e7a0,d4412a019588d963cae094c64ea029c4dfcc6df434bbcde205e4747d4cc6e6b9,4aa749e47f61f515fb02,0.5966239608811345,10,diag,67557.8605567807,0.9952559300873908,8f47093f3de2e7a8986e8d53,5,ok,,0.9925379262715904,5,5,diag,68574.79214515709,0.0883038750034757,"{""agglom_affinities"":[""mahalanobis""],""agglom_linkages"":[""ward""],""covariances"":[""full"",""diag"",""tied"",""spherical""],""criterion"":""bic"",""early_stop_delta"":0.0,""eigen_thres"":true,""init_agglomerative"":true,""max_components"":5,""min_components"":5,""n_init_kmeans"":1,""n_jobs"":1,""random_state"":0,""reg_covar"":1e-06,""verbose"":false}"
structured_lowrank,512,0,umap,tcga_d512_seed0_umap_411468b169771b992ae3.npz,8e3f0adb40c9ce120262715f7ec27443b891056880ff9f6407bac6b135fc9786,29512100f82ab0ee680059e325387144b63d65d946c2494fbdafd78a0c99c40d,4aa749e47f61f515fb02,0.7462508461819154,7,full,-91865.41827701246,0.9939242613399916,66912bcb35a7af58361100d1,5,ok,,0.9887466505384658,5,5,full,-82868.11710004034,0.03680770902428776,"{""agglom_affinities"":[""mahalanobis""],""agglom_linkages"":[""ward""],""covariances"":[""full"",""diag"",""tied"",""spherical""],""criterion"":""bic"",""early_stop_delta"":0.0,""eigen_thres"":true,""init_agglomerative"":true,""max_components"":5,""min_components"":5,""n_init_kmeans"":1,""n_jobs"":1,""random_state"":0,""reg_covar"":1e-06,""verbose"":false}"
structured_lowrank,512,1,autog2m2,tcga_d512_seed1_autog2m2_4ddb79abe78ae41ace8d.npz,d232ff095d63f9e999dedb43afceebb2920c91c2cf7eb49c6cbb264851dc09ae,898800f89160c76e9d93289bb79d5f6da168ac32dcaac9752b64e7cde9ccf0ce,4aa749e47f61f515fb02,0.7872577343737835,6,full,-57446.93711085236,0.9908863920099876,08143b509de05ccf69934c3d,5,ok,,0.4929531101121642,5,5,full,-55306.9480691688,0.11155341699486598,"{""agglom_affinities"":[""mahalanobis""],""agglom_linkages"":[""ward""],""covariances"":[""full"",""diag"",""tied"",""spherical""],""criterion"":""bic"",""early_stop_delta"":0.0,""eigen_thres"":true,""init_agglomerative"":true,""max_components"":5,""min_components"":5,""n_init_kmeans"":1,""n_jobs"":1,""random_state"":1,""reg_covar"":1e-06,""verbose"":false}"
structured_lowrank,512,1,pca,tcga_d512_seed1_pca_570c7326c413bdebbc3b.npz,db97a209801eda4f0398ac84ff1a757309fc58082fcf0f52bdea3ef56a7dbb19,7883be4b46b85b0e6025b27bcfa12262cb5bbe93a05772dc5896282105ec302c,4aa749e47f61f515fb02,0.6931696033762351,10,diag,67399.10144142229,0.9947981689554724,b6d2fdcdd91a00c185248e0e,5,ok,,0.9925379262715904,5,5,diag,68600.2466411698,0.0838635410182178,"{""agglom_affinities"":[""mahalanobis""],""agglom_linkages"":[""ward""],""covariances"":[""full"",""diag"",""tied"",""spherical""],""criterion"":""bic"",""early_stop_delta"":0.0,""eigen_thres"":true,""init_agglomerative"":true,""max_components"":5,""min_components"":5,""n_init_kmeans"":1,""n_jobs"":1,""random_state"":1,""reg_covar"":1e-06,""verbose"":false}"
structured_lowrank,512,1,umap,tcga_d512_seed1_umap_05ff95fed4f7bd0a6bd1.npz,216fdf0ed93eba2898bf0611618b9fdf5ed2f0982f874bc4b71d9215b53b112e,f90936e66fcd326a97994728110e7c56a3304dd124d6235497a68772e95cea69,4aa749e47f61f515fb02,0.884049133991804,6,full,-95457.9195587158,0.9954640033291718,6d0f08bf2d290c92f8172562,5,ok,,0.9887466505384658,5,5,full,-88393.25951497276,0.03742520802188665,"{""agglom_affinities"":[""mahalanobis""],""agglom_linkages"":[""ward""],""covariances"":[""full"",""diag"",""tied"",""spherical""],""criterion"":""bic"",""early_stop_delta"":0.0,""eigen_thres"":true,""init_agglomerative"":true,""max_components"":5,""min_components"":5,""n_init_kmeans"":1,""n_jobs"":1,""random_state"":1,""reg_covar"":1e-06,""verbose"":false}"
structured_lowrank,512,2,autog2m2,tcga_d512_seed2_autog2m2_7c3d4d02543bf5b262fc.npz,839c11d3e94599e5122d8bc925c82900c8d553aa176576d500f7cfac16881241,b81414d867a4861172615acfc64aa936a6117dc0d3533d7321a4c6f6a3ca2982,4aa749e47f61f515fb02,0.8933183929119741,6,full,-73634.05902475245,0.9806075738660008,fcc3a0cc11679837ef03b2ef,5,ok,,0.5928570001592445,5,5,full,-72023.52885082735,0.11510037496918812,"{""agglom_affinities"":[""mahalanobis""],""agglom_linkages"":[""ward""],""covariances"":[""full"",""diag"",""tied"",""spherical""],""criterion"":""bic"",""early_stop_delta"":0.0,""eigen_thres"":true,""init_agglomerative"":true,""max_components"":5,""min_components"":5,""n_init_kmeans"":1,""n_jobs"":1,""random_state"":2,""reg_covar"":1e-06,""verbose"":false}"
structured_lowrank,512,2,pca,tcga_d512_seed2_pca_071373ac118a19909fba.npz,80ca934aff3a13d853ffb65eba077ef4e864443dc126a758d709b89749923039,aec86e46677e860940f1c8f7a6ed997c3467c1b5b5409d1850d8e56772419e1a,4aa749e47f61f515fb02,0.7314784363639749,9,tied,67532.78230556293,0.9946733250104036,91d2a75773b73422356200e5,5,ok,,0.9888244419492582,5,5,diag,68496.6436088878,0.08693933300673962,"{""agglom_affinities"":[""mahalanobis""],""agglom_linkages"":[""ward""],""covariances"":[""full"",""diag"",""tied"",""spherical""],""criterion"":""bic"",""early_stop_delta"":0.0,""eigen_thres"":true,""init_agglomerative"":true,""max_components"":5,""min_components"":5,""n_init_kmeans"":1,""n_jobs"":1,""random_state"":2,""reg_covar"":1e-06,""verbose"":false}"
structured_lowrank,512,2,umap,tcga_d512_seed2_umap_29362263b688a5a2ae57.npz,c40c937ca3564adf6ebafd2dfa9fea4c2495dfedbd3d0baa7e85e943ab69145d,0ded06251b231a574a0633905c2ea253c92ad11007e5e1f5a56fa04b100899e4,4aa749e47f61f515fb02,0.7258671897716649,7,full,-91439.93097991263,0.9940907199334166,ffb109d33ea155cd2ad013f3,5,ok,,0.9887466505384658,5,5,full,-82056.21328731194,0.03614720795303583,"{""agglom_affinities"":[""mahalanobis""],""agglom_linkages"":[""ward""],""covariances"":[""full"",""diag"",""tied"",""spherical""],""criterion"":""bic"",""early_stop_delta"":0.0,""eigen_thres"":true,""init_agglomerative"":true,""max_components"":5,""min_components"":5,""n_init_kmeans"":1,""n_jobs"":1,""random_state"":2,""reg_covar"":1e-06,""verbose"":false}"
structured_lowrank,512,3,autog2m2,tcga_d512_seed3_autog2m2_f0130719f30dcabc0db6.npz,072a48c157c7827d95aa6a49d56d82dd31b77a74f7cd7f658965ad0914c8b545,65b651db65cff10151d3e5ff0f55209f83a020bfe925d171671fbcf7421d66f4,4aa749e47f61f515fb02,0.9462839572162391,6,full,-53134.00045401629,0.9818143986683312,304b4b0d8d3d6374a0b2e7ed,5,ok,,0.9850459881493702,5,5,full,-52295.88739867312,0.09145341702969745,"{""agglom_affinities"":[""mahalanobis""],""agglom_linkages"":[""ward""],""covariances"":[""full"",""diag"",""tied"",""spherical""],""criterion"":""bic"",""early_stop_delta"":0.0,""eigen_thres"":true,""init_agglomerative"":true,""max_components"":5,""min_components"":5,""n_init_kmeans"":1,""n_jobs"":1,""random_state"":3,""reg_covar"":1e-06,""verbose"":false}"
structured_lowrank,512,3,pca,tcga_d512_seed3_pca_2b7b94e01217040a86dc.npz,2c65631a9cd31d1f141cb16b4ec9d58dacf702b27b0e29b23c1283c9d72ec8dc,929ca0c1fea070dfaa4da8b42a262e19c3e3b779560ad5bd15dc371955d08eed,4aa749e47f61f515fb02,0.7435728071566834,9,tied,67605.195739972,0.9951310861423222,8f0756d2e757f6db312a85c9,5,ok,,0.9752013453579793,5,5,full,68629.42515900973,0.08531641605077311,"{""agglom_affinities"":[""mahalanobis""],""agglom_linkages"":[""ward""],""covariances"":[""full"",""diag"",""tied"",""spherical""],""criterion"":""bic"",""early_stop_delta"":0.0,""eigen_thres"":true,""init_agglomerative"":true,""max_components"":5,""min_components"":5,""n_init_kmeans"":1,""n_jobs"":1,""random_state"":3,""reg_covar"":1e-06,""verbose"":false}"
structured_lowrank,512,3,umap,tcga_d512_seed3_umap_b59d485cc8da1d2f6f09.npz,a1a7f176a4c6ff581040b1c999c07ecc15a5a1cf217e4ecfd66b2fd0f1cd70da,6fbd00eaddf38de2273ef0976c701a4bfd1ce624ab7125f2896346f1aaa03343,4aa749e47f61f515fb02,0.7244378764999251,7,full,-92780.34846451395,0.9957969205160216,6776a7b26419e5219268e091,5,ok,,0.9925379262715904,5,5,full,-84085.7017607971,0.03686129202833399,"{""agglom_affinities"":[""mahalanobis""],""agglom_linkages"":[""ward""],""covariances"":[""full"",""diag"",""tied"",""spherical""],""criterion"":""bic"",""early_stop_delta"":0.0,""eigen_thres"":true,""init_agglomerative"":true,""max_components"":5,""min_components"":5,""n_init_kmeans"":1,""n_jobs"":1,""random_state"":3,""reg_covar"":1e-06,""verbose"":false}"
structured_lowrank,512,4,autog2m2,tcga_d512_seed4_autog2m2_a764d66085dda620158f.npz,55f6c196cc32baa9b4be68dadab00dd751dd91dfa2da4dbf996de46e7b237603,70c6fcc30d7384705b78dbc0e7c12b5a77f4485634bb3a4dbc941f9cb5103de5,4aa749e47f61f515fb02,0.6464148288040175,9,full,-54819.215026328086,0.9919683728672491,b327b01f74e330b56a65f4a2,5,ok,,0.6663889417636147,5,5,full,-52086.21289345503,0.12971483397996053,"{""agglom_affinities"":[""mahalanobis""],""agglom_linkages"":[""ward""],""covariances"":[""full"",""diag"",""tied"",""spherical""],""criterion"":""bic"",""early_stop_delta"":0.0,""eigen_thres"":true,""init_agglomerative"":true,""max_components"":5,""min_components"":5,""n_init_kmeans"":1,""n_jobs"":1,""random_state"":4,""reg_covar"":1e-06,""verbose"":false}"
structured_lowrank,512,4,pca,tcga_d512_seed4_pca_de0a0bf9422ecba90cdd.npz,a0f596b2408f342565dad9b028856d19ebe59fe6f44c44b1fd4042badced1cbe,2970439d523a609acba8d0089cf5f34ac7d886a627b8fc6bd436fd1660f4fbbf,4aa749e47f61f515fb02,0.7502968970751529,9,tied,67525.17510862357,0.99471493965876,f349aa0fdd3471aa23893d68,5,ok,,0.9938081437916385,5,5,diag,68491.69889409485,0.08330033399397507,"{""agglom_affinities"":[""mahalanobis""],""agglom_linkages"":[""ward""],""covariances"":[""full"",""diag"",""tied"",""spherical""],""criterion"":""bic"",""early_stop_delta"":0.0,""eigen_thres"":true,""init_agglomerative"":true,""max_components"":5,""min_components"":5,""n_init_kmeans"":1,""n_jobs"":1,""random_state"":4,""reg_covar"":1e-06,""verbose"":false}"
structured_lowrank,512,4,umap,tcga_d512_seed4_umap_8ad848fc92ef9bdb55eb.npz,7188a445ac56b84f43edf4780ba0c0aff06d64b5f83acf8e85d463278aef9a25,607a1c14646e44ba64abf3f522f29005bc8186cddf359fe18ab2b85e5327d509,4aa749e47f61f515fb02,0.8842991276004155,6,full,-90794.2636702024,0.9927174365376612,1cb28ab0261e8cf26a46d1e3,5,ok,,0.9850459881493702,5,5,full,-81732.44253924796,0.036508957971818745,"{""agglom_affinities"":[""mahalanobis""],""agglom_linkages"":[""ward""],""covariances"":[""full"",""diag"",""tied"",""spherical""],""criterion"":""bic"",""early_stop_delta"":0.0,""eigen_thres"":true,""init_agglomerative"":true,""max_components"":5,""min_components"":5,""n_init_kmeans"":1,""n_jobs"":1,""random_state"":4,""reg_covar"":1e-06,""verbose"":false}"
structured_lowrank,512,5,autog2m2,tcga_d512_seed5_autog2m2_40a46bf2b66ba09de3e8.npz,99e6511430b2632bf2efce9410b0b070c0cd186d49bd5333a6d5c8d1087b28b7,4c4c92df7785b00a810f7284831b05974cd05fee70fbafa5120a9ef74e219e7c,4aa749e47f61f515fb02,0.7349398536549562,8,full,-60875.19458248264,0.9913857677902622,3d6741501a4f4567fd44b143,5,ok,,0.9888244419492582,5,5,full,-60418.31466005546,0.10150929196970537,"{""agglom_affinities"":[""mahalanobis""],""agglom_linkages"":[""ward""],""covariances"":[""full"",""diag"",""tied"",""spherical""],""criterion"":""bic"",""early_stop_delta"":0.0,""eigen_thres"":true,""init_agglomerative"":true,""max_components"":5,""min_components"":5,""n_init_kmeans"":1,""n_jobs"":1,""random_state"":5,""reg_covar"":1e-06,""verbose"":false}"
structured_lowrank,512,5,pca,tcga_d512_seed5_pca_4efa788b7d7729f32c4e.npz,d3b5c540c5d2029721c9384be2d7b9352c6dac7625fafbae03a960d6dd882e6c,4697f00121d0443bd1e65bfe4aefe26a823eb5843e613d846d3e6553d9ede3ca,4aa749e47f61f515fb02,0.6095091270005937,9,diag,67301.47912451331,0.9949646275488973,1801a7354ee28c06a72c8806,5,ok,,0.9925379262715904,5,5,diag,68341.78153926929,0.11915350001072511,"{""agglom_affinities"":[""mahalanobis""],""agglom_linkages"":[""ward""],""covariances"":[""full"",""diag"",""tied"",""spherical""],""criterion"":""bic"",""early_stop_delta"":0.0,""eigen_thres"":true,""init_agglomerative"":true,""max_components"":5,""min_components"":5,""n_init_kmeans"":1,""n_jobs"":1,""random_state"":5,""reg_covar"":1e-06,""verbose"":false}"
structured_lowrank,512,5,umap,tcga_d512_seed5_umap_9fac87542fd153f350a0.npz,199769cf4b367a465fab4c8efd672d69885b3ac7495ae8512c6940fd34c76b04,523bbe09ed3c4e07668df7f4cf63d489436489b01531a9baef65deed0bb91a6b,4aa749e47f61f515fb02,0.7262837834675024,7,full,-89828.0097047352,0.995880149812734,09a0aab7635e081a8b2773c8,5,ok,,0.9925379262715904,5,5,full,-82098.19619176904,0.03586962498957291,"{""agglom_affinities"":[""mahalanobis""],""agglom_linkages"":[""ward""],""covariances"":[""full"",""diag"",""tied"",""spherical""],""criterion"":""bic"",""early_stop_delta"":0.0,""eigen_thres"":true,""init_agglomerative"":true,""max_components"":5,""min_components"":5,""n_init_kmeans"":1,""n_jobs"":1,""random_state"":5,""reg_covar"":1e-06,""verbose"":false}"
structured_lowrank,512,6,autog2m2,tcga_d512_seed6_autog2m2_452b098f3780fb51fd0b.npz,03dbf05f950bb7d0b3cbeb75692bbf71e880551567a10167f9570cd21591a609,887ccd5bf74989d666300cac6b85757e878a9cf5b1d2d2385f000b563cd727c8,4aa749e47f61f515fb02,0.9781746352514372,5,full,-65646.01904364434,0.980649188514357,8f80e66e5c48af572ef0b01b,5,ok,,0.9781746352514373,5,5,full,-65646.01904364434,0.1040154590154998,"{""agglom_affinities"":[""mahalanobis""],""agglom_linkages"":[""ward""],""covariances"":[""full"",""diag"",""tied"",""spherical""],""criterion"":""bic"",""early_stop_delta"":0.0,""eigen_thres"":true,""init_agglomerative"":true,""max_components"":5,""min_components"":5,""n_init_kmeans"":1,""n_jobs"":1,""random_state"":6,""reg_covar"":1e-06,""verbose"":false}"
structured_lowrank,512,6,pca,tcga_d512_seed6_pca_91784ce5c5e19bf94b9f.npz,65b633ce54c045552afe13cead55cf08dd29e3ac750e758854b2cc2fe9f72952,9787d67be3e04c716fca2a2c1b534b636d78dc8d1ed89ad3a8a285f8a3030f08,4aa749e47f61f515fb02,0.6251499903909068,9,diag,67668.37714671968,0.994548481065335,24ab055e977a948b661b4353,5,ok,,0.9758383240258922,5,5,full,68581.89290204765,0.0983702500234358,"{""agglom_affinities"":[""mahalanobis""],""agglom_linkages"":[""ward""],""covariances"":[""full"",""diag"",""tied"",""spherical""],""criterion"":""bic"",""early_stop_delta"":0.0,""eigen_thres"":true,""init_agglomerative"":true,""max_components"":5,""min_components"":5,""n_init_kmeans"":1,""n_jobs"":1,""random_state"":6,""reg_covar"":1e-06,""verbose"":false}"
structured_lowrank,512,6,umap,tcga_d512_seed6_umap_3ee0e528ba3347af2472.npz,c6f5aa73632d0ae7ddc8a05de0af1f1967a2bdf2b3996f98da60cb085fe6c3a3,8bf639a198f2cf48fde9f86f248f36fdc904f23ab7cf927a1f8398aba782f6f6,4aa749e47f61f515fb02,0.6849328830299314,8,full,-93903.9329974464,0.99625468164794,f8a6d8a11a4b81a743e2c7c4,5,ok,,0.9925379262715904,5,5,full,-86398.3080453422,0.035389917029533535,"{""agglom_affinities"":[""mahalanobis""],""agglom_linkages"":[""ward""],""covariances"":[""full"",""diag"",""tied"",""spherical""],""criterion"":""bic"",""early_stop_delta"":0.0,""eigen_thres"":true,""init_agglomerative"":true,""max_components"":5,""min_components"":5,""n_init_kmeans"":1,""n_jobs"":1,""random_state"":6,""reg_covar"":1e-06,""verbose"":false}"
structured_lowrank,512,7,autog2m2,tcga_d512_seed7_autog2m2_ef7b61da887a86ea850b.npz,8deef31aa327f30007e4c65f0f72e6f20f0d837a409b5b72acee7eff6357b765,f27c0ec39d4a7c32524570c900335ae99e27932dc3e16f6878c1c590a6d45276,4aa749e47f61f515fb02,0.7789498315365538,6,full,-69606.42662282629,0.9899708697461508,31da40a29ccec5b67f10b800,5,ok,,0.98879353842466,5,5,full,-69271.04375694146,0.09844233305193484,"{""agglom_affinities"":[""mahalanobis""],""agglom_linkages"":[""ward""],""covariances"":[""full"",""diag"",""tied"",""spherical""],""criterion"":""bic"",""early_stop_delta"":0.0,""eigen_thres"":true,""init_agglomerative"":true,""max_components"":5,""min_components"":5,""n_init_kmeans"":1,""n_jobs"":1,""random_state"":7,""reg_covar"":1e-06,""verbose"":false}"
structured_lowrank,512,7,pca,tcga_d512_seed7_pca_f3289becc944cb72e80d.npz,45df163af0b8ac920167a154a04160805a28b1ec2f37747607c31cf0f2e74f5d,69af657c8159e3a1e2600b4dec4f8771430111ca5641c20d31b30a99f7edaf79,4aa749e47f61f515fb02,0.5976252146660358,10,tied,67674.5624476987,0.9937994173949232,ce9eb665752e7d78126fab64,5,ok,,0.9925379262715904,5,5,diag,68709.29555423246,0.08332370803691447,"{""agglom_affinities"":[""mahalanobis""],""agglom_linkages"":[""ward""],""covariances"":[""full"",""diag"",""tied"",""spherical""],""criterion"":""bic"",""early_stop_delta"":0.0,""eigen_thres"":true,""init_agglomerative"":true,""max_components"":5,""min_components"":5,""n_init_kmeans"":1,""n_jobs"":1,""random_state"":7,""reg_covar"":1e-06,""verbose"":false}"
structured_lowrank,512,7,umap,tcga_d512_seed7_umap_25b0873038b924d0c103.npz,2146ce6c40a63099d8a1ead5eb4e1ba3bd1bb587b14d00747c2e26ed81de8331,94d48c88fffeb004dbcf6b1c1423c2f8ba807238604fb1e5095eeb344e309e17,4aa749e47f61f515fb02,0.7284473563396574,7,full,-90183.69655532837,0.9941323345817727,f317b79df8cf5378a6b25263,5,ok,,0.9887466505384658,5,5,full,-83694.06173812044,0.03868816699832678,"{""agglom_affinities"":[""mahalanobis""],""agglom_linkages"":[""ward""],""covariances"":[""full"",""diag"",""tied"",""spherical""],""criterion"":""bic"",""early_stop_delta"":0.0,""eigen_thres"":true,""init_agglomerative"":true,""max_components"":5,""min_components"":5,""n_init_kmeans"":1,""n_jobs"":1,""random_state"":7,""reg_covar"":1e-06,""verbose"":false}"
structured_lowrank,512,8,autog2m2,tcga_d512_seed8_autog2m2_825f6d75bd8706554788.npz,200ae2a74b80df74108401df4092b611202a506bb0ea256a7a85e253c43e707c,c8bffc4c4342c5eba6f5b7c98d8e88afe9f1f3c22a9eef248769eff85dc8a7bd,4aa749e47f61f515fb02,0.8965908769239053,7,full,-83546.93808095725,0.9789013732833958,2c8b822104e3932b6ad425f7,5,ok,,0.9556969690964661,5,5,full,-83298.8707023074,0.11112454201793298,"{""agglom_affinities"":[""mahalanobis""],""agglom_linkages"":[""ward""],""covariances"":[""full"",""diag"",""tied"",""spherical""],""criterion"":""bic"",""early_stop_delta"":0.0,""eigen_thres"":true,""init_agglomerative"":true,""max_components"":5,""min_components"":5,""n_init_kmeans"":1,""n_jobs"":1,""random_state"":8,""reg_covar"":1e-06,""verbose"":false}"
structured_lowrank,512,8,pca,tcga_d512_seed8_pca_b4cdb1dd7aeee84a1b90.npz,13bb361eec27924febebd1f2224330e8ae5cfb68383fcd36b8278ae026289426,31c26169e357708e018fc8c5a77110851d08c2f53c5d781c27a25790de68d443,4aa749e47f61f515fb02,0.5682527262630421,10,diag,67539.81197787508,0.9948397836038284,127c61bd2baefe5fea0b4ade,5,ok,,0.9925379262715904,5,5,diag,68577.9280846946,0.08461799996439368,"{""agglom_affinities"":[""mahalanobis""],""agglom_linkages"":[""ward""],""covariances"":[""full"",""diag"",""tied"",""spherical""],""criterion"":""bic"",""early_stop_delta"":0.0,""eigen_thres"":true,""init_agglomerative"":true,""max_components"":5,""min_components"":5,""n_init_kmeans"":1,""n_jobs"":1,""random_state"":8,""reg_covar"":1e-06,""verbose"":false}"
structured_lowrank,512,8,umap,tcga_d512_seed8_umap_f8d11ec2fa18be10b658.npz,966f00ab5f4a05d3d650c72f9a8a0a84e2f12f2c9b230c537136fdea9c5c17c1,16776566b92d13a039768974c1afbccef36c17ef2e6dc4ca73f91e203b41bf9b,4aa749e47f61f515fb02,0.721803014500804,7,full,-89938.7883366593,0.9940491052850604,1257b7d281566016e01ea4d1,5,ok,,0.9887466505384658,5,5,full,-83958.40484874637,0.03786654199939221,"{""agglom_affinities"":[""mahalanobis""],""agglom_linkages"":[""ward""],""covariances"":[""full"",""diag"",""tied"",""spherical""],""criterion"":""bic"",""early_stop_delta"":0.0,""eigen_thres"":true,""init_agglomerative"":true,""max_components"":5,""min_components"":5,""n_init_kmeans"":1,""n_jobs"":1,""random_state"":8,""reg_covar"":1e-06,""verbose"":false}"
structured_lowrank,512,9,autog2m2,tcga_d512_seed9_autog2m2_d5b120056428ad07436c.npz,36822b3be4ffbd23cfd47b2fc099257adc9ca3db5488bb666183ddf19abf0598,2491271677676db17211865d0f4b4f767bf7ece93245a4be005a36b66b5a15da,4aa749e47f61f515fb02,0.6830271155621922,10,spherical,-77039.86867041483,0.980108198085726,e851ce6f7140f5b6ff00f504,5,ok,,0.8405361425932879,5,5,full,-75663.86734065846,0.1067114999750629,"{""agglom_affinities"":[""mahalanobis""],""agglom_linkages"":[""ward""],""covariances"":[""full"",""diag"",""tied"",""spherical""],""criterion"":""bic"",""early_stop_delta"":0.0,""eigen_thres"":true,""init_agglomerative"":true,""max_components"":5,""min_components"":5,""n_init_kmeans"":1,""n_jobs"":1,""random_state"":9,""reg_covar"":1e-06,""verbose"":false}"
structured_lowrank,512,9,pca,tcga_d512_seed9_pca_7c14277df07254d71de9.npz,a61887992538c211639611605624e75b06229ebf634e898cf7e0e3591a41884a,afb070c156f5140dbe8c9159c81b16294544a712854fdded8dca89c7e8a5d2a8,4aa749e47f61f515fb02,0.6063847116513997,10,tied,67530.63480911902,0.9947981689554724,f0e0e16a703963a9082e28f5,5,ok,,0.9962578040012737,5,5,diag,68567.700176806,0.08706295798765495,"{""agglom_affinities"":[""mahalanobis""],""agglom_linkages"":[""ward""],""covariances"":[""full"",""diag"",""tied"",""spherical""],""criterion"":""bic"",""early_stop_delta"":0.0,""eigen_thres"":true,""init_agglomerative"":true,""max_components"":5,""min_components"":5,""n_init_kmeans"":1,""n_jobs"":1,""random_state"":9,""reg_covar"":1e-06,""verbose"":false}"
structured_lowrank,512,9,umap,tcga_d512_seed9_umap_1a75056198691aeafe4d.npz,0697f527c2191d7b58319f667c432f2fc459c82f2f4cf7ab050b4a63f1af831f,8989c6b10259ef09f7d6c58ac41d98f8a2b5354e4298aa2a0f9b4a7c7578e781,4aa749e47f61f515fb02,0.7301454896748506,7,full,-88654.69588359505,0.994173949230129,28d1e331ca1295d5481c7f60,5,ok,,0.9887466505384658,5,5,full,-77674.91196476134,0.037106791976839304,"{""agglom_affinities"":[""mahalanobis""],""agglom_linkages"":[""ward""],""covariances"":[""full"",""diag"",""tied"",""spherical""],""criterion"":""bic"",""early_stop_delta"":0.0,""eigen_thres"":true,""init_agglomerative"":true,""max_components"":5,""min_components"":5,""n_init_kmeans"":1,""n_jobs"":1,""random_state"":9,""reg_covar"":1e-06,""verbose"":false}"
structured_lowrank,512,10,autog2m2,tcga_d512_seed10_autog2m2_bfa0ff85aa1e22daad11.npz,824145eb11cdb9294619a68bd39beccd5ace11836ef8617ec33c7616867e19c3,349d6f22fc1f2121f0251d4727d4dfbd8f1d230c8ae99bf08dd40162d2d567af,4aa749e47f61f515fb02,0.6889444246011395,7,diag,-109196.04886835488,0.9419891801914274,4ee8a34f818b4097afc59d70,5,ok,,0.7680524669996363,5,5,diag,-108808.24009391709,0.1508916660095565,"{""agglom_affinities"":[""mahalanobis""],""agglom_linkages"":[""ward""],""covariances"":[""full"",""diag"",""tied"",""spherical""],""criterion"":""bic"",""early_stop_delta"":0.0,""eigen_thres"":true,""init_agglomerative"":true,""max_components"":5,""min_components"":5,""n_init_kmeans"":1,""n_jobs"":1,""random_state"":10,""reg_covar"":1e-06,""verbose"":false}"
structured_lowrank,512,10,pca,tcga_d512_seed10_pca_91695458114453f3f7b2.npz,0ba229b4f5681be2c6aa87b828fcb857dbd374d6d3bef5164741c325d45cbf64,addf93cbb4e9c6e29584076c801b0b33c9867af10d57686aa64c66cadbab961f,4aa749e47f61f515fb02,0.5520168843487783,10,diag,67540.78242131628,0.9954223886808156,3ebadc245bad0859f294cb90,5,ok,,0.9962578040012737,5,5,diag,68521.98349008756,0.10525837499881163,"{""agglom_affinities"":[""mahalanobis""],""agglom_linkages"":[""ward""],""covariances"":[""full"",""diag"",""tied"",""spherical""],""criterion"":""bic"",""early_stop_delta"":0.0,""eigen_thres"":true,""init_agglomerative"":true,""max_components"":5,""min_components"":5,""n_init_kmeans"":1,""n_jobs"":1,""random_state"":10,""reg_covar"":1e-06,""verbose"":false}"
structured_lowrank,512,10,umap,tcga_d512_seed10_umap_4a9a2af5f1b52bb70fc0.npz,e814dbe649657ef7d892a1932b0313898e549d8b4b0973ad050bd0037380be04,352de21f820a2dc6cbd9b8d83e2383e69ad86f48474925ce1308861b74be3089,4aa749e47f61f515fb02,0.8782569091176565,6,full,-91041.84571248412,0.9952559300873908,2de1b3426d1a148c7a93ee8a,5,ok,,0.9887466505384658,5,5,full,-85343.98782470387,0.03780045796884224,"{""agglom_affinities"":[""mahalanobis""],""agglom_linkages"":[""ward""],""covariances"":[""full"",""diag"",""tied"",""spherical""],""criterion"":""bic"",""early_stop_delta"":0.0,""eigen_thres"":true,""init_agglomerative"":true,""max_components"":5,""min_components"":5,""n_init_kmeans"":1,""n_jobs"":1,""random_state"":10,""reg_covar"":1e-06,""verbose"":false}"
structured_lowrank,512,11,autog2m2,tcga_d512_seed11_autog2m2_c8570fde037db209d062.npz,b185939a477824bc0b940a9b0a9282d784ef262e5dd2e9f4a7ea9980a958c099,33d50eee4cf1a0a35ad5ad9381c20c74b344e4150bbf36beb1dfcf0003b74642,4aa749e47f61f515fb02,0.740481780843778,7,full,-71750.05937338386,0.9844777361631294,7dc6e88af63270694766bfaa,5,ok,,0.8501976372574435,5,5,full,-67566.78484740901,0.11775145900901407,"{""agglom_affinities"":[""mahalanobis""],""agglom_linkages"":[""ward""],""covariances"":[""full"",""diag"",""tied"",""spherical""],""criterion"":""bic"",""early_stop_delta"":0.0,""eigen_thres"":true,""init_agglomerative"":true,""max_components"":5,""min_components"":5,""n_init_kmeans"":1,""n_jobs"":1,""random_state"":11,""reg_covar"":1e-06,""verbose"":false}"
structured_lowrank,512,11,pca,tcga_d512_seed11_pca_94cfa03ff527643d8786.npz,ed3750bb886871563aaf7c6f7bc229cb07027b9f13d0219570cec9bbbeef8bc1,fee3172c64bc7906800c1f27f77a922f3ab4339c8043e149073a17aec564689c,4aa749e47f61f515fb02,0.6196244602960821,10,tied,67584.8620108216,0.9944652517686224,064c65b2348a093c71232a2d,5,ok,,0.9907046830195056,5,5,diag,68648.67167529697,0.08841775002656505,"{""agglom_affinities"":[""mahalanobis""],""agglom_linkages"":[""ward""],""covariances"":[""full"",""diag"",""tied"",""spherical""],""criterion"":""bic"",""early_stop_delta"":0.0,""eigen_thres"":true,""init_agglomerative"":true,""max_components"":5,""min_components"":5,""n_init_kmeans"":1,""n_jobs"":1,""random_state"":11,""reg_covar"":1e-06,""verbose"":false}"
structured_lowrank,512,11,umap,tcga_d512_seed11_umap_187df509430465f162fc.npz,94277f1180bb9bf066e5a2a4958822c87289a1cc97deb504e7cd6834db0d51ba,3db8a7b809d8c5148e0e5f8305a674552675b9d73a15826c9e5dc2c643b46d3e,4aa749e47f61f515fb02,0.7342742729176303,7,full,-90190.73401016294,0.9959217644610904,fc4bacbd9ce06d54b9688102,5,ok,,0.9925379262715904,5,5,full,-84007.36130411645,0.035574834037106484,"{""agglom_affinities"":[""mahalanobis""],""agglom_linkages"":[""ward""],""covariances"":[""full"",""diag"",""tied"",""spherical""],""criterion"":""bic"",""early_stop_delta"":0.0,""eigen_thres"":true,""init_agglomerative"":true,""max_components"":5,""min_components"":5,""n_init_kmeans"":1,""n_jobs"":1,""random_state"":11,""reg_covar"":1e-06,""verbose"":false}"
structured_lowrank,512,12,autog2m2,tcga_d512_seed12_autog2m2_a1ead323a84c1f53ba8c.npz,1d68617e9ed8391a9d6b78cfcea4a4503b41aa9f5f2e949789d7502446a08772,c41e0cd504767cef7384cf911621737b55f08636a373968eb6c9a4c71fc67199,4aa749e47f61f515fb02,0.4887435002213597,9,diag,-112512.27607241362,0.9425301706200584,28a089e8b8afaddd42575ee1,5,ok,,0.7807085108915627,5,5,diag,-112158.95918142525,0.12221133400453255,"{""agglom_affinities"":[""mahalanobis""],""agglom_linkages"":[""ward""],""covariances"":[""full"",""diag"",""tied"",""spherical""],""criterion"":""bic"",""early_stop_delta"":0.0,""eigen_thres"":true,""init_agglomerative"":true,""max_components"":5,""min_components"":5,""n_init_kmeans"":1,""n_jobs"":1,""random_state"":12,""reg_covar"":1e-06,""verbose"":false}"
structured_lowrank,512,12,pca,tcga_d512_seed12_pca_76ef1f8846c8e48a857a.npz,5ff4f356f161c0d98fc94ade15cf873d66749a77313426c0cf0a27bf2ce12688,41aa5a2b446b5c25085bc8c5d5b5a47a76b8f8b46765b7b526c35ac670e45a0f,4aa749e47f61f515fb02,0.5719051858764185,10,diag,67408.24942463136,0.994756554307116,8b90248563c03f9ec4296388,5,ok,,0.9962578040012737,5,5,diag,68430.91544812851,0.08429187501315027,"{""agglom_affinities"":[""mahalanobis""],""agglom_linkages"":[""ward""],""covariances"":[""full"",""diag"",""tied"",""spherical""],""criterion"":""bic"",""early_stop_delta"":0.0,""eigen_thres"":true,""init_agglomerative"":true,""max_components"":5,""min_components"":5,""n_init_kmeans"":1,""n_jobs"":1,""random_state"":12,""reg_covar"":1e-06,""verbose"":false}"
structured_lowrank,512,12,umap,tcga_d512_seed12_umap_d384bb98bcf8ffcaf8ea.npz,623efff238b7771ac8ca1cf723d8bd431a642c8b7452a2136f688e3ee85ea3a6,5f5b9d5315ad275a08d9a027ace386314b59c4e69528bfbdc9510544026449ec,4aa749e47f61f515fb02,0.7479141957788988,7,full,-92070.9723019744,0.9951727007906784,547cea55b387bda547c9fec5,5,ok,,0.9925379262715904,5,5,full,-81196.43813697794,0.0372013749438338,"{""agglom_affinities"":[""mahalanobis""],""agglom_linkages"":[""ward""],""covariances"":[""full"",""diag"",""tied"",""spherical""],""criterion"":""bic"",""early_stop_delta"":0.0,""eigen_thres"":true,""init_agglomerative"":true,""max_components"":5,""min_components"":5,""n_init_kmeans"":1,""n_jobs"":1,""random_state"":12,""reg_covar"":1e-06,""verbose"":false}"
structured_lowrank,512,13,autog2m2,tcga_d512_seed13_autog2m2_091850abaf20feaa2712.npz,075d55cfdcb7455037288a8f5d2e1c40d503b57732c8870095d88706115764be,0d41b7850f365531538ced92b01f3807e0ac113a60acbae461412bf4b8d2a581,4aa749e47f61f515fb02,0.9386104366876832,6,full,-70602.29612731042,0.9826050769870994,a033176fb4500c39b0743c15,5,ok,,0.9679454310264678,5,5,full,-70460.17082678065,0.09924529201816767,"{""agglom_affinities"":[""mahalanobis""],""agglom_linkages"":[""ward""],""covariances"":[""full"",""diag"",""tied"",""spherical""],""criterion"":""bic"",""early_stop_delta"":0.0,""eigen_thres"":true,""init_agglomerative"":true,""max_components"":5,""min_components"":5,""n_init_kmeans"":1,""n_jobs"":1,""random_state"":13,""reg_covar"":1e-06,""verbose"":false}"
structured_lowrank,512,13,pca,tcga_d512_seed13_pca_0c20461acfe8b0b094b5.npz,f483a65e3602ef9b633b2287048b9a9032422206ebf1d882f0488751cc7441b9,c6f30e851217c2a131e603c895293efdaad5be6390e3f71482763ff97a000e82,4aa749e47f61f515fb02,0.6571737749464035,10,diag,67438.95229730027,0.9949646275488973,1af04b16c1021194cc2b0941,5,ok,,0.99441376636965,5,5,diag,68542.71469122532,0.08342820900725201,"{""agglom_affinities"":[""mahalanobis""],""agglom_linkages"":[""ward""],""covariances"":[""full"",""diag"",""tied"",""spherical""],""criterion"":""bic"",""early_stop_delta"":0.0,""eigen_thres"":true,""init_agglomerative"":true,""max_components"":5,""min_components"":5,""n_init_kmeans"":1,""n_jobs"":1,""random_state"":13,""reg_covar"":1e-06,""verbose"":false}"
structured_lowrank,512,13,umap,tcga_d512_seed13_umap_f5f99616ae060b560768.npz,e03f69d2bc5d9b72ef90564089ab5bac51daa2bd6ae17ccac3e87657b38cf96f,f5ee0cab65c8414a6711f5d8ebacb5209234b02d955837449caa63777d364978,4aa749e47f61f515fb02,0.7242825289831648,7,full,-89308.51389196473,0.9963795255930088,abb7337701029200683e03a6,5,ok,,0.9925379262715904,5,5,full,-80552.49972222892,0.0372615410014987,"{""agglom_affinities"":[""mahalanobis""],""agglom_linkages"":[""ward""],""covariances"":[""full"",""diag"",""tied"",""spherical""],""criterion"":""bic"",""early_stop_delta"":0.0,""eigen_thres"":true,""init_agglomerative"":true,""max_components"":5,""min_components"":5,""n_init_kmeans"":1,""n_jobs"":1,""random_state"":13,""reg_covar"":1e-06,""verbose"":false}"
structured_lowrank,512,14,autog2m2,tcga_d512_seed14_autog2m2_743605ea4aee98d1c69e.npz,49f843ceb7d9180019ce518084364eebe763861987e004b85df91af5f1620338,bd189a7910a60b4ed80a4aadf89a7f1fb05ee93da64adc97dd6c26e0a07a2642,4aa749e47f61f515fb02,0.9290622265070536,5,full,-99098.8057309464,0.9590928006658344,a38c38a9422395a03e45004c,5,ok,,0.9290622265070537,5,5,full,-99098.80573094639,0.1310139159904793,"{""agglom_affinities"":[""mahalanobis""],""agglom_linkages"":[""ward""],""covariances"":[""full"",""diag"",""tied"",""spherical""],""criterion"":""bic"",""early_stop_delta"":0.0,""eigen_thres"":true,""init_agglomerative"":true,""max_components"":5,""min_components"":5,""n_init_kmeans"":1,""n_jobs"":1,""random_state"":14,""reg_covar"":1e-06,""verbose"":false}"
structured_lowrank,512,14,pca,tcga_d512_seed14_pca_a7e72504c90dc600c2ac.npz,535de06513ddd2e5453d75a31d6376772a38bd8824149f5712fea0843f12335e,9c6cf47c93723a1f67f7b6d1a8b71bf653e63735816f1dfc773e8f542cecf851,4aa749e47f61f515fb02,0.5432750267171387,10,diag,67635.2727302108,0.9952559300873908,2d6bb478710df1a9975e798e,5,ok,,0.9925379262715904,5,5,diag,68529.08083077188,0.08572066598571837,"{""agglom_affinities"":[""mahalanobis""],""agglom_linkages"":[""ward""],""covariances"":[""full"",""diag"",""tied"",""spherical""],""criterion"":""bic"",""early_stop_delta"":0.0,""eigen_thres"":true,""init_agglomerative"":true,""max_components"":5,""min_components"":5,""n_init_kmeans"":1,""n_jobs"":1,""random_state"":14,""reg_covar"":1e-06,""verbose"":false}"
structured_lowrank,512,14,umap,tcga_d512_seed14_umap_e9d71724e901cb21c9db.npz,a9bc2024c36a0c44044e361ecf7aa0d7362f88010a372d158c00875611205c23,b57f8cbb5f14bbbbb86898f946e5c08445d022d9cf4493c8f75cb67edfe392aa,4aa749e47f61f515fb02,0.8860109622265114,6,full,-89779.41300235606,0.9952559300873908,b1260fc2a446e7e03f07fc51,5,ok,,0.9887466505384658,5,5,full,-82305.04547068512,0.036786583019420505,"{""agglom_affinities"":[""mahalanobis""],""agglom_linkages"":[""ward""],""covariances"":[""full"",""diag"",""tied"",""spherical""],""criterion"":""bic"",""early_stop_delta"":0.0,""eigen_thres"":true,""init_agglomerative"":true,""max_components"":5,""min_components"":5,""n_init_kmeans"":1,""n_jobs"":1,""random_state"":14,""reg_covar"":1e-06,""verbose"":false}"
structured_lowrank,512,15,autog2m2,tcga_d512_seed15_autog2m2_f7f82d6167f26f6a0c62.npz,75a09df6fe051603201bf8045187d29ae47db5b12ee6466501c5777a7ff5d74c,2a23402c8c292ee578811bd4dc29e7d512c8ece5838fa4d7328286e58524ba55,4aa749e47f61f515fb02,1.0,5,full,-68877.60322384871,0.9908447773616312,6531c9e1a450271aede3c211,5,ok,,1.0,5,5,full,-68877.60322384872,0.10074783302843571,"{""agglom_affinities"":[""mahalanobis""],""agglom_linkages"":[""ward""],""covariances"":[""full"",""diag"",""tied"",""spherical""],""criterion"":""bic"",""early_stop_delta"":0.0,""eigen_thres"":true,""init_agglomerative"":true,""max_components"":5,""min_components"":5,""n_init_kmeans"":1,""n_jobs"":1,""random_state"":15,""reg_covar"":1e-06,""verbose"":false}"
structured_lowrank,512,15,pca,tcga_d512_seed15_pca_9991f2d35cd67c116710.npz,ea5a83b79e2ddbc9faf29dc1a784a7c591a5f7628dbbb3085b2ddb790b2a1a5a,97da6bf96b59e0d8abf5be3de390778e8c09eb7cf952a126f7345faef840ef70,4aa749e47f61f515fb02,0.7151356375434604,10,diag,67758.8685925946,0.9937994173949232,866c2dbb5d8dbdbe73c07d93,5,ok,,0.9925379262715904,5,5,diag,68751.91584826392,0.08494475000770763,"{""agglom_affinities"":[""mahalanobis""],""agglom_linkages"":[""ward""],""covariances"":[""full"",""diag"",""tied"",""spherical""],""criterion"":""bic"",""early_stop_delta"":0.0,""eigen_thres"":true,""init_agglomerative"":true,""max_components"":5,""min_components"":5,""n_init_kmeans"":1,""n_jobs"":1,""random_state"":15,""reg_covar"":1e-06,""verbose"":false}"
structured_lowrank,512,15,umap,tcga_d512_seed15_umap_c3025a6274e744b022bf.npz,4b2a4b0a07be3682e401e51a955af61b3b6cb31bcb4100d97b7d03c0c6426587,64320ebdb38288a0a15a1fad1ec6bfc6a519e5c5c7cfec295457784970c4fe03,4aa749e47f61f515fb02,0.7361175604054732,7,full,-90963.12192907686,0.9969621306699958,f65dc8136fd77e82a82269a9,5,ok,,0.9924697364526301,5,5,full,-82113.29447687983,0.036438082985114306,"{""agglom_affinities"":[""mahalanobis""],""agglom_linkages"":[""ward""],""covariances"":[""full"",""diag"",""tied"",""spherical""],""criterion"":""bic"",""early_stop_delta"":0.0,""eigen_thres"":true,""init_agglomerative"":true,""max_components"":5,""min_components"":5,""n_init_kmeans"":1,""n_jobs"":1,""random_state"":15,""reg_covar"":1e-06,""verbose"":false}"
structured_lowrank,512,16,autog2m2,tcga_d512_seed16_autog2m2_d433ed9c558605bc6d5b.npz,61445e48dad979c52b544bb4dcb0b0393c8739c7cc8d78a541603e1f98d8d2c0,735010bbd118d95d0914dedc1721010a50f6439bad11ada9e4f6a41287ba49dc,4aa749e47f61f515fb02,0.8822146692680688,7,full,-65999.99774088424,0.9827715355805244,f209526dfecd13f77872ec21,5,ok,,0.9667978738311781,5,5,full,-64551.62463196732,0.10198141698492691,"{""agglom_affinities"":[""mahalanobis""],""agglom_linkages"":[""ward""],""covariances"":[""full"",""diag"",""tied"",""spherical""],""criterion"":""bic"",""early_stop_delta"":0.0,""eigen_thres"":true,""init_agglomerative"":true,""max_components"":5,""min_components"":5,""n_init_kmeans"":1,""n_jobs"":1,""random_state"":16,""reg_covar"":1e-06,""verbose"":false}"
structured_lowrank,512,16,pca,tcga_d512_seed16_pca_4924e2fae9f3c2e52788.npz,5ce8fbadaaec0a0537d45d56f85749b4bb68d1862bec2a6f3bbd0619159ec3ce,1a76b7a08463e1a3fe687fc2b7e9c6faf7fdb2256e42a274ae75a85d1407a37d,4aa749e47f61f515fb02,0.5643361398570765,10,diag,67573.70179421238,0.99471493965876,5e75bcc3a9661ec0c463d650,5,ok,,0.9925379262715904,5,5,diag,68556.99489944072,0.08371858397731557,"{""agglom_affinities"":[""mahalanobis""],""agglom_linkages"":[""ward""],""covariances"":[""full"",""diag"",""tied"",""spherical""],""criterion"":""bic"",""early_stop_delta"":0.0,""eigen_thres"":true,""init_agglomerative"":true,""max_components"":5,""min_components"":5,""n_init_kmeans"":1,""n_jobs"":1,""random_state"":16,""reg_covar"":1e-06,""verbose"":false}"
structured_lowrank,512,16,umap,tcga_d512_seed16_umap_94afc1d3223091e6bc03.npz,373f5797bb8c9ce10a14871ead140e443047208c234fae54b856577651bc9033,d42c68e36d81764366ddfc033df26433cf18a447cf1ba44f0d1578012e7e2f47,4aa749e47f61f515fb02,0.8763575765784077,6,full,-88783.68846536436,0.9942155638784852,50b8214e28adb56baddcc9f0,5,ok,,0.9887466505384658,5,5,full,-84815.93261324301,0.036223792005330324,"{""agglom_affinities"":[""mahalanobis""],""agglom_linkages"":[""ward""],""covariances"":[""full"",""diag"",""tied"",""spherical""],""criterion"":""bic"",""early_stop_delta"":0.0,""eigen_thres"":true,""init_agglomerative"":true,""max_components"":5,""min_components"":5,""n_init_kmeans"":1,""n_jobs"":1,""random_state"":16,""reg_covar"":1e-06,""verbose"":false}"
structured_lowrank,512,17,autog2m2,tcga_d512_seed17_autog2m2_de99e30ae3a6a9fe35d4.npz,0ab1077eaef567a817f59a5a4c2582b60a305a4ed5b23b06fc7ade04955fdf09,3ae2021931f6aa1739f650b1a0b5230c748fa08a5a8167d513ab95889f8dbc32,4aa749e47f61f515fb02,0.9358743800270128,5,full,-90181.00412249818,0.9791094465251768,d9c4627c0461aad585288d14,5,ok,,0.9358743800270128,5,5,full,-90181.0041224982,0.16124791698530316,"{""agglom_affinities"":[""mahalanobis""],""agglom_linkages"":[""ward""],""covariances"":[""full"",""diag"",""tied"",""spherical""],""criterion"":""bic"",""early_stop_delta"":0.0,""eigen_thres"":true,""init_agglomerative"":true,""max_components"":5,""min_components"":5,""n_init_kmeans"":1,""n_jobs"":1,""random_state"":17,""reg_covar"":1e-06,""verbose"":false}"
structured_lowrank,512,17,pca,tcga_d512_seed17_pca_ee7e21fef65178a4f8d7.npz,baad354c2930fb08253eccc87abbc37b569cc8b727aa4387cc0748f36690c35a,97e1e940af86cc064c4c42aa840079865cfd56bd5b2283a6ff522ad40815caa5,4aa749e47f61f515fb02,0.6581668086743548,9,diag,67678.48263766148,0.9945068664169788,8ca8d3077872f156b3b1dcd1,5,ok,,0.9925379262715904,5,5,diag,68567.26720045242,0.08644579100655392,"{""agglom_affinities"":[""mahalanobis""],""agglom_linkages"":[""ward""],""covariances"":[""full"",""diag"",""tied"",""spherical""],""criterion"":""bic"",""early_stop_delta"":0.0,""eigen_thres"":true,""init_agglomerative"":true,""max_components"":5,""min_components"":5,""n_init_kmeans"":1,""n_jobs"":1,""random_state"":17,""reg_covar"":1e-06,""verbose"":false}"
structured_lowrank,512,17,umap,tcga_d512_seed17_umap_c87bf76e09e0486ece7e.npz,3c34b8467bf913519759fb3e4a81ecf2d7c8a4984fd0ff47918aa0547524008d,466846bcd3d42bf4f60d6f7e4f6060470f69022f565c8f1aec67e0b4bdcfbe5a,4aa749e47f61f515fb02,0.8878155489039441,6,full,-94181.31802801654,0.995880149812734,21ed5ee5f7548eb2b50302aa,5,ok,,0.9925379262715904,5,5,full,-84865.07209418488,0.03810687502846122,"{""agglom_affinities"":[""mahalanobis""],""agglom_linkages"":[""ward""],""covariances"":[""full"",""diag"",""tied"",""spherical""],""criterion"":""bic"",""early_stop_delta"":0.0,""eigen_thres"":true,""init_agglomerative"":true,""max_components"":5,""min_components"":5,""n_init_kmeans"":1,""n_jobs"":1,""random_state"":17,""reg_covar"":1e-06,""verbose"":false}"
structured_lowrank,512,18,autog2m2,tcga_d512_seed18_autog2m2_c81b4a64ef8957a05fd5.npz,e2ef6e6c7b2f008ac974752bb649f9642f234ab071023014ed4df4d5df68319c,07f78c9f297c9ef2cdf197f198ee88cfcf77deac590fc2d971d17ab0a543b36c,4aa749e47f61f515fb02,0.7486977982142471,10,full,-69698.94990665554,0.9910528506034124,d2f6747cb1697df083b1d988,5,ok,,0.9887466505384658,5,5,full,-68898.12680034134,0.09393841604469344,"{""agglom_affinities"":[""mahalanobis""],""agglom_linkages"":[""ward""],""covariances"":[""full"",""diag"",""tied"",""spherical""],""criterion"":""bic"",""early_stop_delta"":0.0,""eigen_thres"":true,""init_agglomerative"":true,""max_components"":5,""min_components"":5,""n_init_kmeans"":1,""n_jobs"":1,""random_state"":18,""reg_covar"":1e-06,""verbose"":false}"
structured_lowrank,512,18,pca,tcga_d512_seed18_pca_2bd51b743dfdc0d6ac11.npz,34ffae96fffd8a649fb1bd418d32eee827373d636622f8e13cc4fd540345841c,e9351dcbdf3d923d76b38cb3bb3553ec8fd0bf3f22cfcd8597131f34c4277c1c,4aa749e47f61f515fb02,0.5863677254736933,10,tied,67542.65951449961,0.9951310861423222,52d5d1d343b10152ed22352f,5,ok,,0.9925379262715904,5,5,diag,68629.14299924749,0.08269537502201274,"{""agglom_affinities"":[""mahalanobis""],""agglom_linkages"":[""ward""],""covariances"":[""full"",""diag"",""tied"",""spherical""],""criterion"":""bic"",""early_stop_delta"":0.0,""eigen_thres"":true,""init_agglomerative"":true,""max_components"":5,""min_components"":5,""n_init_kmeans"":1,""n_jobs"":1,""random_state"":18,""reg_covar"":1e-06,""verbose"":false}"
structured_lowrank,512,18,umap,tcga_d512_seed18_umap_a1f5ccc0414110a68093.npz,98fcdf83f5dad2caeb15f69d9c23170a51204c26698eaa0300e512eeee255bc8,cdd9ef20c3b53721532a6cd91fa8f02bf1319196fe7226403de70fb909c5ce3f,4aa749e47f61f515fb02,0.8879881712484514,6,full,-87593.87085944817,0.994756554307116,69dc99418ac098a6dde86941,5,ok,,0.9887466505384658,5,5,full,-81341.17324525065,0.06861087499419227,"{""agglom_affinities"":[""mahalanobis""],""agglom_linkages"":[""ward""],""covariances"":[""full"",""diag"",""tied"",""spherical""],""criterion"":""bic"",""early_stop_delta"":0.0,""eigen_thres"":true,""init_agglomerative"":true,""max_components"":5,""min_components"":5,""n_init_kmeans"":1,""n_jobs"":1,""random_state"":18,""reg_covar"":1e-06,""verbose"":false}"
structured_lowrank,512,19,autog2m2,tcga_d512_seed19_autog2m2_8be20d9dc05fa44e10f8.npz,4a27ac49236d9eb9c379059d6d1f1ad4e1a372b5e8c04b93985d4aec91565acb,26d6ff90e62280c5c682b5a4e0f8934a9265955f1105211d281fe5e7bf14a914,4aa749e47f61f515fb02,0.9014588307001268,5,full,-93841.69621953498,0.9785268414481898,cc38980d1aede45f75673ed1,5,ok,,0.9014588307001269,5,5,full,-93841.69621953498,0.1570632919901982,"{""agglom_affinities"":[""mahalanobis""],""agglom_linkages"":[""ward""],""covariances"":[""full"",""diag"",""tied"",""spherical""],""criterion"":""bic"",""early_stop_delta"":0.0,""eigen_thres"":true,""init_agglomerative"":true,""max_components"":5,""min_components"":5,""n_init_kmeans"":1,""n_jobs"":1,""random_state"":19,""reg_covar"":1e-06,""verbose"":false}"
structured_lowrank,512,19,pca,tcga_d512_seed19_pca_911bbbf248b61305b9ff.npz,20c2afee51b51feada6350441e22c0ccd710cd624df146a548f303e29c219d0a,192e0a6ee48b992d23a06f29c43d3d77216d95aef76305c73049402389d30b69,4aa749e47f61f515fb02,0.623073473166073,9,tied,67720.76907315383,0.9944652517686224,e9a2c824dca568ad683a0fa4,5,ok,,0.9925379262715904,5,5,diag,68763.65602355741,0.08657920802943408,"{""agglom_affinities"":[""mahalanobis""],""agglom_linkages"":[""ward""],""covariances"":[""full"",""diag"",""tied"",""spherical""],""criterion"":""bic"",""early_stop_delta"":0.0,""eigen_thres"":true,""init_agglomerative"":true,""max_components"":5,""min_components"":5,""n_init_kmeans"":1,""n_jobs"":1,""random_state"":19,""reg_covar"":1e-06,""verbose"":false}"
structured_lowrank,512,19,umap,tcga_d512_seed19_umap_d6cb22632ea5e05cefcf.npz,3a52d21554dfebb5a63b354566d159e55f9f2e699c21a28e4a4326cea9e3052d,b716ddd3e12b1fc819327a30255002e4a4034bbfd1cef9bb9a8f721901660f52,4aa749e47f61f515fb02,0.7245543509538783,7,full,-89614.08701732165,0.9962962962962963,a418e962a852b4140285111b,5,ok,,0.9925379262715904,5,5,full,-82126.43876282382,0.03593229199759662,"{""agglom_affinities"":[""mahalanobis""],""agglom_linkages"":[""ward""],""covariances"":[""full"",""diag"",""tied"",""spherical""],""criterion"":""bic"",""early_stop_delta"":0.0,""eigen_thres"":true,""init_agglomerative"":true,""max_components"":5,""min_components"":5,""n_init_kmeans"":1,""n_jobs"":1,""random_state"":19,""reg_covar"":1e-06,""verbose"":false}"
structured_lowrank,1024,0,autog2m2,tcga_d1024_seed0_autog2m2_dc342ae86766662c9bcb.npz,a437f0d3b07f349e1c98c0d1e990a9320f194b9e76a36f7b994dee2d1a095e43,738f3c89383fe5596bd120b17883c6df9119a98cd27904847eb105bc95e91c11,4aa749e47f61f515fb02,0.659479468555791,10,diag,-85041.12128454533,0.9304203079483978,738d705cc59e26502a1efda4,5,ok,,0.9756795615788397,5,5,diag,-84657.25338469542,0.11785099998814985,"{""agglom_affinities"":[""mahalanobis""],""agglom_linkages"":[""ward""],""covariances"":[""full"",""diag"",""tied"",""spherical""],""criterion"":""bic"",""early_stop_delta"":0.0,""eigen_thres"":true,""init_agglomerative"":true,""max_components"":5,""min_components"":5,""n_init_kmeans"":1,""n_jobs"":1,""random_state"":0,""reg_covar"":1e-06,""verbose"":false}"
structured_lowrank,1024,0,pca,tcga_d1024_seed0_pca_6b038f11dcfc8746b205.npz,9645da3c2f56202dcc3a3c9a716a5642366047e3ae6c7608b740322741848c36,09179ffa1d83b3348b8f52400ecb2e33cb7146b25a7da62d1d31c1078ad004d6,4aa749e47f61f515fb02,0.6151380458391875,10,tied,75017.81013389387,0.9880982105701208,24542d44c6154bc6768a93b6,5,ok,,0.9850459881493702,5,5,tied,76596.9570954784,0.09745850000763312,"{""agglom_affinities"":[""mahalanobis""],""agglom_linkages"":[""ward""],""covariances"":[""full"",""diag"",""tied"",""spherical""],""criterion"":""bic"",""early_stop_delta"":0.0,""eigen_thres"":true,""init_agglomerative"":true,""max_components"":5,""min_components"":5,""n_init_kmeans"":1,""n_jobs"":1,""random_state"":0,""reg_covar"":1e-06,""verbose"":false}"
structured_lowrank,1024,0,umap,tcga_d1024_seed0_umap_0f6a24d69df6f8fb3e91.npz,a8292de54a3f6e8f71b536c674c41213d9f6af60056242635d7c4b30aa7889c0,3057b4c49a22b036c7fff14a481cdfaf77dd5daa21d916499a3b3309be45feaf,4aa749e47f61f515fb02,0.7097350189980411,7,full,-102546.1444672284,0.9940907199334166,87e233f1bbf69044ac241a61,5,ok,,0.9887466505384658,5,5,full,-101216.79379453018,0.04024058295181021,"{""agglom_affinities"":[""mahalanobis""],""agglom_linkages"":[""ward""],""covariances"":[""full"",""diag"",""tied"",""spherical""],""criterion"":""bic"",""early_stop_delta"":0.0,""eigen_thres"":true,""init_agglomerative"":true,""max_components"":5,""min_components"":5,""n_init_kmeans"":1,""n_jobs"":1,""random_state"":0,""reg_covar"":1e-06,""verbose"":false}"
structured_lowrank,1024,1,autog2m2,tcga_d1024_seed1_autog2m2_51922543167847408ee6.npz,b3b25a2f7b3fe8b6324ac36df6618bce5a0d0d0206d01b268a96ae3990ead2b2,21fa70778ce57a88caf0ede6adef64c896c3acf0a61afe8c4c331ddd84a1539a,4aa749e47f61f515fb02,0.6487349715597208,8,diag,-82188.02561199124,0.9092800665834374,257ee81d6203a709db427642,5,ok,,0.764455110705956,5,5,diag,-81687.38539400519,0.1806443749810569,"{""agglom_affinities"":[""mahalanobis""],""agglom_linkages"":[""ward""],""covariances"":[""full"",""diag"",""tied"",""spherical""],""criterion"":""bic"",""early_stop_delta"":0.0,""eigen_thres"":true,""init_agglomerative"":true,""max_components"":5,""min_components"":5,""n_init_kmeans"":1,""n_jobs"":1,""random_state"":1,""reg_covar"":1e-06,""verbose"":false}"
structured_lowrank,1024,1,pca,tcga_d1024_seed1_pca_211e7ce4ce26b997d22b.npz,dca23d8354705a7f79b455da6fbef9e66069de1076809a48dffbc7158125a459,8763cf78d90e6d5296cf5c827e1097497a85c645e501221f9160ab2bf223ba63,4aa749e47f61f515fb02,0.5945619677793744,10,tied,75112.83884486767,0.9880982105701208,1d31b73a59c5dcd611742edf,5,ok,,0.9850459881493702,5,5,tied,76545.06709095572,0.10577291698427871,"{""agglom_affinities"":[""mahalanobis""],""agglom_linkages"":[""ward""],""covariances"":[""full"",""diag"",""tied"",""spherical""],""criterion"":""bic"",""early_stop_delta"":0.0,""eigen_thres"":true,""init_agglomerative"":true,""max_components"":5,""min_components"":5,""n_init_kmeans"":1,""n_jobs"":1,""random_state"":1,""reg_covar"":1e-06,""verbose"":false}"
structured_lowrank,1024,1,umap,tcga_d1024_seed1_umap_e0e002a67504fe136275.npz,1fe91d705baa2a121ec1e4d180fca0ee809e1922556745b40ec30d4a2cc32a5d,09bc5be4d1cf49d5023bcb4bbd9a3f5ff361492dc345fcac6ec1f4738afc8e4b,4aa749e47f61f515fb02,0.6987850194985378,7,full,-105813.0584460718,0.9942571785268416,2bd4c1d60bcbf0d3fe373de1,5,ok,,0.9887466505384658,5,5,full,-104616.89211650021,0.03718233300605789,"{""agglom_affinities"":[""mahalanobis""],""agglom_linkages"":[""ward""],""covariances"":[""full"",""diag"",""tied"",""spherical""],""criterion"":""bic"",""early_stop_delta"":0.0,""eigen_thres"":true,""init_agglomerative"":true,""max_components"":5,""min_components"":5,""n_init_kmeans"":1,""n_jobs"":1,""random_state"":1,""reg_covar"":1e-06,""verbose"":false}"
structured_lowrank,1024,2,autog2m2,tcga_d1024_seed2_autog2m2_4c3ef95783d67f1f60d1.npz,d6ee01aee2fadc7f0810eb4fc490cc906024bd17b4692de5c9db0d1804bdf87d,a520945811a056b6232f47dc11aff4321875c3e8a75f1909eb3a93675c079045,4aa749e47f61f515fb02,0.977618597963501,5,full,-54539.505862784725,0.9827715355805244,88a63e27fb559dd6cb8b96dc,5,ok,,0.977618597963501,5,5,full,-54539.505862784725,0.09864300000481308,"{""agglom_affinities"":[""mahalanobis""],""agglom_linkages"":[""ward""],""covariances"":[""full"",""diag"",""tied"",""spherical""],""criterion"":""bic"",""early_stop_delta"":0.0,""eigen_thres"":true,""init_agglomerative"":true,""max_components"":5,""min_components"":5,""n_init_kmeans"":1,""n_jobs"":1,""random_state"":2,""reg_covar"":1e-06,""verbose"":false}"
structured_lowrank,1024,2,pca,tcga_d1024_seed2_pca_1e4f7501aae040753f37.npz,50e2544c5bc8854782c145bcaf9d4fa9385e088a16ec3b677186b2d0402b9c25,39838d87e4bf2d8b86c3f912e497c55cbeaa72c417b274b0540d6f946b359125,4aa749e47f61f515fb02,0.5845495852292388,10,tied,75294.342990932,0.9883895131086142,12480280f597f98de675eddf,5,ok,,0.9850459881493702,5,5,tied,76558.59852810753,0.07958158303517848,"{""agglom_affinities"":[""mahalanobis""],""agglom_linkages"":[""ward""],""covariances"":[""full"",""diag"",""tied"",""spherical""],""criterion"":""bic"",""early_stop_delta"":0.0,""eigen_thres"":true,""init_agglomerative"":true,""max_components"":5,""min_components"":5,""n_init_kmeans"":1,""n_jobs"":1,""random_state"":2,""reg_covar"":1e-06,""verbose"":false}"
structured_lowrank,1024,2,umap,tcga_d1024_seed2_umap_2d13a332ffec1e713d72.npz,8280422eca79fe0df4a31da5488cd215dad537a4dfa1957a59a912be3d1c0b1e,0debd1c065af84c631e889b476c356ceb94ea1f83f349128452349be239878f4,4aa749e47f61f515fb02,0.6135737449424586,9,full,-103485.34062355704,0.9942987931751976,9913ea594c042c4a8d0d15c6,5,ok,,0.9887466505384658,5,5,full,-102526.17589499358,0.03904000000329688,"{""agglom_affinities"":[""mahalanobis""],""agglom_linkages"":[""ward""],""covariances"":[""full"",""diag"",""tied"",""spherical""],""criterion"":""bic"",""early_stop_delta"":0.0,""eigen_thres"":true,""init_agglomerative"":true,""max_components"":5,""min_components"":5,""n_init_kmeans"":1,""n_jobs"":1,""random_state"":2,""reg_covar"":1e-06,""verbose"":false}"
structured_lowrank,1024,3,autog2m2,tcga_d1024_seed3_autog2m2_21c8154557b22417d7b7.npz,4b6459f8de1389a367f92891340d6b295383a762df97a049b2c9568762636928,4d8ea53bef2c89ff1bf7830ed787f64f9a28d238b3307b0b92f32551b58ccd63,4aa749e47f61f515fb02,0.6320142010102512,10,diag,-68933.6273968537,0.9615064502704952,16367cabf01aa09d84a683f6,5,ok,,0.7931101230377209,5,5,diag,-67573.98559203133,0.13087133300723508,"{""agglom_affinities"":[""mahalanobis""],""agglom_linkages"":[""ward""],""covariances"":[""full"",""diag"",""tied"",""spherical""],""criterion"":""bic"",""early_stop_delta"":0.0,""eigen_thres"":true,""init_agglomerative"":true,""max_components"":5,""min_components"":5,""n_init_kmeans"":1,""n_jobs"":1,""random_state"":3,""reg_covar"":1e-06,""verbose"":false}"
structured_lowrank,1024,3,pca,tcga_d1024_seed3_pca_4572c3c124131524cae8.npz,ceb57ba08db323cf62558386d3b5e3869faa104e2df820530d60ab62de03f88b,29ec1be9821917a8ccc59c25883950c3c2d5bea84c38f4a40e420a678dc3e9e8,4aa749e47f61f515fb02,0.6554119758226868,9,tied,74938.64363601897,0.987598834789846,cf31a0e09c192cd8cf6ce9ae,5,ok,,0.9850459881493702,5,5,tied,76517.11260667701,0.13015587499830872,"{""agglom_affinities"":[""mahalanobis""],""agglom_linkages"":[""ward""],""covariances"":[""full"",""diag"",""tied"",""spherical""],""criterion"":""bic"",""early_stop_delta"":0.0,""eigen_thres"":true,""init_agglomerative"":true,""max_components"":5,""min_components"":5,""n_init_kmeans"":1,""n_jobs"":1,""random_state"":3,""reg_covar"":1e-06,""verbose"":false}"
structured_lowrank,1024,3,umap,tcga_d1024_seed3_umap_b878c13de7c7bb29c650.npz,821a8d286d12bb8e0f6fed5dd6012a0ab40adae37ede1915c2fcb2e558438228,35de91e9ed3e922ba27723a1ff5ddac61e2f5c2b6886cc737c8dc292dcdecbc1,4aa749e47f61f515fb02,0.7956421615201225,6,full,-102998.96269546944,0.994173949230129,86c631142f4b3835cf0a50ff,5,ok,,0.9887466505384658,5,5,full,-101961.8427927643,0.03888904198538512,"{""agglom_affinities"":[""mahalanobis""],""agglom_linkages"":[""ward""],""covariances"":[""full"",""diag"",""tied"",""spherical""],""criterion"":""bic"",""early_stop_delta"":0.0,""eigen_thres"":true,""init_agglomerative"":true,""max_components"":5,""min_components"":5,""n_init_kmeans"":1,""n_jobs"":1,""random_state"":3,""reg_covar"":1e-06,""verbose"":false}"
structured_lowrank,1024,4,autog2m2,tcga_d1024_seed4_autog2m2_1b333cc9c309dcde732e.npz,c3df2f7785df145739a054e4dc22166ca03bd93bc364518ec6a058152cf32704,d4b28550e1a886b44b68a94fbf5ea5b058e0628ed868878db681bd23718484fd,4aa749e47f61f515fb02,0.7857231855496885,5,full,-66962.79126466194,0.9446941323345818,a141f0a479e3e76eb620cb76,5,ok,,0.7857231855496885,5,5,full,-66962.79126466195,0.1544064169866033,"{""agglom_affinities"":[""mahalanobis""],""agglom_linkages"":[""ward""],""covariances"":[""full"",""diag"",""tied"",""spherical""],""criterion"":""bic"",""early_stop_delta"":0.0,""eigen_thres"":true,""init_agglomerative"":true,""max_components"":5,""min_components"":5,""n_init_kmeans"":1,""n_jobs"":1,""random_state"":4,""reg_covar"":1e-06,""verbose"":false}"
structured_lowrank,1024,4,pca,tcga_d1024_seed4_pca_593f6fab0719bd3d8ff8.npz,007110d91eb08dc104e4071adec8d53465ac34ee1dcf4ba30b097c3f07ca84e6,1ea5f789021c85c57db7fa12ba4e389ee8f56897e2d987096e0ce0edcdd144c9,4aa749e47f61f515fb02,0.6598613293282866,9,tied,75253.30571462562,0.9863503953391594,af0f2e09f3f630d7e4d4936c,5,ok,,0.9850459881493702,5,5,tied,76556.57806118701,0.10607662500115111,"{""agglom_affinities"":[""mahalanobis""],""agglom_linkages"":[""ward""],""covariances"":[""full"",""diag"",""tied"",""spherical""],""criterion"":""bic"",""early_stop_delta"":0.0,""eigen_thres"":true,""init_agglomerative"":true,""max_components"":5,""min_components"":5,""n_init_kmeans"":1,""n_jobs"":1,""random_state"":4,""reg_covar"":1e-06,""verbose"":false}"
structured_lowrank,1024,4,umap,tcga_d1024_seed4_umap_eefe88e00fcbde3f5c6a.npz,a6553e45bac1754ac3c6c18974569c2280583395ee210a072e721c4133d9b259,56bdd75b7af61a0f34e250a2a15fa9df8bbea795ebbeece89f34aa9c47f070e9,4aa749e47f61f515fb02,0.7025155636421864,7,full,-104771.9686138727,0.9913025384935498,fefac5949401c7be27fa75b1,5,ok,,0.9850459881493702,5,5,full,-104058.09717763173,0.03716604202054441,"{""agglom_affinities"":[""mahalanobis""],""agglom_linkages"":[""ward""],""covariances"":[""full"",""diag"",""tied"",""spherical""],""criterion"":""bic"",""early_stop_delta"":0.0,""eigen_thres"":true,""init_agglomerative"":true,""max_components"":5,""min_components"":5,""n_init_kmeans"":1,""n_jobs"":1,""random_state"":4,""reg_covar"":1e-06,""verbose"":false}"
structured_lowrank,1024,5,autog2m2,tcga_d1024_seed5_autog2m2_f68568274f5d0de555fa.npz,ea3094020d171fca094aa68986a8bfc04c2b36520866aba6660c1c197f6410c6,97d2d135bc8baadca521f1893b61aa276688360708437d6902bbb41628f9f423,4aa749e47f61f515fb02,0.5462610480373922,9,diag,-62995.844909786014,0.9626716604244694,554e21514a7f0871880dc01f,5,ok,,0.7918646349462889,5,5,full,-62754.91542710329,0.12531179195502773,"{""agglom_affinities"":[""mahalanobis""],""agglom_linkages"":[""ward""],""covariances"":[""full"",""diag"",""tied"",""spherical""],""criterion"":""bic"",""early_stop_delta"":0.0,""eigen_thres"":true,""init_agglomerative"":true,""max_components"":5,""min_components"":5,""n_init_kmeans"":1,""n_jobs"":1,""random_state"":5,""reg_covar"":1e-06,""verbose"":false}"
structured_lowrank,1024,5,pca,tcga_d1024_seed5_pca_03379c6a3d0c7b14c2cd.npz,6decb0dc81c190c55cb88c3e0eb171925ab973935e0d302d3619ce129f87989e,549c28a86446baa5180f94c210caa5c40265a4856da7857efe2bd02d364a57c5,4aa749e47f61f515fb02,0.5915140032988419,10,tied,75139.81029992658,0.9886808156471076,7303b6417df50e13997be15b,5,ok,,0.9850459881493702,5,5,tied,76389.87010306584,0.10389941703760996,"{""agglom_affinities"":[""mahalanobis""],""agglom_linkages"":[""ward""],""covariances"":[""full"",""diag"",""tied"",""spherical""],""criterion"":""bic"",""early_stop_delta"":0.0,""eigen_thres"":true,""init_agglomerative"":true,""max_components"":5,""min_components"":5,""n_init_kmeans"":1,""n_jobs"":1,""random_state"":5,""reg_covar"":1e-06,""verbose"":false}"
structured_lowrank,1024,5,umap,tcga_d1024_seed5_umap_b851b49fedab765188e6.npz,6e9ae7b3ef836be90434bc3cd72f213807709f47f5e65346d4ecf1406ebdaba7,c1791383c4cca9231727f0c286b7308aa85e88e3dbc683260874afaa8e4ebd13,4aa749e47f61f515fb02,0.5558057155947526,10,full,-105541.0826445438,0.993591344153142,988f15a76a8ea1e311e078e9,5,ok,,0.9887466505384658,5,5,full,-104248.27691575025,0.039243832987267524,"{""agglom_affinities"":[""mahalanobis""],""agglom_linkages"":[""ward""],""covariances"":[""full"",""diag"",""tied"",""spherical""],""criterion"":""bic"",""early_stop_delta"":0.0,""eigen_thres"":true,""init_agglomerative"":true,""max_components"":5,""min_components"":5,""n_init_kmeans"":1,""n_jobs"":1,""random_state"":5,""reg_covar"":1e-06,""verbose"":false}"
structured_lowrank,1024,6,autog2m2,tcga_d1024_seed6_autog2m2_68d8d4789936695412c2.npz,b11479d45be8b750cd0630ca10e7800ba368674f01997e1ec6f962d2fd0a9405,cac14d7215c93ba48be1776529d1c7d830694114cf058fcda05e526a2897c9f7,4aa749e47f61f515fb02,0.5911408619850272,10,diag,-59740.6074778979,0.9694132334581772,b0778b4717191af11a7612fb,5,ok,,0.9366283044387782,5,5,full,-59348.725194888495,0.11996300000464544,"{""agglom_affinities"":[""mahalanobis""],""agglom_linkages"":[""ward""],""covariances"":[""full"",""diag"",""tied"",""spherical""],""criterion"":""bic"",""early_stop_delta"":0.0,""eigen_thres"":true,""init_agglomerative"":true,""max_components"":5,""min_components"":5,""n_init_kmeans"":1,""n_jobs"":1,""random_state"":6,""reg_covar"":1e-06,""verbose"":false}"
structured_lowrank,1024,6,pca,tcga_d1024_seed6_pca_5a02b0bb3fdfd0e4f42a.npz,90bdef5bbf05b180413c9bdc38f31f2d321a8badcc52a71b861d57ab527c13f2,0b66d52ded6a806e441fcd90cf115af7837bdba7930bba6a8cbb3e9ec2de1cc3,4aa749e47f61f515fb02,0.6259582274582246,10,tied,75007.87124101905,0.9863087806908032,ab266cf662614d4abe2a5a30,5,ok,,0.9850459881493702,5,5,tied,76555.03262677121,0.08404466696083546,"{""agglom_affinities"":[""mahalanobis""],""agglom_linkages"":[""ward""],""covariances"":[""full"",""diag"",""tied"",""spherical""],""criterion"":""bic"",""early_stop_delta"":0.0,""eigen_thres"":true,""init_agglomerative"":true,""max_components"":5,""min_components"":5,""n_init_kmeans"":1,""n_jobs"":1,""random_state"":6,""reg_covar"":1e-06,""verbose"":false}"
structured_lowrank,1024,6,umap,tcga_d1024_seed6_umap_34cc617e7c2f099d2326.npz,836be7c3f62896c56a9aa9ca5d9380bd3950538ff8988dc21ed479345fe76c7c,b8c044fdffa67becc48e8a0882365b79b1ada99d53d9d49db1d0de461e8b3e21,4aa749e47f61f515fb02,0.700914238191328,7,full,-102434.41661221963,0.9933832709113608,0d70c55c05b3f7fd3165b508,5,ok,,0.9887466505384658,5,5,full,-101591.1645169167,0.038368666952010244,"{""agglom_affinities"":[""mahalanobis""],""agglom_linkages"":[""ward""],""covariances"":[""full"",""diag"",""tied"",""spherical""],""criterion"":""bic"",""early_stop_delta"":0.0,""eigen_thres"":true,""init_agglomerative"":true,""max_components"":5,""min_components"":5,""n_init_kmeans"":1,""n_jobs"":1,""random_state"":6,""reg_covar"":1e-06,""verbose"":false}"
structured_lowrank,1024,7,autog2m2,tcga_d1024_seed7_autog2m2_c8810baa9128877cb77e.npz,ec2af258ab8d66eaf5c6f020537bcaed817737c21873d5829733d4aa9e607896,c4cb724d15883eb2cd375f4df8583143475d480b5e6257a1c9780f3d70ac2ee3,4aa749e47f61f515fb02,0.6495156959106965,10,diag,-51729.24453968591,0.9769038701622972,aff92b3a62da736a1c790486,5,ok,,0.9850210866710654,5,5,full,-50935.07641635997,0.09846083301817998,"{""agglom_affinities"":[""mahalanobis""],""agglom_linkages"":[""ward""],""covariances"":[""full"",""diag"",""tied"",""spherical""],""criterion"":""bic"",""early_stop_delta"":0.0,""eigen_thres"":true,""init_agglomerative"":true,""max_components"":5,""min_components"":5,""n_init_kmeans"":1,""n_jobs"":1,""random_state"":7,""reg_covar"":1e-06,""verbose"":false}"
structured_lowrank,1024,7,pca,tcga_d1024_seed7_pca_7443d61323968a61fab7.npz,d2f6415fc8a76720eb55f61482f376cc1733711fe74fd9c8bc8628d5df55472e,552afa755cbbd148df3c36467f223f335483b5287ce9e8acff527596aa988781,4aa749e47f61f515fb02,0.7442691185162426,8,tied,75274.4859124621,0.9868081564710778,7b652d0a6bd8ece0102fd393,5,ok,,0.9850459881493702,5,5,tied,76576.07685416445,0.08578583295457065,"{""agglom_affinities"":[""mahalanobis""],""agglom_linkages"":[""ward""],""covariances"":[""full"",""diag"",""tied"",""spherical""],""criterion"":""bic"",""early_stop_delta"":0.0,""eigen_thres"":true,""init_agglomerative"":true,""max_components"":5,""min_components"":5,""n_init_kmeans"":1,""n_jobs"":1,""random_state"":7,""reg_covar"":1e-06,""verbose"":false}"
structured_lowrank,1024,7,umap,tcga_d1024_seed7_umap_66210b495b0172ef933c.npz,217fe86a838d7ad8e915fdd8cf96d5c69e951c258aab1e63d0c2dd9bd44f9d19,4b0f15551ca179d1b446672770e04f4a3528d81de77b4d0306d823225633df14,4aa749e47f61f515fb02,0.7954998338758699,6,full,-106452.935799527,0.992675821889305,ceaf16eea225b5eaf972e915,5,ok,,0.9850459881493702,5,5,full,-104012.30069454746,0.03827241697581485,"{""agglom_affinities"":[""mahalanobis""],""agglom_linkages"":[""ward""],""covariances"":[""full"",""diag"",""tied"",""spherical""],""criterion"":""bic"",""early_stop_delta"":0.0,""eigen_thres"":true,""init_agglomerative"":true,""max_components"":5,""min_components"":5,""n_init_kmeans"":1,""n_jobs"":1,""random_state"":7,""reg_covar"":1e-06,""verbose"":false}"
structured_lowrank,1024,8,autog2m2,tcga_d1024_seed8_autog2m2_cad0b07bc7b79186b436.npz,25f76372cc5ce64eedc1e10e80f0ebece79b37ba5531f7a4fb50f9bbf16258d6,bb720a67b163992e62a66b052ddc662e6e6090fd3ca40ca1b026eca343a15fdc,4aa749e47f61f515fb02,0.8385609029847322,5,full,-66102.26498278537,0.9733666250520184,f5134bbf682a50b2f1c00844,5,ok,,0.8385609029847322,5,5,full,-66102.26498278539,0.13211329095065594,"{""agglom_affinities"":[""mahalanobis""],""agglom_linkages"":[""ward""],""covariances"":[""full"",""diag"",""tied"",""spherical""],""criterion"":""bic"",""early_stop_delta"":0.0,""eigen_thres"":true,""init_agglomerative"":true,""max_components"":5,""min_components"":5,""n_init_kmeans"":1,""n_jobs"":1,""random_state"":8,""reg_covar"":1e-06,""verbose"":false}"
structured_lowrank,1024,8,pca,tcga_d1024_seed8_pca_a7b6e5765ebf3653d1c7.npz,87eea456390a1992b0977cb96563f15ef7b461c85c65f95d6e74135a38331397,526c53dfc32f644b3a236f6e67493c47e293cb3c9a71e68eef921ec5a8208120,4aa749e47f61f515fb02,0.6549587079755156,10,tied,75211.24298336555,0.9882646691635456,53981ce8e779f8e445109877,5,ok,,0.9850459881493702,5,5,tied,76618.29553171822,0.11608666699612513,"{""agglom_affinities"":[""mahalanobis""],""agglom_linkages"":[""ward""],""covariances"":[""full"",""diag"",""tied"",""spherical""],""criterion"":""bic"",""early_stop_delta"":0.0,""eigen_thres"":true,""init_agglomerative"":true,""max_components"":5,""min_components"":5,""n_init_kmeans"":1,""n_jobs"":1,""random_state"":8,""reg_covar"":1e-06,""verbose"":false}"
structured_lowrank,1024,8,umap,tcga_d1024_seed8_umap_8233d9a416c63f9db81b.npz,55cc9822ccff7ecf80db74b4b4b1cd5f71961f2073544ae2bb1a17cb778701e3,ca915608c0a3d5fe1e5b47d3aa9c0534454cec27c8b1be01e07bd2aba9bea08a,4aa749e47f61f515fb02,0.7017822538854551,7,full,-105677.0852143172,0.9944652517686224,6b60ab6e4b060d5a1a3345ff,5,ok,,0.9924697364526301,5,5,full,-104233.01691444573,0.03834820800693706,"{""agglom_affinities"":[""mahalanobis""],""agglom_linkages"":[""ward""],""covariances"":[""full"",""diag"",""tied"",""spherical""],""criterion"":""bic"",""early_stop_delta"":0.0,""eigen_thres"":true,""init_agglomerative"":true,""max_components"":5,""min_components"":5,""n_init_kmeans"":1,""n_jobs"":1,""random_state"":8,""reg_covar"":1e-06,""verbose"":false}"
structured_lowrank,1024,9,autog2m2,tcga_d1024_seed9_autog2m2_9192853fa9116b37d3b4.npz,a9ca4443bca2ab5e8f635dc76d562bd75011e3f838783cb83928c9f1869fa075,d847d9d3bf3fd88c8c56f815bf92c55a91a718766c349342a3a9e1f125fb9b48,4aa749e47f61f515fb02,0.6615776881291121,8,diag,-62966.577575848634,0.9533083645443196,0ce62eba89dc1954ea86991e,5,ok,,0.9365526878398283,5,5,diag,-62625.03066469172,0.13924379198579118,"{""agglom_affinities"":[""mahalanobis""],""agglom_linkages"":[""ward""],""covariances"":[""full"",""diag"",""tied"",""spherical""],""criterion"":""bic"",""early_stop_delta"":0.0,""eigen_thres"":true,""init_agglomerative"":true,""max_components"":5,""min_components"":5,""n_init_kmeans"":1,""n_jobs"":1,""random_state"":9,""reg_covar"":1e-06,""verbose"":false}"
structured_lowrank,1024,9,pca,tcga_d1024_seed9_pca_f6d24ab3a9f2406b006a.npz,9419f994d352300f3472a04f078d9c30c2083f9813e75191bb0c75b6b8b8176e,283d07a119a3ad251f8f0a017e9b5b20d72dc9595f94fdd49eec46d4821c0230,4aa749e47f61f515fb02,0.6423454644636252,9,tied,74986.83595494373,0.9877236787349148,e4dd4fc80637d62cf31436de,5,ok,,0.9850459881493702,5,5,tied,76573.0115834331,0.10318312502931803,"{""agglom_affinities"":[""mahalanobis""],""agglom_linkages"":[""ward""],""covariances"":[""full"",""diag"",""tied"",""spherical""],""criterion"":""bic"",""early_stop_delta"":0.0,""eigen_thres"":true,""init_agglomerative"":true,""max_components"":5,""min_components"":5,""n_init_kmeans"":1,""n_jobs"":1,""random_state"":9,""reg_covar"":1e-06,""verbose"":false}"
structured_lowrank,1024,9,umap,tcga_d1024_seed9_umap_027650713004cade530a.npz,7bf20c89a9151479acfce7fdc2f33db8b2ba2119aea54c61196e7ba87061025b,4b63cf874bf3bb8eb4f0ff8e4c740a16b6aa60d8021aaf2691475c07b27e054f,4aa749e47f61f515fb02,0.7166739308435794,7,full,-109303.8283146028,0.9916354556803996,0bd09458dee9778bf14d9f7e,5,ok,,0.9850459881493702,5,5,full,-107889.49252460198,0.03885104099754244,"{""agglom_affinities"":[""mahalanobis""],""agglom_linkages"":[""ward""],""covariances"":[""full"",""diag"",""tied"",""spherical""],""criterion"":""bic"",""early_stop_delta"":0.0,""eigen_thres"":true,""init_agglomerative"":true,""max_components"":5,""min_components"":5,""n_init_kmeans"":1,""n_jobs"":1,""random_state"":9,""reg_covar"":1e-06,""verbose"":false}"
structured_lowrank,1024,10,autog2m2,tcga_d1024_seed10_autog2m2_842f4c452441f6503213.npz,3b0742f1ae59b68f9d62216adae00102d2d8a195cd0df500d59a2504780cd8e6,f34726c7c9ba3e04ee4b7adc473ade167f6864f3202c1ffa698902964dc43f08,4aa749e47f61f515fb02,0.7504442091060948,7,full,-48585.71234966435,0.985726175613816,3b48b4a9452ae5c3e05d140b,5,ok,,0.7548984126666411,5,5,full,-47504.580166791646,0.1176660000346601,"{""agglom_affinities"":[""mahalanobis""],""agglom_linkages"":[""ward""],""covariances"":[""full"",""diag"",""tied"",""spherical""],""criterion"":""bic"",""early_stop_delta"":0.0,""eigen_thres"":true,""init_agglomerative"":true,""max_components"":5,""min_components"":5,""n_init_kmeans"":1,""n_jobs"":1,""random_state"":10,""reg_covar"":1e-06,""verbose"":false}"
structured_lowrank,1024,10,pca,tcga_d1024_seed10_pca_7aad3d000d1f157ca77e.npz,c216c33fc2b0a3d087f9e42d57aac455c5f92cdda85bc3b7879ef454dd2b8ab5,aed59ca00fee80709da34ce1e64289b5ed820e907456602e990da178cbb434c7,4aa749e47f61f515fb02,0.5921318051618285,10,tied,74994.55039258744,0.9881398252184768,83cbe84bac8258030aa8a488,5,ok,,0.9850459881493702,5,5,tied,76589.30269261576,0.08271520904963836,"{""agglom_affinities"":[""mahalanobis""],""agglom_linkages"":[""ward""],""covariances"":[""full"",""diag"",""tied"",""spherical""],""criterion"":""bic"",""early_stop_delta"":0.0,""eigen_thres"":true,""init_agglomerative"":true,""max_components"":5,""min_components"":5,""n_init_kmeans"":1,""n_jobs"":1,""random_state"":10,""reg_covar"":1e-06,""verbose"":false}"
structured_lowrank,1024,10,umap,tcga_d1024_seed10_umap_9bfa0e63774ef5558b82.npz,73538d82656b7834a04d0b6facd89d4fa5d5e1d633649c13b2835bd715b564e9,818c5c6a4cdc218a4860adfb895e65d58bdd128b52f6e13ee01b5ef87c7e23ca,4aa749e47f61f515fb02,0.7861463149573864,6,full,-108425.33236536587,0.99284228048273,0a4a9a1522dd43e7f4abbb57,5,ok,,0.9850459881493702,5,5,full,-107638.62215308945,0.04195837496081367,"{""agglom_affinities"":[""mahalanobis""],""agglom_linkages"":[""ward""],""covariances"":[""full"",""diag"",""tied"",""spherical""],""criterion"":""bic"",""early_stop_delta"":0.0,""eigen_thres"":true,""init_agglomerative"":true,""max_components"":5,""min_components"":5,""n_init_kmeans"":1,""n_jobs"":1,""random_state"":10,""reg_covar"":1e-06,""verbose"":false}"
structured_lowrank,1024,11,autog2m2,tcga_d1024_seed11_autog2m2_8d162bad7af069cdd5da.npz,c4866eb9ca765ed2f9c5ea440f701bc1435a3a53d657c80276926c412fd078a3,c288ad12b9f73b6adb338bf83e70095740f446bf58ec9cfebd7ee1c446fc7ee1,4aa749e47f61f515fb02,0.9744160353982484,5,full,-44819.96235173227,0.98381190178943,fea721f42ee4f79204833f4f,5,ok,,0.9744160353982484,5,5,full,-44819.96235173227,0.09931945899734274,"{""agglom_affinities"":[""mahalanobis""],""agglom_linkages"":[""ward""],""covariances"":[""full"",""diag"",""tied"",""spherical""],""criterion"":""bic"",""early_stop_delta"":0.0,""eigen_thres"":true,""init_agglomerative"":true,""max_components"":5,""min_components"":5,""n_init_kmeans"":1,""n_jobs"":1,""random_state"":11,""reg_covar"":1e-06,""verbose"":false}"
structured_lowrank,1024,11,pca,tcga_d1024_seed11_pca_21fe4885a78368cbddfa.npz,db878490603f1720b4d7f93895ca70033879651509ef17fea90b70cac087568f,272d668c6003899b9cdb1f7feb522918cb16b5336e17a2275502ffa6617f6f8d,4aa749e47f61f515fb02,0.6532385816858315,9,tied,75284.18050783705,0.9862671660424468,d2306937066cc40d5b6f282a,5,ok,,0.9850459881493702,5,5,tied,76574.64667870589,0.08630362502299249,"{""agglom_affinities"":[""mahalanobis""],""agglom_linkages"":[""ward""],""covariances"":[""full"",""diag"",""tied"",""spherical""],""criterion"":""bic"",""early_stop_delta"":0.0,""eigen_thres"":true,""init_agglomerative"":true,""max_components"":5,""min_components"":5,""n_init_kmeans"":1,""n_jobs"":1,""random_state"":11,""reg_covar"":1e-06,""verbose"":false}"
structured_lowrank,1024,11,umap,tcga_d1024_seed11_umap_5cf5cdbb2808989d63c3.npz,5a78e3204c1dd02b7bf746e3d7478623768536f16d6c1e130e760d482c06f0e7,9fad6fd76ff7e08d900828953f1bc4834c7f84306ede2273edc5dddd03c93963,4aa749e47f61f515fb02,0.6571203712492365,8,full,-105807.75428041568,0.9921764461090304,ff546d617da6a667653bd46e,5,ok,,0.9850459881493702,5,5,full,-104207.31511276237,0.05905383301433176,"{""agglom_affinities"":[""mahalanobis""],""agglom_linkages"":[""ward""],""covariances"":[""full"",""diag"",""tied"",""spherical""],""criterion"":""bic"",""early_stop_delta"":0.0,""eigen_thres"":true,""init_agglomerative"":true,""max_components"":5,""min_components"":5,""n_init_kmeans"":1,""n_jobs"":1,""random_state"":11,""reg_covar"":1e-06,""verbose"":false}"
structured_lowrank,1024,12,autog2m2,tcga_d1024_seed12_autog2m2_a4dcb06c8db8d0fe3088.npz,8922887921d158e7b701e412c871b3a8e0ff524933a4b29e22a4fb37c7b0f3d0,a39710f5c88e3624aca21e8378d75db6fd9967b17292d90219a9817cdecc3d26,4aa749e47f61f515fb02,0.7288412058321424,7,full,-59353.30439445544,0.9765709529754474,aab132e681236c058628f07d,5,ok,,0.8489078982047052,5,5,full,-58539.6972236462,0.15932804200565442,"{""agglom_affinities"":[""mahalanobis""],""agglom_linkages"":[""ward""],""covariances"":[""full"",""diag"",""tied"",""spherical""],""criterion"":""bic"",""early_stop_delta"":0.0,""eigen_thres"":true,""init_agglomerative"":true,""max_components"":5,""min_components"":5,""n_init_kmeans"":1,""n_jobs"":1,""random_state"":12,""reg_covar"":1e-06,""verbose"":false}"
structured_lowrank,1024,12,pca,tcga_d1024_seed12_pca_48a30efa8b76777391f5.npz,9c301e0b65b2e740a904ac4079edc52be3fafea2cb6dd49dcbf23fd7a544d81f,c68cf68bd8db371c48c660c19c3eac7ca2a3fd9f020ead72a3aa8ee9663a53eb,4aa749e47f61f515fb02,0.7148206220464258,10,tied,75260.77044180743,0.9870578443612152,ebb45d8a6caca16401e8110c,5,ok,,0.9850459881493702,5,5,tied,76549.21339851002,0.09030816599261016,"{""agglom_affinities"":[""mahalanobis""],""agglom_linkages"":[""ward""],""covariances"":[""full"",""diag"",""tied"",""spherical""],""criterion"":""bic"",""early_stop_delta"":0.0,""eigen_thres"":true,""init_agglomerative"":true,""max_components"":5,""min_components"":5,""n_init_kmeans"":1,""n_jobs"":1,""random_state"":12,""reg_covar"":1e-06,""verbose"":false}"
structured_lowrank,1024,12,umap,tcga_d1024_seed12_umap_6e99ba12e5f841d33b44.npz,495de618079ff0bcdded2825ddad17e2d86dcf3ee6443eaa5b2577beac51e4b2,2f8a4e6d44ba5fe0c68db4023fda2c2836c9a31ef3fd9d4bc6720c27d0cf518e,4aa749e47f61f515fb02,0.7243395831556311,7,full,-102137.1760941327,0.9914689970869748,1c045f6a9807d2d50149eb46,5,ok,,0.9850459881493702,5,5,full,-100851.44792092295,0.03832033299840987,"{""agglom_affinities"":[""mahalanobis""],""agglom_linkages"":[""ward""],""covariances"":[""full"",""diag"",""tied"",""spherical""],""criterion"":""bic"",""early_stop_delta"":0.0,""eigen_thres"":true,""init_agglomerative"":true,""max_components"":5,""min_components"":5,""n_init_kmeans"":1,""n_jobs"":1,""random_state"":12,""reg_covar"":1e-06,""verbose"":false}"
structured_lowrank,1024,13,autog2m2,tcga_d1024_seed13_autog2m2_8a72e55fb54ea575b73f.npz,d955a23b6b608d38cb538df50c7c023898efb415a66ee5ed9eaff75c627f59c7,84232fbe963b114734feb2ecdbee6780225537b9fd510027dcb4c1783057c7b3,4aa749e47f61f515fb02,0.8075672865574886,5,full,-57950.491404909786,0.9576779026217228,c9b5e0e59d4830e33a860fab,5,ok,,0.8075672865574886,5,5,full,-57950.491404909786,0.14580374996876344,"{""agglom_affinities"":[""mahalanobis""],""agglom_linkages"":[""ward""],""covariances"":[""full"",""diag"",""tied"",""spherical""],""criterion"":""bic"",""early_stop_delta"":0.0,""eigen_thres"":true,""init_agglomerative"":true,""max_components"":5,""min_components"":5,""n_init_kmeans"":1,""n_jobs"":1,""random_state"":13,""reg_covar"":1e-06,""verbose"":false}"
structured_lowrank,1024,13,pca,tcga_d1024_seed13_pca_d5f6e1a40ca1d2e46192.npz,72a67e36a7fdc627c37e22f3590df187eb6e42bd3ccf8e2646cf0596dce97fee,31cffecb598bf46320d675ce8d78ecca782311c3755e57212c4f907bee79d75d,4aa749e47f61f515fb02,0.5993727739165493,10,tied,75125.02738960406,0.9867665418227216,efae987a19e1b1b5ce669079,5,ok,,0.9850459881493702,5,5,tied,76602.59517511424,0.10234516701893881,"{""agglom_affinities"":[""mahalanobis""],""agglom_linkages"":[""ward""],""covariances"":[""full"",""diag"",""tied"",""spherical""],""criterion"":""bic"",""early_stop_delta"":0.0,""eigen_thres"":true,""init_agglomerative"":true,""max_components"":5,""min_components"":5,""n_init_kmeans"":1,""n_jobs"":1,""random_state"":13,""reg_covar"":1e-06,""verbose"":false}"
structured_lowrank,1024,13,umap,tcga_d1024_seed13_umap_c40ad8c5a0e69ae94e12.npz,a7acf624ead2bffad30c975bea5861772cb9f6a9e2b9b42798c3985be1509837,d5909a087fac074a2f9e169d21891ac9157b920c5487ba6c0e6abb166bccc973,4aa749e47f61f515fb02,0.7018531581988664,7,full,-105054.57085326948,0.9953391593841032,539409c022526926ebd8a675,5,ok,,0.9925379262715904,5,5,full,-104065.79304477108,0.03663695801515132,"{""agglom_affinities"":[""mahalanobis""],""agglom_linkages"":[""ward""],""covariances"":[""full"",""diag"",""tied"",""spherical""],""criterion"":""bic"",""early_stop_delta"":0.0,""eigen_thres"":true,""init_agglomerative"":true,""max_components"":5,""min_components"":5,""n_init_kmeans"":1,""n_jobs"":1,""random_state"":13,""reg_covar"":1e-06,""verbose"":false}"
structured_lowrank,1024,14,autog2m2,tcga_d1024_seed14_autog2m2_582a6018a66671247ebf.npz,65f88e321addbe754fea167b190adadd276fd61e5992660f13a96890d1655c9e,35aaf85901599d365caff47e61c66e8f5ea2dd76a07d8a063ee2302a91ba4889,4aa749e47f61f515fb02,0.4567225750880843,10,spherical,-123135.33690937166,0.814107365792759,9c150095b024262f5ed78bcb,5,ok,,0.21347899929601916,5,5,diag,-121659.17902086097,0.133507999998983,"{""agglom_affinities"":[""mahalanobis""],""agglom_linkages"":[""ward""],""covariances"":[""full"",""diag"",""tied"",""spherical""],""criterion"":""bic"",""early_stop_delta"":0.0,""eigen_thres"":true,""init_agglomerative"":true,""max_components"":5,""min_components"":5,""n_init_kmeans"":1,""n_jobs"":1,""random_state"":14,""reg_covar"":1e-06,""verbose"":false}"
structured_lowrank,1024,14,pca,tcga_d1024_seed14_pca_db33d5d3beafc3dabb36.npz,8fbb007ba650df9a7f9292ad3bee678aa5a8b02e8f2cbf80b6a13bbda300b62e,d5c48c3115c38288a0a7cbb3ee5c46044ad090cf4a01be7151edef3cdc729f7d,4aa749e47f61f515fb02,0.5972805849154722,10,tied,75141.30151163775,0.9881398252184768,27aa11684659d657f1bb0790,5,ok,,0.9850459881493702,5,5,tied,76586.48585644252,0.08743237500311807,"{""agglom_affinities"":[""mahalanobis""],""agglom_linkages"":[""ward""],""covariances"":[""full"",""diag"",""tied"",""spherical""],""criterion"":""bic"",""early_stop_delta"":0.0,""eigen_thres"":true,""init_agglomerative"":true,""max_components"":5,""min_components"":5,""n_init_kmeans"":1,""n_jobs"":1,""random_state"":14,""reg_covar"":1e-06,""verbose"":false}"
structured_lowrank,1024,14,umap,tcga_d1024_seed14_umap_db0975c751056a9bc23b.npz,5c8962715d76bd90c1bb772ad47b5d6b140a92e8d5db38046cd6ad9e0dd76965,1179671b000b19c135e5898c1b673e39bcd405c5aa2896233315b7d212ffdcf8,4aa749e47f61f515fb02,0.8032039085502842,6,full,-103901.92891825509,0.9929671244277986,fac77e715ba3ad2d25812061,5,ok,,0.9850459881493702,5,5,full,-101843.22646874796,0.03836125001544133,"{""agglom_affinities"":[""mahalanobis""],""agglom_linkages"":[""ward""],""covariances"":[""full"",""diag"",""tied"",""spherical""],""criterion"":""bic"",""early_stop_delta"":0.0,""eigen_thres"":true,""init_agglomerative"":true,""max_components"":5,""min_components"":5,""n_init_kmeans"":1,""n_jobs"":1,""random_state"":14,""reg_covar"":1e-06,""verbose"":false}"
structured_lowrank,1024,15,autog2m2,tcga_d1024_seed15_autog2m2_f280f94beb371be97d95.npz,b40881fb463f8789c4a4875679edeb5149036628e78d13e92a09918a6484fdbf,cc9f094ef212082ea42bb58f791a3488e1d1226ef15ad170c00c8a6e794b814d,4aa749e47f61f515fb02,0.973940707863415,5,full,-65288.90640865076,0.9792342904702456,2826062b7bd1d4981eb63930,5,ok,,0.973940707863415,5,5,full,-65288.90640865077,0.1174534159945324,"{""agglom_affinities"":[""mahalanobis""],""agglom_linkages"":[""ward""],""covariances"":[""full"",""diag"",""tied"",""spherical""],""criterion"":""bic"",""early_stop_delta"":0.0,""eigen_thres"":true,""init_agglomerative"":true,""max_components"":5,""min_components"":5,""n_init_kmeans"":1,""n_jobs"":1,""random_state"":15,""reg_covar"":1e-06,""verbose"":false}"
structured_lowrank,1024,15,pca,tcga_d1024_seed15_pca_f8a1e5f5e2a85e1171a5.npz,f96c4bb2b74891e5269213b0de2be6d2fccda84b89b6294c9c3ac1e9b42bcbad,19f529e8e485296f0f733683d0ebbdb7d62cb01356714a584d7aba6bca815340,4aa749e47f61f515fb02,0.5959775052007511,10,tied,74837.92704061576,0.9880982105701208,25db57f6933b93fe68b189f5,5,ok,,0.9850459881493702,5,5,tied,76410.70557484437,0.08592566597508267,"{""agglom_affinities"":[""mahalanobis""],""agglom_linkages"":[""ward""],""covariances"":[""full"",""diag"",""tied"",""spherical""],""criterion"":""bic"",""early_stop_delta"":0.0,""eigen_thres"":true,""init_agglomerative"":true,""max_components"":5,""min_components"":5,""n_init_kmeans"":1,""n_jobs"":1,""random_state"":15,""reg_covar"":1e-06,""verbose"":false}"
structured_lowrank,1024,15,umap,tcga_d1024_seed15_umap_4ad13ab9c61dd4e661f0.npz,92151f417971f9e82c7f0c633dcc44ba6274bba9dfe93d38028a735852212c64,9f5383131f958ee0ebf9372f7aab0fcf73ad70ddb23719400e249e8fffe561ed,4aa749e47f61f515fb02,0.7136061114788949,7,full,-102222.10867915885,0.993216812317936,eb83f67880abbdd168d32f93,5,ok,,0.9887466505384658,5,5,full,-100058.36666496424,0.038366957975085825,"{""agglom_affinities"":[""mahalanobis""],""agglom_linkages"":[""ward""],""covariances"":[""full"",""diag"",""tied"",""spherical""],""criterion"":""bic"",""early_stop_delta"":0.0,""eigen_thres"":true,""init_agglomerative"":true,""max_components"":5,""min_components"":5,""n_init_kmeans"":1,""n_jobs"":1,""random_state"":15,""reg_covar"":1e-06,""verbose"":false}"
structured_lowrank,1024,16,autog2m2,tcga_d1024_seed16_autog2m2_e7e00f3a6ece51416fc7.npz,133103617a757a37649805319c55f457902623a781e7221d6e4d7ad4313a3b31,4cb9424147b58aa5c90d27deca14017ae0e4d835f9b52438ad392a85cd1e5770,4aa749e47f61f515fb02,0.5987807133727905,10,diag,-74782.96583585395,0.9671244277985852,17e0a09833846fc99b3c5343,5,ok,,0.9776811827591497,5,5,full,-74498.55942680861,0.10055920801823959,"{""agglom_affinities"":[""mahalanobis""],""agglom_linkages"":[""ward""],""covariances"":[""full"",""diag"",""tied"",""spherical""],""criterion"":""bic"",""early_stop_delta"":0.0,""eigen_thres"":true,""init_agglomerative"":true,""max_components"":5,""min_components"":5,""n_init_kmeans"":1,""n_jobs"":1,""random_state"":16,""reg_covar"":1e-06,""verbose"":false}"
structured_lowrank,1024,16,pca,tcga_d1024_seed16_pca_ccbd0b0aa964269b9565.npz,4c077e853103fb98558fb7046d3fa92fd642e380df59604465e09eec236373e2,bad6f41173825c85e52963dbbde7f5da8afdce6ab2d090bcdfe9e0d63833c849,4aa749e47f61f515fb02,0.6219699526765197,10,tied,75339.6462914043,0.9885975863503952,732146e4926b82abf551d21d,5,ok,,0.9850459881493702,5,5,tied,76648.5103240911,0.08238562499172986,"{""agglom_affinities"":[""mahalanobis""],""agglom_linkages"":[""ward""],""covariances"":[""full"",""diag"",""tied"",""spherical""],""criterion"":""bic"",""early_stop_delta"":0.0,""eigen_thres"":true,""init_agglomerative"":true,""max_components"":5,""min_components"":5,""n_init_kmeans"":1,""n_jobs"":1,""random_state"":16,""reg_covar"":1e-06,""verbose"":false}"
structured_lowrank,1024,16,umap,tcga_d1024_seed16_umap_e83d09c8156458a57f74.npz,7148569bd16f2d676a7b378c3f6bc82d88c684c8b8c27943f8a36bc58e0ebe28,338745fd9c86a864851056f9535672375f7ca6d5e6c77cb994dc71f5ea73dc94,4aa749e47f61f515fb02,0.8097457649878187,6,full,-106480.20695975296,0.9940907199334166,277217473782646601496779,5,ok,,0.9887466505384658,5,5,full,-103236.56986175211,0.03750195901375264,"{""agglom_affinities"":[""mahalanobis""],""agglom_linkages"":[""ward""],""covariances"":[""full"",""diag"",""tied"",""spherical""],""criterion"":""bic"",""early_stop_delta"":0.0,""eigen_thres"":true,""init_agglomerative"":true,""max_components"":5,""min_components"":5,""n_init_kmeans"":1,""n_jobs"":1,""random_state"":16,""reg_covar"":1e-06,""verbose"":false}"
structured_lowrank,1024,17,autog2m2,tcga_d1024_seed17_autog2m2_0e3704a9f7bb0817760a.npz,bd8c9a9293c12e1f69b85db4018bfbb8df69a7bd9c3a1365cf53db9cab01bb83,278f27baa60ea5b9abdf7aca654816c16f979b483b7f565674ff94d3bfd5a68a,4aa749e47f61f515fb02,0.7268724440395823,4,full,-86885.76564927009,0.9523928422804828,a0b03c3ae2e558f6aa9c46dd,5,ok,,0.9141981897881836,5,5,full,-86298.43504086022,0.11389666696777567,"{""agglom_affinities"":[""mahalanobis""],""agglom_linkages"":[""ward""],""covariances"":[""full"",""diag"",""tied"",""spherical""],""criterion"":""bic"",""early_stop_delta"":0.0,""eigen_thres"":true,""init_agglomerative"":true,""max_components"":5,""min_components"":5,""n_init_kmeans"":1,""n_jobs"":1,""random_state"":17,""reg_covar"":1e-06,""verbose"":false}"
structured_lowrank,1024,17,pca,tcga_d1024_seed17_pca_7b1018667de14b5922cc.npz,7d36c0c520abd2a8047f9ed2a62daf158077d248f1130108ad2ecc8f866a1f72,3755f0801d24a71bfea5683e5c8a0f5fa1471ae05bb75f1b745ae650f1dccb66,4aa749e47f61f515fb02,0.6465604187325579,9,tied,75258.28614090398,0.986849771119434,d3a709e78eb6debf41acaf85,5,ok,,0.9850459881493702,5,5,tied,76604.59505475745,0.08389158302452415,"{""agglom_affinities"":[""mahalanobis""],""agglom_linkages"":[""ward""],""covariances"":[""full"",""diag"",""tied"",""spherical""],""criterion"":""bic"",""early_stop_delta"":0.0,""eigen_thres"":true,""init_agglomerative"":true,""max_components"":5,""min_components"":5,""n_init_kmeans"":1,""n_jobs"":1,""random_state"":17,""reg_covar"":1e-06,""verbose"":false}"
structured_lowrank,1024,17,umap,tcga_d1024_seed17_umap_c7a0e13a8b7c37837cf0.npz,8ca9cfa3187f5439fee35ad9f6d1a15108595721c63b4f35279e1955ca906fa4,e39eaae26139979c0154f599c416bf5b8db83f908f342d6b5e27b590967ae802,4aa749e47f61f515fb02,0.8384306683077253,6,full,-108839.17231204998,0.9976695796920516,a8e844b00c3cdb93a318ab80,5,ok,,0.9962578040012737,5,5,full,-108098.25497126357,0.03776195802493021,"{""agglom_affinities"":[""mahalanobis""],""agglom_linkages"":[""ward""],""covariances"":[""full"",""diag"",""tied"",""spherical""],""criterion"":""bic"",""early_stop_delta"":0.0,""eigen_thres"":true,""init_agglomerative"":true,""max_components"":5,""min_components"":5,""n_init_kmeans"":1,""n_jobs"":1,""random_state"":17,""reg_covar"":1e-06,""verbose"":false}"
structured_lowrank,1024,18,autog2m2,tcga_d1024_seed18_autog2m2_c659a52cb776c68b71df.npz,7001bdb9ff4a41a6dc7241254f02578f6f69c3d1e5882bfee1a4d01a596e409f,05af42b2bd2c614236f702b70754a73162d45a7617c3bae2ce96b9c362c95489,4aa749e47f61f515fb02,0.7106088682232713,8,full,-50232.1143667587,0.985310029130254,e222fa170fcafc6842c2abcc,5,ok,,0.9962151959482266,5,5,full,-50092.42859794445,0.13544245902448893,"{""agglom_affinities"":[""mahalanobis""],""agglom_linkages"":[""ward""],""covariances"":[""full"",""diag"",""tied"",""spherical""],""criterion"":""bic"",""early_stop_delta"":0.0,""eigen_thres"":true,""init_agglomerative"":true,""max_components"":5,""min_components"":5,""n_init_kmeans"":1,""n_jobs"":1,""random_state"":18,""reg_covar"":1e-06,""verbose"":false}"
structured_lowrank,1024,18,pca,tcga_d1024_seed18_pca_2a2786ee8c5c62558b0f.npz,a11b2852c83496c7777258cc97311b88eb42405b22e4d492f3ab04c717a8d8b8,9068b9bac0b311e88f338e3ffef738e86db7c5c367b7dd031ae8c2e78ea655b3,4aa749e47f61f515fb02,0.6272842020802714,10,tied,75104.4651410889,0.9876404494382024,deaeaa8a00eb5df35a84cbd2,5,ok,,0.9850459881493702,5,5,tied,76558.37938987892,0.10664583300240338,"{""agglom_affinities"":[""mahalanobis""],""agglom_linkages"":[""ward""],""covariances"":[""full"",""diag"",""tied"",""spherical""],""criterion"":""bic"",""early_stop_delta"":0.0,""eigen_thres"":true,""init_agglomerative"":true,""max_components"":5,""min_components"":5,""n_init_kmeans"":1,""n_jobs"":1,""random_state"":18,""reg_covar"":1e-06,""verbose"":false}"
structured_lowrank,1024,18,umap,tcga_d1024_seed18_umap_4efb71effe0f1fe7926c.npz,0e4b47e0f72c7bce218cc44d56ac87cd777b0c00d505bab2e51b4dd7a5af9c17,2068b023e3dd2f2fffeef8c24ac3f66a1bee1b5bbe572bab65f03cdeac228033,4aa749e47f61f515fb02,0.6732189834675872,8,full,-105105.46367075328,0.994173949230129,421314b60271680ee5cc97cd,5,ok,,0.9887466505384658,5,5,full,-103568.739408558,0.037970540986862034,"{""agglom_affinities"":[""mahalanobis""],""agglom_linkages"":[""ward""],""covariances"":[""full"",""diag"",""tied"",""spherical""],""criterion"":""bic"",""early_stop_delta"":0.0,""eigen_thres"":true,""init_agglomerative"":true,""max_components"":5,""min_components"":5,""n_init_kmeans"":1,""n_jobs"":1,""random_state"":18,""reg_covar"":1e-06,""verbose"":false}"
structured_lowrank,1024,19,autog2m2,tcga_d1024_seed19_autog2m2_67d8843cbe1eccea9e18.npz,a3dae5eeee3307a268ddfd34bc683a8a8be0f224b80875de8e2e9f731d32e0ae,623dcb3593c04bfac7a953df64567dc2a15ce98878a5a4fe841676e2493dfae7,4aa749e47f61f515fb02,0.771486725176654,8,diag,-70248.16448460883,0.953017062005826,139ff1069081c29d50b5b4b5,5,ok,,0.9491466479412862,5,5,diag,-69433.46913635731,0.11374670802615583,"{""agglom_affinities"":[""mahalanobis""],""agglom_linkages"":[""ward""],""covariances"":[""full"",""diag"",""tied"",""spherical""],""criterion"":""bic"",""early_stop_delta"":0.0,""eigen_thres"":true,""init_agglomerative"":true,""max_components"":5,""min_components"":5,""n_init_kmeans"":1,""n_jobs"":1,""random_state"":19,""reg_covar"":1e-06,""verbose"":false}"
structured_lowrank,1024,19,pca,tcga_d1024_seed19_pca_12e0160c58f18c3fbd4c.npz,564a7e46834bd89ce739063b088cfcc571dae7d97684d6d241ee858eb75764de,105fb8e66b09bb0e31eba33f6ff44b5e676e0bd2db9e57debb8ea32fe11c202f,4aa749e47f61f515fb02,0.6730005002099384,10,tied,75124.01695565021,0.9860174781523096,0d83bd4af38f365d46e981aa,5,ok,,0.9850459881493702,5,5,tied,76614.8853962763,0.08311295800376683,"{""agglom_affinities"":[""mahalanobis""],""agglom_linkages"":[""ward""],""covariances"":[""full"",""diag"",""tied"",""spherical""],""criterion"":""bic"",""early_stop_delta"":0.0,""eigen_thres"":true,""init_agglomerative"":true,""max_components"":5,""min_components"":5,""n_init_kmeans"":1,""n_jobs"":1,""random_state"":19,""reg_covar"":1e-06,""verbose"":false}"
structured_lowrank,1024,19,umap,tcga_d1024_seed19_umap_d4e116d68ae1d527a318.npz,5ae8a7a4203cdf0b5a878e63772739c566049f9383fcb116438d5bfef3e0335e,afd21d90a2a6e2417630ca0bcba8b3cadfe3df6c27e61888e518a9d987787e79,4aa749e47f61f515fb02,0.8212453846943056,6,full,-104733.62415536967,0.9930919683728672,13a3579eeefc0d1327588878,5,ok,,0.9850459881493702,5,5,full,-103226.53833344497,0.03697154199471697,"{""agglom_affinities"":[""mahalanobis""],""agglom_linkages"":[""ward""],""covariances"":[""full"",""diag"",""tied"",""spherical""],""criterion"":""bic"",""early_stop_delta"":0.0,""eigen_thres"":true,""init_agglomerative"":true,""max_components"":5,""min_components"":5,""n_init_kmeans"":1,""n_jobs"":1,""random_state"":19,""reg_covar"":1e-06,""verbose"":false}"
structured_lowrank,2048,0,autog2m2,tcga_d2048_seed0_autog2m2_441fb6d5edd857ec63c6.npz,98d68062f920197990e476992fb71c4850aa514671b4a7a34988007e1963899f,b0d8939ed0514bff6afbc5566b90d5c1f6551b70be330e9b001e1f6c12084d2b,4aa749e47f61f515fb02,0.549151971270928,9,diag,-69503.3570131376,0.8959217644610903,b815ce18e4b1a356d7904080,5,ok,,0.5958763070208698,5,5,diag,-68917.23210812033,0.12466650002170354,"{""agglom_affinities"":[""mahalanobis""],""agglom_linkages"":[""ward""],""covariances"":[""full"",""diag"",""tied"",""spherical""],""criterion"":""bic"",""early_stop_delta"":0.0,""eigen_thres"":true,""init_agglomerative"":true,""max_components"":5,""min_components"":5,""n_init_kmeans"":1,""n_jobs"":1,""random_state"":0,""reg_covar"":1e-06,""verbose"":false}"
structured_lowrank,2048,0,pca,tcga_d2048_seed0_pca_5a78e4fdb6db11b632be.npz,7cc6f2a96b80c290b855057b9864e4986f196585eb468cdbfae1bdf0cb34ab7b,b43da2e1e3292e36300a868db70ae36e28c8637a7b547052b6abc15506344055,4aa749e47f61f515fb02,0.601921982075575,10,tied,82096.13077427447,0.9216396171452352,13d607778f194a35e764c51d,5,ok,,0.9850459881493702,5,5,tied,83461.4953409194,0.11923799995565787,"{""agglom_affinities"":[""mahalanobis""],""agglom_linkages"":[""ward""],""covariances"":[""full"",""diag"",""tied"",""spherical""],""criterion"":""bic"",""early_stop_delta"":0.0,""eigen_thres"":true,""init_agglomerative"":true,""max_components"":5,""min_components"":5,""n_init_kmeans"":1,""n_jobs"":1,""random_state"":0,""reg_covar"":1e-06,""verbose"":false}"
structured_lowrank,2048,0,umap,tcga_d2048_seed0_umap_85789946a7c3e5122a1e.npz,cdd465549819b8a6127e8856632119a30e48d0a10fb50df3a0e7c46d5615d7bb,a4c576c3e16f941330c20da4ac04190da98eff682f50091376a7d720576070ae,4aa749e47f61f515fb02,0.7067066681021542,7,full,-102358.21994246148,0.991718684977112,8a5c867c24028c4ab8402811,5,ok,,0.9869086979087469,5,5,full,-101542.33893928945,0.03874920797534287,"{""agglom_affinities"":[""mahalanobis""],""agglom_linkages"":[""ward""],""covariances"":[""full"",""diag"",""tied"",""spherical""],""criterion"":""bic"",""early_stop_delta"":0.0,""eigen_thres"":true,""init_agglomerative"":true,""max_components"":5,""min_components"":5,""n_init_kmeans"":1,""n_jobs"":1,""random_state"":0,""reg_covar"":1e-06,""verbose"":false}"
structured_lowrank,2048,1,autog2m2,tcga_d2048_seed1_autog2m2_dad206ce6f8e22170e2d.npz,8d53015c4d453f1580a3e6144cbc4434b812b40c15ef82d3ff8cf5bbb1295a4e,870c71057b9f1068657db7ce0d8eaf80ee434ef7b8dda8a10a012a6243fc4429,4aa749e47f61f515fb02,0.395838895148034,9,diag,-76318.21751501712,0.9019975031210986,22eac8557570c4715d05588d,5,ok,,0.9469653516243335,5,5,diag,-75875.02795691324,0.1148373750038445,"{""agglom_affinities"":[""mahalanobis""],""agglom_linkages"":[""ward""],""covariances"":[""full"",""diag"",""tied"",""spherical""],""criterion"":""bic"",""early_stop_delta"":0.0,""eigen_thres"":true,""init_agglomerative"":true,""max_components"":5,""min_components"":5,""n_init_kmeans"":1,""n_jobs"":1,""random_state"":1,""reg_covar"":1e-06,""verbose"":false}"
structured_lowrank,2048,1,pca,tcga_d2048_seed1_pca_32a16c98ef7b92dc9a47.npz,ebbd19dd700e4a819b79901144dbc9a0bcd1d2a1f646f6d72be65e9ec7053c80,9035b7f1d60ca8a8d394ac18128c60195beb54d5ccf812b8e7c89268bc0cbd99,4aa749e47f61f515fb02,0.6725715023421672,9,tied,82091.10151639322,0.9254265501456512,0b428faa5f6bc2b5aaea17d2,5,ok,,0.9850459881493702,5,5,tied,83457.86839293432,0.12254391703754663,"{""agglom_affinities"":[""mahalanobis""],""agglom_linkages"":[""ward""],""covariances"":[""full"",""diag"",""tied"",""spherical""],""criterion"":""bic"",""early_stop_delta"":0.0,""eigen_thres"":true,""init_agglomerative"":true,""max_components"":5,""min_components"":5,""n_init_kmeans"":1,""n_jobs"":1,""random_state"":1,""reg_covar"":1e-06,""verbose"":false}"
structured_lowrank,2048,1,umap,tcga_d2048_seed1_umap_1db28fcf991de570d403.npz,5cdab4ab07b9872af8c2788209d10c389f6f180c94efc2465ceda2f86f346ab0,f8b5de527b84b1fbbbdb36c1d34554a2b312c66686261b96a757505e32e857c0,4aa749e47f61f515fb02,0.7692541347901449,6,full,-106138.30759754789,0.9865584685809404,52f1efc1fe068a94e72cfb5d,5,ok,,0.9753796719007298,5,5,full,-105396.4402777056,0.04050904104951769,"{""agglom_affinities"":[""mahalanobis""],""agglom_linkages"":[""ward""],""covariances"":[""full"",""diag"",""tied"",""spherical""],""criterion"":""bic"",""early_stop_delta"":0.0,""eigen_thres"":true,""init_agglomerative"":true,""max_components"":5,""min_components"":5,""n_init_kmeans"":1,""n_jobs"":1,""random_state"":1,""reg_covar"":1e-06,""verbose"":false}"
structured_lowrank,2048,2,autog2m2,tcga_d2048_seed2_autog2m2_09a1b0924dab4653319d.npz,5479cede4c35fd4fcf1ecbc5400eb0ada930aa8a52479beb5c5908d0146e89aa,9e3e180d25f775ab28a4571e45240bb5acf6d3d402b75e7a2d646525ead40676,4aa749e47f61f515fb02,0.4533484246482018,7,diag,-103717.64409652018,0.7926758218893051,2c6966d8cf84e4ec647e073d,5,ok,,0.5323811578696619,5,5,diag,-103460.6635812153,0.17870629200479016,"{""agglom_affinities"":[""mahalanobis""],""agglom_linkages"":[""ward""],""covariances"":[""full"",""diag"",""tied"",""spherical""],""criterion"":""bic"",""early_stop_delta"":0.0,""eigen_thres"":true,""init_agglomerative"":true,""max_components"":5,""min_components"":5,""n_init_kmeans"":1,""n_jobs"":1,""random_state"":2,""reg_covar"":1e-06,""verbose"":false}"
structured_lowrank,2048,2,pca,tcga_d2048_seed2_pca_db2f6e75112c6c0e3a57.npz,6e5ff33f673201760855d34de7ed851a5b84366e583cbdbf444ddb7e89616771,dddf4966036fcdd2ac1a1c5d5e6b7f4ddb8bcdbfffdcc46d6fd10074506e2e5f,4aa749e47f61f515fb02,0.6250907858553421,9,tied,82026.91879993021,0.924427798585102,ff28c66d73ab97b1e573d4f4,5,ok,,0.9850459881493702,5,5,tied,83376.70814731793,0.0987988340202719,"{""agglom_affinities"":[""mahalanobis""],""agglom_linkages"":[""ward""],""covariances"":[""full"",""diag"",""tied"",""spherical""],""criterion"":""bic"",""early_stop_delta"":0.0,""eigen_thres"":true,""init_agglomerative"":true,""max_components"":5,""min_components"":5,""n_init_kmeans"":1,""n_jobs"":1,""random_state"":2,""reg_covar"":1e-06,""verbose"":false}"
structured_lowrank,2048,2,umap,tcga_d2048_seed2_umap_77aeb45754bbe69af724.npz,0b127140cc3cb126c3a05ca7d01beee853529b5e4a489769e3fc2ff9da4e10bd,81f436c9f6f3d72d275847acad23db8848de3ddcaabd1c269047efe5b9dbac98,4aa749e47f61f515fb02,0.6966182173551398,7,full,-100475.82233607602,0.9914273824386184,6d882b034b8faf1d68e4a3d1,5,ok,,0.9869086979087469,5,5,full,-99493.57160092198,0.03877495898632333,"{""agglom_affinities"":[""mahalanobis""],""agglom_linkages"":[""ward""],""covariances"":[""full"",""diag"",""tied"",""spherical""],""criterion"":""bic"",""early_stop_delta"":0.0,""eigen_thres"":true,""init_agglomerative"":true,""max_components"":5,""min_components"":5,""n_init_kmeans"":1,""n_jobs"":1,""random_state"":2,""reg_covar"":1e-06,""verbose"":false}"
structured_lowrank,2048,3,autog2m2,tcga_d2048_seed3_autog2m2_cce28281c4c264c1232a.npz,75c6446ddaae094434544c43d762c59375f3b45a8c5b81e7d42760100bcea7f5,302bed5129d328f0d2814ce4869a3a3f391ec7e944bd0ab8f68f25d58892c9bc,4aa749e47f61f515fb02,0.6533676605596771,6,diag,-88482.03564359667,0.9070744902205576,35568e96eca25446a62151d8,5,ok,,0.9240230033744437,5,5,diag,-88354.79556427573,0.16263904102379456,"{""agglom_affinities"":[""mahalanobis""],""agglom_linkages"":[""ward""],""covariances"":[""full"",""diag"",""tied"",""spherical""],""criterion"":""bic"",""early_stop_delta"":0.0,""eigen_thres"":true,""init_agglomerative"":true,""max_components"":5,""min_components"":5,""n_init_kmeans"":1,""n_jobs"":1,""random_state"":3,""reg_covar"":1e-06,""verbose"":false}"
structured_lowrank,2048,3,pca,tcga_d2048_seed3_pca_b0d271ef43b67e9eb6c1.npz,72e2de4c4f23e01a7bfbd4cafb6fa914cf8b92e329d5b5c9a86f03a5e5e0fa47,d3d4a0944fcde67d6a480b6ef974527e4dd52e52da5249816b87ea49c723e8d8,4aa749e47f61f515fb02,0.5973925984368681,10,tied,82108.36112205677,0.9245110278818144,aecd5f4c6b393683179229c4,5,ok,,0.9850459881493702,5,5,tied,83434.02416700039,0.15283974999329075,"{""agglom_affinities"":[""mahalanobis""],""agglom_linkages"":[""ward""],""covariances"":[""full"",""diag"",""tied"",""spherical""],""criterion"":""bic"",""early_stop_delta"":0.0,""eigen_thres"":true,""init_agglomerative"":true,""max_components"":5,""min_components"":5,""n_init_kmeans"":1,""n_jobs"":1,""random_state"":3,""reg_covar"":1e-06,""verbose"":false}"
structured_lowrank,2048,3,umap,tcga_d2048_seed3_umap_1c366ce1ce435484daae.npz,319bb67a8bea28559d6e4b1ac0771d40fb8f54dac1dc382ea2fa4703ee376a86,bd299c6357c928b8d0b25d52206169877e1b06afe657713d4a6a1e2cc1952a0c,4aa749e47f61f515fb02,0.7120783501135316,7,full,-101408.8682507004,0.989471493965876,d7449302f14c8363e4e9ca87,5,ok,,0.9775589974064831,5,5,full,-99897.18072765275,0.03926545794820413,"{""agglom_affinities"":[""mahalanobis""],""agglom_linkages"":[""ward""],""covariances"":[""full"",""diag"",""tied"",""spherical""],""criterion"":""bic"",""early_stop_delta"":0.0,""eigen_thres"":true,""init_agglomerative"":true,""max_components"":5,""min_components"":5,""n_init_kmeans"":1,""n_jobs"":1,""random_state"":3,""reg_covar"":1e-06,""verbose"":false}"
structured_lowrank,2048,4,autog2m2,tcga_d2048_seed4_autog2m2_b771164bd613a4103a92.npz,f353e6f419c9ec9b2c22c901fd331ab0df270d6dfb368b01961de0dd642c86eb,16b94ae954563333d0e9a0fc598b85b33cfb5d02545956bb52aeb344fad2c3f1,4aa749e47f61f515fb02,0.4058988817792744,8,diag,-66478.87901897516,0.8765293383270911,cc35f16d4af53c1ceeeb419a,5,ok,,0.4939388483482912,5,5,diag,-66444.25332438706,0.1264089170144871,"{""agglom_affinities"":[""mahalanobis""],""agglom_linkages"":[""ward""],""covariances"":[""full"",""diag"",""tied"",""spherical""],""criterion"":""bic"",""early_stop_delta"":0.0,""eigen_thres"":true,""init_agglomerative"":true,""max_components"":5,""min_components"":5,""n_init_kmeans"":1,""n_jobs"":1,""random_state"":4,""reg_covar"":1e-06,""verbose"":false}"
structured_lowrank,2048,4,pca,tcga_d2048_seed4_pca_e219f29de25414a89423.npz,527473b0e81aad9fd3e7a05ab3b8354a2274656d6ee1a587b65edfc072500c05,8ba9e3d4abad4115f1ba4c6443678cfe57a88c223f90dc4e7f5f1aaecc3bd49e,4aa749e47f61f515fb02,0.7043845341971217,9,tied,82191.27091658357,0.9136079900124844,ef5a51a002c6d8afc75fb62f,5,ok,,0.9850459881493702,5,5,tied,83431.30529146474,0.10652833402855322,"{""agglom_affinities"":[""mahalanobis""],""agglom_linkages"":[""ward""],""covariances"":[""full"",""diag"",""tied"",""spherical""],""criterion"":""bic"",""early_stop_delta"":0.0,""eigen_thres"":true,""init_agglomerative"":true,""max_components"":5,""min_components"":5,""n_init_kmeans"":1,""n_jobs"":1,""random_state"":4,""reg_covar"":1e-06,""verbose"":false}"
structured_lowrank,2048,4,umap,tcga_d2048_seed4_umap_eb049066520be69dfc80.npz,fcd6c8d336ce8fe6286015bbe96b8e96f4da6805088a37326f9c8adbdffd00a8,680a3efe97f5a39600e070a9829715ae506cf3dba0c675f0bdceb3f4180082af,4aa749e47f61f515fb02,0.7892551848361579,6,full,-103950.4645600481,0.9899292550977944,7d9d3fa2b1914352e7732a5c,5,ok,,0.9837050495157722,5,5,full,-103257.6556248471,0.057580708991736174,"{""agglom_affinities"":[""mahalanobis""],""agglom_linkages"":[""ward""],""covariances"":[""full"",""diag"",""tied"",""spherical""],""criterion"":""bic"",""early_stop_delta"":0.0,""eigen_thres"":true,""init_agglomerative"":true,""max_components"":5,""min_components"":5,""n_init_kmeans"":1,""n_jobs"":1,""random_state"":4,""reg_covar"":1e-06,""verbose"":false}"
structured_lowrank,2048,5,autog2m2,tcga_d2048_seed5_autog2m2_87d5f264bedf666aa7be.npz,ab3206b2e67c2788536e635c1486a7029d74fb6673feaf894cb7fd590d223565,3f7d0a97a340f52dedcd874e050041bdcca5df8f633d0494b3fb55f352e92936,4aa749e47f61f515fb02,0.6766685900968071,10,diag,-36711.620071026686,0.9619642114024136,104c20f15a3f2b24d4d05a85,5,ok,,0.7987404790939469,5,5,diag,-35805.16432271812,0.14853245799895376,"{""agglom_affinities"":[""mahalanobis""],""agglom_linkages"":[""ward""],""covariances"":[""full"",""diag"",""tied"",""spherical""],""criterion"":""bic"",""early_stop_delta"":0.0,""eigen_thres"":true,""init_agglomerative"":true,""max_components"":5,""min_components"":5,""n_init_kmeans"":1,""n_jobs"":1,""random_state"":5,""reg_covar"":1e-06,""verbose"":false}"
structured_lowrank,2048,5,pca,tcga_d2048_seed5_pca_97d842d0f1f2560fee47.npz,3bb82b512e95afb45c21d9e51382f8fa93d64739406dc3fe5aeaee1fda9f8e60,75575e9ab3c2a350de22a97325dae11648ef76d36679e76bb919a7bcb3e4620d,4aa749e47f61f515fb02,0.6607249947789652,10,tied,81910.27189542144,0.926883062838119,3efb633830795eb5fc28e6da,5,ok,,0.9850459881493702,5,5,tied,83316.14789804535,0.16486687498399988,"{""agglom_affinities"":[""mahalanobis""],""agglom_linkages"":[""ward""],""covariances"":[""full"",""diag"",""tied"",""spherical""],""criterion"":""bic"",""early_stop_delta"":0.0,""eigen_thres"":true,""init_agglomerative"":true,""max_components"":5,""min_components"":5,""n_init_kmeans"":1,""n_jobs"":1,""random_state"":5,""reg_covar"":1e-06,""verbose"":false}"
structured_lowrank,2048,5,umap,tcga_d2048_seed5_umap_18ae526202635fca95fb.npz,1371832a66e2f43e325c030b96ae1b3e9b3df35248b34a4367f17edd4a4ca548,90aeced7faa2baf04dbdfcb7d82836017bc3481cc0c9a826aead3bd550dbf7d9,4aa749e47f61f515fb02,0.7047062276182049,7,full,-105132.4028869406,0.9959633791094464,a81b140d39125ef3cc4dd86d,5,ok,,0.9924697364526301,5,5,full,-103838.08248516475,0.03866341704269871,"{""agglom_affinities"":[""mahalanobis""],""agglom_linkages"":[""ward""],""covariances"":[""full"",""diag"",""tied"",""spherical""],""criterion"":""bic"",""early_stop_delta"":0.0,""eigen_thres"":true,""init_agglomerative"":true,""max_components"":5,""min_components"":5,""n_init_kmeans"":1,""n_jobs"":1,""random_state"":5,""reg_covar"":1e-06,""verbose"":false}"
structured_lowrank,2048,6,autog2m2,tcga_d2048_seed6_autog2m2_87f1578b78b34fbe2ac1.npz,5a0ce165aee896f246f9874f6f3fafd02061ced122f8514800f243641b1920e6,616d4af268408d7f0a21bb911c0dcb7cae07554e5945f0b852f197bf93932fe5,4aa749e47f61f515fb02,0.70891496958766,4,full,-34629.34343752336,0.9456512692467748,4411fcf460ceb5a369d2c63e,5,ok,,0.8691616951876968,5,5,full,-34501.232359675836,0.12705712503520772,"{""agglom_affinities"":[""mahalanobis""],""agglom_linkages"":[""ward""],""covariances"":[""full"",""diag"",""tied"",""spherical""],""criterion"":""bic"",""early_stop_delta"":0.0,""eigen_thres"":true,""init_agglomerative"":true,""max_components"":5,""min_components"":5,""n_init_kmeans"":1,""n_jobs"":1,""random_state"":6,""reg_covar"":1e-06,""verbose"":false}"
structured_lowrank,2048,6,pca,tcga_d2048_seed6_pca_18e869cda54d7e52fba6.npz,9484ba3e13870e8353de5c6acbe4397110bb3b2bb673c90644af9736c7e7c236,432ad9351021da09c37a6ce3cdebc03687c351080a24945580b0e1ee660fd8ec,4aa749e47f61f515fb02,0.6350403346521806,10,tied,82163.158986566,0.9189762796504368,295a257e6500ccadab1effb9,5,ok,,0.9850459881493702,5,5,tied,83476.84955211029,0.1414785830420442,"{""agglom_affinities"":[""mahalanobis""],""agglom_linkages"":[""ward""],""covariances"":[""full"",""diag"",""tied"",""spherical""],""criterion"":""bic"",""early_stop_delta"":0.0,""eigen_thres"":true,""init_agglomerative"":true,""max_components"":5,""min_components"":5,""n_init_kmeans"":1,""n_jobs"":1,""random_state"":6,""reg_covar"":1e-06,""verbose"":false}"
structured_lowrank,2048,6,umap,tcga_d2048_seed6_umap_f8110b6b632e9d86c8cb.npz,1d757824ae2d8213d4fc191f54dd59ed053621041fbf619d2c4d3e058d2eb4ab,95bee50df5dd84f5f48945812340cbb10f1ccf2c5b6ae6f008ca797e5051a6d8,4aa749e47f61f515fb02,0.7075933756123165,7,full,-105580.46521790489,0.9857677902621724,225d4b1b2271b846723cea56,5,ok,,0.9738748725918404,5,5,full,-104272.75220901251,0.03800404100911692,"{""agglom_affinities"":[""mahalanobis""],""agglom_linkages"":[""ward""],""covariances"":[""full"",""diag"",""tied"",""spherical""],""criterion"":""bic"",""early_stop_delta"":0.0,""eigen_thres"":true,""init_agglomerative"":true,""max_components"":5,""min_components"":5,""n_init_kmeans"":1,""n_jobs"":1,""random_state"":6,""reg_covar"":1e-06,""verbose"":false}"
structured_lowrank,2048,7,autog2m2,tcga_d2048_seed7_autog2m2_89f642ec17ead06bf748.npz,a7a9363800c0c858001ee3a903973c68a9c5e029e85482d4660fdcde68afa640,a16ae4ebc115e75ff6f6f8283fbfc6b75d986dcd93dabd3aecc495e3f7b1f309,4aa749e47f61f515fb02,0.5626545555529152,9,diag,-52446.701039859094,0.9369121930919684,f3d55f86998d47cb07d17a65,5,ok,,0.7973373130167957,5,5,diag,-51224.592327066784,0.1468679160461761,"{""agglom_affinities"":[""mahalanobis""],""agglom_linkages"":[""ward""],""covariances"":[""full"",""diag"",""tied"",""spherical""],""criterion"":""bic"",""early_stop_delta"":0.0,""eigen_thres"":true,""init_agglomerative"":true,""max_components"":5,""min_components"":5,""n_init_kmeans"":1,""n_jobs"":1,""random_state"":7,""reg_covar"":1e-06,""verbose"":false}"
structured_lowrank,2048,7,pca,tcga_d2048_seed7_pca_1c9a36ad61d0f6ecc27c.npz,47ae5fbb968d0ea199f091c5f86da3f245a43369307a96c9810d9dfd6946ebd5,1b152798ce567295bdb860d1d6f6ffd6cf0afdf275483fc3c7c0f06a081154ba,4aa749e47f61f515fb02,0.6303938298293456,10,tied,82262.30952541118,0.928755722014149,44f2b06125162fe7ee3c5f12,5,ok,,0.9850459881493702,5,5,tied,83531.76885607584,0.12214741599746048,"{""agglom_affinities"":[""mahalanobis""],""agglom_linkages"":[""ward""],""covariances"":[""full"",""diag"",""tied"",""spherical""],""criterion"":""bic"",""early_stop_delta"":0.0,""eigen_thres"":true,""init_agglomerative"":true,""max_components"":5,""min_components"":5,""n_init_kmeans"":1,""n_jobs"":1,""random_state"":7,""reg_covar"":1e-06,""verbose"":false}"
structured_lowrank,2048,7,umap,tcga_d2048_seed7_umap_e75bacd68496d1c957c8.npz,1f982b2527cbd108e91d8a961c891daadbbecb2004b3bcf3e5411ebb2eb97f83,a9badcd675faeac47df1a839517250d9e900558bf3844a010771ab9d50086b0d,4aa749e47f61f515fb02,0.772417191438288,6,full,-105216.97192806574,0.9885559717020392,dfdeb98583c6969f38a7c03f,5,ok,,0.9777121271130729,5,5,full,-103932.19366731413,0.03919708402827382,"{""agglom_affinities"":[""mahalanobis""],""agglom_linkages"":[""ward""],""covariances"":[""full"",""diag"",""tied"",""spherical""],""criterion"":""bic"",""early_stop_delta"":0.0,""eigen_thres"":true,""init_agglomerative"":true,""max_components"":5,""min_components"":5,""n_init_kmeans"":1,""n_jobs"":1,""random_state"":7,""reg_covar"":1e-06,""verbose"":false}"
structured_lowrank,2048,8,autog2m2,tcga_d2048_seed8_autog2m2_7c2910e5e9aaa5729f93.npz,ccd26d9baba842e66b3c17861ccb1ebe25b8dbd0234b3b82cb31634f03691f23,4dc00b3ac69b66088ddce7eeb2750701c58aae75d9a52d627fabb8fbbb43d010,4aa749e47f61f515fb02,0.7145979468118647,4,full,-56162.47731637099,0.9430711610486892,79f41b65b43f5bd0429826ce,5,ok,,0.8996245162436624,5,5,full,-55392.68785229934,0.11128220899263397,"{""agglom_affinities"":[""mahalanobis""],""agglom_linkages"":[""ward""],""covariances"":[""full"",""diag"",""tied"",""spherical""],""criterion"":""bic"",""early_stop_delta"":0.0,""eigen_thres"":true,""init_agglomerative"":true,""max_components"":5,""min_components"":5,""n_init_kmeans"":1,""n_jobs"":1,""random_state"":8,""reg_covar"":1e-06,""verbose"":false}"
structured_lowrank,2048,8,pca,tcga_d2048_seed8_pca_002685a1a1ad82e70ea3.npz,c1b7831d9a31d89950516543e2fc65dfd9761b85cb61c7c507917fd878ea0d84,b7fec445ac0d4aeb54fca1ede73c242b841e82014bff8d319fcbe49954c1cb89,4aa749e47f61f515fb02,0.6136715248975574,9,tied,82274.19392400283,0.9235122763212652,ddd284de40a8ef26d97020d6,5,ok,,0.9850459881493702,5,5,tied,83377.37287083112,0.11840370896970853,"{""agglom_affinities"":[""mahalanobis""],""agglom_linkages"":[""ward""],""covariances"":[""full"",""diag"",""tied"",""spherical""],""criterion"":""bic"",""early_stop_delta"":0.0,""eigen_thres"":true,""init_agglomerative"":true,""max_components"":5,""min_components"":5,""n_init_kmeans"":1,""n_jobs"":1,""random_state"":8,""reg_covar"":1e-06,""verbose"":false}"
structured_lowrank,2048,8,umap,tcga_d2048_seed8_umap_2395436a69c3cde525ca.npz,e0b01e8531030223a37e8cc2a990dcc9fca7814826516908fd6ce29d414678dc,a9779ac354276767d5fda203b98385524caa6e46284ac807a3319ee2b2367570,4aa749e47f61f515fb02,0.7115985233929224,7,full,-109495.82378435106,0.9935081148564294,93a74187d26f1c3add77d027,5,ok,,0.9887466505384658,5,5,full,-108691.19644149358,0.03792179195443168,"{""agglom_affinities"":[""mahalanobis""],""agglom_linkages"":[""ward""],""covariances"":[""full"",""diag"",""tied"",""spherical""],""criterion"":""bic"",""early_stop_delta"":0.0,""eigen_thres"":true,""init_agglomerative"":true,""max_components"":5,""min_components"":5,""n_init_kmeans"":1,""n_jobs"":1,""random_state"":8,""reg_covar"":1e-06,""verbose"":false}"
structured_lowrank,2048,9,autog2m2,tcga_d2048_seed9_autog2m2_8cd87064a55048446830.npz,d02e1e448f2ee613e763c40d8c44b73c539992ce992f9848aeea9903c3d11eda,f83b263afc0d2178cc982eceb95af2cd3bc49ac3bea5379c0590c312f7e3ef1d,4aa749e47f61f515fb02,0.8077583259299997,7,diag,-26122.432572352696,0.9537245110278818,f0507932ab08bcc44f7ac361,5,ok,,0.9776954115850942,5,5,diag,-25033.530534198326,0.14833795797312632,"{""agglom_affinities"":[""mahalanobis""],""agglom_linkages"":[""ward""],""covariances"":[""full"",""diag"",""tied"",""spherical""],""criterion"":""bic"",""early_stop_delta"":0.0,""eigen_thres"":true,""init_agglomerative"":true,""max_components"":5,""min_components"":5,""n_init_kmeans"":1,""n_jobs"":1,""random_state"":9,""reg_covar"":1e-06,""verbose"":false}"
structured_lowrank,2048,9,pca,tcga_d2048_seed9_pca_6552012047e1f86c4943.npz,ff46fbead29b4e3e023fb15ed92bc191016395a944695263cee38b8f4981aba9,7d09f5743cd02dfcdf0c94107634af7f072b1425ed590cb8c6c1a5dc11884f3b,4aa749e47f61f515fb02,0.6902624837041308,10,tied,82072.55846620526,0.9243445692883896,66396a6f6a88dbd2d6bf1c19,5,ok,,0.9850459881493702,5,5,tied,83441.75917350962,0.145396540989168,"{""agglom_affinities"":[""mahalanobis""],""agglom_linkages"":[""ward""],""covariances"":[""full"",""diag"",""tied"",""spherical""],""criterion"":""bic"",""early_stop_delta"":0.0,""eigen_thres"":true,""init_agglomerative"":true,""max_components"":5,""min_components"":5,""n_init_kmeans"":1,""n_jobs"":1,""random_state"":9,""reg_covar"":1e-06,""verbose"":false}"
structured_lowrank,2048,9,umap,tcga_d2048_seed9_umap_1e7f83fe5af3f837ae02.npz,bfba9bb6b41996454fc2413171787ec5bb2c340f0b990cddb23f82a1d7ab85f6,eee99e2edc07a72409669fea2288ed008dc805a5454342f5c40c5563745d76bc,4aa749e47f61f515fb02,0.5900607053641639,9,full,-103835.0735588205,0.9814814814814816,73170c3fd1fb43e2a244acc6,5,ok,,0.9684963188573698,5,5,full,-102151.53624212445,0.03875487495679408,"{""agglom_affinities"":[""mahalanobis""],""agglom_linkages"":[""ward""],""covariances"":[""full"",""diag"",""tied"",""spherical""],""criterion"":""bic"",""early_stop_delta"":0.0,""eigen_thres"":true,""init_agglomerative"":true,""max_components"":5,""min_components"":5,""n_init_kmeans"":1,""n_jobs"":1,""random_state"":9,""reg_covar"":1e-06,""verbose"":false}"
structured_lowrank,2048,10,autog2m2,tcga_d2048_seed10_autog2m2_6fa3b556042494b4a8be.npz,663b376a21fc3475f5938e22d90af3040f15352224ace95c358b8e44e8cd8b7d,0303f54eed1a2627cdc2ad87e54844fced3a9b66595b5bc0553ee831ebe70fba,4aa749e47f61f515fb02,0.544966618141412,9,diag,-68754.77450401998,0.9119017894298792,b94260a65eadcdf8acf7333d,5,ok,,0.6448579731141009,5,5,diag,-68300.03210753005,0.19736770796589553,"{""agglom_affinities"":[""mahalanobis""],""agglom_linkages"":[""ward""],""covariances"":[""full"",""diag"",""tied"",""spherical""],""criterion"":""bic"",""early_stop_delta"":0.0,""eigen_thres"":true,""init_agglomerative"":true,""max_components"":5,""min_components"":5,""n_init_kmeans"":1,""n_jobs"":1,""random_state"":10,""reg_covar"":1e-06,""verbose"":false}"
structured_lowrank,2048,10,pca,tcga_d2048_seed10_pca_9d14cdb03370e7e16dc1.npz,e770cf390e304cf2c7d7441c5cb27c6858b14225bae0e9874c6661c322c4fc27,4359bbe11c424358c28962e44faaee2bbf36d0d517ed8259eae0d54c8a78e2e1,4aa749e47f61f515fb02,0.6864076516296936,8,tied,82237.93186200358,0.9276737411568872,e8009efe380c638ab81c65ff,5,ok,,0.9850459881493702,5,5,tied,83351.15313815155,0.10956591600552201,"{""agglom_affinities"":[""mahalanobis""],""agglom_linkages"":[""ward""],""covariances"":[""full"",""diag"",""tied"",""spherical""],""criterion"":""bic"",""early_stop_delta"":0.0,""eigen_thres"":true,""init_agglomerative"":true,""max_components"":5,""min_components"":5,""n_init_kmeans"":1,""n_jobs"":1,""random_state"":10,""reg_covar"":1e-06,""verbose"":false}"
structured_lowrank,2048,10,umap,tcga_d2048_seed10_umap_f34b0a5d2cacf50d5213.npz,332817dc77ac6c352eb7f67433f285f673b0c7ffee99119c10558568119a8e34,6c48742a371ad6b97c2538285fa447bf7329fb087a8d677f88d92f2526cab2b5,4aa749e47f61f515fb02,0.6529116042600187,8,full,-103833.87900501573,0.9907199334165626,ea29d30040990130e048523e,5,ok,,0.9832169542635228,5,5,full,-102600.4554944934,0.053930666006635875,"{""agglom_affinities"":[""mahalanobis""],""agglom_linkages"":[""ward""],""covariances"":[""full"",""diag"",""tied"",""spherical""],""criterion"":""bic"",""early_stop_delta"":0.0,""eigen_thres"":true,""init_agglomerative"":true,""max_components"":5,""min_components"":5,""n_init_kmeans"":1,""n_jobs"":1,""random_state"":10,""reg_covar"":1e-06,""verbose"":false}"
structured_lowrank,2048,11,autog2m2,tcga_d2048_seed11_autog2m2_8ee224a54086d9843407.npz,011d2dd56c6c8b6dd7e46fd475e84aaeee6c5c49649f476666c508552651a3d6,35a7ff747767039fa3f2fb8fe8a7f5ea8f75869a79be1ac330684814b577a827,4aa749e47f61f515fb02,0.6094641530179662,9,diag,-53664.62913610829,0.9218893050353724,c06c844ed5b602610222f897,5,ok,,0.5717048386081165,5,5,full,-53392.368083131005,0.15226162498584017,"{""agglom_affinities"":[""mahalanobis""],""agglom_linkages"":[""ward""],""covariances"":[""full"",""diag"",""tied"",""spherical""],""criterion"":""bic"",""early_stop_delta"":0.0,""eigen_thres"":true,""init_agglomerative"":true,""max_components"":5,""min_components"":5,""n_init_kmeans"":1,""n_jobs"":1,""random_state"":11,""reg_covar"":1e-06,""verbose"":false}"
structured_lowrank,2048,11,pca,tcga_d2048_seed11_pca_3420dd9b54c1ef8e55cd.npz,cebe3aaa989db93aa1d5e32999a3f6960c90917beef73b9d59f072e2b0485996,1ae8cf03425a29313fd34c71b40b30c96594905a4ff38bb2b00e01b3dce84c81,4aa749e47f61f515fb02,0.7612288217467235,8,tied,82173.63553836872,0.9256346233874324,3b373d145772aa82578f72e5,5,ok,,0.9850459881493702,5,5,tied,83307.76273471428,0.09489545796532184,"{""agglom_affinities"":[""mahalanobis""],""agglom_linkages"":[""ward""],""covariances"":[""full"",""diag"",""tied"",""spherical""],""criterion"":""bic"",""early_stop_delta"":0.0,""eigen_thres"":true,""init_agglomerative"":true,""max_components"":5,""min_components"":5,""n_init_kmeans"":1,""n_jobs"":1,""random_state"":11,""reg_covar"":1e-06,""verbose"":false}"
structured_lowrank,2048,11,umap,tcga_d2048_seed11_umap_25b5068d17503861569e.npz,a9b8c3dfb6e77ae0f68ffc831a7d4f7304eda9f2ecc6e0d1ea33130a76df1335,a798356adaa680d30612efeb5110545074a774ab53b397cbd7ac8112a05309a5,4aa749e47f61f515fb02,0.7036197065274814,7,full,-104089.79453809276,0.9882230545151892,74a168d6d56daf87e670f580,5,ok,,0.9777121271130729,5,5,full,-102602.33816010882,0.03890929202316329,"{""agglom_affinities"":[""mahalanobis""],""agglom_linkages"":[""ward""],""covariances"":[""full"",""diag"",""tied"",""spherical""],""criterion"":""bic"",""early_stop_delta"":0.0,""eigen_thres"":true,""init_agglomerative"":true,""max_components"":5,""min_components"":5,""n_init_kmeans"":1,""n_jobs"":1,""random_state"":11,""reg_covar"":1e-06,""verbose"":false}"
structured_lowrank,2048,12,autog2m2,tcga_d2048_seed12_autog2m2_f9931be030f9bfec64db.npz,48af2827d95dad3a9ffe04d596170561920a236b30dd9cf0d084747845bb915b,e0bb9ba92526db4e2a469fa0546da3ab9288b002fbaf5ee1a5d8252511ea3873,4aa749e47f61f515fb02,0.5560956233885169,10,diag,-58288.61683422021,0.9497295047856844,4abab393a572706748d98792,5,ok,,0.3519633484100925,5,5,diag,-57460.87966905324,0.14835045899963006,"{""agglom_affinities"":[""mahalanobis""],""agglom_linkages"":[""ward""],""covariances"":[""full"",""diag"",""tied"",""spherical""],""criterion"":""bic"",""early_stop_delta"":0.0,""eigen_thres"":true,""init_agglomerative"":true,""max_components"":5,""min_components"":5,""n_init_kmeans"":1,""n_jobs"":1,""random_state"":12,""reg_covar"":1e-06,""verbose"":false}"
structured_lowrank,2048,12,pca,tcga_d2048_seed12_pca_5c0945f87c2dad383483.npz,573398e2edbf2bbe015a7eb9aeef1428a81878dd0bc4ceb62e21e5431badd598,eacda7a876cbe63269d27979d720f9b6f2281ab5a8b786d9f305b14fd01300fe,4aa749e47f61f515fb02,0.6979656205835295,9,tied,82248.64199456605,0.9149396587598836,69778f5505543451b95c34c4,5,ok,,0.9850459881493702,5,5,tied,83375.83958772899,0.12999662500806153,"{""agglom_affinities"":[""mahalanobis""],""agglom_linkages"":[""ward""],""covariances"":[""full"",""diag"",""tied"",""spherical""],""criterion"":""bic"",""early_stop_delta"":0.0,""eigen_thres"":true,""init_agglomerative"":true,""max_components"":5,""min_components"":5,""n_init_kmeans"":1,""n_jobs"":1,""random_state"":12,""reg_covar"":1e-06,""verbose"":false}"
structured_lowrank,2048,12,umap,tcga_d2048_seed12_umap_6c195837e99e6195c634.npz,9d6c4331bdc55fe104f711a2cb012dea73d512cb23b18072b9d92e8b339200cd,222a074e080868cb50373f474018064974bb93132f84eb67eda2b2cfa29f44bb,4aa749e47f61f515fb02,0.690247516263983,7,full,-103406.21020924616,0.9816479400749064,0d24513a616116b81c7f70fd,5,ok,,0.9704115090821712,5,5,full,-102546.16904206305,0.03886858298210427,"{""agglom_affinities"":[""mahalanobis""],""agglom_linkages"":[""ward""],""covariances"":[""full"",""diag"",""tied"",""spherical""],""criterion"":""bic"",""early_stop_delta"":0.0,""eigen_thres"":true,""init_agglomerative"":true,""max_components"":5,""min_components"":5,""n_init_kmeans"":1,""n_jobs"":1,""random_state"":12,""reg_covar"":1e-06,""verbose"":false}"
structured_lowrank,2048,13,autog2m2,tcga_d2048_seed13_autog2m2_a77b25f339cbccc22241.npz,4096e90238a452efbc8fbd6b3d24627f3e3bcd2bcb7dfb3fa523b6eef84bea02,b2c5daaaa3f1c06c8f295896c7f08439a82380e87b9db7a33487855ed02b794d,4aa749e47f61f515fb02,0.4796923789524783,4,diag,-105415.5937506332,0.6362463587182688,780fd3fdee481fbe3ced09c6,5,ok,,0.4748836904546656,5,5,diag,-105306.39392544082,0.19162379100453109,"{""agglom_affinities"":[""mahalanobis""],""agglom_linkages"":[""ward""],""covariances"":[""full"",""diag"",""tied"",""spherical""],""criterion"":""bic"",""early_stop_delta"":0.0,""eigen_thres"":true,""init_agglomerative"":true,""max_components"":5,""min_components"":5,""n_init_kmeans"":1,""n_jobs"":1,""random_state"":13,""reg_covar"":1e-06,""verbose"":false}"
structured_lowrank,2048,13,pca,tcga_d2048_seed13_pca_a7968419a6e505c4e064.npz,c71abd461a2513e0a792644f54cd0bc90cbe7a41c1a394d6c7b155afb71b1c71,664108356fefd6de4dd178b8da65d6a22bd411723431c2e068a30f2b58d3c0ca,4aa749e47f61f515fb02,0.6283432584951469,9,tied,82294.27778540313,0.9202247191011236,8e387927dd55cca537bd8917,5,ok,,0.9850459881493702,5,5,tied,83385.33107312425,0.1388636669726111,"{""agglom_affinities"":[""mahalanobis""],""agglom_linkages"":[""ward""],""covariances"":[""full"",""diag"",""tied"",""spherical""],""criterion"":""bic"",""early_stop_delta"":0.0,""eigen_thres"":true,""init_agglomerative"":true,""max_components"":5,""min_components"":5,""n_init_kmeans"":1,""n_jobs"":1,""random_state"":13,""reg_covar"":1e-06,""verbose"":false}"
structured_lowrank,2048,13,umap,tcga_d2048_seed13_umap_cea0a9f98d3bb7c2cdf3.npz,3f929e5b82178e36db1c6343d15092b968c5b34057588e8204bcda8c413f82d2,4c558c43d3d3c17aa31363763f45fa2a7bc81b7fcd78fdf59fff513d83db2c65,4aa749e47f61f515fb02,0.6935023185284258,7,full,-101930.567818106,0.9891385767790262,55cf7ee8f9831349d5129948,5,ok,,0.9814041199115251,5,5,full,-101080.75830749949,0.06492249999428168,"{""agglom_affinities"":[""mahalanobis""],""agglom_linkages"":[""ward""],""covariances"":[""full"",""diag"",""tied"",""spherical""],""criterion"":""bic"",""early_stop_delta"":0.0,""eigen_thres"":true,""init_agglomerative"":true,""max_components"":5,""min_components"":5,""n_init_kmeans"":1,""n_jobs"":1,""random_state"":13,""reg_covar"":1e-06,""verbose"":false}"
structured_lowrank,2048,14,autog2m2,tcga_d2048_seed14_autog2m2_1477a737c4826406fab1.npz,ed7e4e14b8111c5a2e44849254a95127acecde124031e99c2f11e066fc5ca2c9,06ccd2b32dd44db3a7166ef4ca05eb95be27970e7336bde42fe191308bf97dec,4aa749e47f61f515fb02,0.7384770212143367,7,full,-46097.73893865074,0.962421972534332,4b3774bc5e416b77fbfa1743,5,ok,,0.7979125224144357,5,5,full,-45498.341132608155,0.15989187499508262,"{""agglom_affinities"":[""mahalanobis""],""agglom_linkages"":[""ward""],""covariances"":[""full"",""diag"",""tied"",""spherical""],""criterion"":""bic"",""early_stop_delta"":0.0,""eigen_thres"":true,""init_agglomerative"":true,""max_components"":5,""min_components"":5,""n_init_kmeans"":1,""n_jobs"":1,""random_state"":14,""reg_covar"":1e-06,""verbose"":false}"
structured_lowrank,2048,14,pca,tcga_d2048_seed14_pca_e02cd0535e226bacb3e0.npz,88624a5628834124fa3e1da964db9a0b933c1d3d5f14f2c1447b095f1883fdca,45549cce5d0926f11375dfa198ee77ff9e1cae481462c4769b91cb9459c70c1f,4aa749e47f61f515fb02,0.6582326330545145,9,tied,82277.10581643309,0.9245110278818144,481313d818a5a487f1095606,5,ok,,0.9850459881493702,5,5,tied,83383.22526819822,0.13384866702836007,"{""agglom_affinities"":[""mahalanobis""],""agglom_linkages"":[""ward""],""covariances"":[""full"",""diag"",""tied"",""spherical""],""criterion"":""bic"",""early_stop_delta"":0.0,""eigen_thres"":true,""init_agglomerative"":true,""max_components"":5,""min_components"":5,""n_init_kmeans"":1,""n_jobs"":1,""random_state"":14,""reg_covar"":1e-06,""verbose"":false}"
structured_lowrank,2048,14,umap,tcga_d2048_seed14_umap_1e74c7a96ba08fe95ef0.npz,45d8be4b0007f68ec2c43ed4e320e9b3770e65d1e9ddd6c42326ce9a92a9dae6,a36aea402a7d20cee2a28e7c110a638d46f4e01a468dc91963a35405f6b9b9ae,4aa749e47f61f515fb02,0.7013655260218841,7,full,-104725.99161783478,0.9919683728672491,5cff6f3c3bdc8ced0b78c95b,5,ok,,0.9850459881493702,5,5,full,-103543.55044522013,0.038323374988976866,"{""agglom_affinities"":[""mahalanobis""],""agglom_linkages"":[""ward""],""covariances"":[""full"",""diag"",""tied"",""spherical""],""criterion"":""bic"",""early_stop_delta"":0.0,""eigen_thres"":true,""init_agglomerative"":true,""max_components"":5,""min_components"":5,""n_init_kmeans"":1,""n_jobs"":1,""random_state"":14,""reg_covar"":1e-06,""verbose"":false}"
structured_lowrank,2048,15,autog2m2,tcga_d2048_seed15_autog2m2_610e643ce13b166fb302.npz,ffa91014af9691b918a655bdb8fd18b370e9a7344b7700d55ebf811ff2528732,f7d735203b6c7a126c82c392b075589f63929fed9ef876c9f980ae859cabbd87,4aa749e47f61f515fb02,0.5900416694936098,10,diag,-51664.897121406335,0.9675821889305036,2f245e880a80692e2edf0d7e,5,ok,,0.9837804888657592,5,5,diag,-50489.0354764764,0.10466920799808577,"{""agglom_affinities"":[""mahalanobis""],""agglom_linkages"":[""ward""],""covariances"":[""full"",""diag"",""tied"",""spherical""],""criterion"":""bic"",""early_stop_delta"":0.0,""eigen_thres"":true,""init_agglomerative"":true,""max_components"":5,""min_components"":5,""n_init_kmeans"":1,""n_jobs"":1,""random_state"":15,""reg_covar"":1e-06,""verbose"":false}"
structured_lowrank,2048,15,pca,tcga_d2048_seed15_pca_a7930941e50e2c641c48.npz,aab008374e6b2816f5bdf64debd40ebec91406c9cb1c0f4321424837f71b9068,97b11f810ffe92d9775f00fb9f4d2bc15bee0fc76eda6460e4c86e874d5181c5,4aa749e47f61f515fb02,0.6647517218458674,9,tied,82160.69946439986,0.9254681647940076,4fbd16208308ce09adae92b6,5,ok,,0.9850459881493702,5,5,tied,83296.92791531251,0.11844204203225672,"{""agglom_affinities"":[""mahalanobis""],""agglom_linkages"":[""ward""],""covariances"":[""full"",""diag"",""tied"",""spherical""],""criterion"":""bic"",""early_stop_delta"":0.0,""eigen_thres"":true,""init_agglomerative"":true,""max_components"":5,""min_components"":5,""n_init_kmeans"":1,""n_jobs"":1,""random_state"":15,""reg_covar"":1e-06,""verbose"":false}"
structured_lowrank,2048,15,umap,tcga_d2048_seed15_umap_c427dc297a9892a1e642.npz,d452272e776915a59ea1947630b02d6317b4b250b3a732713880de5d704b6142,3393fd73ede34b814886fa815676ad9865699be105c12ed2e6cbb80a4f040da5,4aa749e47f61f515fb02,0.7039707827839413,7,full,-102031.66604787986,0.99471493965876,a934c0e4bd10675001d7e08c,5,ok,,0.9901493336942331,5,5,full,-100886.83325744727,0.03797775000566617,"{""agglom_affinities"":[""mahalanobis""],""agglom_linkages"":[""ward""],""covariances"":[""full"",""diag"",""tied"",""spherical""],""criterion"":""bic"",""early_stop_delta"":0.0,""eigen_thres"":true,""init_agglomerative"":true,""max_components"":5,""min_components"":5,""n_init_kmeans"":1,""n_jobs"":1,""random_state"":15,""reg_covar"":1e-06,""verbose"":false}"
structured_lowrank,2048,16,autog2m2,tcga_d2048_seed16_autog2m2_336a7019bd62043a2e49.npz,68f758408c0b140abf83e3e461a9fbded808d2b54e51d26dbc4882c4381387f3,4419b91a246a0f904e69177346dd7817c87775f78b8b5df979b69c84cdee99b8,4aa749e47f61f515fb02,0.6579160297689494,10,spherical,-74318.81602910887,0.9015813566375364,a4a023617ca32ba7ce1fb2ea,5,ok,,0.8963508928774628,5,5,diag,-73932.42839452121,0.13624750002054498,"{""agglom_affinities"":[""mahalanobis""],""agglom_linkages"":[""ward""],""covariances"":[""full"",""diag"",""tied"",""spherical""],""criterion"":""bic"",""early_stop_delta"":0.0,""eigen_thres"":true,""init_agglomerative"":true,""max_components"":5,""min_components"":5,""n_init_kmeans"":1,""n_jobs"":1,""random_state"":16,""reg_covar"":1e-06,""verbose"":false}"
structured_lowrank,2048,16,pca,tcga_d2048_seed16_pca_194a77a37a4987cc7b4e.npz,cb16dc2e68c2a6ffc556d418f33018b20f7f295b96ef9502a287124935ec68fa,1186aa634fe9a37e17feebceb96d6bebf5a1648451b83aed8e916574aa5f7036,4aa749e47f61f515fb02,0.6147959726990486,10,tied,81978.88404108047,0.9231793591344152,84f47cfba38cf846da40c286,5,ok,,0.9850459881493702,5,5,tied,83375.21382405762,0.11204454104881734,"{""agglom_affinities"":[""mahalanobis""],""agglom_linkages"":[""ward""],""covariances"":[""full"",""diag"",""tied"",""spherical""],""criterion"":""bic"",""early_stop_delta"":0.0,""eigen_thres"":true,""init_agglomerative"":true,""max_components"":5,""min_components"":5,""n_init_kmeans"":1,""n_jobs"":1,""random_state"":16,""reg_covar"":1e-06,""verbose"":false}"
structured_lowrank,2048,16,umap,tcga_d2048_seed16_umap_909623657f6931cf4e02.npz,9354bc048954c3d57a88bc5da48dff40692e1e5136b919a130779aa2a1cd2a62,675e31db5d3dedfb245b9eac573bed138ef75fab31c57c1307876075685c4699,4aa749e47f61f515fb02,0.7027550956273683,7,full,-104300.20571078495,0.9929671244277986,fc2de3d4319e23dfc5243670,5,ok,,0.9882167394069047,5,5,full,-103126.65584679124,0.03826566704083234,"{""agglom_affinities"":[""mahalanobis""],""agglom_linkages"":[""ward""],""covariances"":[""full"",""diag"",""tied"",""spherical""],""criterion"":""bic"",""early_stop_delta"":0.0,""eigen_thres"":true,""init_agglomerative"":true,""max_components"":5,""min_components"":5,""n_init_kmeans"":1,""n_jobs"":1,""random_state"":16,""reg_covar"":1e-06,""verbose"":false}"
structured_lowrank,2048,17,autog2m2,tcga_d2048_seed17_autog2m2_2d47f513630507c810b2.npz,cb485a07e86fcc759597d833412d225b3d559df1b7a0bcadc3107bf197d43c8e,b9d2682492f975e6a14e05adc0a8ff9ddecba09644bd8c80b3c8d2725d024394,4aa749e47f61f515fb02,0.5592779460490029,10,spherical,-104186.50197750475,0.7343736995422389,0a607ea6f384129c7fd25477,5,ok,,0.5422615609818975,5,5,diag,-103921.48752801536,0.19604079198325053,"{""agglom_affinities"":[""mahalanobis""],""agglom_linkages"":[""ward""],""covariances"":[""full"",""diag"",""tied"",""spherical""],""criterion"":""bic"",""early_stop_delta"":0.0,""eigen_thres"":true,""init_agglomerative"":true,""max_components"":5,""min_components"":5,""n_init_kmeans"":1,""n_jobs"":1,""random_state"":17,""reg_covar"":1e-06,""verbose"":false}"
structured_lowrank,2048,17,pca,tcga_d2048_seed17_pca_8e542e8ddd4a13aa5dab.npz,cff078b136d9b1df0624826b0fb9b1d17c501d09c224b274b11a86e2cee15be2,694887a5ce7aa01c606bdf1274664659473874c9435f5cf5425cd40073b0765b,4aa749e47f61f515fb02,0.8116491950408925,8,tied,82091.7694825283,0.926133999167707,3c376a75033e49a9f822fb41,5,ok,,0.9850459881493702,5,5,tied,83418.62874978481,0.16662762500345707,"{""agglom_affinities"":[""mahalanobis""],""agglom_linkages"":[""ward""],""covariances"":[""full"",""diag"",""tied"",""spherical""],""criterion"":""bic"",""early_stop_delta"":0.0,""eigen_thres"":true,""init_agglomerative"":true,""max_components"":5,""min_components"":5,""n_init_kmeans"":1,""n_jobs"":1,""random_state"":17,""reg_covar"":1e-06,""verbose"":false}"
structured_lowrank,2048,17,umap,tcga_d2048_seed17_umap_6e8907b594c1aef8929f.npz,bf0d87c9687acb781cf3c40389be11c4b65f0198f2a4645ed1b7e54bf9510042,98d9a4651c158633f7eab047c8ba72780efa503f068ae9f0827eb74d0d3d9ba5,4aa749e47f61f515fb02,0.6971633385382877,7,full,-106695.1904340339,0.9873907615480648,dbd7294f849ca74df78d82d0,5,ok,,0.977829711083356,5,5,full,-105598.10891506683,0.03771395800868049,"{""agglom_affinities"":[""mahalanobis""],""agglom_linkages"":[""ward""],""covariances"":[""full"",""diag"",""tied"",""spherical""],""criterion"":""bic"",""early_stop_delta"":0.0,""eigen_thres"":true,""init_agglomerative"":true,""max_components"":5,""min_components"":5,""n_init_kmeans"":1,""n_jobs"":1,""random_state"":17,""reg_covar"":1e-06,""verbose"":false}"
structured_lowrank,2048,18,autog2m2,tcga_d2048_seed18_autog2m2_e89c030269f0e7a350b1.npz,659acfb8d99d328d9fc403b6bab21fdba1960f7ad957991e19a29b5e734c8b94,0611a8485df77ac8354714a69df2b20aafa6df4a9b2c99fa1a609be20f0403c0,4aa749e47f61f515fb02,0.6621981194731512,8,diag,-49187.12526492056,0.9481897627965044,84686921e14440a0b96a7835,5,ok,,0.9567600484913953,5,5,diag,-48952.33639676159,0.11632887495215982,"{""agglom_affinities"":[""mahalanobis""],""agglom_linkages"":[""ward""],""covariances"":[""full"",""diag"",""tied"",""spherical""],""criterion"":""bic"",""early_stop_delta"":0.0,""eigen_thres"":true,""init_agglomerative"":true,""max_components"":5,""min_components"":5,""n_init_kmeans"":1,""n_jobs"":1,""random_state"":18,""reg_covar"":1e-06,""verbose"":false}"
structured_lowrank,2048,18,pca,tcga_d2048_seed18_pca_7536e762fb474dba609b.npz,266602765683f203fd5ec23e068d7476a07f5b1a3bbf74fb68f00a9972246aba,aa63415054cf6004c5f5635e3d7678ca05b41d1f6eccbea0b128d546f22fde7a,4aa749e47f61f515fb02,0.6939953760650922,9,tied,82032.4680063364,0.9217228464419476,0aa2fdf4ec1c2dca6b6ccf35,5,ok,,0.9850459881493702,5,5,tied,83351.20436883475,0.13217295799404383,"{""agglom_affinities"":[""mahalanobis""],""agglom_linkages"":[""ward""],""covariances"":[""full"",""diag"",""tied"",""spherical""],""criterion"":""bic"",""early_stop_delta"":0.0,""eigen_thres"":true,""init_agglomerative"":true,""max_components"":5,""min_components"":5,""n_init_kmeans"":1,""n_jobs"":1,""random_state"":18,""reg_covar"":1e-06,""verbose"":false}"
structured_lowrank,2048,18,umap,tcga_d2048_seed18_umap_32dbf99a8d7268dfe766.npz,63585eed9211177a981aa1f66551fb3e7aba806315b9366d5513fd025ce4f807,07bf609e865475dd389649f7e928eeff54f70ffeb976cff070dd03dba795d67b,4aa749e47f61f515fb02,0.6378155647053423,8,full,-101920.00482829974,0.9899708697461508,bc9b73b73662497debd7c9cd,5,ok,,0.9752669846932482,5,5,full,-100531.28491372261,0.03981887502595782,"{""agglom_affinities"":[""mahalanobis""],""agglom_linkages"":[""ward""],""covariances"":[""full"",""diag"",""tied"",""spherical""],""criterion"":""bic"",""early_stop_delta"":0.0,""eigen_thres"":true,""init_agglomerative"":true,""max_components"":5,""min_components"":5,""n_init_kmeans"":1,""n_jobs"":1,""random_state"":18,""reg_covar"":1e-06,""verbose"":false}"
structured_lowrank,2048,19,autog2m2,tcga_d2048_seed19_autog2m2_a6201d37254fd856f0c0.npz,eaa43e073f9dbff22bc020f11d3e114de6611602212407f5b1830e96f7de7d32,a80df0126f5f1825838abf745dc3d5f431210d5577b519728a580edc9ab05c13,4aa749e47f61f515fb02,0.8322175273567383,7,diag,-52870.58356235432,0.9358718268830628,34997e89a3008fec53ee2ed7,5,ok,,0.9397589490174219,5,5,diag,-52686.81498635386,0.10875320801278576,"{""agglom_affinities"":[""mahalanobis""],""agglom_linkages"":[""ward""],""covariances"":[""full"",""diag"",""tied"",""spherical""],""criterion"":""bic"",""early_stop_delta"":0.0,""eigen_thres"":true,""init_agglomerative"":true,""max_components"":5,""min_components"":5,""n_init_kmeans"":1,""n_jobs"":1,""random_state"":19,""reg_covar"":1e-06,""verbose"":false}"
structured_lowrank,2048,19,pca,tcga_d2048_seed19_pca_503bdae92419d480f768.npz,92868054ff4c3536fd8b3910c0fcf7f545bbd5c69e4e8121019b4183e88c25e1,02217e6d09d9c9328dbab6f1fed48955a6250fecfd87a65ab49fe385c755fa51,4aa749e47f61f515fb02,0.6890768116356873,8,tied,82317.72017924426,0.9258426966292136,6cda4cf416eef55ed68d0faf,5,ok,,0.9850459881493702,5,5,tied,83438.4152135846,0.11435312504181638,"{""agglom_affinities"":[""mahalanobis""],""agglom_linkages"":[""ward""],""covariances"":[""full"",""diag"",""tied"",""spherical""],""criterion"":""bic"",""early_stop_delta"":0.0,""eigen_thres"":true,""init_agglomerative"":true,""max_components"":5,""min_components"":5,""n_init_kmeans"":1,""n_jobs"":1,""random_state"":19,""reg_covar"":1e-06,""verbose"":false}"
structured_lowrank,2048,19,umap,tcga_d2048_seed19_umap_1335517ceb3c36492b1c.npz,aae95387934e756242b99aeadc7afceed99c2f18a3623c4e3f35a70ea430cb9f,424968982152b935839642fb4fa3886efbcf216792ed031dd39e24639629d526,4aa749e47f61f515fb02,0.7755393963345283,6,full,-104331.11271509534,0.9873491468997088,98ef3db227c700ceebda34b2,5,ok,,0.9776529035561312,5,5,full,-103284.69094780598,0.03799612500006333,"{""agglom_affinities"":[""mahalanobis""],""agglom_linkages"":[""ward""],""covariances"":[""full"",""diag"",""tied"",""spherical""],""criterion"":""bic"",""early_stop_delta"":0.0,""eigen_thres"":true,""init_agglomerative"":true,""max_components"":5,""min_components"":5,""n_init_kmeans"":1,""n_jobs"":1,""random_state"":19,""reg_covar"":1e-06,""verbose"":false}"
structured_lowrank,4096,0,autog2m2,tcga_d4096_seed0_autog2m2_da2c48b98d361fbddf6d.npz,967656ba24c42fbc5cc97046ac7cf0e40b5f350812bad8375fd45c6ec275825b,b49d9400b497a7a772eafe6b2daa804d02b27188e3d635b6cd7dde27916efdc7,4aa749e47f61f515fb02,0.6920973706102294,7,diag,-51108.65852360175,0.8131086142322097,830e303cc806bdbe452521f9,5,ok,,0.9450653191990738,5,5,diag,-51032.21908273913,0.16452333296183497,"{""agglom_affinities"":[""mahalanobis""],""agglom_linkages"":[""ward""],""covariances"":[""full"",""diag"",""tied"",""spherical""],""criterion"":""bic"",""early_stop_delta"":0.0,""eigen_thres"":true,""init_agglomerative"":true,""max_components"":5,""min_components"":5,""n_init_kmeans"":1,""n_jobs"":1,""random_state"":0,""reg_covar"":1e-06,""verbose"":false}"
structured_lowrank,4096,0,pca,tcga_d4096_seed0_pca_3b7f18653b3344f98332.npz,7275b0a77ecc55aa1d604e5f0f0e906ab9b9e94194c347abdad259b3fe938cad,3a5fd46dd872ec2a59dca26a81e7b7dfd94001fd2d4515e8115b1a47eef3136f,4aa749e47f61f515fb02,0.78704250418499,9,tied,89463.89084396463,0.7324594257178527,d3a3a201a5d676d136861289,5,ok,,0.9925379262715904,5,5,diag,90086.71904801822,0.1384629170061089,"{""agglom_affinities"":[""mahalanobis""],""agglom_linkages"":[""ward""],""covariances"":[""full"",""diag"",""tied"",""spherical""],""criterion"":""bic"",""early_stop_delta"":0.0,""eigen_thres"":true,""init_agglomerative"":true,""max_components"":5,""min_components"":5,""n_init_kmeans"":1,""n_jobs"":1,""random_state"":0,""reg_covar"":1e-06,""verbose"":false}"
structured_lowrank,4096,0,umap,tcga_d4096_seed0_umap_677c359dfac46be599ee.npz,9534f8d369c6591e5205e413cc0f250bcbd8d69f1375c28360fba0946828fd90,eec4a0583b67f24175b51956364d54004d51740615a7ccf42fa1055de1626380,4aa749e47f61f515fb02,0.3582882531290193,9,full,-107489.499464846,0.7877236787349147,4662cf7815ada95113b02bc4,5,ok,,0.38257761529340434,5,5,full,-105676.32677930054,0.08123954199254513,"{""agglom_affinities"":[""mahalanobis""],""agglom_linkages"":[""ward""],""covariances"":[""full"",""diag"",""tied"",""spherical""],""criterion"":""bic"",""early_stop_delta"":0.0,""eigen_thres"":true,""init_agglomerative"":true,""max_components"":5,""min_components"":5,""n_init_kmeans"":1,""n_jobs"":1,""random_state"":0,""reg_covar"":1e-06,""verbose"":false}"
structured_lowrank,4096,1,autog2m2,tcga_d4096_seed1_autog2m2_b12fe7c91491e7a70dc7.npz,c0b35bcae02fd0a6859cfca9b8a2ab11e55a438029c004ab4b044caeb92cc7ac,aabd0420b8123611ada1f61c7af436d5ea711072b6ae2a2975ecd465fe6a2e23,4aa749e47f61f515fb02,0.4239091770966686,10,diag,-58617.66747371688,0.8278818143986684,db8408065af0ba7f63d247f9,5,ok,,0.2077527904420246,5,5,diag,-58351.48019622376,0.1563639580272138,"{""agglom_affinities"":[""mahalanobis""],""agglom_linkages"":[""ward""],""covariances"":[""full"",""diag"",""tied"",""spherical""],""criterion"":""bic"",""early_stop_delta"":0.0,""eigen_thres"":true,""init_agglomerative"":true,""max_components"":5,""min_components"":5,""n_init_kmeans"":1,""n_jobs"":1,""random_state"":1,""reg_covar"":1e-06,""verbose"":false}"
structured_lowrank,4096,1,pca,tcga_d4096_seed1_pca_ccf65d168fbefb858b50.npz,5dd9eafd891b7c997b574a5dea350d15e1e64ab98b8ccce237a9ae4223a8f6a3,96f89893786891212458d5dd8b03375fd1e1b2300cc271adbc7e0e86b8c4a094,4aa749e47f61f515fb02,0.701899880569752,8,tied,89759.49147921894,0.744735746982938,4f10b85771f9119c847be4b9,5,ok,,0.9925379262715904,5,5,diag,90418.68026921697,0.1699397080228664,"{""agglom_affinities"":[""mahalanobis""],""agglom_linkages"":[""ward""],""covariances"":[""full"",""diag"",""tied"",""spherical""],""criterion"":""bic"",""early_stop_delta"":0.0,""eigen_thres"":true,""init_agglomerative"":true,""max_components"":5,""min_components"":5,""n_init_kmeans"":1,""n_jobs"":1,""random_state"":1,""reg_covar"":1e-06,""verbose"":false}"
structured_lowrank,4096,1,umap,tcga_d4096_seed1_umap_2bfa8d045cc904d7e040.npz,82fcdf44f417e775f5a2b2ef7d106b0faaffb54e70f3034db3a64b9170b1d30c,19aa4ff83501caecd23549ce6e16031c8fb7d0be9eb7a356d16fb6305fdb3d8c,4aa749e47f61f515fb02,0.3694172256909695,8,full,-107294.9353064429,0.8000416146483562,6ece554da6590892004baa15,5,ok,,0.43292642750337734,5,5,full,-105322.96209208452,0.09550987498369068,"{""agglom_affinities"":[""mahalanobis""],""agglom_linkages"":[""ward""],""covariances"":[""full"",""diag"",""tied"",""spherical""],""criterion"":""bic"",""early_stop_delta"":0.0,""eigen_thres"":true,""init_agglomerative"":true,""max_components"":5,""min_components"":5,""n_init_kmeans"":1,""n_jobs"":1,""random_state"":1,""reg_covar"":1e-06,""verbose"":false}"
structured_lowrank,4096,2,autog2m2,tcga_d4096_seed2_autog2m2_7010218da2dbd42f6e3a.npz,a93d7ba800dfcb7919f8d31f41bb31b1c16dd7aad5139a1f49d628f9b9287269,3aeef62e692f37b5c890b74537568b1e36cfcfcba155e4594ba14f2a902b5324,4aa749e47f61f515fb02,0.912907406486378,5,diag,-68335.11109168225,0.8287557220141489,d7d2ba85ac5ca0a6f5ccb9d0,5,ok,,0.9129074064863779,5,5,diag,-68335.11109168225,0.16557845898205414,"{""agglom_affinities"":[""mahalanobis""],""agglom_linkages"":[""ward""],""covariances"":[""full"",""diag"",""tied"",""spherical""],""criterion"":""bic"",""early_stop_delta"":0.0,""eigen_thres"":true,""init_agglomerative"":true,""max_components"":5,""min_components"":5,""n_init_kmeans"":1,""n_jobs"":1,""random_state"":2,""reg_covar"":1e-06,""verbose"":false}"
structured_lowrank,4096,2,pca,tcga_d4096_seed2_pca_fda4f0e75f1de15d5aa3.npz,ea7b29472dc975941c29f6c36886bbaa2bdf3803f1d227e1e278c11bbd0b1c5d,d9376a2615fe03f7e5bb4ff2e8c9551985a9ef63a570d93ead227e3a2c6824cf,4aa749e47f61f515fb02,0.8147313846261874,8,tied,89702.80240765637,0.7511444028297961,b9f2cee82a120357826c940a,5,ok,,0.9981451300584181,5,5,diag,90309.7405704378,0.1791962500428781,"{""agglom_affinities"":[""mahalanobis""],""agglom_linkages"":[""ward""],""covariances"":[""full"",""diag"",""tied"",""spherical""],""criterion"":""bic"",""early_stop_delta"":0.0,""eigen_thres"":true,""init_agglomerative"":true,""max_components"":5,""min_components"":5,""n_init_kmeans"":1,""n_jobs"":1,""random_state"":2,""reg_covar"":1e-06,""verbose"":false}"
structured_lowrank,4096,2,umap,tcga_d4096_seed2_umap_15f55e687dfa31b7a55b.npz,bbcd577f79044898bcdb40bc06c91afac00466912461ba1b546f7ee0922ca632,f421eb5c464c73b72e71f68dba1349549b98abb6c2d60262a50178ce99e4abe9,4aa749e47f61f515fb02,0.3779994441903298,7,full,-114193.83673074526,0.8014981273408239,2d76aa47602d35483aebc87d,5,ok,,0.3953340420272907,5,5,full,-113378.97392675545,0.11820254201302305,"{""agglom_affinities"":[""mahalanobis""],""agglom_linkages"":[""ward""],""covariances"":[""full"",""diag"",""tied"",""spherical""],""criterion"":""bic"",""early_stop_delta"":0.0,""eigen_thres"":true,""init_agglomerative"":true,""max_components"":5,""min_components"":5,""n_init_kmeans"":1,""n_jobs"":1,""random_state"":2,""reg_covar"":1e-06,""verbose"":false}"
structured_lowrank,4096,3,autog2m2,tcga_d4096_seed3_autog2m2_9d85f94c490af1b5fc45.npz,67f83e2f7d36390848789abda5cff4494d2ad2bdda1868fa46138d30d09c65e3,b69b40d07ccda532702ba39523150ed19636b8bb84408549178e04eef4727acd,4aa749e47f61f515fb02,0.56678183506176,8,diag,-61502.35408117876,0.8399084477736163,105738a19d1499f95b6d99ce,5,ok,,0.49464332548766676,5,5,diag,-61170.178888979644,0.14417433296330273,"{""agglom_affinities"":[""mahalanobis""],""agglom_linkages"":[""ward""],""covariances"":[""full"",""diag"",""tied"",""spherical""],""criterion"":""bic"",""early_stop_delta"":0.0,""eigen_thres"":true,""init_agglomerative"":true,""max_components"":5,""min_components"":5,""n_init_kmeans"":1,""n_jobs"":1,""random_state"":3,""reg_covar"":1e-06,""verbose"":false}"
structured_lowrank,4096,3,pca,tcga_d4096_seed3_pca_9344ab78b985d319e0fd.npz,3bc49b6163bb1df1431246fa35237ae7cfe038933b1d86e35e57782afa91cc4d,5e62b8be00c71f54240abfecf9e20c055eca32597a9ee47a9a6a191c180494b3,4aa749e47f61f515fb02,0.7055380292649209,8,tied,89705.93724417365,0.7529338327091136,d078d2695cccbe3ab94cfaed,5,ok,,0.9887466505384658,5,5,tied,90651.94258403817,0.14737766602775082,"{""agglom_affinities"":[""mahalanobis""],""agglom_linkages"":[""ward""],""covariances"":[""full"",""diag"",""tied"",""spherical""],""criterion"":""bic"",""early_stop_delta"":0.0,""eigen_thres"":true,""init_agglomerative"":true,""max_components"":5,""min_components"":5,""n_init_kmeans"":1,""n_jobs"":1,""random_state"":3,""reg_covar"":1e-06,""verbose"":false}"
structured_lowrank,4096,3,umap,tcga_d4096_seed3_umap_c4e1c9bb3dc3083e843f.npz,d7d7e9b1c14fea1db43a74fa357b7b8dca38f394f3b97dd51a0887ca66fda18b,7681044490071b763bbfa09d1c8a85a675e3f1712d2d4601136125462cf342e3,4aa749e47f61f515fb02,0.3002137301682224,10,full,-107537.9173005984,0.8017062005826051,ec4ec50e97895322311f0ad3,5,ok,,0.38704062917287907,5,5,full,-105682.65257647415,0.10332749999361113,"{""agglom_affinities"":[""mahalanobis""],""agglom_linkages"":[""ward""],""covariances"":[""full"",""diag"",""tied"",""spherical""],""criterion"":""bic"",""early_stop_delta"":0.0,""eigen_thres"":true,""init_agglomerative"":true,""max_components"":5,""min_components"":5,""n_init_kmeans"":1,""n_jobs"":1,""random_state"":3,""reg_covar"":1e-06,""verbose"":false}"
structured_lowrank,4096,4,autog2m2,tcga_d4096_seed4_autog2m2_ea7da1ab062b9c987868.npz,41b9bc35570b1df6a67db517170a0868a56ea7bb36be8b79e5c68eef6aa46118,331655c0cc1471a6ac32bc07156e9ab9a97a10cfa35bc5a8034ce1877afd4b41,4aa749e47f61f515fb02,0.7085791876074573,6,diag,-55044.79728936635,0.8904286308780691,b5107de841f294b48c89a155,5,ok,,0.7162122644225867,5,5,diag,-54956.387956816245,0.15068008296657354,"{""agglom_affinities"":[""mahalanobis""],""agglom_linkages"":[""ward""],""covariances"":[""full"",""diag"",""tied"",""spherical""],""criterion"":""bic"",""early_stop_delta"":0.0,""eigen_thres"":true,""init_agglomerative"":true,""max_components"":5,""min_components"":5,""n_init_kmeans"":1,""n_jobs"":1,""random_state"":4,""reg_covar"":1e-06,""verbose"":false}"
structured_lowrank,4096,4,pca,tcga_d4096_seed4_pca_5681885c5950850c376e.npz,5ccda176ec60f5a20879e913c3d48c8eb06c6bae8c45cc3ac8a3a9bc1197f19d,35280c750eb12c92a3c6db75ae031f271d97a4c3d814055ccca130c2923f8c96,4aa749e47f61f515fb02,0.7307181524411065,10,tied,89596.22280729804,0.7381190178942988,075da54451028924fc19ee13,5,ok,,0.9925379262715904,5,5,diag,90583.04426628893,0.12811437499476597,"{""agglom_affinities"":[""mahalanobis""],""agglom_linkages"":[""ward""],""covariances"":[""full"",""diag"",""tied"",""spherical""],""criterion"":""bic"",""early_stop_delta"":0.0,""eigen_thres"":true,""init_agglomerative"":true,""max_components"":5,""min_components"":5,""n_init_kmeans"":1,""n_jobs"":1,""random_state"":4,""reg_covar"":1e-06,""verbose"":false}"
structured_lowrank,4096,4,umap,tcga_d4096_seed4_umap_e5d787014d6f5c33cd56.npz,c4155c9e801c2d61fa1e46927b42cf3d21b11ceb21a377309b106c50de419745,029634f999fd322ebc4c9cc4fdd14c26b0342cee5d455f5a2b13ff18679d01ed,4aa749e47f61f515fb02,0.3014609727087396,8,full,-108530.0457466144,0.7198501872659177,23c3ad6f43b726a6c605f560,5,ok,,0.3006301212996204,5,5,full,-106733.12812300211,0.0703536249930039,"{""agglom_affinities"":[""mahalanobis""],""agglom_linkages"":[""ward""],""covariances"":[""full"",""diag"",""tied"",""spherical""],""criterion"":""bic"",""early_stop_delta"":0.0,""eigen_thres"":true,""init_agglomerative"":true,""max_components"":5,""min_components"":5,""n_init_kmeans"":1,""n_jobs"":1,""random_state"":4,""reg_covar"":1e-06,""verbose"":false}"
structured_lowrank,4096,5,autog2m2,tcga_d4096_seed5_autog2m2_78416c6abfcd0aed1a00.npz,09986141df145f8e1f32db676fa3ea25e2389cff050ab587228ecb9949b950b0,eca6a38dbfcba6ee71931b80f44b8fcd58e6abe05bc5b2ac9dd88359896f0215,4aa749e47f61f515fb02,0.6834236484638405,9,diag,-59597.34487226263,0.8647107781939243,c0aad7d4ca1f617e9566291d,5,ok,,0.4077686328656923,5,5,diag,-59181.08550386123,0.19240408297628164,"{""agglom_affinities"":[""mahalanobis""],""agglom_linkages"":[""ward""],""covariances"":[""full"",""diag"",""tied"",""spherical""],""criterion"":""bic"",""early_stop_delta"":0.0,""eigen_thres"":true,""init_agglomerative"":true,""max_components"":5,""min_components"":5,""n_init_kmeans"":1,""n_jobs"":1,""random_state"":5,""reg_covar"":1e-06,""verbose"":false}"
structured_lowrank,4096,5,pca,tcga_d4096_seed5_pca_3442912b8aa2af6093dd.npz,44bc3e42752c6fd568bbf4592174044c6ed91324d0c93717adb75e57a5733b87,f14222e79b8def0b485a77052d1da589dd831e4343f6f899e125c486934b2381,4aa749e47f61f515fb02,0.5908411398639317,10,tied,89619.30787314946,0.7399084477736163,1921325a3a46fcf0163d3080,5,ok,,0.9925379262715904,5,5,diag,90571.61486634341,0.19498412497341633,"{""agglom_affinities"":[""mahalanobis""],""agglom_linkages"":[""ward""],""covariances"":[""full"",""diag"",""tied"",""spherical""],""criterion"":""bic"",""early_stop_delta"":0.0,""eigen_thres"":true,""init_agglomerative"":true,""max_components"":5,""min_components"":5,""n_init_kmeans"":1,""n_jobs"":1,""random_state"":5,""reg_covar"":1e-06,""verbose"":false}"
structured_lowrank,4096,5,umap,tcga_d4096_seed5_umap_1d83daa38e2e171b1ea0.npz,5e5cbeab5deec8c66078a09666d3a13911f0ae4af121c3bf09d6e891e3cd7809,5f537528919a674ea8b62666c76f5444146d24fc2e93e6804e88a4f3e716af9e,4aa749e47f61f515fb02,0.3889910756909718,8,full,-119187.03985318696,0.8349146899708697,4408d31b3970728dcd90380b,5,ok,,0.6049667758173738,5,5,full,-118125.75563571372,0.08480029203929007,"{""agglom_affinities"":[""mahalanobis""],""agglom_linkages"":[""ward""],""covariances"":[""full"",""diag"",""tied"",""spherical""],""criterion"":""bic"",""early_stop_delta"":0.0,""eigen_thres"":true,""init_agglomerative"":true,""max_components"":5,""min_components"":5,""n_init_kmeans"":1,""n_jobs"":1,""random_state"":5,""reg_covar"":1e-06,""verbose"":false}"
structured_lowrank,4096,6,autog2m2,tcga_d4096_seed6_autog2m2_699a536b8444b6d9d410.npz,bad88746ef826218274a8f371d02f1feb690a27fdbc17e9d0c5b3534db36fce4,3b2da9fe46eafb88a2733f28d04b64bd5deb71cc8f0221bf17ed258d7569ae07,4aa749e47f61f515fb02,0.6001544719686637,8,diag,-48373.73994552928,0.8359134415314191,2520889b4d10275af2e978be,5,ok,,0.9280357414687165,5,5,diag,-48013.255931478976,0.17409766599303111,"{""agglom_affinities"":[""mahalanobis""],""agglom_linkages"":[""ward""],""covariances"":[""full"",""diag"",""tied"",""spherical""],""criterion"":""bic"",""early_stop_delta"":0.0,""eigen_thres"":true,""init_agglomerative"":true,""max_components"":5,""min_components"":5,""n_init_kmeans"":1,""n_jobs"":1,""random_state"":6,""reg_covar"":1e-06,""verbose"":false}"
structured_lowrank,4096,6,pca,tcga_d4096_seed6_pca_74b6c42bc2b8b57ee4d8.npz,3fb3cf1c35185c1a38653e69766f7d50d31920e6b316b44696c33da8e3b46fa2,22f579e0a08a766200b93e0af22bef086010491c9dc2e2e32473ee303ab424b8,4aa749e47f61f515fb02,0.6597549692371479,9,tied,89514.15517998654,0.7322513524760715,d23c83b03b7c51ddcb25f4a2,5,ok,,0.9925379262715904,5,5,diag,90225.62641494432,0.14079875004244968,"{""agglom_affinities"":[""mahalanobis""],""agglom_linkages"":[""ward""],""covariances"":[""full"",""diag"",""tied"",""spherical""],""criterion"":""bic"",""early_stop_delta"":0.0,""eigen_thres"":true,""init_agglomerative"":true,""max_components"":5,""min_components"":5,""n_init_kmeans"":1,""n_jobs"":1,""random_state"":6,""reg_covar"":1e-06,""verbose"":false}"
structured_lowrank,4096,6,umap,tcga_d4096_seed6_umap_6ea4d4537be785d471e0.npz,5f58c0871a095b7cfdfeae39ac87654b4dac0c2d2aa04c293198739154bc0cbc,82628068f8a0eb35a7deb8e8d31d199504d519e2535c04e3bfba8981e4045a8f,4aa749e47f61f515fb02,0.3481211974288845,7,full,-110788.0673700108,0.7531419059508947,5e7909dc133e179df41a0e5c,5,ok,,0.40869396963470156,5,5,full,-110143.77311263904,0.11826833302620798,"{""agglom_affinities"":[""mahalanobis""],""agglom_linkages"":[""ward""],""covariances"":[""full"",""diag"",""tied"",""spherical""],""criterion"":""bic"",""early_stop_delta"":0.0,""eigen_thres"":true,""init_agglomerative"":true,""max_components"":5,""min_components"":5,""n_init_kmeans"":1,""n_jobs"":1,""random_state"":6,""reg_covar"":1e-06,""verbose"":false}"
structured_lowrank,4096,7,autog2m2,tcga_d4096_seed7_autog2m2_d178814f982eeb9ebe99.npz,69aa35239415f2ed874394d406f392b68a6a26e7dd115e1c62c2afaac13f1583,0080eee15b1e4fba38c85570c99425b31dbb90f7a9a160db6d36db3bd49555ce,4aa749e47f61f515fb02,0.7413294613660716,7,diag,-72243.342502129,0.8915938410320433,d389bf1d7d2a5376c2a826a5,5,ok,,0.7399493073528731,5,5,diag,-72026.91458262475,0.12397820898331702,"{""agglom_affinities"":[""mahalanobis""],""agglom_linkages"":[""ward""],""covariances"":[""full"",""diag"",""tied"",""spherical""],""criterion"":""bic"",""early_stop_delta"":0.0,""eigen_thres"":true,""init_agglomerative"":true,""max_components"":5,""min_components"":5,""n_init_kmeans"":1,""n_jobs"":1,""random_state"":7,""reg_covar"":1e-06,""verbose"":false}"
structured_lowrank,4096,7,pca,tcga_d4096_seed7_pca_89d66064dcfda4ead9ab.npz,ea93bfed5117f45ad8d6dcfc0b5179032497f3e18dbe7a345371ff625b955ec5,da54ab598c69ddb9551c74b64844b86cafd6e88c72d138c283dae0f3ac8a16d9,4aa749e47f61f515fb02,0.8108261945916929,8,tied,89509.68611172485,0.7491885143570537,f1db0c9ae6316378daa110b3,5,ok,,0.9925379262715904,5,5,diag,90539.43912623124,0.1517997089540586,"{""agglom_affinities"":[""mahalanobis""],""agglom_linkages"":[""ward""],""covariances"":[""full"",""diag"",""tied"",""spherical""],""criterion"":""bic"",""early_stop_delta"":0.0,""eigen_thres"":true,""init_agglomerative"":true,""max_components"":5,""min_components"":5,""n_init_kmeans"":1,""n_jobs"":1,""random_state"":7,""reg_covar"":1e-06,""verbose"":false}"
structured_lowrank,4096,7,umap,tcga_d4096_seed7_umap_0a95417e755008977afb.npz,473fd40ecb73536742ec0a2e3e78b06db39bae07105e65e7cbe849986d482be5,4c38cfa133c02b895276cba1854bb8a689f54525053474159434e841819d78f9,4aa749e47f61f515fb02,0.4933036559271477,8,full,-112658.58793456892,0.8409488139825219,a31fd3b591dfea233eb06bc6,5,ok,,0.5652496400595849,5,5,full,-111623.39830984666,0.09040216699941084,"{""agglom_affinities"":[""mahalanobis""],""agglom_linkages"":[""ward""],""covariances"":[""full"",""diag"",""tied"",""spherical""],""criterion"":""bic"",""early_stop_delta"":0.0,""eigen_thres"":true,""init_agglomerative"":true,""max_components"":5,""min_components"":5,""n_init_kmeans"":1,""n_jobs"":1,""random_state"":7,""reg_covar"":1e-06,""verbose"":false}"
structured_lowrank,4096,8,autog2m2,tcga_d4096_seed8_autog2m2_c0d6a80971d664a30f5b.npz,91cead05c29288aa8cbb8f4920ccec02943aa84ee11e095f3d17d095ffaa88ad,4143f93819acb1ff147cd12a040d8cb248335469254908a23982700fc2bd3478,4aa749e47f61f515fb02,0.5949660000132165,10,diag,-48224.26144046961,0.9256346233874324,6e03ac896bd5cb6f7ab9c421,5,ok,,0.675597761424636,5,5,diag,-48109.15969377986,0.13730137498350814,"{""agglom_affinities"":[""mahalanobis""],""agglom_linkages"":[""ward""],""covariances"":[""full"",""diag"",""tied"",""spherical""],""criterion"":""bic"",""early_stop_delta"":0.0,""eigen_thres"":true,""init_agglomerative"":true,""max_components"":5,""min_components"":5,""n_init_kmeans"":1,""n_jobs"":1,""random_state"":8,""reg_covar"":1e-06,""verbose"":false}"
structured_lowrank,4096,8,pca,tcga_d4096_seed8_pca_5079e5102f3c5b0901e0.npz,87237fcc7baddaa674b0e59065fa00cb7a5a431ff86880a2b175231858d2340d,54ac06f17c31708335dd206b2983029a39adf933749b0ee05139762ac42a0788,4aa749e47f61f515fb02,0.6332896388436572,9,tied,89575.13852381281,0.7380774032459426,cec5eba8b4fd2838cebe1d86,5,ok,,0.9907046830195056,5,5,diag,90479.85447910815,0.15138958301395178,"{""agglom_affinities"":[""mahalanobis""],""agglom_linkages"":[""ward""],""covariances"":[""full"",""diag"",""tied"",""spherical""],""criterion"":""bic"",""early_stop_delta"":0.0,""eigen_thres"":true,""init_agglomerative"":true,""max_components"":5,""min_components"":5,""n_init_kmeans"":1,""n_jobs"":1,""random_state"":8,""reg_covar"":1e-06,""verbose"":false}"
structured_lowrank,4096,8,umap,tcga_d4096_seed8_umap_c079c9037aa2b5002897.npz,70a55a8d97fe5c2b8394be49fe0274ed00a198b97534f2d2a8aed2ab1d4d5b94,e810cf68c6cfb3e80b34cd7745244ac0d0f1f1a8084a84e01977689aa52d2129,4aa749e47f61f515fb02,0.421216506845149,8,full,-114199.16731178116,0.8350811485642946,2fa24859c8d674757aa5ca39,5,ok,,0.3718426380231858,5,5,full,-112349.54847805302,0.10168404103023931,"{""agglom_affinities"":[""mahalanobis""],""agglom_linkages"":[""ward""],""covariances"":[""full"",""diag"",""tied"",""spherical""],""criterion"":""bic"",""early_stop_delta"":0.0,""eigen_thres"":true,""init_agglomerative"":true,""max_components"":5,""min_components"":5,""n_init_kmeans"":1,""n_jobs"":1,""random_state"":8,""reg_covar"":1e-06,""verbose"":false}"
structured_lowrank,4096,9,autog2m2,tcga_d4096_seed9_autog2m2_2a37b80474c2291f4712.npz,bf6803b8d1c6553dc6ae99b19b1e12d9ae33a208b0bc6f607cfd0d4ae3b336bc,8a651afd90800e0053bd2ba4f99569e00b8a195ebfa0483d2eecba818df0d8a4,4aa749e47f61f515fb02,0.3490389034032187,3,diag,-103692.57367533066,0.681023720349563,5f9c17407a953f71e7b8837d,5,ok,,0.5855504420087998,5,5,diag,-103550.85331791389,0.17632029199739918,"{""agglom_affinities"":[""mahalanobis""],""agglom_linkages"":[""ward""],""covariances"":[""full"",""diag"",""tied"",""spherical""],""criterion"":""bic"",""early_stop_delta"":0.0,""eigen_thres"":true,""init_agglomerative"":true,""max_components"":5,""min_components"":5,""n_init_kmeans"":1,""n_jobs"":1,""random_state"":9,""reg_covar"":1e-06,""verbose"":false}"
structured_lowrank,4096,9,pca,tcga_d4096_seed9_pca_043c7c30edc5a91fa333.npz,1a5d6aa8210b5138a7dc3dfaaa10f63113b1b085db1fe40c9e7991e66ce6bb7c,262e1ff717db82295926e8364247856ce298964fec80bb93d26756ba44bcd7c8,4aa749e47f61f515fb02,0.6805604136451013,10,tied,89593.12345111996,0.7438202247191011,f0dee5a30c01245b1a0cd1ff,5,ok,,0.9869156994968339,5,5,diag,90411.73262451557,0.1546936669619754,"{""agglom_affinities"":[""mahalanobis""],""agglom_linkages"":[""ward""],""covariances"":[""full"",""diag"",""tied"",""spherical""],""criterion"":""bic"",""early_stop_delta"":0.0,""eigen_thres"":true,""init_agglomerative"":true,""max_components"":5,""min_components"":5,""n_init_kmeans"":1,""n_jobs"":1,""random_state"":9,""reg_covar"":1e-06,""verbose"":false}"
structured_lowrank,4096,9,umap,tcga_d4096_seed9_umap_0a8414bb2f431ec4c3db.npz,63cbd010c9e507f9f47eadb0864a6f47a62a0f3292c99ca70190b20c8ab033db,6a702596cab2542e82616977d788f3da3fa6c680dc8c0a4a6374bcd2e7392d03,4aa749e47f61f515fb02,0.3251117765899922,10,full,-113922.55855617208,0.7583853516437786,f1fd652c4343a6eedcc64edc,5,ok,,0.3694289024576267,5,5,full,-111977.74680434683,0.08024004200706258,"{""agglom_affinities"":[""mahalanobis""],""agglom_linkages"":[""ward""],""covariances"":[""full"",""diag"",""tied"",""spherical""],""criterion"":""bic"",""early_stop_delta"":0.0,""eigen_thres"":true,""init_agglomerative"":true,""max_components"":5,""min_components"":5,""n_init_kmeans"":1,""n_jobs"":1,""random_state"":9,""reg_covar"":1e-06,""verbose"":false}"
structured_lowrank,4096,10,autog2m2,tcga_d4096_seed10_autog2m2_2a69a2c441fb5562331d.npz,323d226b09a4b01e75f8ebcfc57c88d45a0cbf89075ed8e4a95ab83e6e58b655,49b5fde142b2c9fdc1fcf514665e3f0eab81cda190cf3ad0237d11058e943555,4aa749e47f61f515fb02,0.7138686688018012,6,diag,-53695.02227792977,0.8489804411152726,a6c211f5427e950b5784a646,5,ok,,0.6391027367352062,5,5,diag,-53491.159871830445,0.1480603750096634,"{""agglom_affinities"":[""mahalanobis""],""agglom_linkages"":[""ward""],""covariances"":[""full"",""diag"",""tied"",""spherical""],""criterion"":""bic"",""early_stop_delta"":0.0,""eigen_thres"":true,""init_agglomerative"":true,""max_components"":5,""min_components"":5,""n_init_kmeans"":1,""n_jobs"":1,""random_state"":10,""reg_covar"":1e-06,""verbose"":false}"
structured_lowrank,4096,10,pca,tcga_d4096_seed10_pca_6db663b0354fdb8ff71c.npz,7d6af058b591c1d5adb9f7955527a7f513db9a3c660d7545bb9e0176946c3341,df9bd539ab70b3013224e4e123ae98fdcbc9741fc5b1ba76e6e8687d72bce38d,4aa749e47f61f515fb02,0.6625617493529287,9,tied,89681.60266117702,0.7478568456096546,3c4da1291ee7be810b574d51,5,ok,,0.9962578040012737,5,5,diag,90537.27660510148,0.13938883400987834,"{""agglom_affinities"":[""mahalanobis""],""agglom_linkages"":[""ward""],""covariances"":[""full"",""diag"",""tied"",""spherical""],""criterion"":""bic"",""early_stop_delta"":0.0,""eigen_thres"":true,""init_agglomerative"":true,""max_components"":5,""min_components"":5,""n_init_kmeans"":1,""n_jobs"":1,""random_state"":10,""reg_covar"":1e-06,""verbose"":false}"
structured_lowrank,4096,10,umap,tcga_d4096_seed10_umap_6dd79803280698cc834a.npz,ece7ff83cd2523efdc9cb92fad0df2ee12acf9a9cae8bf1f68d5abe730f2357a,7f618850e0f4a44f030deacac01fb00d3b8acc9dd63fae5bdac3203ca5eadf83,4aa749e47f61f515fb02,0.4205656505829689,9,full,-112954.22196882535,0.8200166458593425,c9cf3c0bad23901c167f1f0c,5,ok,,0.4708151142646984,5,5,full,-110645.26202105534,0.0772299169912003,"{""agglom_affinities"":[""mahalanobis""],""agglom_linkages"":[""ward""],""covariances"":[""full"",""diag"",""tied"",""spherical""],""criterion"":""bic"",""early_stop_delta"":0.0,""eigen_thres"":true,""init_agglomerative"":true,""max_components"":5,""min_components"":5,""n_init_kmeans"":1,""n_jobs"":1,""random_state"":10,""reg_covar"":1e-06,""verbose"":false}"
structured_lowrank,4096,11,autog2m2,tcga_d4096_seed11_autog2m2_79e2cc9b6f3807134a87.npz,bf93ff59aefc0760ba258473cae9624a1eda8d6865cd97738c6106b26997a562,a4ed554e846d436e6f14fbee58f63ad870b63f04f1b10b5aee0dfff155c5a856,4aa749e47f61f515fb02,0.5984751364854557,7,diag,-35141.362055297446,0.8890553474823137,717c1ab039b1409e7930e790,5,ok,,0.7987058336510119,5,5,diag,-35023.85713250654,0.14019137498689815,"{""agglom_affinities"":[""mahalanobis""],""agglom_linkages"":[""ward""],""covariances"":[""full"",""diag"",""tied"",""spherical""],""criterion"":""bic"",""early_stop_delta"":0.0,""eigen_thres"":true,""init_agglomerative"":true,""max_components"":5,""min_components"":5,""n_init_kmeans"":1,""n_jobs"":1,""random_state"":11,""reg_covar"":1e-06,""verbose"":false}"
structured_lowrank,4096,11,pca,tcga_d4096_seed11_pca_9f2d5793a7c48a670238.npz,8ad1e6c2478fcf8c025e910a4cbcd6b83ac58a81ae971ae98528d6719823cc2e,176a2e8e035c7597f32f833713e653142769f21568306dc6accf86dd9bd148ba,4aa749e47f61f515fb02,0.8093885884714128,8,tied,89673.51387064322,0.7422388680815647,2686dc1041f5bf9de13df44e,5,ok,,0.9887466505384658,5,5,tied,90612.46247822851,0.15477000002283603,"{""agglom_affinities"":[""mahalanobis""],""agglom_linkages"":[""ward""],""covariances"":[""full"",""diag"",""tied"",""spherical""],""criterion"":""bic"",""early_stop_delta"":0.0,""eigen_thres"":true,""init_agglomerative"":true,""max_components"":5,""min_components"":5,""n_init_kmeans"":1,""n_jobs"":1,""random_state"":11,""reg_covar"":1e-06,""verbose"":false}"
structured_lowrank,4096,11,umap,tcga_d4096_seed11_umap_12686d927c3ad8347656.npz,7d0525ac7c193c7b8fb6ef4d7e0b44ac659d22de6c9c8d42ddb82bd534dddbf5,61734c5c788e15566e2298ac40a1810853b0f297031c6b2e05ba8ccb95685be3,4aa749e47f61f515fb02,0.3608339963868577,8,full,-108672.6269415596,0.7720765709529754,7c621c58bd51a1b997287c1a,5,ok,,0.3764164374616339,5,5,full,-107218.96150682755,0.07675916596781462,"{""agglom_affinities"":[""mahalanobis""],""agglom_linkages"":[""ward""],""covariances"":[""full"",""diag"",""tied"",""spherical""],""criterion"":""bic"",""early_stop_delta"":0.0,""eigen_thres"":true,""init_agglomerative"":true,""max_components"":5,""min_components"":5,""n_init_kmeans"":1,""n_jobs"":1,""random_state"":11,""reg_covar"":1e-06,""verbose"":false}"
structured_lowrank,4096,12,autog2m2,tcga_d4096_seed12_autog2m2_5b105914b07119a36453.npz,c00ad532c7e603fd9d76545e5ac83081bc76419a92b85d4b3e2af74175022be6,1c8e351eebbd6330b24bd8e22578acefbfa3edf1deab6e8d950615cc9883a948,4aa749e47f61f515fb02,0.3436133430894643,5,diag,-53956.28066400565,0.8288389513108614,a7d142f846626789a0ff8024,5,ok,,0.34361334308946434,5,5,diag,-53956.28066400565,0.15854124998440966,"{""agglom_affinities"":[""mahalanobis""],""agglom_linkages"":[""ward""],""covariances"":[""full"",""diag"",""tied"",""spherical""],""criterion"":""bic"",""early_stop_delta"":0.0,""eigen_thres"":true,""init_agglomerative"":true,""max_components"":5,""min_components"":5,""n_init_kmeans"":1,""n_jobs"":1,""random_state"":12,""reg_covar"":1e-06,""verbose"":false}"
structured_lowrank,4096,12,pca,tcga_d4096_seed12_pca_199743fbb5e543ad04f9.npz,f5dcd76158ae6e3e34091e91c1a1e37a79a630e035aee554de22f79940348440,25566fe58b6023f4dbed59af5627467916f5d171768ab2a50e64b8613ca680f5,4aa749e47f61f515fb02,0.6779216061832471,8,tied,89692.64483229138,0.7386600083229297,6674d4b6c11efea6e8b8ccf3,5,ok,,0.9887466505384658,5,5,diag,90224.71352080685,0.15618037502281368,"{""agglom_affinities"":[""mahalanobis""],""agglom_linkages"":[""ward""],""covariances"":[""full"",""diag"",""tied"",""spherical""],""criterion"":""bic"",""early_stop_delta"":0.0,""eigen_thres"":true,""init_agglomerative"":true,""max_components"":5,""min_components"":5,""n_init_kmeans"":1,""n_jobs"":1,""random_state"":12,""reg_covar"":1e-06,""verbose"":false}"
structured_lowrank,4096,12,umap,tcga_d4096_seed12_umap_f30e8ad48b6896139d2d.npz,2e1ba5995780db89d279433d3cbb94abd57f2e2d916765ef63f78f083a3e9975,31a2cbbb98fc17c91b72684b307e87413207fcf2b10fbcd028d1661b65b0cecd,4aa749e47f61f515fb02,0.3430225329290167,7,full,-116933.4146480616,0.7421556387848522,bbabdb1d1363d2403495f97c,5,ok,,0.37048347436603746,5,5,full,-116121.937165415,0.14443495799787343,"{""agglom_affinities"":[""mahalanobis""],""agglom_linkages"":[""ward""],""covariances"":[""full"",""diag"",""tied"",""spherical""],""criterion"":""bic"",""early_stop_delta"":0.0,""eigen_thres"":true,""init_agglomerative"":true,""max_components"":5,""min_components"":5,""n_init_kmeans"":1,""n_jobs"":1,""random_state"":12,""reg_covar"":1e-06,""verbose"":false}"
structured_lowrank,4096,13,autog2m2,tcga_d4096_seed13_autog2m2_3fcfdd85a816972a1c76.npz,7ed78c733da007624086d2e7acca485057e152d778fc412a3a87ff66f1f81ef4,186ef1d2d70dd893fb83b2e72ddb69ea3e123c5d20b433b2954b441a1404c496,4aa749e47f61f515fb02,0.5405233953399048,10,diag,-68142.5459149337,0.8812734082397004,73dc2b7d033d7265fdc7f7e4,5,ok,,0.5059835161991596,5,5,diag,-67732.90788562532,0.1747135830228217,"{""agglom_affinities"":[""mahalanobis""],""agglom_linkages"":[""ward""],""covariances"":[""full"",""diag"",""tied"",""spherical""],""criterion"":""bic"",""early_stop_delta"":0.0,""eigen_thres"":true,""init_agglomerative"":true,""max_components"":5,""min_components"":5,""n_init_kmeans"":1,""n_jobs"":1,""random_state"":13,""reg_covar"":1e-06,""verbose"":false}"
structured_lowrank,4096,13,pca,tcga_d4096_seed13_pca_74800342e45bbc91386c.npz,c4a9b46067f79081c078af72cd05596d2d47594e9c5111d778b8c0c73d50c8fd,6f4974246b344b79dbf03bf67e96c62a39fde9c900e5bdeb1bea5e6a010bfb9e,4aa749e47f61f515fb02,0.6853519879027147,8,tied,89694.29966864678,0.7349146899708697,33749fe8502e7964266fb701,5,ok,,0.9925379262715904,5,5,diag,90438.65406088703,0.1502251669880934,"{""agglom_affinities"":[""mahalanobis""],""agglom_linkages"":[""ward""],""covariances"":[""full"",""diag"",""tied"",""spherical""],""criterion"":""bic"",""early_stop_delta"":0.0,""eigen_thres"":true,""init_agglomerative"":true,""max_components"":5,""min_components"":5,""n_init_kmeans"":1,""n_jobs"":1,""random_state"":13,""reg_covar"":1e-06,""verbose"":false}"
structured_lowrank,4096,13,umap,tcga_d4096_seed13_umap_5e7cb7e72a77486b63b6.npz,bcb2f2173a85f33c27552e10ec116dc419ce3b0a059b6028ba6e107f1c69a048,2a6f277928cf25c784566728ade0d89a98e1e461c40a9a37f15376c308c55830,4aa749e47f61f515fb02,0.2991921705509573,8,full,-110895.246956439,0.7725759467332501,059ff765087b95587fc254a6,5,ok,,0.3870586501492171,5,5,full,-109806.43924128717,0.07547187496675178,"{""agglom_affinities"":[""mahalanobis""],""agglom_linkages"":[""ward""],""covariances"":[""full"",""diag"",""tied"",""spherical""],""criterion"":""bic"",""early_stop_delta"":0.0,""eigen_thres"":true,""init_agglomerative"":true,""max_components"":5,""min_components"":5,""n_init_kmeans"":1,""n_jobs"":1,""random_state"":13,""reg_covar"":1e-06,""verbose"":false}"
structured_lowrank,4096,14,autog2m2,tcga_d4096_seed14_autog2m2_9bb826ed8e2d5958781b.npz,0dfe18e8137245c5948f8c5847bc88dda2f6a6d2be70d75743e0b2e795dfd95e,15e23d851ef5fe2d8a79909b040a3e434621a242985ab8e54e38782287aca8ca,4aa749e47f61f515fb02,0.8991051382741505,9,spherical,-33566.693040696635,0.8816479400749063,3477c768f0dbaf8071ab5ddb,5,ok,,0.6847022290029631,5,5,diag,-33289.198799939535,0.18458612501854077,"{""agglom_affinities"":[""mahalanobis""],""agglom_linkages"":[""ward""],""covariances"":[""full"",""diag"",""tied"",""spherical""],""criterion"":""bic"",""early_stop_delta"":0.0,""eigen_thres"":true,""init_agglomerative"":true,""max_components"":5,""min_components"":5,""n_init_kmeans"":1,""n_jobs"":1,""random_state"":14,""reg_covar"":1e-06,""verbose"":false}"
structured_lowrank,4096,14,pca,tcga_d4096_seed14_pca_a0418ec56fd3b9dc1952.npz,6a925bbe20d0b57df43fa7ca50d7ce76fac2787b2e15d2db97c8215bbff4c447,2e28f7fb1c5c846204b37ce233e12e281007ae346d2f0af721e2a55532c18be7,4aa749e47f61f515fb02,0.5994736215509904,10,tied,89575.90025767853,0.7530170620058261,4dcfd4cf117698a7c6f11fcd,5,ok,,0.9887466505384658,5,5,tied,90629.8184190952,0.13581308303400874,"{""agglom_affinities"":[""mahalanobis""],""agglom_linkages"":[""ward""],""covariances"":[""full"",""diag"",""tied"",""spherical""],""criterion"":""bic"",""early_stop_delta"":0.0,""eigen_thres"":true,""init_agglomerative"":true,""max_components"":5,""min_components"":5,""n_init_kmeans"":1,""n_jobs"":1,""random_state"":14,""reg_covar"":1e-06,""verbose"":false}"
structured_lowrank,4096,14,umap,tcga_d4096_seed14_umap_cde16095a1ee8b13b8ee.npz,04a38def36f201dc112ebca856ef4b9066bf6b50e1c2c642088682228bebd2db,ebc125d699ac538746467288c26f59f1149a0cb1a85215c93b7ab90244eb02df,4aa749e47f61f515fb02,0.4184657426924805,8,full,-111154.30202772738,0.8061173533083645,68a67ec1be3df4a429d57551,5,ok,,0.40987863109058964,5,5,full,-109708.36764109478,0.09689154103398323,"{""agglom_affinities"":[""mahalanobis""],""agglom_linkages"":[""ward""],""covariances"":[""full"",""diag"",""tied"",""spherical""],""criterion"":""bic"",""early_stop_delta"":0.0,""eigen_thres"":true,""init_agglomerative"":true,""max_components"":5,""min_components"":5,""n_init_kmeans"":1,""n_jobs"":1,""random_state"":14,""reg_covar"":1e-06,""verbose"":false}"
structured_lowrank,4096,15,autog2m2,tcga_d4096_seed15_autog2m2_07f7bda63cd91c228fb9.npz,c35085510fdff5c26d3f1d9b09c5698dce49d496d135e41d3b4e2b59bdf2bd85,6c6f453ee2409c8d0e13e8088f484130b307c1596de51f6c8a6b93edcfe476fc,4aa749e47f61f515fb02,0.6194235176412206,10,spherical,-69698.23053433835,0.856762380357886,0fcae6c7e2c49eeaaec907c9,5,ok,,0.6580390284645449,5,5,diag,-69333.11995227887,0.13016095897182822,"{""agglom_affinities"":[""mahalanobis""],""agglom_linkages"":[""ward""],""covariances"":[""full"",""diag"",""tied"",""spherical""],""criterion"":""bic"",""early_stop_delta"":0.0,""eigen_thres"":true,""init_agglomerative"":true,""max_components"":5,""min_components"":5,""n_init_kmeans"":1,""n_jobs"":1,""random_state"":15,""reg_covar"":1e-06,""verbose"":false}"
structured_lowrank,4096,15,pca,tcga_d4096_seed15_pca_be681002ec4a73e96434.npz,2c81742a0d0b63e2f70553fe5b7fdd635980d29e028a91a93d72ff16a6350298,cfa8e6414cce593fb60c9cf0b52a44538de87a74c1f82ea27a5a44b3460e4f12,4aa749e47f61f515fb02,0.8476369589427522,7,tied,89624.33025475308,0.7449854348730753,edb3b2f9aaf66c696ba9ed8f,5,ok,,0.9850414629307325,5,5,diag,90375.2499789664,0.19113270798698068,"{""agglom_affinities"":[""mahalanobis""],""agglom_linkages"":[""ward""],""covariances"":[""full"",""diag"",""tied"",""spherical""],""criterion"":""bic"",""early_stop_delta"":0.0,""eigen_thres"":true,""init_agglomerative"":true,""max_components"":5,""min_components"":5,""n_init_kmeans"":1,""n_jobs"":1,""random_state"":15,""reg_covar"":1e-06,""verbose"":false}"
structured_lowrank,4096,15,umap,tcga_d4096_seed15_umap_9f9942a939621b1cf454.npz,4fc5a165189b0e48886dbb84fd79cd7dcc05b3b82799fe4544e314c8658e0c4c,42059de8d18a6e38acf5f816fd64f212401d73c1c21540c9802aa775c29309ae,4aa749e47f61f515fb02,0.4719638835175979,10,full,-106426.35090537892,0.8691219309196837,2acbf3b8bd5171117f3effa2,5,ok,,0.5860369792250145,5,5,full,-105102.9132618203,0.0962708750157617,"{""agglom_affinities"":[""mahalanobis""],""agglom_linkages"":[""ward""],""covariances"":[""full"",""diag"",""tied"",""spherical""],""criterion"":""bic"",""early_stop_delta"":0.0,""eigen_thres"":true,""init_agglomerative"":true,""max_components"":5,""min_components"":5,""n_init_kmeans"":1,""n_jobs"":1,""random_state"":15,""reg_covar"":1e-06,""verbose"":false}"
structured_lowrank,4096,16,autog2m2,tcga_d4096_seed16_autog2m2_381efb52d4c039f171eb.npz,5577d377022417f715e61e2a064686d4ee81beb4ec8630a8484faa836d5fbda5,7358574dc6fff980d376ad722d1864348ede3be20067c52c3510354e10d0aec5,4aa749e47f61f515fb02,0.7650600072690964,9,diag,-53616.615660165626,0.8626716604244694,6cbf3c8948d494686dc8e4ef,5,ok,,0.6306330617757983,5,5,diag,-53305.520720869834,0.153104875003919,"{""agglom_affinities"":[""mahalanobis""],""agglom_linkages"":[""ward""],""covariances"":[""full"",""diag"",""tied"",""spherical""],""criterion"":""bic"",""early_stop_delta"":0.0,""eigen_thres"":true,""init_agglomerative"":true,""max_components"":5,""min_components"":5,""n_init_kmeans"":1,""n_jobs"":1,""random_state"":16,""reg_covar"":1e-06,""verbose"":false}"
structured_lowrank,4096,16,pca,tcga_d4096_seed16_pca_6c8bfb94a8fe293ab223.npz,436b78163f8353873cdd3dee39f9dffe8c79edfd33fd55a5f45641ee6b8d456c,ac0c426bb043eee9a48ef1c57116180799a23ced584c635f0c8e151d4a66d927,4aa749e47f61f515fb02,0.6904109314253115,9,tied,89708.43194960374,0.7475655430711611,d7c4725d2b9371c244763a18,5,ok,,0.9887466505384658,5,5,tied,90601.67236795081,0.12117291596950963,"{""agglom_affinities"":[""mahalanobis""],""agglom_linkages"":[""ward""],""covariances"":[""full"",""diag"",""tied"",""spherical""],""criterion"":""bic"",""early_stop_delta"":0.0,""eigen_thres"":true,""init_agglomerative"":true,""max_components"":5,""min_components"":5,""n_init_kmeans"":1,""n_jobs"":1,""random_state"":16,""reg_covar"":1e-06,""verbose"":false}"
structured_lowrank,4096,16,umap,tcga_d4096_seed16_umap_383967eb1891bd05d18d.npz,77e4035aa16059a9d9e3d2d21c00e87fe48769ece39310da96897fa334b6fa3e,2cb6cddf0cb623cb210ed6aa7753c1a9adb69c3e7f32820f7b5fa0c97e92675c,4aa749e47f61f515fb02,0.3216588255959929,7,full,-113354.46717547109,0.8098626716604245,5085e25600ff1a116371c705,5,ok,,0.5024777794135066,5,5,full,-112211.95565244049,0.07980883301934227,"{""agglom_affinities"":[""mahalanobis""],""agglom_linkages"":[""ward""],""covariances"":[""full"",""diag"",""tied"",""spherical""],""criterion"":""bic"",""early_stop_delta"":0.0,""eigen_thres"":true,""init_agglomerative"":true,""max_components"":5,""min_components"":5,""n_init_kmeans"":1,""n_jobs"":1,""random_state"":16,""reg_covar"":1e-06,""verbose"":false}"
structured_lowrank,4096,17,autog2m2,tcga_d4096_seed17_autog2m2_acbe16405635c57c203e.npz,5d0a65a6c5dc9e3ef5bac9bf011b74b5982ddde7f4347cff8885d06e4e31e970,a4214f8726862b142e10d2dc57aeb4b58a73ce05b03996054eb18d37b0283195,4aa749e47f61f515fb02,0.4599109002544314,4,diag,-46974.91816520024,0.7947565543071161,7473e195962f2018a113a330,5,ok,,0.544383561617103,5,5,diag,-46897.827093108936,0.11595170898362994,"{""agglom_affinities"":[""mahalanobis""],""agglom_linkages"":[""ward""],""covariances"":[""full"",""diag"",""tied"",""spherical""],""criterion"":""bic"",""early_stop_delta"":0.0,""eigen_thres"":true,""init_agglomerative"":true,""max_components"":5,""min_components"":5,""n_init_kmeans"":1,""n_jobs"":1,""random_state"":17,""reg_covar"":1e-06,""verbose"":false}"
structured_lowrank,4096,17,pca,tcga_d4096_seed17_pca_00951a37643ac7e514d7.npz,31f8a476837fe2f6ef7fe976b8ff9605f4359f6637d07d32162453463453fa21,064d071b057acb79bd2d7b93626fdb98a23e5fa3f37843311c98f2120b76083a,4aa749e47f61f515fb02,0.676504712261738,10,tied,89560.91502137964,0.7429047024552643,1b165f1ca90d12ce5e043d5d,5,ok,,0.9887466505384658,5,5,tied,90615.70150259644,0.12816116597969085,"{""agglom_affinities"":[""mahalanobis""],""agglom_linkages"":[""ward""],""covariances"":[""full"",""diag"",""tied"",""spherical""],""criterion"":""bic"",""early_stop_delta"":0.0,""eigen_thres"":true,""init_agglomerative"":true,""max_components"":5,""min_components"":5,""n_init_kmeans"":1,""n_jobs"":1,""random_state"":17,""reg_covar"":1e-06,""verbose"":false}"
structured_lowrank,4096,17,umap,tcga_d4096_seed17_umap_ec76f07817084b3a71fc.npz,2efdcf0b5640588af7e1ac504e80d9672f3a4e384d5ce11aab68e86ef404cefd,f822603c844a7c9977dc7dba7d064a43bdfb92f5772912fa731e1ad77ea4b7a2,4aa749e47f61f515fb02,0.3380038840097124,7,full,-113040.23329553664,0.7662505201831045,b91bef39dc481c0d1e51dee8,5,ok,,0.3953008626364113,5,5,full,-112400.3908798025,0.11406366602750495,"{""agglom_affinities"":[""mahalanobis""],""agglom_linkages"":[""ward""],""covariances"":[""full"",""diag"",""tied"",""spherical""],""criterion"":""bic"",""early_stop_delta"":0.0,""eigen_thres"":true,""init_agglomerative"":true,""max_components"":5,""min_components"":5,""n_init_kmeans"":1,""n_jobs"":1,""random_state"":17,""reg_covar"":1e-06,""verbose"":false}"
structured_lowrank,4096,18,autog2m2,tcga_d4096_seed18_autog2m2_5336309633df04724ee0.npz,b47cf7440a4fc1d98455f504974de17be994996b4a5a88c0ecc6b5881eeeca98,9f55cd89b6a53f6ca76cc048fcd225d0b0f882cd5594bb92ed8df9fbd6494e3d,4aa749e47f61f515fb02,0.3855658037198306,8,diag,-61271.24280282783,0.8982521847690387,8cc076c34016607e5ab93332,5,ok,,0.6000509321702202,5,5,diag,-60998.57378865826,0.12816354195820168,"{""agglom_affinities"":[""mahalanobis""],""agglom_linkages"":[""ward""],""covariances"":[""full"",""diag"",""tied"",""spherical""],""criterion"":""bic"",""early_stop_delta"":0.0,""eigen_thres"":true,""init_agglomerative"":true,""max_components"":5,""min_components"":5,""n_init_kmeans"":1,""n_jobs"":1,""random_state"":18,""reg_covar"":1e-06,""verbose"":false}"
structured_lowrank,4096,18,pca,tcga_d4096_seed18_pca_9904edf65c03b60808cb.npz,6779c6dc163e62df99596f6741c7353df0e5a2062e61883e1d941e88b10a528a,003d9e64108d01f7bd7a49c6ccfe2028d474f1f5475898ab51d661a627b098b3,4aa749e47f61f515fb02,0.6169339710629262,9,tied,89739.08980958286,0.7410736579275905,5523f3eebeecb9bda26b2f61,5,ok,,0.9887466505384658,5,5,tied,90558.42897880933,0.1406392920180224,"{""agglom_affinities"":[""mahalanobis""],""agglom_linkages"":[""ward""],""covariances"":[""full"",""diag"",""tied"",""spherical""],""criterion"":""bic"",""early_stop_delta"":0.0,""eigen_thres"":true,""init_agglomerative"":true,""max_components"":5,""min_components"":5,""n_init_kmeans"":1,""n_jobs"":1,""random_state"":18,""reg_covar"":1e-06,""verbose"":false}"
structured_lowrank,4096,18,umap,tcga_d4096_seed18_umap_d4c33e59c58d3a0a5d73.npz,d08e27a1d9ff957af896f6249e2d810725343c7dcaf690f8af7de018dfa992c2,c1a743077720a8f029132ed30d7d1016b39a0df15d887ff360f03e84e09dd0b6,4aa749e47f61f515fb02,0.3322557184593016,9,full,-107421.04075640728,0.7488972118185602,8d5a42f9dccb5e21f3af12e3,5,ok,,0.2916522930209229,5,5,full,-105809.81727766327,0.11160275002475828,"{""agglom_affinities"":[""mahalanobis""],""agglom_linkages"":[""ward""],""covariances"":[""full"",""diag"",""tied"",""spherical""],""criterion"":""bic"",""early_stop_delta"":0.0,""eigen_thres"":true,""init_agglomerative"":true,""max_components"":5,""min_components"":5,""n_init_kmeans"":1,""n_jobs"":1,""random_state"":18,""reg_covar"":1e-06,""verbose"":false}"
structured_lowrank,4096,19,autog2m2,tcga_d4096_seed19_autog2m2_7a033917e3548c32ef08.npz,10fa144aee08f69a678043178055ab2f19102b6b4ac957d2fdd9a2ab1461a89d,7ca374560e5ae4a2a73aab31ca254f324c7121222e624ed14ecc4f6d67e7fc7e,4aa749e47f61f515fb02,0.4370188817095197,10,diag,-40408.312082102835,0.9505201831044529,1895b11601d8d0696a0c8317,5,ok,,0.7559129114907176,5,5,diag,-39999.82030654466,0.14643579197581857,"{""agglom_affinities"":[""mahalanobis""],""agglom_linkages"":[""ward""],""covariances"":[""full"",""diag"",""tied"",""spherical""],""criterion"":""bic"",""early_stop_delta"":0.0,""eigen_thres"":true,""init_agglomerative"":true,""max_components"":5,""min_components"":5,""n_init_kmeans"":1,""n_jobs"":1,""random_state"":19,""reg_covar"":1e-06,""verbose"":false}"
structured_lowrank,4096,19,pca,tcga_d4096_seed19_pca_37ca9f1196fe6faf0446.npz,d01eb930f625b783750f40e59ba80c5313f7543cc5724590fcd8d102e5c510e3,401acbdb2575a27637352e825d836fad7c69b2d593c3315e9c93226fee5e4002,4aa749e47f61f515fb02,0.5874052233797418,10,tied,89534.8941353914,0.750187265917603,1278ef77997b2c0691675b41,5,ok,,0.9962578040012737,5,5,diag,90428.56504541532,0.14476887503406033,"{""agglom_affinities"":[""mahalanobis""],""agglom_linkages"":[""ward""],""covariances"":[""full"",""diag"",""tied"",""spherical""],""criterion"":""bic"",""early_stop_delta"":0.0,""eigen_thres"":true,""init_agglomerative"":true,""max_components"":5,""min_components"":5,""n_init_kmeans"":1,""n_jobs"":1,""random_state"":19,""reg_covar"":1e-06,""verbose"":false}"
structured_lowrank,4096,19,umap,tcga_d4096_seed19_umap_422b9b587b0d910258d4.npz,8d746f073678b3250bc648e145721800124e78b237d27efeab915de5aa0180cc,4790273f715f6be0b09976f8d441e27bab79270adea8b92bfe333a3c16525a03,4aa749e47f61f515fb02,0.4155083449971015,9,full,-109370.4271305364,0.8170203911776945,28af29d125c10365cee864c3,5,ok,,0.3793192541421172,5,5,full,-108134.78431100362,0.07341791701037437,"{""agglom_affinities"":[""mahalanobis""],""agglom_linkages"":[""ward""],""covariances"":[""full"",""diag"",""tied"",""spherical""],""criterion"":""bic"",""early_stop_delta"":0.0,""eigen_thres"":true,""init_agglomerative"":true,""max_components"":5,""min_components"":5,""n_init_kmeans"":1,""n_jobs"":1,""random_state"":19,""reg_covar"":1e-06,""verbose"":false}"
